trade_id,strategy,symbol,direction,entry,sl_pct,rr,max_hours,sl_price,tp_price,event,exit_price,result_r,holding_hours,mfe_pct,mae_pct,exit_bar_time_jst,note
03f8bc57742ba6cb885474fa,PULLBACK,SPCXSTOCK_USDT,SHORT,139.84,0.25,1.0,3,140.18959999999998,139.49040000000002,SL,140.18959999999998,-1.0,0.1401,0.0,1.1799199084668233,2026-09-03 00:10:00,SL
03f8bc57742ba6cb885474fa,PULLBACK,SPCXSTOCK_USDT,SHORT,139.84,0.25,1.0,6,140.18959999999998,139.49040000000002,SL,140.18959999999998,-1.0,0.1401,0.09296338672768553,1.1799199084668233,2026-09-03 00:10:00,SL
03f8bc57742ba6cb885474fa,PULLBACK,SPCXSTOCK_USDT,SHORT,139.84,0.25,1.0,12,140.18959999999998,139.49040000000002,SL,140.18959999999998,-1.0,0.1401,0.09296338672768553,1.1799199084668233,2026-09-03 00:10:00,SL
03f8bc57742ba6cb885474fa,PULLBACK,SPCXSTOCK_USDT,SHORT,139.84,0.25,1.0,24,140.18959999999998,139.49040000000002,SL,140.18959999999998,-1.0,0.1401,0.09296338672768553,6.993707093821511,2026-09-03 00:10:00,SL
03f8bc57742ba6cb885474fa,PULLBACK,SPCXSTOCK_USDT,SHORT,139.84,0.25,1.5,3,140.18959999999998,139.3156,SL,140.18959999999998,-1.0,0.1401,0.0,1.1799199084668233,2026-09-03 00:10:00,SL
03f8bc57742ba6cb885474fa,PULLBACK,SPCXSTOCK_USDT,SHORT,139.84,0.25,1.5,6,140.18959999999998,139.3156,SL,140.18959999999998,-1.0,0.1401,0.09296338672768553,1.1799199084668233,2026-09-03 00:10:00,SL
03f8bc57742ba6cb885474fa,PULLBACK,SPCXSTOCK_USDT,SHORT,139.84,0.25,1.5,12,140.18959999999998,139.3156,SL,140.18959999999998,-1.0,0.1401,0.09296338672768553,1.1799199084668233,2026-09-03 00:10:00,SL
03f8bc57742ba6cb885474fa,PULLBACK,SPCXSTOCK_USDT,SHORT,139.84,0.25,1.5,24,140.18959999999998,139.3156,SL,140.18959999999998,-1.0,0.1401,0.09296338672768553,6.993707093821511,2026-09-03 00:10:00,SL
03f8bc57742ba6cb885474fa,PULLBACK,SPCXSTOCK_USDT,SHORT,139.84,0.25,2.0,3,140.18959999999998,139.1408,SL,140.18959999999998,-1.0,0.1401,0.0,1.1799199084668233,2026-09-03 00:10:00,SL
03f8bc57742ba6cb885474fa,PULLBACK,SPCXSTOCK_USDT,SHORT,139.84,0.25,2.0,6,140.18959999999998,139.1408,SL,140.18959999999998,-1.0,0.1401,0.09296338672768553,1.1799199084668233,2026-09-03 00:10:00,SL
03f8bc57742ba6cb885474fa,PULLBACK,SPCXSTOCK_USDT,SHORT,139.84,0.25,2.0,12,140.18959999999998,139.1408,SL,140.18959999999998,-1.0,0.1401,0.09296338672768553,1.1799199084668233,2026-09-03 00:10:00,SL
03f8bc57742ba6cb885474fa,PULLBACK,SPCXSTOCK_USDT,SHORT,139.84,0.25,2.0,24,140.18959999999998,139.1408,SL,140.18959999999998,-1.0,0.1401,0.09296338672768553,6.993707093821511,2026-09-03 00:10:00,SL
03f8bc57742ba6cb885474fa,PULLBACK,SPCXSTOCK_USDT,SHORT,139.84,0.35,1.0,3,140.32944,139.35056,SL,140.32944,-1.0,0.3901,0.0,1.1799199084668233,2026-09-03 00:25:00,SL
03f8bc57742ba6cb885474fa,PULLBACK,SPCXSTOCK_USDT,SHORT,139.84,0.35,1.0,6,140.32944,139.35056,SL,140.32944,-1.0,0.3901,0.09296338672768553,1.1799199084668233,2026-09-03 00:25:00,SL
03f8bc57742ba6cb885474fa,PULLBACK,SPCXSTOCK_USDT,SHORT,139.84,0.35,1.0,12,140.32944,139.35056,SL,140.32944,-1.0,0.3901,0.09296338672768553,1.1799199084668233,2026-09-03 00:25:00,SL
03f8bc57742ba6cb885474fa,PULLBACK,SPCXSTOCK_USDT,SHORT,139.84,0.35,1.0,24,140.32944,139.35056,SL,140.32944,-1.0,0.3901,0.09296338672768553,6.993707093821511,2026-09-03 00:25:00,SL
03f8bc57742ba6cb885474fa,PULLBACK,SPCXSTOCK_USDT,SHORT,139.84,0.35,1.5,3,140.32944,139.10584,SL,140.32944,-1.0,0.3901,0.0,1.1799199084668233,2026-09-03 00:25:00,SL
03f8bc57742ba6cb885474fa,PULLBACK,SPCXSTOCK_USDT,SHORT,139.84,0.35,1.5,6,140.32944,139.10584,SL,140.32944,-1.0,0.3901,0.09296338672768553,1.1799199084668233,2026-09-03 00:25:00,SL
03f8bc57742ba6cb885474fa,PULLBACK,SPCXSTOCK_USDT,SHORT,139.84,0.35,1.5,12,140.32944,139.10584,SL,140.32944,-1.0,0.3901,0.09296338672768553,1.1799199084668233,2026-09-03 00:25:00,SL
03f8bc57742ba6cb885474fa,PULLBACK,SPCXSTOCK_USDT,SHORT,139.84,0.35,1.5,24,140.32944,139.10584,SL,140.32944,-1.0,0.3901,0.09296338672768553,6.993707093821511,2026-09-03 00:25:00,SL
03f8bc57742ba6cb885474fa,PULLBACK,SPCXSTOCK_USDT,SHORT,139.84,0.35,2.0,3,140.32944,138.86112,SL,140.32944,-1.0,0.3901,0.0,1.1799199084668233,2026-09-03 00:25:00,SL
03f8bc57742ba6cb885474fa,PULLBACK,SPCXSTOCK_USDT,SHORT,139.84,0.35,2.0,6,140.32944,138.86112,SL,140.32944,-1.0,0.3901,0.09296338672768553,1.1799199084668233,2026-09-03 00:25:00,SL
03f8bc57742ba6cb885474fa,PULLBACK,SPCXSTOCK_USDT,SHORT,139.84,0.35,2.0,12,140.32944,138.86112,SL,140.32944,-1.0,0.3901,0.09296338672768553,1.1799199084668233,2026-09-03 00:25:00,SL
03f8bc57742ba6cb885474fa,PULLBACK,SPCXSTOCK_USDT,SHORT,139.84,0.35,2.0,24,140.32944,138.86112,SL,140.32944,-1.0,0.3901,0.09296338672768553,6.993707093821511,2026-09-03 00:25:00,SL
03f8bc57742ba6cb885474fa,PULLBACK,SPCXSTOCK_USDT,SHORT,139.84,0.5,1.0,3,140.5392,139.1408,SL,140.5392,-1.0,0.5568,0.0,1.1799199084668233,2026-09-03 00:35:00,SL
03f8bc57742ba6cb885474fa,PULLBACK,SPCXSTOCK_USDT,SHORT,139.84,0.5,1.0,6,140.5392,139.1408,SL,140.5392,-1.0,0.5568,0.09296338672768553,1.1799199084668233,2026-09-03 00:35:00,SL
03f8bc57742ba6cb885474fa,PULLBACK,SPCXSTOCK_USDT,SHORT,139.84,0.5,1.0,12,140.5392,139.1408,SL,140.5392,-1.0,0.5568,0.09296338672768553,1.1799199084668233,2026-09-03 00:35:00,SL
03f8bc57742ba6cb885474fa,PULLBACK,SPCXSTOCK_USDT,SHORT,139.84,0.5,1.0,24,140.5392,139.1408,SL,140.5392,-1.0,0.5568,0.09296338672768553,6.993707093821511,2026-09-03 00:35:00,SL
03f8bc57742ba6cb885474fa,PULLBACK,SPCXSTOCK_USDT,SHORT,139.84,0.5,1.5,3,140.5392,138.7912,SL,140.5392,-1.0,0.5568,0.0,1.1799199084668233,2026-09-03 00:35:00,SL
03f8bc57742ba6cb885474fa,PULLBACK,SPCXSTOCK_USDT,SHORT,139.84,0.5,1.5,6,140.5392,138.7912,SL,140.5392,-1.0,0.5568,0.09296338672768553,1.1799199084668233,2026-09-03 00:35:00,SL
03f8bc57742ba6cb885474fa,PULLBACK,SPCXSTOCK_USDT,SHORT,139.84,0.5,1.5,12,140.5392,138.7912,SL,140.5392,-1.0,0.5568,0.09296338672768553,1.1799199084668233,2026-09-03 00:35:00,SL
03f8bc57742ba6cb885474fa,PULLBACK,SPCXSTOCK_USDT,SHORT,139.84,0.5,1.5,24,140.5392,138.7912,SL,140.5392,-1.0,0.5568,0.09296338672768553,6.993707093821511,2026-09-03 00:35:00,SL
03f8bc57742ba6cb885474fa,PULLBACK,SPCXSTOCK_USDT,SHORT,139.84,0.5,2.0,3,140.5392,138.4416,SL,140.5392,-1.0,0.5568,0.0,1.1799199084668233,2026-09-03 00:35:00,SL
03f8bc57742ba6cb885474fa,PULLBACK,SPCXSTOCK_USDT,SHORT,139.84,0.5,2.0,6,140.5392,138.4416,SL,140.5392,-1.0,0.5568,0.09296338672768553,1.1799199084668233,2026-09-03 00:35:00,SL
03f8bc57742ba6cb885474fa,PULLBACK,SPCXSTOCK_USDT,SHORT,139.84,0.5,2.0,12,140.5392,138.4416,SL,140.5392,-1.0,0.5568,0.09296338672768553,1.1799199084668233,2026-09-03 00:35:00,SL
03f8bc57742ba6cb885474fa,PULLBACK,SPCXSTOCK_USDT,SHORT,139.84,0.5,2.0,24,140.5392,138.4416,SL,140.5392,-1.0,0.5568,0.09296338672768553,6.993707093821511,2026-09-03 00:35:00,SL
03f8bc57742ba6cb885474fa,PULLBACK,SPCXSTOCK_USDT,SHORT,139.84,0.75,1.0,3,140.8888,138.7912,SL,140.8888,-1.0,0.6401,0.0,1.1799199084668233,2026-09-03 00:40:00,SL
03f8bc57742ba6cb885474fa,PULLBACK,SPCXSTOCK_USDT,SHORT,139.84,0.75,1.0,6,140.8888,138.7912,SL,140.8888,-1.0,0.6401,0.09296338672768553,1.1799199084668233,2026-09-03 00:40:00,SL
03f8bc57742ba6cb885474fa,PULLBACK,SPCXSTOCK_USDT,SHORT,139.84,0.75,1.0,12,140.8888,138.7912,SL,140.8888,-1.0,0.6401,0.09296338672768553,1.1799199084668233,2026-09-03 00:40:00,SL
03f8bc57742ba6cb885474fa,PULLBACK,SPCXSTOCK_USDT,SHORT,139.84,0.75,1.0,24,140.8888,138.7912,SL,140.8888,-1.0,0.6401,0.09296338672768553,6.993707093821511,2026-09-03 00:40:00,SL
03f8bc57742ba6cb885474fa,PULLBACK,SPCXSTOCK_USDT,SHORT,139.84,0.75,1.5,3,140.8888,138.26680000000002,SL,140.8888,-1.0,0.6401,0.0,1.1799199084668233,2026-09-03 00:40:00,SL
03f8bc57742ba6cb885474fa,PULLBACK,SPCXSTOCK_USDT,SHORT,139.84,0.75,1.5,6,140.8888,138.26680000000002,SL,140.8888,-1.0,0.6401,0.09296338672768553,1.1799199084668233,2026-09-03 00:40:00,SL
03f8bc57742ba6cb885474fa,PULLBACK,SPCXSTOCK_USDT,SHORT,139.84,0.75,1.5,12,140.8888,138.26680000000002,SL,140.8888,-1.0,0.6401,0.09296338672768553,1.1799199084668233,2026-09-03 00:40:00,SL
03f8bc57742ba6cb885474fa,PULLBACK,SPCXSTOCK_USDT,SHORT,139.84,0.75,1.5,24,140.8888,138.26680000000002,SL,140.8888,-1.0,0.6401,0.09296338672768553,6.993707093821511,2026-09-03 00:40:00,SL
03f8bc57742ba6cb885474fa,PULLBACK,SPCXSTOCK_USDT,SHORT,139.84,0.75,2.0,3,140.8888,137.7424,SL,140.8888,-1.0,0.6401,0.0,1.1799199084668233,2026-09-03 00:40:00,SL
03f8bc57742ba6cb885474fa,PULLBACK,SPCXSTOCK_USDT,SHORT,139.84,0.75,2.0,6,140.8888,137.7424,SL,140.8888,-1.0,0.6401,0.09296338672768553,1.1799199084668233,2026-09-03 00:40:00,SL
03f8bc57742ba6cb885474fa,PULLBACK,SPCXSTOCK_USDT,SHORT,139.84,0.75,2.0,12,140.8888,137.7424,SL,140.8888,-1.0,0.6401,0.09296338672768553,1.1799199084668233,2026-09-03 00:40:00,SL
03f8bc57742ba6cb885474fa,PULLBACK,SPCXSTOCK_USDT,SHORT,139.84,0.75,2.0,24,140.8888,137.7424,SL,140.8888,-1.0,0.6401,0.09296338672768553,6.993707093821511,2026-09-03 00:40:00,SL
03f8bc57742ba6cb885474fa,PULLBACK,SPCXSTOCK_USDT,SHORT,139.84,1.0,1.0,3,141.2384,138.4416,SL,141.2384,-1.0,1.0568,0.0,1.1799199084668233,2026-09-03 01:05:00,SL
03f8bc57742ba6cb885474fa,PULLBACK,SPCXSTOCK_USDT,SHORT,139.84,1.0,1.0,6,141.2384,138.4416,SL,141.2384,-1.0,1.0568,0.09296338672768553,1.1799199084668233,2026-09-03 01:05:00,SL
03f8bc57742ba6cb885474fa,PULLBACK,SPCXSTOCK_USDT,SHORT,139.84,1.0,1.0,12,141.2384,138.4416,SL,141.2384,-1.0,1.0568,0.09296338672768553,1.1799199084668233,2026-09-03 01:05:00,SL
03f8bc57742ba6cb885474fa,PULLBACK,SPCXSTOCK_USDT,SHORT,139.84,1.0,1.0,24,141.2384,138.4416,SL,141.2384,-1.0,1.0568,0.09296338672768553,6.993707093821511,2026-09-03 01:05:00,SL
03f8bc57742ba6cb885474fa,PULLBACK,SPCXSTOCK_USDT,SHORT,139.84,1.0,1.5,3,141.2384,137.7424,SL,141.2384,-1.0,1.0568,0.0,1.1799199084668233,2026-09-03 01:05:00,SL
03f8bc57742ba6cb885474fa,PULLBACK,SPCXSTOCK_USDT,SHORT,139.84,1.0,1.5,6,141.2384,137.7424,SL,141.2384,-1.0,1.0568,0.09296338672768553,1.1799199084668233,2026-09-03 01:05:00,SL
03f8bc57742ba6cb885474fa,PULLBACK,SPCXSTOCK_USDT,SHORT,139.84,1.0,1.5,12,141.2384,137.7424,SL,141.2384,-1.0,1.0568,0.09296338672768553,1.1799199084668233,2026-09-03 01:05:00,SL
03f8bc57742ba6cb885474fa,PULLBACK,SPCXSTOCK_USDT,SHORT,139.84,1.0,1.5,24,141.2384,137.7424,SL,141.2384,-1.0,1.0568,0.09296338672768553,6.993707093821511,2026-09-03 01:05:00,SL
03f8bc57742ba6cb885474fa,PULLBACK,SPCXSTOCK_USDT,SHORT,139.84,1.0,2.0,3,141.2384,137.0432,SL,141.2384,-1.0,1.0568,0.0,1.1799199084668233,2026-09-03 01:05:00,SL
03f8bc57742ba6cb885474fa,PULLBACK,SPCXSTOCK_USDT,SHORT,139.84,1.0,2.0,6,141.2384,137.0432,SL,141.2384,-1.0,1.0568,0.09296338672768553,1.1799199084668233,2026-09-03 01:05:00,SL
03f8bc57742ba6cb885474fa,PULLBACK,SPCXSTOCK_USDT,SHORT,139.84,1.0,2.0,12,141.2384,137.0432,SL,141.2384,-1.0,1.0568,0.09296338672768553,1.1799199084668233,2026-09-03 01:05:00,SL
03f8bc57742ba6cb885474fa,PULLBACK,SPCXSTOCK_USDT,SHORT,139.84,1.0,2.0,24,141.2384,137.0432,SL,141.2384,-1.0,1.0568,0.09296338672768553,6.993707093821511,2026-09-03 01:05:00,SL
e0e007779a7423ece22068b0,OI_FUNDING,UKOIL_USDT,LONG,95.25,0.25,1.0,3,95.011875,95.488125,TP,95.488125,1.0,0.6401,0.5984251968503865,0.18897637795276306,2026-09-03 00:40:00,TP
e0e007779a7423ece22068b0,OI_FUNDING,UKOIL_USDT,LONG,95.25,0.25,1.0,6,95.011875,95.488125,TP,95.488125,1.0,0.6401,0.6299212598425137,0.4724409448818927,2026-09-03 00:40:00,TP
e0e007779a7423ece22068b0,OI_FUNDING,UKOIL_USDT,LONG,95.25,0.25,1.0,12,95.011875,95.488125,TP,95.488125,1.0,0.6401,0.6299212598425137,0.4724409448818927,2026-09-03 00:40:00,TP
e0e007779a7423ece22068b0,OI_FUNDING,UKOIL_USDT,LONG,95.25,0.25,1.0,24,95.011875,95.488125,TP,95.488125,1.0,0.6401,2.309711286089242,1.354330708661424,2026-09-03 00:40:00,TP
e0e007779a7423ece22068b0,OI_FUNDING,UKOIL_USDT,LONG,95.25,0.25,1.5,3,95.011875,95.6071875,TP,95.6071875,1.5,0.8068,0.5984251968503865,0.18897637795276306,2026-09-03 00:50:00,TP
e0e007779a7423ece22068b0,OI_FUNDING,UKOIL_USDT,LONG,95.25,0.25,1.5,6,95.011875,95.6071875,TP,95.6071875,1.5,0.8068,0.6299212598425137,0.4724409448818927,2026-09-03 00:50:00,TP
e0e007779a7423ece22068b0,OI_FUNDING,UKOIL_USDT,LONG,95.25,0.25,1.5,12,95.011875,95.6071875,TP,95.6071875,1.5,0.8068,0.6299212598425137,0.4724409448818927,2026-09-03 00:50:00,TP
e0e007779a7423ece22068b0,OI_FUNDING,UKOIL_USDT,LONG,95.25,0.25,1.5,24,95.011875,95.6071875,TP,95.6071875,1.5,0.8068,2.309711286089242,1.354330708661424,2026-09-03 00:50:00,TP
e0e007779a7423ece22068b0,OI_FUNDING,UKOIL_USDT,LONG,95.25,0.25,2.0,3,95.011875,95.72625,TP,95.72625,2.0,1.7235,0.5984251968503865,0.18897637795276306,2026-09-03 01:45:00,TP
e0e007779a7423ece22068b0,OI_FUNDING,UKOIL_USDT,LONG,95.25,0.25,2.0,6,95.011875,95.72625,TP,95.72625,2.0,1.7235,0.6299212598425137,0.4724409448818927,2026-09-03 01:45:00,TP
e0e007779a7423ece22068b0,OI_FUNDING,UKOIL_USDT,LONG,95.25,0.25,2.0,12,95.011875,95.72625,TP,95.72625,2.0,1.7235,0.6299212598425137,0.4724409448818927,2026-09-03 01:45:00,TP
e0e007779a7423ece22068b0,OI_FUNDING,UKOIL_USDT,LONG,95.25,0.25,2.0,24,95.011875,95.72625,TP,95.72625,2.0,1.7235,2.309711286089242,1.354330708661424,2026-09-03 01:45:00,TP
e0e007779a7423ece22068b0,OI_FUNDING,UKOIL_USDT,LONG,95.25,0.35,1.0,3,94.91662500000001,95.583375,TP,95.583375,1.0,0.8068,0.5984251968503865,0.18897637795276306,2026-09-03 00:50:00,TP
e0e007779a7423ece22068b0,OI_FUNDING,UKOIL_USDT,LONG,95.25,0.35,1.0,6,94.91662500000001,95.583375,TP,95.583375,1.0,0.8068,0.6299212598425137,0.4724409448818927,2026-09-03 00:50:00,TP
e0e007779a7423ece22068b0,OI_FUNDING,UKOIL_USDT,LONG,95.25,0.35,1.0,12,94.91662500000001,95.583375,TP,95.583375,1.0,0.8068,0.6299212598425137,0.4724409448818927,2026-09-03 00:50:00,TP
e0e007779a7423ece22068b0,OI_FUNDING,UKOIL_USDT,LONG,95.25,0.35,1.0,24,94.91662500000001,95.583375,TP,95.583375,1.0,0.8068,2.309711286089242,1.354330708661424,2026-09-03 00:50:00,TP
e0e007779a7423ece22068b0,OI_FUNDING,UKOIL_USDT,LONG,95.25,0.35,1.5,3,94.91662500000001,95.7500625,TP,95.7500625,1.5,2.1401,0.5984251968503865,0.18897637795276306,2026-09-03 02:10:00,TP
e0e007779a7423ece22068b0,OI_FUNDING,UKOIL_USDT,LONG,95.25,0.35,1.5,6,94.91662500000001,95.7500625,TP,95.7500625,1.5,2.1401,0.6299212598425137,0.4724409448818927,2026-09-03 02:10:00,TP
e0e007779a7423ece22068b0,OI_FUNDING,UKOIL_USDT,LONG,95.25,0.35,1.5,12,94.91662500000001,95.7500625,TP,95.7500625,1.5,2.1401,0.6299212598425137,0.4724409448818927,2026-09-03 02:10:00,TP
e0e007779a7423ece22068b0,OI_FUNDING,UKOIL_USDT,LONG,95.25,0.35,1.5,24,94.91662500000001,95.7500625,TP,95.7500625,1.5,2.1401,2.309711286089242,1.354330708661424,2026-09-03 02:10:00,TP
e0e007779a7423ece22068b0,OI_FUNDING,UKOIL_USDT,LONG,95.25,0.35,2.0,3,94.91662500000001,95.91675,TIME_EXIT,95.58,0.98987627,3.0568,0.5984251968503865,0.18897637795276306,2026-09-03 03:05:00,3h時間切れ
e0e007779a7423ece22068b0,OI_FUNDING,UKOIL_USDT,LONG,95.25,0.35,2.0,6,94.91662500000001,95.91675,SL,94.91662500000001,-1.0,5.1401,0.6299212598425137,0.4724409448818927,2026-09-03 05:10:00,SL
e0e007779a7423ece22068b0,OI_FUNDING,UKOIL_USDT,LONG,95.25,0.35,2.0,12,94.91662500000001,95.91675,SL,94.91662500000001,-1.0,5.1401,0.6299212598425137,0.4724409448818927,2026-09-03 05:10:00,SL
e0e007779a7423ece22068b0,OI_FUNDING,UKOIL_USDT,LONG,95.25,0.35,2.0,24,94.91662500000001,95.91675,SL,94.91662500000001,-1.0,5.1401,2.309711286089242,1.354330708661424,2026-09-03 05:10:00,SL
e0e007779a7423ece22068b0,OI_FUNDING,UKOIL_USDT,LONG,95.25,0.5,1.0,3,94.77374999999999,95.72625,TP,95.72625,1.0,1.7235,0.5984251968503865,0.18897637795276306,2026-09-03 01:45:00,TP
e0e007779a7423ece22068b0,OI_FUNDING,UKOIL_USDT,LONG,95.25,0.5,1.0,6,94.77374999999999,95.72625,TP,95.72625,1.0,1.7235,0.6299212598425137,0.4724409448818927,2026-09-03 01:45:00,TP
e0e007779a7423ece22068b0,OI_FUNDING,UKOIL_USDT,LONG,95.25,0.5,1.0,12,94.77374999999999,95.72625,TP,95.72625,1.0,1.7235,0.6299212598425137,0.4724409448818927,2026-09-03 01:45:00,TP
e0e007779a7423ece22068b0,OI_FUNDING,UKOIL_USDT,LONG,95.25,0.5,1.0,24,94.77374999999999,95.72625,TP,95.72625,1.0,1.7235,2.309711286089242,1.354330708661424,2026-09-03 01:45:00,TP
e0e007779a7423ece22068b0,OI_FUNDING,UKOIL_USDT,LONG,95.25,0.5,1.5,3,94.77374999999999,95.964375,TIME_EXIT,95.58,0.69291339,3.0568,0.5984251968503865,0.18897637795276306,2026-09-03 03:05:00,3h時間切れ
e0e007779a7423ece22068b0,OI_FUNDING,UKOIL_USDT,LONG,95.25,0.5,1.5,6,94.77374999999999,95.964375,TIME_EXIT,95.08,-0.35695538,6.0568,0.6299212598425137,0.4724409448818927,2026-09-03 06:05:00,6h時間切れ
e0e007779a7423ece22068b0,OI_FUNDING,UKOIL_USDT,LONG,95.25,0.5,1.5,12,94.77374999999999,95.964375,TIME_EXIT,95.44,0.39895013,12.0568,0.6299212598425137,0.4724409448818927,2026-09-03 12:05:00,12h時間切れ
e0e007779a7423ece22068b0,OI_FUNDING,UKOIL_USDT,LONG,95.25,0.5,1.5,24,94.77374999999999,95.964375,SL,94.77374999999999,-1.0,14.2235,2.309711286089242,1.354330708661424,2026-09-03 14:15:00,SL
e0e007779a7423ece22068b0,OI_FUNDING,UKOIL_USDT,LONG,95.25,0.5,2.0,3,94.77374999999999,96.2025,TIME_EXIT,95.58,0.69291339,3.0568,0.5984251968503865,0.18897637795276306,2026-09-03 03:05:00,3h時間切れ
e0e007779a7423ece22068b0,OI_FUNDING,UKOIL_USDT,LONG,95.25,0.5,2.0,6,94.77374999999999,96.2025,TIME_EXIT,95.08,-0.35695538,6.0568,0.6299212598425137,0.4724409448818927,2026-09-03 06:05:00,6h時間切れ
e0e007779a7423ece22068b0,OI_FUNDING,UKOIL_USDT,LONG,95.25,0.5,2.0,12,94.77374999999999,96.2025,TIME_EXIT,95.44,0.39895013,12.0568,0.6299212598425137,0.4724409448818927,2026-09-03 12:05:00,12h時間切れ
e0e007779a7423ece22068b0,OI_FUNDING,UKOIL_USDT,LONG,95.25,0.5,2.0,24,94.77374999999999,96.2025,SL,94.77374999999999,-1.0,14.2235,2.309711286089242,1.354330708661424,2026-09-03 14:15:00,SL
e0e007779a7423ece22068b0,OI_FUNDING,UKOIL_USDT,LONG,95.25,0.75,1.0,3,94.53562500000001,95.964375,TIME_EXIT,95.58,0.46194226,3.0568,0.5984251968503865,0.18897637795276306,2026-09-03 03:05:00,3h時間切れ
e0e007779a7423ece22068b0,OI_FUNDING,UKOIL_USDT,LONG,95.25,0.75,1.0,6,94.53562500000001,95.964375,TIME_EXIT,95.08,-0.23797025,6.0568,0.6299212598425137,0.4724409448818927,2026-09-03 06:05:00,6h時間切れ
e0e007779a7423ece22068b0,OI_FUNDING,UKOIL_USDT,LONG,95.25,0.75,1.0,12,94.53562500000001,95.964375,TIME_EXIT,95.44,0.26596675,12.0568,0.6299212598425137,0.4724409448818927,2026-09-03 12:05:00,12h時間切れ
e0e007779a7423ece22068b0,OI_FUNDING,UKOIL_USDT,LONG,95.25,0.75,1.0,24,94.53562500000001,95.964375,SL,94.53562500000001,-1.0,14.4735,2.309711286089242,1.354330708661424,2026-09-03 14:30:00,SL
e0e007779a7423ece22068b0,OI_FUNDING,UKOIL_USDT,LONG,95.25,0.75,1.5,3,94.53562500000001,96.3215625,TIME_EXIT,95.58,0.46194226,3.0568,0.5984251968503865,0.18897637795276306,2026-09-03 03:05:00,3h時間切れ
e0e007779a7423ece22068b0,OI_FUNDING,UKOIL_USDT,LONG,95.25,0.75,1.5,6,94.53562500000001,96.3215625,TIME_EXIT,95.08,-0.23797025,6.0568,0.6299212598425137,0.4724409448818927,2026-09-03 06:05:00,6h時間切れ
e0e007779a7423ece22068b0,OI_FUNDING,UKOIL_USDT,LONG,95.25,0.75,1.5,12,94.53562500000001,96.3215625,TIME_EXIT,95.44,0.26596675,12.0568,0.6299212598425137,0.4724409448818927,2026-09-03 12:05:00,12h時間切れ
e0e007779a7423ece22068b0,OI_FUNDING,UKOIL_USDT,LONG,95.25,0.75,1.5,24,94.53562500000001,96.3215625,SL,94.53562500000001,-1.0,14.4735,2.309711286089242,1.354330708661424,2026-09-03 14:30:00,SL
e0e007779a7423ece22068b0,OI_FUNDING,UKOIL_USDT,LONG,95.25,0.75,2.0,3,94.53562500000001,96.67875,TIME_EXIT,95.58,0.46194226,3.0568,0.5984251968503865,0.18897637795276306,2026-09-03 03:05:00,3h時間切れ
e0e007779a7423ece22068b0,OI_FUNDING,UKOIL_USDT,LONG,95.25,0.75,2.0,6,94.53562500000001,96.67875,TIME_EXIT,95.08,-0.23797025,6.0568,0.6299212598425137,0.4724409448818927,2026-09-03 06:05:00,6h時間切れ
e0e007779a7423ece22068b0,OI_FUNDING,UKOIL_USDT,LONG,95.25,0.75,2.0,12,94.53562500000001,96.67875,TIME_EXIT,95.44,0.26596675,12.0568,0.6299212598425137,0.4724409448818927,2026-09-03 12:05:00,12h時間切れ
e0e007779a7423ece22068b0,OI_FUNDING,UKOIL_USDT,LONG,95.25,0.75,2.0,24,94.53562500000001,96.67875,SL,94.53562500000001,-1.0,14.4735,2.309711286089242,1.354330708661424,2026-09-03 14:30:00,SL
e0e007779a7423ece22068b0,OI_FUNDING,UKOIL_USDT,LONG,95.25,1.0,1.0,3,94.2975,96.2025,TIME_EXIT,95.58,0.34645669,3.0568,0.5984251968503865,0.18897637795276306,2026-09-03 03:05:00,3h時間切れ
e0e007779a7423ece22068b0,OI_FUNDING,UKOIL_USDT,LONG,95.25,1.0,1.0,6,94.2975,96.2025,TIME_EXIT,95.08,-0.17847769,6.0568,0.6299212598425137,0.4724409448818927,2026-09-03 06:05:00,6h時間切れ
e0e007779a7423ece22068b0,OI_FUNDING,UKOIL_USDT,LONG,95.25,1.0,1.0,12,94.2975,96.2025,TIME_EXIT,95.44,0.19947507,12.0568,0.6299212598425137,0.4724409448818927,2026-09-03 12:05:00,12h時間切れ
e0e007779a7423ece22068b0,OI_FUNDING,UKOIL_USDT,LONG,95.25,1.0,1.0,24,94.2975,96.2025,SL,94.2975,-1.0,14.6401,2.309711286089242,1.354330708661424,2026-09-03 14:40:00,SL
e0e007779a7423ece22068b0,OI_FUNDING,UKOIL_USDT,LONG,95.25,1.0,1.5,3,94.2975,96.67875,TIME_EXIT,95.58,0.34645669,3.0568,0.5984251968503865,0.18897637795276306,2026-09-03 03:05:00,3h時間切れ
e0e007779a7423ece22068b0,OI_FUNDING,UKOIL_USDT,LONG,95.25,1.0,1.5,6,94.2975,96.67875,TIME_EXIT,95.08,-0.17847769,6.0568,0.6299212598425137,0.4724409448818927,2026-09-03 06:05:00,6h時間切れ
e0e007779a7423ece22068b0,OI_FUNDING,UKOIL_USDT,LONG,95.25,1.0,1.5,12,94.2975,96.67875,TIME_EXIT,95.44,0.19947507,12.0568,0.6299212598425137,0.4724409448818927,2026-09-03 12:05:00,12h時間切れ
e0e007779a7423ece22068b0,OI_FUNDING,UKOIL_USDT,LONG,95.25,1.0,1.5,24,94.2975,96.67875,SL,94.2975,-1.0,14.6401,2.309711286089242,1.354330708661424,2026-09-03 14:40:00,SL
e0e007779a7423ece22068b0,OI_FUNDING,UKOIL_USDT,LONG,95.25,1.0,2.0,3,94.2975,97.155,TIME_EXIT,95.58,0.34645669,3.0568,0.5984251968503865,0.18897637795276306,2026-09-03 03:05:00,3h時間切れ
e0e007779a7423ece22068b0,OI_FUNDING,UKOIL_USDT,LONG,95.25,1.0,2.0,6,94.2975,97.155,TIME_EXIT,95.08,-0.17847769,6.0568,0.6299212598425137,0.4724409448818927,2026-09-03 06:05:00,6h時間切れ
e0e007779a7423ece22068b0,OI_FUNDING,UKOIL_USDT,LONG,95.25,1.0,2.0,12,94.2975,97.155,TIME_EXIT,95.44,0.19947507,12.0568,0.6299212598425137,0.4724409448818927,2026-09-03 12:05:00,12h時間切れ
e0e007779a7423ece22068b0,OI_FUNDING,UKOIL_USDT,LONG,95.25,1.0,2.0,24,94.2975,97.155,SL,94.2975,-1.0,14.6401,2.309711286089242,1.354330708661424,2026-09-03 14:40:00,SL
11747dc1382c6aa84d5fb751,OI_FUNDING,AAVE_USDT,SHORT,125.99,0.25,1.0,3,126.30497499999998,125.675025,SL,126.30497499999998,-1.0,0.1401,0.19842844670211923,1.682673228033986,2026-09-03 00:10:00,SL
11747dc1382c6aa84d5fb751,OI_FUNDING,AAVE_USDT,SHORT,125.99,0.25,1.0,6,126.30497499999998,125.675025,SL,126.30497499999998,-1.0,0.1401,0.19842844670211923,1.682673228033986,2026-09-03 00:10:00,SL
11747dc1382c6aa84d5fb751,OI_FUNDING,AAVE_USDT,SHORT,125.99,0.25,1.0,12,126.30497499999998,125.675025,SL,126.30497499999998,-1.0,0.1401,0.19842844670211923,1.682673228033986,2026-09-03 00:10:00,SL
11747dc1382c6aa84d5fb751,OI_FUNDING,AAVE_USDT,SHORT,125.99,0.25,1.0,24,126.30497499999998,125.675025,SL,126.30497499999998,-1.0,0.1401,0.19842844670211923,6.659258671323122,2026-09-03 00:10:00,SL
11747dc1382c6aa84d5fb751,OI_FUNDING,AAVE_USDT,SHORT,125.99,0.25,1.5,3,126.30497499999998,125.51753749999999,SL,126.30497499999998,-1.0,0.1401,0.19842844670211923,1.682673228033986,2026-09-03 00:10:00,SL
11747dc1382c6aa84d5fb751,OI_FUNDING,AAVE_USDT,SHORT,125.99,0.25,1.5,6,126.30497499999998,125.51753749999999,SL,126.30497499999998,-1.0,0.1401,0.19842844670211923,1.682673228033986,2026-09-03 00:10:00,SL
11747dc1382c6aa84d5fb751,OI_FUNDING,AAVE_USDT,SHORT,125.99,0.25,1.5,12,126.30497499999998,125.51753749999999,SL,126.30497499999998,-1.0,0.1401,0.19842844670211923,1.682673228033986,2026-09-03 00:10:00,SL
11747dc1382c6aa84d5fb751,OI_FUNDING,AAVE_USDT,SHORT,125.99,0.25,1.5,24,126.30497499999998,125.51753749999999,SL,126.30497499999998,-1.0,0.1401,0.19842844670211923,6.659258671323122,2026-09-03 00:10:00,SL
11747dc1382c6aa84d5fb751,OI_FUNDING,AAVE_USDT,SHORT,125.99,0.25,2.0,3,126.30497499999998,125.36005,SL,126.30497499999998,-1.0,0.1401,0.19842844670211923,1.682673228033986,2026-09-03 00:10:00,SL
11747dc1382c6aa84d5fb751,OI_FUNDING,AAVE_USDT,SHORT,125.99,0.25,2.0,6,126.30497499999998,125.36005,SL,126.30497499999998,-1.0,0.1401,0.19842844670211923,1.682673228033986,2026-09-03 00:10:00,SL
11747dc1382c6aa84d5fb751,OI_FUNDING,AAVE_USDT,SHORT,125.99,0.25,2.0,12,126.30497499999998,125.36005,SL,126.30497499999998,-1.0,0.1401,0.19842844670211923,1.682673228033986,2026-09-03 00:10:00,SL
11747dc1382c6aa84d5fb751,OI_FUNDING,AAVE_USDT,SHORT,125.99,0.25,2.0,24,126.30497499999998,125.36005,SL,126.30497499999998,-1.0,0.1401,0.19842844670211923,6.659258671323122,2026-09-03 00:10:00,SL
11747dc1382c6aa84d5fb751,OI_FUNDING,AAVE_USDT,SHORT,125.99,0.35,1.0,3,126.430965,125.549035,SL,126.430965,-1.0,0.1401,0.19842844670211923,1.682673228033986,2026-09-03 00:10:00,SL
11747dc1382c6aa84d5fb751,OI_FUNDING,AAVE_USDT,SHORT,125.99,0.35,1.0,6,126.430965,125.549035,SL,126.430965,-1.0,0.1401,0.19842844670211923,1.682673228033986,2026-09-03 00:10:00,SL
11747dc1382c6aa84d5fb751,OI_FUNDING,AAVE_USDT,SHORT,125.99,0.35,1.0,12,126.430965,125.549035,SL,126.430965,-1.0,0.1401,0.19842844670211923,1.682673228033986,2026-09-03 00:10:00,SL
11747dc1382c6aa84d5fb751,OI_FUNDING,AAVE_USDT,SHORT,125.99,0.35,1.0,24,126.430965,125.549035,SL,126.430965,-1.0,0.1401,0.19842844670211923,6.659258671323122,2026-09-03 00:10:00,SL
11747dc1382c6aa84d5fb751,OI_FUNDING,AAVE_USDT,SHORT,125.99,0.35,1.5,3,126.430965,125.3285525,SL,126.430965,-1.0,0.1401,0.19842844670211923,1.682673228033986,2026-09-03 00:10:00,SL
11747dc1382c6aa84d5fb751,OI_FUNDING,AAVE_USDT,SHORT,125.99,0.35,1.5,6,126.430965,125.3285525,SL,126.430965,-1.0,0.1401,0.19842844670211923,1.682673228033986,2026-09-03 00:10:00,SL
11747dc1382c6aa84d5fb751,OI_FUNDING,AAVE_USDT,SHORT,125.99,0.35,1.5,12,126.430965,125.3285525,SL,126.430965,-1.0,0.1401,0.19842844670211923,1.682673228033986,2026-09-03 00:10:00,SL
11747dc1382c6aa84d5fb751,OI_FUNDING,AAVE_USDT,SHORT,125.99,0.35,1.5,24,126.430965,125.3285525,SL,126.430965,-1.0,0.1401,0.19842844670211923,6.659258671323122,2026-09-03 00:10:00,SL
11747dc1382c6aa84d5fb751,OI_FUNDING,AAVE_USDT,SHORT,125.99,0.35,2.0,3,126.430965,125.10807,SL,126.430965,-1.0,0.1401,0.19842844670211923,1.682673228033986,2026-09-03 00:10:00,SL
11747dc1382c6aa84d5fb751,OI_FUNDING,AAVE_USDT,SHORT,125.99,0.35,2.0,6,126.430965,125.10807,SL,126.430965,-1.0,0.1401,0.19842844670211923,1.682673228033986,2026-09-03 00:10:00,SL
11747dc1382c6aa84d5fb751,OI_FUNDING,AAVE_USDT,SHORT,125.99,0.35,2.0,12,126.430965,125.10807,SL,126.430965,-1.0,0.1401,0.19842844670211923,1.682673228033986,2026-09-03 00:10:00,SL
11747dc1382c6aa84d5fb751,OI_FUNDING,AAVE_USDT,SHORT,125.99,0.35,2.0,24,126.430965,125.10807,SL,126.430965,-1.0,0.1401,0.19842844670211923,6.659258671323122,2026-09-03 00:10:00,SL
11747dc1382c6aa84d5fb751,OI_FUNDING,AAVE_USDT,SHORT,125.99,0.5,1.0,3,126.61994999999997,125.36005,SL,126.61994999999997,-1.0,0.1401,0.19842844670211923,1.682673228033986,2026-09-03 00:10:00,SL
11747dc1382c6aa84d5fb751,OI_FUNDING,AAVE_USDT,SHORT,125.99,0.5,1.0,6,126.61994999999997,125.36005,SL,126.61994999999997,-1.0,0.1401,0.19842844670211923,1.682673228033986,2026-09-03 00:10:00,SL
11747dc1382c6aa84d5fb751,OI_FUNDING,AAVE_USDT,SHORT,125.99,0.5,1.0,12,126.61994999999997,125.36005,SL,126.61994999999997,-1.0,0.1401,0.19842844670211923,1.682673228033986,2026-09-03 00:10:00,SL
11747dc1382c6aa84d5fb751,OI_FUNDING,AAVE_USDT,SHORT,125.99,0.5,1.0,24,126.61994999999997,125.36005,SL,126.61994999999997,-1.0,0.1401,0.19842844670211923,6.659258671323122,2026-09-03 00:10:00,SL
11747dc1382c6aa84d5fb751,OI_FUNDING,AAVE_USDT,SHORT,125.99,0.5,1.5,3,126.61994999999997,125.045075,SL,126.61994999999997,-1.0,0.1401,0.19842844670211923,1.682673228033986,2026-09-03 00:10:00,SL
11747dc1382c6aa84d5fb751,OI_FUNDING,AAVE_USDT,SHORT,125.99,0.5,1.5,6,126.61994999999997,125.045075,SL,126.61994999999997,-1.0,0.1401,0.19842844670211923,1.682673228033986,2026-09-03 00:10:00,SL
11747dc1382c6aa84d5fb751,OI_FUNDING,AAVE_USDT,SHORT,125.99,0.5,1.5,12,126.61994999999997,125.045075,SL,126.61994999999997,-1.0,0.1401,0.19842844670211923,1.682673228033986,2026-09-03 00:10:00,SL
11747dc1382c6aa84d5fb751,OI_FUNDING,AAVE_USDT,SHORT,125.99,0.5,1.5,24,126.61994999999997,125.045075,SL,126.61994999999997,-1.0,0.1401,0.19842844670211923,6.659258671323122,2026-09-03 00:10:00,SL
11747dc1382c6aa84d5fb751,OI_FUNDING,AAVE_USDT,SHORT,125.99,0.5,2.0,3,126.61994999999997,124.7301,SL,126.61994999999997,-1.0,0.1401,0.19842844670211923,1.682673228033986,2026-09-03 00:10:00,SL
11747dc1382c6aa84d5fb751,OI_FUNDING,AAVE_USDT,SHORT,125.99,0.5,2.0,6,126.61994999999997,124.7301,SL,126.61994999999997,-1.0,0.1401,0.19842844670211923,1.682673228033986,2026-09-03 00:10:00,SL
11747dc1382c6aa84d5fb751,OI_FUNDING,AAVE_USDT,SHORT,125.99,0.5,2.0,12,126.61994999999997,124.7301,SL,126.61994999999997,-1.0,0.1401,0.19842844670211923,1.682673228033986,2026-09-03 00:10:00,SL
11747dc1382c6aa84d5fb751,OI_FUNDING,AAVE_USDT,SHORT,125.99,0.5,2.0,24,126.61994999999997,124.7301,SL,126.61994999999997,-1.0,0.1401,0.19842844670211923,6.659258671323122,2026-09-03 00:10:00,SL
11747dc1382c6aa84d5fb751,OI_FUNDING,AAVE_USDT,SHORT,125.99,0.75,1.0,3,126.934925,125.045075,SL,126.934925,-1.0,0.5568,0.19842844670211923,1.682673228033986,2026-09-03 00:35:00,SL
11747dc1382c6aa84d5fb751,OI_FUNDING,AAVE_USDT,SHORT,125.99,0.75,1.0,6,126.934925,125.045075,SL,126.934925,-1.0,0.5568,0.19842844670211923,1.682673228033986,2026-09-03 00:35:00,SL
11747dc1382c6aa84d5fb751,OI_FUNDING,AAVE_USDT,SHORT,125.99,0.75,1.0,12,126.934925,125.045075,SL,126.934925,-1.0,0.5568,0.19842844670211923,1.682673228033986,2026-09-03 00:35:00,SL
11747dc1382c6aa84d5fb751,OI_FUNDING,AAVE_USDT,SHORT,125.99,0.75,1.0,24,126.934925,125.045075,SL,126.934925,-1.0,0.5568,0.19842844670211923,6.659258671323122,2026-09-03 00:35:00,SL
11747dc1382c6aa84d5fb751,OI_FUNDING,AAVE_USDT,SHORT,125.99,0.75,1.5,3,126.934925,124.57261249999999,SL,126.934925,-1.0,0.5568,0.19842844670211923,1.682673228033986,2026-09-03 00:35:00,SL
11747dc1382c6aa84d5fb751,OI_FUNDING,AAVE_USDT,SHORT,125.99,0.75,1.5,6,126.934925,124.57261249999999,SL,126.934925,-1.0,0.5568,0.19842844670211923,1.682673228033986,2026-09-03 00:35:00,SL
11747dc1382c6aa84d5fb751,OI_FUNDING,AAVE_USDT,SHORT,125.99,0.75,1.5,12,126.934925,124.57261249999999,SL,126.934925,-1.0,0.5568,0.19842844670211923,1.682673228033986,2026-09-03 00:35:00,SL
11747dc1382c6aa84d5fb751,OI_FUNDING,AAVE_USDT,SHORT,125.99,0.75,1.5,24,126.934925,124.57261249999999,SL,126.934925,-1.0,0.5568,0.19842844670211923,6.659258671323122,2026-09-03 00:35:00,SL
11747dc1382c6aa84d5fb751,OI_FUNDING,AAVE_USDT,SHORT,125.99,0.75,2.0,3,126.934925,124.10015,SL,126.934925,-1.0,0.5568,0.19842844670211923,1.682673228033986,2026-09-03 00:35:00,SL
11747dc1382c6aa84d5fb751,OI_FUNDING,AAVE_USDT,SHORT,125.99,0.75,2.0,6,126.934925,124.10015,SL,126.934925,-1.0,0.5568,0.19842844670211923,1.682673228033986,2026-09-03 00:35:00,SL
11747dc1382c6aa84d5fb751,OI_FUNDING,AAVE_USDT,SHORT,125.99,0.75,2.0,12,126.934925,124.10015,SL,126.934925,-1.0,0.5568,0.19842844670211923,1.682673228033986,2026-09-03 00:35:00,SL
11747dc1382c6aa84d5fb751,OI_FUNDING,AAVE_USDT,SHORT,125.99,0.75,2.0,24,126.934925,124.10015,SL,126.934925,-1.0,0.5568,0.19842844670211923,6.659258671323122,2026-09-03 00:35:00,SL
11747dc1382c6aa84d5fb751,OI_FUNDING,AAVE_USDT,SHORT,125.99,1.0,1.0,3,127.2499,124.7301,SL,127.2499,-1.0,0.7235,0.19842844670211923,1.682673228033986,2026-09-03 00:45:00,SL
11747dc1382c6aa84d5fb751,OI_FUNDING,AAVE_USDT,SHORT,125.99,1.0,1.0,6,127.2499,124.7301,SL,127.2499,-1.0,0.7235,0.19842844670211923,1.682673228033986,2026-09-03 00:45:00,SL
11747dc1382c6aa84d5fb751,OI_FUNDING,AAVE_USDT,SHORT,125.99,1.0,1.0,12,127.2499,124.7301,SL,127.2499,-1.0,0.7235,0.19842844670211923,1.682673228033986,2026-09-03 00:45:00,SL
11747dc1382c6aa84d5fb751,OI_FUNDING,AAVE_USDT,SHORT,125.99,1.0,1.0,24,127.2499,124.7301,SL,127.2499,-1.0,0.7235,0.19842844670211923,6.659258671323122,2026-09-03 00:45:00,SL
11747dc1382c6aa84d5fb751,OI_FUNDING,AAVE_USDT,SHORT,125.99,1.0,1.5,3,127.2499,124.10015,SL,127.2499,-1.0,0.7235,0.19842844670211923,1.682673228033986,2026-09-03 00:45:00,SL
11747dc1382c6aa84d5fb751,OI_FUNDING,AAVE_USDT,SHORT,125.99,1.0,1.5,6,127.2499,124.10015,SL,127.2499,-1.0,0.7235,0.19842844670211923,1.682673228033986,2026-09-03 00:45:00,SL
11747dc1382c6aa84d5fb751,OI_FUNDING,AAVE_USDT,SHORT,125.99,1.0,1.5,12,127.2499,124.10015,SL,127.2499,-1.0,0.7235,0.19842844670211923,1.682673228033986,2026-09-03 00:45:00,SL
11747dc1382c6aa84d5fb751,OI_FUNDING,AAVE_USDT,SHORT,125.99,1.0,1.5,24,127.2499,124.10015,SL,127.2499,-1.0,0.7235,0.19842844670211923,6.659258671323122,2026-09-03 00:45:00,SL
11747dc1382c6aa84d5fb751,OI_FUNDING,AAVE_USDT,SHORT,125.99,1.0,2.0,3,127.2499,123.47019999999999,SL,127.2499,-1.0,0.7235,0.19842844670211923,1.682673228033986,2026-09-03 00:45:00,SL
11747dc1382c6aa84d5fb751,OI_FUNDING,AAVE_USDT,SHORT,125.99,1.0,2.0,6,127.2499,123.47019999999999,SL,127.2499,-1.0,0.7235,0.19842844670211923,1.682673228033986,2026-09-03 00:45:00,SL
11747dc1382c6aa84d5fb751,OI_FUNDING,AAVE_USDT,SHORT,125.99,1.0,2.0,12,127.2499,123.47019999999999,SL,127.2499,-1.0,0.7235,0.19842844670211923,1.682673228033986,2026-09-03 00:45:00,SL
11747dc1382c6aa84d5fb751,OI_FUNDING,AAVE_USDT,SHORT,125.99,1.0,2.0,24,127.2499,123.47019999999999,SL,127.2499,-1.0,0.7235,0.19842844670211923,6.659258671323122,2026-09-03 00:45:00,SL
36782f08bffceb1910e07305,HIGH_EDGE,FILECOIN_USDT,SHORT,0.7645,0.25,1.0,3,0.7664112499999999,0.76258875,SL,0.7664112499999999,-1.0,0.1464,0.22236756049704695,6.527141922825384,2026-09-03 00:20:00,SL
36782f08bffceb1910e07305,HIGH_EDGE,FILECOIN_USDT,SHORT,0.7645,0.25,1.0,6,0.7664112499999999,0.76258875,SL,0.7664112499999999,-1.0,0.1464,0.22236756049704695,6.527141922825384,2026-09-03 00:20:00,SL
36782f08bffceb1910e07305,HIGH_EDGE,FILECOIN_USDT,SHORT,0.7645,0.25,1.0,12,0.7664112499999999,0.76258875,SL,0.7664112499999999,-1.0,0.1464,0.22236756049704695,9.077828646173973,2026-09-03 00:20:00,SL
36782f08bffceb1910e07305,HIGH_EDGE,FILECOIN_USDT,SHORT,0.7645,0.25,1.0,24,0.7664112499999999,0.76258875,SL,0.7664112499999999,-1.0,0.1464,0.22236756049704695,9.077828646173973,2026-09-03 00:20:00,SL
36782f08bffceb1910e07305,HIGH_EDGE,FILECOIN_USDT,SHORT,0.7645,0.25,1.5,3,0.7664112499999999,0.7616331249999999,SL,0.7664112499999999,-1.0,0.1464,0.22236756049704695,6.527141922825384,2026-09-03 00:20:00,SL
36782f08bffceb1910e07305,HIGH_EDGE,FILECOIN_USDT,SHORT,0.7645,0.25,1.5,6,0.7664112499999999,0.7616331249999999,SL,0.7664112499999999,-1.0,0.1464,0.22236756049704695,6.527141922825384,2026-09-03 00:20:00,SL
36782f08bffceb1910e07305,HIGH_EDGE,FILECOIN_USDT,SHORT,0.7645,0.25,1.5,12,0.7664112499999999,0.7616331249999999,SL,0.7664112499999999,-1.0,0.1464,0.22236756049704695,9.077828646173973,2026-09-03 00:20:00,SL
36782f08bffceb1910e07305,HIGH_EDGE,FILECOIN_USDT,SHORT,0.7645,0.25,1.5,24,0.7664112499999999,0.7616331249999999,SL,0.7664112499999999,-1.0,0.1464,0.22236756049704695,9.077828646173973,2026-09-03 00:20:00,SL
36782f08bffceb1910e07305,HIGH_EDGE,FILECOIN_USDT,SHORT,0.7645,0.25,2.0,3,0.7664112499999999,0.7606775,SL,0.7664112499999999,-1.0,0.1464,0.22236756049704695,6.527141922825384,2026-09-03 00:20:00,SL
36782f08bffceb1910e07305,HIGH_EDGE,FILECOIN_USDT,SHORT,0.7645,0.25,2.0,6,0.7664112499999999,0.7606775,SL,0.7664112499999999,-1.0,0.1464,0.22236756049704695,6.527141922825384,2026-09-03 00:20:00,SL
36782f08bffceb1910e07305,HIGH_EDGE,FILECOIN_USDT,SHORT,0.7645,0.25,2.0,12,0.7664112499999999,0.7606775,SL,0.7664112499999999,-1.0,0.1464,0.22236756049704695,9.077828646173973,2026-09-03 00:20:00,SL
36782f08bffceb1910e07305,HIGH_EDGE,FILECOIN_USDT,SHORT,0.7645,0.25,2.0,24,0.7664112499999999,0.7606775,SL,0.7664112499999999,-1.0,0.1464,0.22236756049704695,9.077828646173973,2026-09-03 00:20:00,SL
36782f08bffceb1910e07305,HIGH_EDGE,FILECOIN_USDT,SHORT,0.7645,0.35,1.0,3,0.76717575,0.76182425,SL,0.76717575,-1.0,0.1464,0.22236756049704695,6.527141922825384,2026-09-03 00:20:00,SL
36782f08bffceb1910e07305,HIGH_EDGE,FILECOIN_USDT,SHORT,0.7645,0.35,1.0,6,0.76717575,0.76182425,SL,0.76717575,-1.0,0.1464,0.22236756049704695,6.527141922825384,2026-09-03 00:20:00,SL
36782f08bffceb1910e07305,HIGH_EDGE,FILECOIN_USDT,SHORT,0.7645,0.35,1.0,12,0.76717575,0.76182425,SL,0.76717575,-1.0,0.1464,0.22236756049704695,9.077828646173973,2026-09-03 00:20:00,SL
36782f08bffceb1910e07305,HIGH_EDGE,FILECOIN_USDT,SHORT,0.7645,0.35,1.0,24,0.76717575,0.76182425,SL,0.76717575,-1.0,0.1464,0.22236756049704695,9.077828646173973,2026-09-03 00:20:00,SL
36782f08bffceb1910e07305,HIGH_EDGE,FILECOIN_USDT,SHORT,0.7645,0.35,1.5,3,0.76717575,0.7604863749999999,SL,0.76717575,-1.0,0.1464,0.22236756049704695,6.527141922825384,2026-09-03 00:20:00,SL
36782f08bffceb1910e07305,HIGH_EDGE,FILECOIN_USDT,SHORT,0.7645,0.35,1.5,6,0.76717575,0.7604863749999999,SL,0.76717575,-1.0,0.1464,0.22236756049704695,6.527141922825384,2026-09-03 00:20:00,SL
36782f08bffceb1910e07305,HIGH_EDGE,FILECOIN_USDT,SHORT,0.7645,0.35,1.5,12,0.76717575,0.7604863749999999,SL,0.76717575,-1.0,0.1464,0.22236756049704695,9.077828646173973,2026-09-03 00:20:00,SL
36782f08bffceb1910e07305,HIGH_EDGE,FILECOIN_USDT,SHORT,0.7645,0.35,1.5,24,0.76717575,0.7604863749999999,SL,0.76717575,-1.0,0.1464,0.22236756049704695,9.077828646173973,2026-09-03 00:20:00,SL
36782f08bffceb1910e07305,HIGH_EDGE,FILECOIN_USDT,SHORT,0.7645,0.35,2.0,3,0.76717575,0.7591485,SL,0.76717575,-1.0,0.1464,0.22236756049704695,6.527141922825384,2026-09-03 00:20:00,SL
36782f08bffceb1910e07305,HIGH_EDGE,FILECOIN_USDT,SHORT,0.7645,0.35,2.0,6,0.76717575,0.7591485,SL,0.76717575,-1.0,0.1464,0.22236756049704695,6.527141922825384,2026-09-03 00:20:00,SL
36782f08bffceb1910e07305,HIGH_EDGE,FILECOIN_USDT,SHORT,0.7645,0.35,2.0,12,0.76717575,0.7591485,SL,0.76717575,-1.0,0.1464,0.22236756049704695,9.077828646173973,2026-09-03 00:20:00,SL
36782f08bffceb1910e07305,HIGH_EDGE,FILECOIN_USDT,SHORT,0.7645,0.35,2.0,24,0.76717575,0.7591485,SL,0.76717575,-1.0,0.1464,0.22236756049704695,9.077828646173973,2026-09-03 00:20:00,SL
36782f08bffceb1910e07305,HIGH_EDGE,FILECOIN_USDT,SHORT,0.7645,0.5,1.0,3,0.7683224999999999,0.7606775,SL,0.7683224999999999,-1.0,0.2297,0.22236756049704695,6.527141922825384,2026-09-03 00:25:00,SL
36782f08bffceb1910e07305,HIGH_EDGE,FILECOIN_USDT,SHORT,0.7645,0.5,1.0,6,0.7683224999999999,0.7606775,SL,0.7683224999999999,-1.0,0.2297,0.22236756049704695,6.527141922825384,2026-09-03 00:25:00,SL
36782f08bffceb1910e07305,HIGH_EDGE,FILECOIN_USDT,SHORT,0.7645,0.5,1.0,12,0.7683224999999999,0.7606775,SL,0.7683224999999999,-1.0,0.2297,0.22236756049704695,9.077828646173973,2026-09-03 00:25:00,SL
36782f08bffceb1910e07305,HIGH_EDGE,FILECOIN_USDT,SHORT,0.7645,0.5,1.0,24,0.7683224999999999,0.7606775,SL,0.7683224999999999,-1.0,0.2297,0.22236756049704695,9.077828646173973,2026-09-03 00:25:00,SL
36782f08bffceb1910e07305,HIGH_EDGE,FILECOIN_USDT,SHORT,0.7645,0.5,1.5,3,0.7683224999999999,0.75876625,SL,0.7683224999999999,-1.0,0.2297,0.22236756049704695,6.527141922825384,2026-09-03 00:25:00,SL
36782f08bffceb1910e07305,HIGH_EDGE,FILECOIN_USDT,SHORT,0.7645,0.5,1.5,6,0.7683224999999999,0.75876625,SL,0.7683224999999999,-1.0,0.2297,0.22236756049704695,6.527141922825384,2026-09-03 00:25:00,SL
36782f08bffceb1910e07305,HIGH_EDGE,FILECOIN_USDT,SHORT,0.7645,0.5,1.5,12,0.7683224999999999,0.75876625,SL,0.7683224999999999,-1.0,0.2297,0.22236756049704695,9.077828646173973,2026-09-03 00:25:00,SL
36782f08bffceb1910e07305,HIGH_EDGE,FILECOIN_USDT,SHORT,0.7645,0.5,1.5,24,0.7683224999999999,0.75876625,SL,0.7683224999999999,-1.0,0.2297,0.22236756049704695,9.077828646173973,2026-09-03 00:25:00,SL
36782f08bffceb1910e07305,HIGH_EDGE,FILECOIN_USDT,SHORT,0.7645,0.5,2.0,3,0.7683224999999999,0.7568549999999999,SL,0.7683224999999999,-1.0,0.2297,0.22236756049704695,6.527141922825384,2026-09-03 00:25:00,SL
36782f08bffceb1910e07305,HIGH_EDGE,FILECOIN_USDT,SHORT,0.7645,0.5,2.0,6,0.7683224999999999,0.7568549999999999,SL,0.7683224999999999,-1.0,0.2297,0.22236756049704695,6.527141922825384,2026-09-03 00:25:00,SL
36782f08bffceb1910e07305,HIGH_EDGE,FILECOIN_USDT,SHORT,0.7645,0.5,2.0,12,0.7683224999999999,0.7568549999999999,SL,0.7683224999999999,-1.0,0.2297,0.22236756049704695,9.077828646173973,2026-09-03 00:25:00,SL
36782f08bffceb1910e07305,HIGH_EDGE,FILECOIN_USDT,SHORT,0.7645,0.5,2.0,24,0.7683224999999999,0.7568549999999999,SL,0.7683224999999999,-1.0,0.2297,0.22236756049704695,9.077828646173973,2026-09-03 00:25:00,SL
36782f08bffceb1910e07305,HIGH_EDGE,FILECOIN_USDT,SHORT,0.7645,0.75,1.0,3,0.77023375,0.75876625,SL,0.77023375,-1.0,0.3964,0.22236756049704695,6.527141922825384,2026-09-03 00:35:00,SL
36782f08bffceb1910e07305,HIGH_EDGE,FILECOIN_USDT,SHORT,0.7645,0.75,1.0,6,0.77023375,0.75876625,SL,0.77023375,-1.0,0.3964,0.22236756049704695,6.527141922825384,2026-09-03 00:35:00,SL
36782f08bffceb1910e07305,HIGH_EDGE,FILECOIN_USDT,SHORT,0.7645,0.75,1.0,12,0.77023375,0.75876625,SL,0.77023375,-1.0,0.3964,0.22236756049704695,9.077828646173973,2026-09-03 00:35:00,SL
36782f08bffceb1910e07305,HIGH_EDGE,FILECOIN_USDT,SHORT,0.7645,0.75,1.0,24,0.77023375,0.75876625,SL,0.77023375,-1.0,0.3964,0.22236756049704695,9.077828646173973,2026-09-03 00:35:00,SL
36782f08bffceb1910e07305,HIGH_EDGE,FILECOIN_USDT,SHORT,0.7645,0.75,1.5,3,0.77023375,0.7558993749999999,SL,0.77023375,-1.0,0.3964,0.22236756049704695,6.527141922825384,2026-09-03 00:35:00,SL
36782f08bffceb1910e07305,HIGH_EDGE,FILECOIN_USDT,SHORT,0.7645,0.75,1.5,6,0.77023375,0.7558993749999999,SL,0.77023375,-1.0,0.3964,0.22236756049704695,6.527141922825384,2026-09-03 00:35:00,SL
36782f08bffceb1910e07305,HIGH_EDGE,FILECOIN_USDT,SHORT,0.7645,0.75,1.5,12,0.77023375,0.7558993749999999,SL,0.77023375,-1.0,0.3964,0.22236756049704695,9.077828646173973,2026-09-03 00:35:00,SL
36782f08bffceb1910e07305,HIGH_EDGE,FILECOIN_USDT,SHORT,0.7645,0.75,1.5,24,0.77023375,0.7558993749999999,SL,0.77023375,-1.0,0.3964,0.22236756049704695,9.077828646173973,2026-09-03 00:35:00,SL
36782f08bffceb1910e07305,HIGH_EDGE,FILECOIN_USDT,SHORT,0.7645,0.75,2.0,3,0.77023375,0.7530325,SL,0.77023375,-1.0,0.3964,0.22236756049704695,6.527141922825384,2026-09-03 00:35:00,SL
36782f08bffceb1910e07305,HIGH_EDGE,FILECOIN_USDT,SHORT,0.7645,0.75,2.0,6,0.77023375,0.7530325,SL,0.77023375,-1.0,0.3964,0.22236756049704695,6.527141922825384,2026-09-03 00:35:00,SL
36782f08bffceb1910e07305,HIGH_EDGE,FILECOIN_USDT,SHORT,0.7645,0.75,2.0,12,0.77023375,0.7530325,SL,0.77023375,-1.0,0.3964,0.22236756049704695,9.077828646173973,2026-09-03 00:35:00,SL
36782f08bffceb1910e07305,HIGH_EDGE,FILECOIN_USDT,SHORT,0.7645,0.75,2.0,24,0.77023375,0.7530325,SL,0.77023375,-1.0,0.3964,0.22236756049704695,9.077828646173973,2026-09-03 00:35:00,SL
36782f08bffceb1910e07305,HIGH_EDGE,FILECOIN_USDT,SHORT,0.7645,1.0,1.0,3,0.772145,0.7568549999999999,SL,0.772145,-1.0,0.4797,0.22236756049704695,6.527141922825384,2026-09-03 00:40:00,SL
36782f08bffceb1910e07305,HIGH_EDGE,FILECOIN_USDT,SHORT,0.7645,1.0,1.0,6,0.772145,0.7568549999999999,SL,0.772145,-1.0,0.4797,0.22236756049704695,6.527141922825384,2026-09-03 00:40:00,SL
36782f08bffceb1910e07305,HIGH_EDGE,FILECOIN_USDT,SHORT,0.7645,1.0,1.0,12,0.772145,0.7568549999999999,SL,0.772145,-1.0,0.4797,0.22236756049704695,9.077828646173973,2026-09-03 00:40:00,SL
36782f08bffceb1910e07305,HIGH_EDGE,FILECOIN_USDT,SHORT,0.7645,1.0,1.0,24,0.772145,0.7568549999999999,SL,0.772145,-1.0,0.4797,0.22236756049704695,9.077828646173973,2026-09-03 00:40:00,SL
36782f08bffceb1910e07305,HIGH_EDGE,FILECOIN_USDT,SHORT,0.7645,1.0,1.5,3,0.772145,0.7530325,SL,0.772145,-1.0,0.4797,0.22236756049704695,6.527141922825384,2026-09-03 00:40:00,SL
36782f08bffceb1910e07305,HIGH_EDGE,FILECOIN_USDT,SHORT,0.7645,1.0,1.5,6,0.772145,0.7530325,SL,0.772145,-1.0,0.4797,0.22236756049704695,6.527141922825384,2026-09-03 00:40:00,SL
36782f08bffceb1910e07305,HIGH_EDGE,FILECOIN_USDT,SHORT,0.7645,1.0,1.5,12,0.772145,0.7530325,SL,0.772145,-1.0,0.4797,0.22236756049704695,9.077828646173973,2026-09-03 00:40:00,SL
36782f08bffceb1910e07305,HIGH_EDGE,FILECOIN_USDT,SHORT,0.7645,1.0,1.5,24,0.772145,0.7530325,SL,0.772145,-1.0,0.4797,0.22236756049704695,9.077828646173973,2026-09-03 00:40:00,SL
36782f08bffceb1910e07305,HIGH_EDGE,FILECOIN_USDT,SHORT,0.7645,1.0,2.0,3,0.772145,0.7492099999999999,SL,0.772145,-1.0,0.4797,0.22236756049704695,6.527141922825384,2026-09-03 00:40:00,SL
36782f08bffceb1910e07305,HIGH_EDGE,FILECOIN_USDT,SHORT,0.7645,1.0,2.0,6,0.772145,0.7492099999999999,SL,0.772145,-1.0,0.4797,0.22236756049704695,6.527141922825384,2026-09-03 00:40:00,SL
36782f08bffceb1910e07305,HIGH_EDGE,FILECOIN_USDT,SHORT,0.7645,1.0,2.0,12,0.772145,0.7492099999999999,SL,0.772145,-1.0,0.4797,0.22236756049704695,9.077828646173973,2026-09-03 00:40:00,SL
36782f08bffceb1910e07305,HIGH_EDGE,FILECOIN_USDT,SHORT,0.7645,1.0,2.0,24,0.772145,0.7492099999999999,SL,0.772145,-1.0,0.4797,0.22236756049704695,9.077828646173973,2026-09-03 00:40:00,SL
0c369233923d1c5ef2b747bb,TREND_VOLUME,ARB_USDT,LONG,0.11727,0.25,1.0,3,0.116976825,0.11756317499999999,SL,0.116976825,-1.0,0.1464,6.8303914044512695,2.2938517950029826,2026-09-03 00:20:00,SL
0c369233923d1c5ef2b747bb,TREND_VOLUME,ARB_USDT,LONG,0.11727,0.25,1.0,6,0.116976825,0.11756317499999999,SL,0.116976825,-1.0,0.1464,7.8877803359768,2.2938517950029826,2026-09-03 00:20:00,SL
0c369233923d1c5ef2b747bb,TREND_VOLUME,ARB_USDT,LONG,0.11727,0.25,1.0,12,0.116976825,0.11756317499999999,SL,0.116976825,-1.0,0.1464,13.089451692675013,2.2938517950029826,2026-09-03 00:20:00,SL
0c369233923d1c5ef2b747bb,TREND_VOLUME,ARB_USDT,LONG,0.11727,0.25,1.0,24,0.116976825,0.11756317499999999,SL,0.116976825,-1.0,0.1464,20.06480770870641,2.2938517950029826,2026-09-03 00:20:00,SL
0c369233923d1c5ef2b747bb,TREND_VOLUME,ARB_USDT,LONG,0.11727,0.25,1.5,3,0.116976825,0.1177097625,SL,0.116976825,-1.0,0.1464,6.8303914044512695,2.2938517950029826,2026-09-03 00:20:00,SL
0c369233923d1c5ef2b747bb,TREND_VOLUME,ARB_USDT,LONG,0.11727,0.25,1.5,6,0.116976825,0.1177097625,SL,0.116976825,-1.0,0.1464,7.8877803359768,2.2938517950029826,2026-09-03 00:20:00,SL
0c369233923d1c5ef2b747bb,TREND_VOLUME,ARB_USDT,LONG,0.11727,0.25,1.5,12,0.116976825,0.1177097625,SL,0.116976825,-1.0,0.1464,13.089451692675013,2.2938517950029826,2026-09-03 00:20:00,SL
0c369233923d1c5ef2b747bb,TREND_VOLUME,ARB_USDT,LONG,0.11727,0.25,1.5,24,0.116976825,0.1177097625,SL,0.116976825,-1.0,0.1464,20.06480770870641,2.2938517950029826,2026-09-03 00:20:00,SL
0c369233923d1c5ef2b747bb,TREND_VOLUME,ARB_USDT,LONG,0.11727,0.25,2.0,3,0.116976825,0.11785634999999998,SL,0.116976825,-1.0,0.1464,6.8303914044512695,2.2938517950029826,2026-09-03 00:20:00,SL
0c369233923d1c5ef2b747bb,TREND_VOLUME,ARB_USDT,LONG,0.11727,0.25,2.0,6,0.116976825,0.11785634999999998,SL,0.116976825,-1.0,0.1464,7.8877803359768,2.2938517950029826,2026-09-03 00:20:00,SL
0c369233923d1c5ef2b747bb,TREND_VOLUME,ARB_USDT,LONG,0.11727,0.25,2.0,12,0.116976825,0.11785634999999998,SL,0.116976825,-1.0,0.1464,13.089451692675013,2.2938517950029826,2026-09-03 00:20:00,SL
0c369233923d1c5ef2b747bb,TREND_VOLUME,ARB_USDT,LONG,0.11727,0.25,2.0,24,0.116976825,0.11785634999999998,SL,0.116976825,-1.0,0.1464,20.06480770870641,2.2938517950029826,2026-09-03 00:20:00,SL
0c369233923d1c5ef2b747bb,TREND_VOLUME,ARB_USDT,LONG,0.11727,0.35,1.0,3,0.116859555,0.11768044500000001,SL,0.116859555,-1.0,0.1464,6.8303914044512695,2.2938517950029826,2026-09-03 00:20:00,SL
0c369233923d1c5ef2b747bb,TREND_VOLUME,ARB_USDT,LONG,0.11727,0.35,1.0,6,0.116859555,0.11768044500000001,SL,0.116859555,-1.0,0.1464,7.8877803359768,2.2938517950029826,2026-09-03 00:20:00,SL
0c369233923d1c5ef2b747bb,TREND_VOLUME,ARB_USDT,LONG,0.11727,0.35,1.0,12,0.116859555,0.11768044500000001,SL,0.116859555,-1.0,0.1464,13.089451692675013,2.2938517950029826,2026-09-03 00:20:00,SL
0c369233923d1c5ef2b747bb,TREND_VOLUME,ARB_USDT,LONG,0.11727,0.35,1.0,24,0.116859555,0.11768044500000001,SL,0.116859555,-1.0,0.1464,20.06480770870641,2.2938517950029826,2026-09-03 00:20:00,SL
0c369233923d1c5ef2b747bb,TREND_VOLUME,ARB_USDT,LONG,0.11727,0.35,1.5,3,0.116859555,0.1178856675,SL,0.116859555,-1.0,0.1464,6.8303914044512695,2.2938517950029826,2026-09-03 00:20:00,SL
0c369233923d1c5ef2b747bb,TREND_VOLUME,ARB_USDT,LONG,0.11727,0.35,1.5,6,0.116859555,0.1178856675,SL,0.116859555,-1.0,0.1464,7.8877803359768,2.2938517950029826,2026-09-03 00:20:00,SL
0c369233923d1c5ef2b747bb,TREND_VOLUME,ARB_USDT,LONG,0.11727,0.35,1.5,12,0.116859555,0.1178856675,SL,0.116859555,-1.0,0.1464,13.089451692675013,2.2938517950029826,2026-09-03 00:20:00,SL
0c369233923d1c5ef2b747bb,TREND_VOLUME,ARB_USDT,LONG,0.11727,0.35,1.5,24,0.116859555,0.1178856675,SL,0.116859555,-1.0,0.1464,20.06480770870641,2.2938517950029826,2026-09-03 00:20:00,SL
0c369233923d1c5ef2b747bb,TREND_VOLUME,ARB_USDT,LONG,0.11727,0.35,2.0,3,0.116859555,0.11809088999999999,SL,0.116859555,-1.0,0.1464,6.8303914044512695,2.2938517950029826,2026-09-03 00:20:00,SL
0c369233923d1c5ef2b747bb,TREND_VOLUME,ARB_USDT,LONG,0.11727,0.35,2.0,6,0.116859555,0.11809088999999999,SL,0.116859555,-1.0,0.1464,7.8877803359768,2.2938517950029826,2026-09-03 00:20:00,SL
0c369233923d1c5ef2b747bb,TREND_VOLUME,ARB_USDT,LONG,0.11727,0.35,2.0,12,0.116859555,0.11809088999999999,SL,0.116859555,-1.0,0.1464,13.089451692675013,2.2938517950029826,2026-09-03 00:20:00,SL
0c369233923d1c5ef2b747bb,TREND_VOLUME,ARB_USDT,LONG,0.11727,0.35,2.0,24,0.116859555,0.11809088999999999,SL,0.116859555,-1.0,0.1464,20.06480770870641,2.2938517950029826,2026-09-03 00:20:00,SL
0c369233923d1c5ef2b747bb,TREND_VOLUME,ARB_USDT,LONG,0.11727,0.5,1.0,3,0.11668365,0.11785634999999998,SL,0.11668365,-1.0,0.1464,6.8303914044512695,2.2938517950029826,2026-09-03 00:20:00,SL
0c369233923d1c5ef2b747bb,TREND_VOLUME,ARB_USDT,LONG,0.11727,0.5,1.0,6,0.11668365,0.11785634999999998,SL,0.11668365,-1.0,0.1464,7.8877803359768,2.2938517950029826,2026-09-03 00:20:00,SL
0c369233923d1c5ef2b747bb,TREND_VOLUME,ARB_USDT,LONG,0.11727,0.5,1.0,12,0.11668365,0.11785634999999998,SL,0.11668365,-1.0,0.1464,13.089451692675013,2.2938517950029826,2026-09-03 00:20:00,SL
0c369233923d1c5ef2b747bb,TREND_VOLUME,ARB_USDT,LONG,0.11727,0.5,1.0,24,0.11668365,0.11785634999999998,SL,0.11668365,-1.0,0.1464,20.06480770870641,2.2938517950029826,2026-09-03 00:20:00,SL
0c369233923d1c5ef2b747bb,TREND_VOLUME,ARB_USDT,LONG,0.11727,0.5,1.5,3,0.11668365,0.118149525,SL,0.11668365,-1.0,0.1464,6.8303914044512695,2.2938517950029826,2026-09-03 00:20:00,SL
0c369233923d1c5ef2b747bb,TREND_VOLUME,ARB_USDT,LONG,0.11727,0.5,1.5,6,0.11668365,0.118149525,SL,0.11668365,-1.0,0.1464,7.8877803359768,2.2938517950029826,2026-09-03 00:20:00,SL
0c369233923d1c5ef2b747bb,TREND_VOLUME,ARB_USDT,LONG,0.11727,0.5,1.5,12,0.11668365,0.118149525,SL,0.11668365,-1.0,0.1464,13.089451692675013,2.2938517950029826,2026-09-03 00:20:00,SL
0c369233923d1c5ef2b747bb,TREND_VOLUME,ARB_USDT,LONG,0.11727,0.5,1.5,24,0.11668365,0.118149525,SL,0.11668365,-1.0,0.1464,20.06480770870641,2.2938517950029826,2026-09-03 00:20:00,SL
0c369233923d1c5ef2b747bb,TREND_VOLUME,ARB_USDT,LONG,0.11727,0.5,2.0,3,0.11668365,0.1184427,SL,0.11668365,-1.0,0.1464,6.8303914044512695,2.2938517950029826,2026-09-03 00:20:00,SL
0c369233923d1c5ef2b747bb,TREND_VOLUME,ARB_USDT,LONG,0.11727,0.5,2.0,6,0.11668365,0.1184427,SL,0.11668365,-1.0,0.1464,7.8877803359768,2.2938517950029826,2026-09-03 00:20:00,SL
0c369233923d1c5ef2b747bb,TREND_VOLUME,ARB_USDT,LONG,0.11727,0.5,2.0,12,0.11668365,0.1184427,SL,0.11668365,-1.0,0.1464,13.089451692675013,2.2938517950029826,2026-09-03 00:20:00,SL
0c369233923d1c5ef2b747bb,TREND_VOLUME,ARB_USDT,LONG,0.11727,0.5,2.0,24,0.11668365,0.1184427,SL,0.11668365,-1.0,0.1464,20.06480770870641,2.2938517950029826,2026-09-03 00:20:00,SL
0c369233923d1c5ef2b747bb,TREND_VOLUME,ARB_USDT,LONG,0.11727,0.75,1.0,3,0.11639047500000001,0.118149525,SL,0.11639047500000001,-1.0,0.1464,6.8303914044512695,2.2938517950029826,2026-09-03 00:20:00,SL
0c369233923d1c5ef2b747bb,TREND_VOLUME,ARB_USDT,LONG,0.11727,0.75,1.0,6,0.11639047500000001,0.118149525,SL,0.11639047500000001,-1.0,0.1464,7.8877803359768,2.2938517950029826,2026-09-03 00:20:00,SL
0c369233923d1c5ef2b747bb,TREND_VOLUME,ARB_USDT,LONG,0.11727,0.75,1.0,12,0.11639047500000001,0.118149525,SL,0.11639047500000001,-1.0,0.1464,13.089451692675013,2.2938517950029826,2026-09-03 00:20:00,SL
0c369233923d1c5ef2b747bb,TREND_VOLUME,ARB_USDT,LONG,0.11727,0.75,1.0,24,0.11639047500000001,0.118149525,SL,0.11639047500000001,-1.0,0.1464,20.06480770870641,2.2938517950029826,2026-09-03 00:20:00,SL
0c369233923d1c5ef2b747bb,TREND_VOLUME,ARB_USDT,LONG,0.11727,0.75,1.5,3,0.11639047500000001,0.1185892875,SL,0.11639047500000001,-1.0,0.1464,6.8303914044512695,2.2938517950029826,2026-09-03 00:20:00,SL
0c369233923d1c5ef2b747bb,TREND_VOLUME,ARB_USDT,LONG,0.11727,0.75,1.5,6,0.11639047500000001,0.1185892875,SL,0.11639047500000001,-1.0,0.1464,7.8877803359768,2.2938517950029826,2026-09-03 00:20:00,SL
0c369233923d1c5ef2b747bb,TREND_VOLUME,ARB_USDT,LONG,0.11727,0.75,1.5,12,0.11639047500000001,0.1185892875,SL,0.11639047500000001,-1.0,0.1464,13.089451692675013,2.2938517950029826,2026-09-03 00:20:00,SL
0c369233923d1c5ef2b747bb,TREND_VOLUME,ARB_USDT,LONG,0.11727,0.75,1.5,24,0.11639047500000001,0.1185892875,SL,0.11639047500000001,-1.0,0.1464,20.06480770870641,2.2938517950029826,2026-09-03 00:20:00,SL
0c369233923d1c5ef2b747bb,TREND_VOLUME,ARB_USDT,LONG,0.11727,0.75,2.0,3,0.11639047500000001,0.11902904999999998,SL,0.11639047500000001,-1.0,0.1464,6.8303914044512695,2.2938517950029826,2026-09-03 00:20:00,SL
0c369233923d1c5ef2b747bb,TREND_VOLUME,ARB_USDT,LONG,0.11727,0.75,2.0,6,0.11639047500000001,0.11902904999999998,SL,0.11639047500000001,-1.0,0.1464,7.8877803359768,2.2938517950029826,2026-09-03 00:20:00,SL
0c369233923d1c5ef2b747bb,TREND_VOLUME,ARB_USDT,LONG,0.11727,0.75,2.0,12,0.11639047500000001,0.11902904999999998,SL,0.11639047500000001,-1.0,0.1464,13.089451692675013,2.2938517950029826,2026-09-03 00:20:00,SL
0c369233923d1c5ef2b747bb,TREND_VOLUME,ARB_USDT,LONG,0.11727,0.75,2.0,24,0.11639047500000001,0.11902904999999998,SL,0.11639047500000001,-1.0,0.1464,20.06480770870641,2.2938517950029826,2026-09-03 00:20:00,SL
0c369233923d1c5ef2b747bb,TREND_VOLUME,ARB_USDT,LONG,0.11727,1.0,1.0,3,0.1160973,0.1184427,SL,0.1160973,-1.0,0.2297,6.8303914044512695,2.2938517950029826,2026-09-03 00:25:00,SL
0c369233923d1c5ef2b747bb,TREND_VOLUME,ARB_USDT,LONG,0.11727,1.0,1.0,6,0.1160973,0.1184427,SL,0.1160973,-1.0,0.2297,7.8877803359768,2.2938517950029826,2026-09-03 00:25:00,SL
0c369233923d1c5ef2b747bb,TREND_VOLUME,ARB_USDT,LONG,0.11727,1.0,1.0,12,0.1160973,0.1184427,SL,0.1160973,-1.0,0.2297,13.089451692675013,2.2938517950029826,2026-09-03 00:25:00,SL
0c369233923d1c5ef2b747bb,TREND_VOLUME,ARB_USDT,LONG,0.11727,1.0,1.0,24,0.1160973,0.1184427,SL,0.1160973,-1.0,0.2297,20.06480770870641,2.2938517950029826,2026-09-03 00:25:00,SL
0c369233923d1c5ef2b747bb,TREND_VOLUME,ARB_USDT,LONG,0.11727,1.0,1.5,3,0.1160973,0.11902904999999998,SL,0.1160973,-1.0,0.2297,6.8303914044512695,2.2938517950029826,2026-09-03 00:25:00,SL
0c369233923d1c5ef2b747bb,TREND_VOLUME,ARB_USDT,LONG,0.11727,1.0,1.5,6,0.1160973,0.11902904999999998,SL,0.1160973,-1.0,0.2297,7.8877803359768,2.2938517950029826,2026-09-03 00:25:00,SL
0c369233923d1c5ef2b747bb,TREND_VOLUME,ARB_USDT,LONG,0.11727,1.0,1.5,12,0.1160973,0.11902904999999998,SL,0.1160973,-1.0,0.2297,13.089451692675013,2.2938517950029826,2026-09-03 00:25:00,SL
0c369233923d1c5ef2b747bb,TREND_VOLUME,ARB_USDT,LONG,0.11727,1.0,1.5,24,0.1160973,0.11902904999999998,SL,0.1160973,-1.0,0.2297,20.06480770870641,2.2938517950029826,2026-09-03 00:25:00,SL
0c369233923d1c5ef2b747bb,TREND_VOLUME,ARB_USDT,LONG,0.11727,1.0,2.0,3,0.1160973,0.1196154,SL,0.1160973,-1.0,0.2297,6.8303914044512695,2.2938517950029826,2026-09-03 00:25:00,SL
0c369233923d1c5ef2b747bb,TREND_VOLUME,ARB_USDT,LONG,0.11727,1.0,2.0,6,0.1160973,0.1196154,SL,0.1160973,-1.0,0.2297,7.8877803359768,2.2938517950029826,2026-09-03 00:25:00,SL
0c369233923d1c5ef2b747bb,TREND_VOLUME,ARB_USDT,LONG,0.11727,1.0,2.0,12,0.1160973,0.1196154,SL,0.1160973,-1.0,0.2297,13.089451692675013,2.2938517950029826,2026-09-03 00:25:00,SL
0c369233923d1c5ef2b747bb,TREND_VOLUME,ARB_USDT,LONG,0.11727,1.0,2.0,24,0.1160973,0.1196154,SL,0.1160973,-1.0,0.2297,20.06480770870641,2.2938517950029826,2026-09-03 00:25:00,SL
f11f95d86faac42a864cb1e3,PULLBACK,SKHYNIXSTOCK_USDT,LONG,1191.85,0.25,1.0,3,1188.870375,1194.8296249999999,TP,1194.8296249999999,1.0,0.1464,0.9841842513739161,0.0,2026-09-03 00:20:00,TP
f11f95d86faac42a864cb1e3,PULLBACK,SKHYNIXSTOCK_USDT,LONG,1191.85,0.25,1.0,6,1188.870375,1194.8296249999999,TP,1194.8296249999999,1.0,0.1464,2.2058144900784655,0.0,2026-09-03 00:20:00,TP
f11f95d86faac42a864cb1e3,PULLBACK,SKHYNIXSTOCK_USDT,LONG,1191.85,0.25,1.0,12,1188.870375,1194.8296249999999,TP,1194.8296249999999,1.0,0.1464,2.2058144900784655,0.08138608046312876,2026-09-03 00:20:00,TP
f11f95d86faac42a864cb1e3,PULLBACK,SKHYNIXSTOCK_USDT,LONG,1191.85,0.25,1.0,24,1188.870375,1194.8296249999999,TP,1194.8296249999999,1.0,0.1464,2.2058144900784655,3.647271049209196,2026-09-03 00:20:00,TP
f11f95d86faac42a864cb1e3,PULLBACK,SKHYNIXSTOCK_USDT,LONG,1191.85,0.25,1.5,3,1188.870375,1196.3194374999998,TP,1196.3194374999998,1.5,0.1464,0.9841842513739161,0.0,2026-09-03 00:20:00,TP
f11f95d86faac42a864cb1e3,PULLBACK,SKHYNIXSTOCK_USDT,LONG,1191.85,0.25,1.5,6,1188.870375,1196.3194374999998,TP,1196.3194374999998,1.5,0.1464,2.2058144900784655,0.0,2026-09-03 00:20:00,TP
f11f95d86faac42a864cb1e3,PULLBACK,SKHYNIXSTOCK_USDT,LONG,1191.85,0.25,1.5,12,1188.870375,1196.3194374999998,TP,1196.3194374999998,1.5,0.1464,2.2058144900784655,0.08138608046312876,2026-09-03 00:20:00,TP
f11f95d86faac42a864cb1e3,PULLBACK,SKHYNIXSTOCK_USDT,LONG,1191.85,0.25,1.5,24,1188.870375,1196.3194374999998,TP,1196.3194374999998,1.5,0.1464,2.2058144900784655,3.647271049209196,2026-09-03 00:20:00,TP
f11f95d86faac42a864cb1e3,PULLBACK,SKHYNIXSTOCK_USDT,LONG,1191.85,0.25,2.0,3,1188.870375,1197.8092499999998,TP,1197.8092499999998,2.0,0.3131,0.9841842513739161,0.0,2026-09-03 00:30:00,TP
f11f95d86faac42a864cb1e3,PULLBACK,SKHYNIXSTOCK_USDT,LONG,1191.85,0.25,2.0,6,1188.870375,1197.8092499999998,TP,1197.8092499999998,2.0,0.3131,2.2058144900784655,0.0,2026-09-03 00:30:00,TP
f11f95d86faac42a864cb1e3,PULLBACK,SKHYNIXSTOCK_USDT,LONG,1191.85,0.25,2.0,12,1188.870375,1197.8092499999998,TP,1197.8092499999998,2.0,0.3131,2.2058144900784655,0.08138608046312876,2026-09-03 00:30:00,TP
f11f95d86faac42a864cb1e3,PULLBACK,SKHYNIXSTOCK_USDT,LONG,1191.85,0.25,2.0,24,1188.870375,1197.8092499999998,TP,1197.8092499999998,2.0,0.3131,2.2058144900784655,3.647271049209196,2026-09-03 00:30:00,TP
f11f95d86faac42a864cb1e3,PULLBACK,SKHYNIXSTOCK_USDT,LONG,1191.85,0.35,1.0,3,1187.678525,1196.021475,TP,1196.021475,1.0,0.1464,0.9841842513739161,0.0,2026-09-03 00:20:00,TP
f11f95d86faac42a864cb1e3,PULLBACK,SKHYNIXSTOCK_USDT,LONG,1191.85,0.35,1.0,6,1187.678525,1196.021475,TP,1196.021475,1.0,0.1464,2.2058144900784655,0.0,2026-09-03 00:20:00,TP
f11f95d86faac42a864cb1e3,PULLBACK,SKHYNIXSTOCK_USDT,LONG,1191.85,0.35,1.0,12,1187.678525,1196.021475,TP,1196.021475,1.0,0.1464,2.2058144900784655,0.08138608046312876,2026-09-03 00:20:00,TP
f11f95d86faac42a864cb1e3,PULLBACK,SKHYNIXSTOCK_USDT,LONG,1191.85,0.35,1.0,24,1187.678525,1196.021475,TP,1196.021475,1.0,0.1464,2.2058144900784655,3.647271049209196,2026-09-03 00:20:00,TP
f11f95d86faac42a864cb1e3,PULLBACK,SKHYNIXSTOCK_USDT,LONG,1191.85,0.35,1.5,3,1187.678525,1198.1072124999998,TP,1198.1072124999998,1.5,0.3131,0.9841842513739161,0.0,2026-09-03 00:30:00,TP
f11f95d86faac42a864cb1e3,PULLBACK,SKHYNIXSTOCK_USDT,LONG,1191.85,0.35,1.5,6,1187.678525,1198.1072124999998,TP,1198.1072124999998,1.5,0.3131,2.2058144900784655,0.0,2026-09-03 00:30:00,TP
f11f95d86faac42a864cb1e3,PULLBACK,SKHYNIXSTOCK_USDT,LONG,1191.85,0.35,1.5,12,1187.678525,1198.1072124999998,TP,1198.1072124999998,1.5,0.3131,2.2058144900784655,0.08138608046312876,2026-09-03 00:30:00,TP
f11f95d86faac42a864cb1e3,PULLBACK,SKHYNIXSTOCK_USDT,LONG,1191.85,0.35,1.5,24,1187.678525,1198.1072124999998,TP,1198.1072124999998,1.5,0.3131,2.2058144900784655,3.647271049209196,2026-09-03 00:30:00,TP
f11f95d86faac42a864cb1e3,PULLBACK,SKHYNIXSTOCK_USDT,LONG,1191.85,0.35,2.0,3,1187.678525,1200.1929499999999,TP,1200.1929499999999,2.0,0.8131,0.9841842513739161,0.0,2026-09-03 01:00:00,TP
f11f95d86faac42a864cb1e3,PULLBACK,SKHYNIXSTOCK_USDT,LONG,1191.85,0.35,2.0,6,1187.678525,1200.1929499999999,TP,1200.1929499999999,2.0,0.8131,2.2058144900784655,0.0,2026-09-03 01:00:00,TP
f11f95d86faac42a864cb1e3,PULLBACK,SKHYNIXSTOCK_USDT,LONG,1191.85,0.35,2.0,12,1187.678525,1200.1929499999999,TP,1200.1929499999999,2.0,0.8131,2.2058144900784655,0.08138608046312876,2026-09-03 01:00:00,TP
f11f95d86faac42a864cb1e3,PULLBACK,SKHYNIXSTOCK_USDT,LONG,1191.85,0.35,2.0,24,1187.678525,1200.1929499999999,TP,1200.1929499999999,2.0,0.8131,2.2058144900784655,3.647271049209196,2026-09-03 01:00:00,TP
f11f95d86faac42a864cb1e3,PULLBACK,SKHYNIXSTOCK_USDT,LONG,1191.85,0.5,1.0,3,1185.8907499999998,1197.8092499999998,TP,1197.8092499999998,1.0,0.3131,0.9841842513739161,0.0,2026-09-03 00:30:00,TP
f11f95d86faac42a864cb1e3,PULLBACK,SKHYNIXSTOCK_USDT,LONG,1191.85,0.5,1.0,6,1185.8907499999998,1197.8092499999998,TP,1197.8092499999998,1.0,0.3131,2.2058144900784655,0.0,2026-09-03 00:30:00,TP
f11f95d86faac42a864cb1e3,PULLBACK,SKHYNIXSTOCK_USDT,LONG,1191.85,0.5,1.0,12,1185.8907499999998,1197.8092499999998,TP,1197.8092499999998,1.0,0.3131,2.2058144900784655,0.08138608046312876,2026-09-03 00:30:00,TP
f11f95d86faac42a864cb1e3,PULLBACK,SKHYNIXSTOCK_USDT,LONG,1191.85,0.5,1.0,24,1185.8907499999998,1197.8092499999998,TP,1197.8092499999998,1.0,0.3131,2.2058144900784655,3.647271049209196,2026-09-03 00:30:00,TP
f11f95d86faac42a864cb1e3,PULLBACK,SKHYNIXSTOCK_USDT,LONG,1191.85,0.5,1.5,3,1185.8907499999998,1200.788875,TP,1200.788875,1.5,0.8131,0.9841842513739161,0.0,2026-09-03 01:00:00,TP
f11f95d86faac42a864cb1e3,PULLBACK,SKHYNIXSTOCK_USDT,LONG,1191.85,0.5,1.5,6,1185.8907499999998,1200.788875,TP,1200.788875,1.5,0.8131,2.2058144900784655,0.0,2026-09-03 01:00:00,TP
f11f95d86faac42a864cb1e3,PULLBACK,SKHYNIXSTOCK_USDT,LONG,1191.85,0.5,1.5,12,1185.8907499999998,1200.788875,TP,1200.788875,1.5,0.8131,2.2058144900784655,0.08138608046312876,2026-09-03 01:00:00,TP
f11f95d86faac42a864cb1e3,PULLBACK,SKHYNIXSTOCK_USDT,LONG,1191.85,0.5,1.5,24,1185.8907499999998,1200.788875,TP,1200.788875,1.5,0.8131,2.2058144900784655,3.647271049209196,2026-09-03 01:00:00,TP
f11f95d86faac42a864cb1e3,PULLBACK,SKHYNIXSTOCK_USDT,LONG,1191.85,0.5,2.0,3,1185.8907499999998,1203.7685,TIME_EXIT,1202.22,1.74015186,3.0631,0.9841842513739161,0.0,2026-09-03 03:15:00,3h時間切れ
f11f95d86faac42a864cb1e3,PULLBACK,SKHYNIXSTOCK_USDT,LONG,1191.85,0.5,2.0,6,1185.8907499999998,1203.7685,TP,1203.7685,2.0,3.1464,2.2058144900784655,0.0,2026-09-03 03:20:00,TP
f11f95d86faac42a864cb1e3,PULLBACK,SKHYNIXSTOCK_USDT,LONG,1191.85,0.5,2.0,12,1185.8907499999998,1203.7685,TP,1203.7685,2.0,3.1464,2.2058144900784655,0.08138608046312876,2026-09-03 03:20:00,TP
f11f95d86faac42a864cb1e3,PULLBACK,SKHYNIXSTOCK_USDT,LONG,1191.85,0.5,2.0,24,1185.8907499999998,1203.7685,TP,1203.7685,2.0,3.1464,2.2058144900784655,3.647271049209196,2026-09-03 03:20:00,TP
f11f95d86faac42a864cb1e3,PULLBACK,SKHYNIXSTOCK_USDT,LONG,1191.85,0.75,1.0,3,1182.9111249999999,1200.788875,TP,1200.788875,1.0,0.8131,0.9841842513739161,0.0,2026-09-03 01:00:00,TP
f11f95d86faac42a864cb1e3,PULLBACK,SKHYNIXSTOCK_USDT,LONG,1191.85,0.75,1.0,6,1182.9111249999999,1200.788875,TP,1200.788875,1.0,0.8131,2.2058144900784655,0.0,2026-09-03 01:00:00,TP
f11f95d86faac42a864cb1e3,PULLBACK,SKHYNIXSTOCK_USDT,LONG,1191.85,0.75,1.0,12,1182.9111249999999,1200.788875,TP,1200.788875,1.0,0.8131,2.2058144900784655,0.08138608046312876,2026-09-03 01:00:00,TP
f11f95d86faac42a864cb1e3,PULLBACK,SKHYNIXSTOCK_USDT,LONG,1191.85,0.75,1.0,24,1182.9111249999999,1200.788875,TP,1200.788875,1.0,0.8131,2.2058144900784655,3.647271049209196,2026-09-03 01:00:00,TP
f11f95d86faac42a864cb1e3,PULLBACK,SKHYNIXSTOCK_USDT,LONG,1191.85,0.75,1.5,3,1182.9111249999999,1205.2583124999999,TIME_EXIT,1202.22,1.16010124,3.0631,0.9841842513739161,0.0,2026-09-03 03:15:00,3h時間切れ
f11f95d86faac42a864cb1e3,PULLBACK,SKHYNIXSTOCK_USDT,LONG,1191.85,0.75,1.5,6,1182.9111249999999,1205.2583124999999,TP,1205.2583124999999,1.5,3.1464,2.2058144900784655,0.0,2026-09-03 03:20:00,TP
f11f95d86faac42a864cb1e3,PULLBACK,SKHYNIXSTOCK_USDT,LONG,1191.85,0.75,1.5,12,1182.9111249999999,1205.2583124999999,TP,1205.2583124999999,1.5,3.1464,2.2058144900784655,0.08138608046312876,2026-09-03 03:20:00,TP
f11f95d86faac42a864cb1e3,PULLBACK,SKHYNIXSTOCK_USDT,LONG,1191.85,0.75,1.5,24,1182.9111249999999,1205.2583124999999,TP,1205.2583124999999,1.5,3.1464,2.2058144900784655,3.647271049209196,2026-09-03 03:20:00,TP
f11f95d86faac42a864cb1e3,PULLBACK,SKHYNIXSTOCK_USDT,LONG,1191.85,0.75,2.0,3,1182.9111249999999,1209.7277499999998,TIME_EXIT,1202.22,1.16010124,3.0631,0.9841842513739161,0.0,2026-09-03 03:15:00,3h時間切れ
f11f95d86faac42a864cb1e3,PULLBACK,SKHYNIXSTOCK_USDT,LONG,1191.85,0.75,2.0,6,1182.9111249999999,1209.7277499999998,TP,1209.7277499999998,2.0,3.3964,2.2058144900784655,0.0,2026-09-03 03:35:00,TP
f11f95d86faac42a864cb1e3,PULLBACK,SKHYNIXSTOCK_USDT,LONG,1191.85,0.75,2.0,12,1182.9111249999999,1209.7277499999998,TP,1209.7277499999998,2.0,3.3964,2.2058144900784655,0.08138608046312876,2026-09-03 03:35:00,TP
f11f95d86faac42a864cb1e3,PULLBACK,SKHYNIXSTOCK_USDT,LONG,1191.85,0.75,2.0,24,1182.9111249999999,1209.7277499999998,TP,1209.7277499999998,2.0,3.3964,2.2058144900784655,3.647271049209196,2026-09-03 03:35:00,TP
f11f95d86faac42a864cb1e3,PULLBACK,SKHYNIXSTOCK_USDT,LONG,1191.85,1.0,1.0,3,1179.9315,1203.7685,TIME_EXIT,1202.22,0.87007593,3.0631,0.9841842513739161,0.0,2026-09-03 03:15:00,3h時間切れ
f11f95d86faac42a864cb1e3,PULLBACK,SKHYNIXSTOCK_USDT,LONG,1191.85,1.0,1.0,6,1179.9315,1203.7685,TP,1203.7685,1.0,3.1464,2.2058144900784655,0.0,2026-09-03 03:20:00,TP
f11f95d86faac42a864cb1e3,PULLBACK,SKHYNIXSTOCK_USDT,LONG,1191.85,1.0,1.0,12,1179.9315,1203.7685,TP,1203.7685,1.0,3.1464,2.2058144900784655,0.08138608046312876,2026-09-03 03:20:00,TP
f11f95d86faac42a864cb1e3,PULLBACK,SKHYNIXSTOCK_USDT,LONG,1191.85,1.0,1.0,24,1179.9315,1203.7685,TP,1203.7685,1.0,3.1464,2.2058144900784655,3.647271049209196,2026-09-03 03:20:00,TP
f11f95d86faac42a864cb1e3,PULLBACK,SKHYNIXSTOCK_USDT,LONG,1191.85,1.0,1.5,3,1179.9315,1209.7277499999998,TIME_EXIT,1202.22,0.87007593,3.0631,0.9841842513739161,0.0,2026-09-03 03:15:00,3h時間切れ
f11f95d86faac42a864cb1e3,PULLBACK,SKHYNIXSTOCK_USDT,LONG,1191.85,1.0,1.5,6,1179.9315,1209.7277499999998,TP,1209.7277499999998,1.5,3.3964,2.2058144900784655,0.0,2026-09-03 03:35:00,TP
f11f95d86faac42a864cb1e3,PULLBACK,SKHYNIXSTOCK_USDT,LONG,1191.85,1.0,1.5,12,1179.9315,1209.7277499999998,TP,1209.7277499999998,1.5,3.3964,2.2058144900784655,0.08138608046312876,2026-09-03 03:35:00,TP
f11f95d86faac42a864cb1e3,PULLBACK,SKHYNIXSTOCK_USDT,LONG,1191.85,1.0,1.5,24,1179.9315,1209.7277499999998,TP,1209.7277499999998,1.5,3.3964,2.2058144900784655,3.647271049209196,2026-09-03 03:35:00,TP
f11f95d86faac42a864cb1e3,PULLBACK,SKHYNIXSTOCK_USDT,LONG,1191.85,1.0,2.0,3,1179.9315,1215.687,TIME_EXIT,1202.22,0.87007593,3.0631,0.9841842513739161,0.0,2026-09-03 03:15:00,3h時間切れ
f11f95d86faac42a864cb1e3,PULLBACK,SKHYNIXSTOCK_USDT,LONG,1191.85,1.0,2.0,6,1179.9315,1215.687,TP,1215.687,2.0,3.3964,2.2058144900784655,0.0,2026-09-03 03:35:00,TP
f11f95d86faac42a864cb1e3,PULLBACK,SKHYNIXSTOCK_USDT,LONG,1191.85,1.0,2.0,12,1179.9315,1215.687,TP,1215.687,2.0,3.3964,2.2058144900784655,0.08138608046312876,2026-09-03 03:35:00,TP
f11f95d86faac42a864cb1e3,PULLBACK,SKHYNIXSTOCK_USDT,LONG,1191.85,1.0,2.0,24,1179.9315,1215.687,TP,1215.687,2.0,3.3964,2.2058144900784655,3.647271049209196,2026-09-03 03:35:00,TP
9b987528bc9bd7a9b37c1965,PULLBACK,MUSTOCK_USDT,LONG,943.47,0.25,1.0,3,941.1113250000001,945.828675,SL,941.1113250000001,-1.0,0.2297,0.7525411512819722,0.32115488568793626,2026-09-03 00:25:00,SL
9b987528bc9bd7a9b37c1965,PULLBACK,MUSTOCK_USDT,LONG,943.47,0.25,1.0,6,941.1113250000001,945.828675,SL,941.1113250000001,-1.0,0.2297,1.6100140968976162,0.32115488568793626,2026-09-03 00:25:00,SL
9b987528bc9bd7a9b37c1965,PULLBACK,MUSTOCK_USDT,LONG,943.47,0.25,1.0,12,941.1113250000001,945.828675,SL,941.1113250000001,-1.0,0.2297,1.6100140968976162,0.32115488568793626,2026-09-03 00:25:00,SL
9b987528bc9bd7a9b37c1965,PULLBACK,MUSTOCK_USDT,LONG,943.47,0.25,1.0,24,941.1113250000001,945.828675,SL,941.1113250000001,-1.0,0.2297,1.8537950332284023,2.381633756240265,2026-09-03 00:25:00,SL
9b987528bc9bd7a9b37c1965,PULLBACK,MUSTOCK_USDT,LONG,943.47,0.25,1.5,3,941.1113250000001,947.0080125,SL,941.1113250000001,-1.0,0.2297,0.7525411512819722,0.32115488568793626,2026-09-03 00:25:00,SL
9b987528bc9bd7a9b37c1965,PULLBACK,MUSTOCK_USDT,LONG,943.47,0.25,1.5,6,941.1113250000001,947.0080125,SL,941.1113250000001,-1.0,0.2297,1.6100140968976162,0.32115488568793626,2026-09-03 00:25:00,SL
9b987528bc9bd7a9b37c1965,PULLBACK,MUSTOCK_USDT,LONG,943.47,0.25,1.5,12,941.1113250000001,947.0080125,SL,941.1113250000001,-1.0,0.2297,1.6100140968976162,0.32115488568793626,2026-09-03 00:25:00,SL
9b987528bc9bd7a9b37c1965,PULLBACK,MUSTOCK_USDT,LONG,943.47,0.25,1.5,24,941.1113250000001,947.0080125,SL,941.1113250000001,-1.0,0.2297,1.8537950332284023,2.381633756240265,2026-09-03 00:25:00,SL
9b987528bc9bd7a9b37c1965,PULLBACK,MUSTOCK_USDT,LONG,943.47,0.25,2.0,3,941.1113250000001,948.1873499999999,SL,941.1113250000001,-1.0,0.2297,0.7525411512819722,0.32115488568793626,2026-09-03 00:25:00,SL
9b987528bc9bd7a9b37c1965,PULLBACK,MUSTOCK_USDT,LONG,943.47,0.25,2.0,6,941.1113250000001,948.1873499999999,SL,941.1113250000001,-1.0,0.2297,1.6100140968976162,0.32115488568793626,2026-09-03 00:25:00,SL
9b987528bc9bd7a9b37c1965,PULLBACK,MUSTOCK_USDT,LONG,943.47,0.25,2.0,12,941.1113250000001,948.1873499999999,SL,941.1113250000001,-1.0,0.2297,1.6100140968976162,0.32115488568793626,2026-09-03 00:25:00,SL
9b987528bc9bd7a9b37c1965,PULLBACK,MUSTOCK_USDT,LONG,943.47,0.25,2.0,24,941.1113250000001,948.1873499999999,SL,941.1113250000001,-1.0,0.2297,1.8537950332284023,2.381633756240265,2026-09-03 00:25:00,SL
9b987528bc9bd7a9b37c1965,PULLBACK,MUSTOCK_USDT,LONG,943.47,0.35,1.0,3,940.167855,946.7721450000001,TP,946.7721450000001,1.0,0.8131,0.7525411512819722,0.32115488568793626,2026-09-03 01:00:00,TP
9b987528bc9bd7a9b37c1965,PULLBACK,MUSTOCK_USDT,LONG,943.47,0.35,1.0,6,940.167855,946.7721450000001,TP,946.7721450000001,1.0,0.8131,1.6100140968976162,0.32115488568793626,2026-09-03 01:00:00,TP
9b987528bc9bd7a9b37c1965,PULLBACK,MUSTOCK_USDT,LONG,943.47,0.35,1.0,12,940.167855,946.7721450000001,TP,946.7721450000001,1.0,0.8131,1.6100140968976162,0.32115488568793626,2026-09-03 01:00:00,TP
9b987528bc9bd7a9b37c1965,PULLBACK,MUSTOCK_USDT,LONG,943.47,0.35,1.0,24,940.167855,946.7721450000001,TP,946.7721450000001,1.0,0.8131,1.8537950332284023,2.381633756240265,2026-09-03 01:00:00,TP
9b987528bc9bd7a9b37c1965,PULLBACK,MUSTOCK_USDT,LONG,943.47,0.35,1.5,3,940.167855,948.4232175,TP,948.4232175,1.5,0.9797,0.7525411512819722,0.32115488568793626,2026-09-03 01:10:00,TP
9b987528bc9bd7a9b37c1965,PULLBACK,MUSTOCK_USDT,LONG,943.47,0.35,1.5,6,940.167855,948.4232175,TP,948.4232175,1.5,0.9797,1.6100140968976162,0.32115488568793626,2026-09-03 01:10:00,TP
9b987528bc9bd7a9b37c1965,PULLBACK,MUSTOCK_USDT,LONG,943.47,0.35,1.5,12,940.167855,948.4232175,TP,948.4232175,1.5,0.9797,1.6100140968976162,0.32115488568793626,2026-09-03 01:10:00,TP
9b987528bc9bd7a9b37c1965,PULLBACK,MUSTOCK_USDT,LONG,943.47,0.35,1.5,24,940.167855,948.4232175,TP,948.4232175,1.5,0.9797,1.8537950332284023,2.381633756240265,2026-09-03 01:10:00,TP
9b987528bc9bd7a9b37c1965,PULLBACK,MUSTOCK_USDT,LONG,943.47,0.35,2.0,3,940.167855,950.0742899999999,TP,950.0742899999999,2.0,2.6464,0.7525411512819722,0.32115488568793626,2026-09-03 02:50:00,TP
9b987528bc9bd7a9b37c1965,PULLBACK,MUSTOCK_USDT,LONG,943.47,0.35,2.0,6,940.167855,950.0742899999999,TP,950.0742899999999,2.0,2.6464,1.6100140968976162,0.32115488568793626,2026-09-03 02:50:00,TP
9b987528bc9bd7a9b37c1965,PULLBACK,MUSTOCK_USDT,LONG,943.47,0.35,2.0,12,940.167855,950.0742899999999,TP,950.0742899999999,2.0,2.6464,1.6100140968976162,0.32115488568793626,2026-09-03 02:50:00,TP
9b987528bc9bd7a9b37c1965,PULLBACK,MUSTOCK_USDT,LONG,943.47,0.35,2.0,24,940.167855,950.0742899999999,TP,950.0742899999999,2.0,2.6464,1.8537950332284023,2.381633756240265,2026-09-03 02:50:00,TP
9b987528bc9bd7a9b37c1965,PULLBACK,MUSTOCK_USDT,LONG,943.47,0.5,1.0,3,938.75265,948.1873499999999,TP,948.1873499999999,1.0,0.9797,0.7525411512819722,0.32115488568793626,2026-09-03 01:10:00,TP
9b987528bc9bd7a9b37c1965,PULLBACK,MUSTOCK_USDT,LONG,943.47,0.5,1.0,6,938.75265,948.1873499999999,TP,948.1873499999999,1.0,0.9797,1.6100140968976162,0.32115488568793626,2026-09-03 01:10:00,TP
9b987528bc9bd7a9b37c1965,PULLBACK,MUSTOCK_USDT,LONG,943.47,0.5,1.0,12,938.75265,948.1873499999999,TP,948.1873499999999,1.0,0.9797,1.6100140968976162,0.32115488568793626,2026-09-03 01:10:00,TP
9b987528bc9bd7a9b37c1965,PULLBACK,MUSTOCK_USDT,LONG,943.47,0.5,1.0,24,938.75265,948.1873499999999,TP,948.1873499999999,1.0,0.9797,1.8537950332284023,2.381633756240265,2026-09-03 01:10:00,TP
9b987528bc9bd7a9b37c1965,PULLBACK,MUSTOCK_USDT,LONG,943.47,0.5,1.5,3,938.75265,950.5460250000001,TP,950.5460250000001,1.5,2.6464,0.7525411512819722,0.32115488568793626,2026-09-03 02:50:00,TP
9b987528bc9bd7a9b37c1965,PULLBACK,MUSTOCK_USDT,LONG,943.47,0.5,1.5,6,938.75265,950.5460250000001,TP,950.5460250000001,1.5,2.6464,1.6100140968976162,0.32115488568793626,2026-09-03 02:50:00,TP
9b987528bc9bd7a9b37c1965,PULLBACK,MUSTOCK_USDT,LONG,943.47,0.5,1.5,12,938.75265,950.5460250000001,TP,950.5460250000001,1.5,2.6464,1.6100140968976162,0.32115488568793626,2026-09-03 02:50:00,TP
9b987528bc9bd7a9b37c1965,PULLBACK,MUSTOCK_USDT,LONG,943.47,0.5,1.5,24,938.75265,950.5460250000001,TP,950.5460250000001,1.5,2.6464,1.8537950332284023,2.381633756240265,2026-09-03 02:50:00,TP
9b987528bc9bd7a9b37c1965,PULLBACK,MUSTOCK_USDT,LONG,943.47,0.5,2.0,3,938.75265,952.9047,TIME_EXIT,944.96,0.3158553,3.0631,0.7525411512819722,0.32115488568793626,2026-09-03 03:15:00,3h時間切れ
9b987528bc9bd7a9b37c1965,PULLBACK,MUSTOCK_USDT,LONG,943.47,0.5,2.0,6,938.75265,952.9047,TP,952.9047,2.0,3.6464,1.6100140968976162,0.32115488568793626,2026-09-03 03:50:00,TP
9b987528bc9bd7a9b37c1965,PULLBACK,MUSTOCK_USDT,LONG,943.47,0.5,2.0,12,938.75265,952.9047,TP,952.9047,2.0,3.6464,1.6100140968976162,0.32115488568793626,2026-09-03 03:50:00,TP
9b987528bc9bd7a9b37c1965,PULLBACK,MUSTOCK_USDT,LONG,943.47,0.5,2.0,24,938.75265,952.9047,TP,952.9047,2.0,3.6464,1.8537950332284023,2.381633756240265,2026-09-03 03:50:00,TP
9b987528bc9bd7a9b37c1965,PULLBACK,MUSTOCK_USDT,LONG,943.47,0.75,1.0,3,936.3939750000001,950.5460250000001,TP,950.5460250000001,1.0,2.6464,0.7525411512819722,0.32115488568793626,2026-09-03 02:50:00,TP
9b987528bc9bd7a9b37c1965,PULLBACK,MUSTOCK_USDT,LONG,943.47,0.75,1.0,6,936.3939750000001,950.5460250000001,TP,950.5460250000001,1.0,2.6464,1.6100140968976162,0.32115488568793626,2026-09-03 02:50:00,TP
9b987528bc9bd7a9b37c1965,PULLBACK,MUSTOCK_USDT,LONG,943.47,0.75,1.0,12,936.3939750000001,950.5460250000001,TP,950.5460250000001,1.0,2.6464,1.6100140968976162,0.32115488568793626,2026-09-03 02:50:00,TP
9b987528bc9bd7a9b37c1965,PULLBACK,MUSTOCK_USDT,LONG,943.47,0.75,1.0,24,936.3939750000001,950.5460250000001,TP,950.5460250000001,1.0,2.6464,1.8537950332284023,2.381633756240265,2026-09-03 02:50:00,TP
9b987528bc9bd7a9b37c1965,PULLBACK,MUSTOCK_USDT,LONG,943.47,0.75,1.5,3,936.3939750000001,954.0840375,TIME_EXIT,944.96,0.2105702,3.0631,0.7525411512819722,0.32115488568793626,2026-09-03 03:15:00,3h時間切れ
9b987528bc9bd7a9b37c1965,PULLBACK,MUSTOCK_USDT,LONG,943.47,0.75,1.5,6,936.3939750000001,954.0840375,TP,954.0840375,1.5,3.6464,1.6100140968976162,0.32115488568793626,2026-09-03 03:50:00,TP
9b987528bc9bd7a9b37c1965,PULLBACK,MUSTOCK_USDT,LONG,943.47,0.75,1.5,12,936.3939750000001,954.0840375,TP,954.0840375,1.5,3.6464,1.6100140968976162,0.32115488568793626,2026-09-03 03:50:00,TP
9b987528bc9bd7a9b37c1965,PULLBACK,MUSTOCK_USDT,LONG,943.47,0.75,1.5,24,936.3939750000001,954.0840375,TP,954.0840375,1.5,3.6464,1.8537950332284023,2.381633756240265,2026-09-03 03:50:00,TP
9b987528bc9bd7a9b37c1965,PULLBACK,MUSTOCK_USDT,LONG,943.47,0.75,2.0,3,936.3939750000001,957.62205,TIME_EXIT,944.96,0.2105702,3.0631,0.7525411512819722,0.32115488568793626,2026-09-03 03:15:00,3h時間切れ
9b987528bc9bd7a9b37c1965,PULLBACK,MUSTOCK_USDT,LONG,943.47,0.75,2.0,6,936.3939750000001,957.62205,TP,957.62205,2.0,4.7297,1.6100140968976162,0.32115488568793626,2026-09-03 04:55:00,TP
9b987528bc9bd7a9b37c1965,PULLBACK,MUSTOCK_USDT,LONG,943.47,0.75,2.0,12,936.3939750000001,957.62205,TP,957.62205,2.0,4.7297,1.6100140968976162,0.32115488568793626,2026-09-03 04:55:00,TP
9b987528bc9bd7a9b37c1965,PULLBACK,MUSTOCK_USDT,LONG,943.47,0.75,2.0,24,936.3939750000001,957.62205,TP,957.62205,2.0,4.7297,1.8537950332284023,2.381633756240265,2026-09-03 04:55:00,TP
9b987528bc9bd7a9b37c1965,PULLBACK,MUSTOCK_USDT,LONG,943.47,1.0,1.0,3,934.0353,952.9047,TIME_EXIT,944.96,0.15792765,3.0631,0.7525411512819722,0.32115488568793626,2026-09-03 03:15:00,3h時間切れ
9b987528bc9bd7a9b37c1965,PULLBACK,MUSTOCK_USDT,LONG,943.47,1.0,1.0,6,934.0353,952.9047,TP,952.9047,1.0,3.6464,1.6100140968976162,0.32115488568793626,2026-09-03 03:50:00,TP
9b987528bc9bd7a9b37c1965,PULLBACK,MUSTOCK_USDT,LONG,943.47,1.0,1.0,12,934.0353,952.9047,TP,952.9047,1.0,3.6464,1.6100140968976162,0.32115488568793626,2026-09-03 03:50:00,TP
9b987528bc9bd7a9b37c1965,PULLBACK,MUSTOCK_USDT,LONG,943.47,1.0,1.0,24,934.0353,952.9047,TP,952.9047,1.0,3.6464,1.8537950332284023,2.381633756240265,2026-09-03 03:50:00,TP
9b987528bc9bd7a9b37c1965,PULLBACK,MUSTOCK_USDT,LONG,943.47,1.0,1.5,3,934.0353,957.62205,TIME_EXIT,944.96,0.15792765,3.0631,0.7525411512819722,0.32115488568793626,2026-09-03 03:15:00,3h時間切れ
9b987528bc9bd7a9b37c1965,PULLBACK,MUSTOCK_USDT,LONG,943.47,1.0,1.5,6,934.0353,957.62205,TP,957.62205,1.5,4.7297,1.6100140968976162,0.32115488568793626,2026-09-03 04:55:00,TP
9b987528bc9bd7a9b37c1965,PULLBACK,MUSTOCK_USDT,LONG,943.47,1.0,1.5,12,934.0353,957.62205,TP,957.62205,1.5,4.7297,1.6100140968976162,0.32115488568793626,2026-09-03 04:55:00,TP
9b987528bc9bd7a9b37c1965,PULLBACK,MUSTOCK_USDT,LONG,943.47,1.0,1.5,24,934.0353,957.62205,TP,957.62205,1.5,4.7297,1.8537950332284023,2.381633756240265,2026-09-03 04:55:00,TP
9b987528bc9bd7a9b37c1965,PULLBACK,MUSTOCK_USDT,LONG,943.47,1.0,2.0,3,934.0353,962.3394000000001,TIME_EXIT,944.96,0.15792765,3.0631,0.7525411512819722,0.32115488568793626,2026-09-03 03:15:00,3h時間切れ
9b987528bc9bd7a9b37c1965,PULLBACK,MUSTOCK_USDT,LONG,943.47,1.0,2.0,6,934.0353,962.3394000000001,TIME_EXIT,950.85,0.78221883,6.0631,1.6100140968976162,0.32115488568793626,2026-09-03 06:15:00,6h時間切れ
9b987528bc9bd7a9b37c1965,PULLBACK,MUSTOCK_USDT,LONG,943.47,1.0,2.0,12,934.0353,962.3394000000001,TIME_EXIT,956.51,1.38213192,12.0631,1.6100140968976162,0.32115488568793626,2026-09-03 12:15:00,12h時間切れ
9b987528bc9bd7a9b37c1965,PULLBACK,MUSTOCK_USDT,LONG,943.47,1.0,2.0,24,934.0353,962.3394000000001,SL,934.0353,-1.0,22.3964,1.8537950332284023,2.381633756240265,2026-09-03 22:35:00,SL
91e0cc10d73293e84c078714,OI_FUNDING,ARB_USDT,LONG,0.11727,0.25,1.0,3,0.116976825,0.11756317499999999,SL,0.116976825,-1.0,0.1464,6.8303914044512695,2.2938517950029826,2026-09-03 00:20:00,SL
91e0cc10d73293e84c078714,OI_FUNDING,ARB_USDT,LONG,0.11727,0.25,1.0,6,0.116976825,0.11756317499999999,SL,0.116976825,-1.0,0.1464,7.8877803359768,2.2938517950029826,2026-09-03 00:20:00,SL
91e0cc10d73293e84c078714,OI_FUNDING,ARB_USDT,LONG,0.11727,0.25,1.0,12,0.116976825,0.11756317499999999,SL,0.116976825,-1.0,0.1464,13.089451692675013,2.2938517950029826,2026-09-03 00:20:00,SL
91e0cc10d73293e84c078714,OI_FUNDING,ARB_USDT,LONG,0.11727,0.25,1.0,24,0.116976825,0.11756317499999999,SL,0.116976825,-1.0,0.1464,20.06480770870641,2.2938517950029826,2026-09-03 00:20:00,SL
91e0cc10d73293e84c078714,OI_FUNDING,ARB_USDT,LONG,0.11727,0.25,1.5,3,0.116976825,0.1177097625,SL,0.116976825,-1.0,0.1464,6.8303914044512695,2.2938517950029826,2026-09-03 00:20:00,SL
91e0cc10d73293e84c078714,OI_FUNDING,ARB_USDT,LONG,0.11727,0.25,1.5,6,0.116976825,0.1177097625,SL,0.116976825,-1.0,0.1464,7.8877803359768,2.2938517950029826,2026-09-03 00:20:00,SL
91e0cc10d73293e84c078714,OI_FUNDING,ARB_USDT,LONG,0.11727,0.25,1.5,12,0.116976825,0.1177097625,SL,0.116976825,-1.0,0.1464,13.089451692675013,2.2938517950029826,2026-09-03 00:20:00,SL
91e0cc10d73293e84c078714,OI_FUNDING,ARB_USDT,LONG,0.11727,0.25,1.5,24,0.116976825,0.1177097625,SL,0.116976825,-1.0,0.1464,20.06480770870641,2.2938517950029826,2026-09-03 00:20:00,SL
91e0cc10d73293e84c078714,OI_FUNDING,ARB_USDT,LONG,0.11727,0.25,2.0,3,0.116976825,0.11785634999999998,SL,0.116976825,-1.0,0.1464,6.8303914044512695,2.2938517950029826,2026-09-03 00:20:00,SL
91e0cc10d73293e84c078714,OI_FUNDING,ARB_USDT,LONG,0.11727,0.25,2.0,6,0.116976825,0.11785634999999998,SL,0.116976825,-1.0,0.1464,7.8877803359768,2.2938517950029826,2026-09-03 00:20:00,SL
91e0cc10d73293e84c078714,OI_FUNDING,ARB_USDT,LONG,0.11727,0.25,2.0,12,0.116976825,0.11785634999999998,SL,0.116976825,-1.0,0.1464,13.089451692675013,2.2938517950029826,2026-09-03 00:20:00,SL
91e0cc10d73293e84c078714,OI_FUNDING,ARB_USDT,LONG,0.11727,0.25,2.0,24,0.116976825,0.11785634999999998,SL,0.116976825,-1.0,0.1464,20.06480770870641,2.2938517950029826,2026-09-03 00:20:00,SL
91e0cc10d73293e84c078714,OI_FUNDING,ARB_USDT,LONG,0.11727,0.35,1.0,3,0.116859555,0.11768044500000001,SL,0.116859555,-1.0,0.1464,6.8303914044512695,2.2938517950029826,2026-09-03 00:20:00,SL
91e0cc10d73293e84c078714,OI_FUNDING,ARB_USDT,LONG,0.11727,0.35,1.0,6,0.116859555,0.11768044500000001,SL,0.116859555,-1.0,0.1464,7.8877803359768,2.2938517950029826,2026-09-03 00:20:00,SL
91e0cc10d73293e84c078714,OI_FUNDING,ARB_USDT,LONG,0.11727,0.35,1.0,12,0.116859555,0.11768044500000001,SL,0.116859555,-1.0,0.1464,13.089451692675013,2.2938517950029826,2026-09-03 00:20:00,SL
91e0cc10d73293e84c078714,OI_FUNDING,ARB_USDT,LONG,0.11727,0.35,1.0,24,0.116859555,0.11768044500000001,SL,0.116859555,-1.0,0.1464,20.06480770870641,2.2938517950029826,2026-09-03 00:20:00,SL
91e0cc10d73293e84c078714,OI_FUNDING,ARB_USDT,LONG,0.11727,0.35,1.5,3,0.116859555,0.1178856675,SL,0.116859555,-1.0,0.1464,6.8303914044512695,2.2938517950029826,2026-09-03 00:20:00,SL
91e0cc10d73293e84c078714,OI_FUNDING,ARB_USDT,LONG,0.11727,0.35,1.5,6,0.116859555,0.1178856675,SL,0.116859555,-1.0,0.1464,7.8877803359768,2.2938517950029826,2026-09-03 00:20:00,SL
91e0cc10d73293e84c078714,OI_FUNDING,ARB_USDT,LONG,0.11727,0.35,1.5,12,0.116859555,0.1178856675,SL,0.116859555,-1.0,0.1464,13.089451692675013,2.2938517950029826,2026-09-03 00:20:00,SL
91e0cc10d73293e84c078714,OI_FUNDING,ARB_USDT,LONG,0.11727,0.35,1.5,24,0.116859555,0.1178856675,SL,0.116859555,-1.0,0.1464,20.06480770870641,2.2938517950029826,2026-09-03 00:20:00,SL
91e0cc10d73293e84c078714,OI_FUNDING,ARB_USDT,LONG,0.11727,0.35,2.0,3,0.116859555,0.11809088999999999,SL,0.116859555,-1.0,0.1464,6.8303914044512695,2.2938517950029826,2026-09-03 00:20:00,SL
91e0cc10d73293e84c078714,OI_FUNDING,ARB_USDT,LONG,0.11727,0.35,2.0,6,0.116859555,0.11809088999999999,SL,0.116859555,-1.0,0.1464,7.8877803359768,2.2938517950029826,2026-09-03 00:20:00,SL
91e0cc10d73293e84c078714,OI_FUNDING,ARB_USDT,LONG,0.11727,0.35,2.0,12,0.116859555,0.11809088999999999,SL,0.116859555,-1.0,0.1464,13.089451692675013,2.2938517950029826,2026-09-03 00:20:00,SL
91e0cc10d73293e84c078714,OI_FUNDING,ARB_USDT,LONG,0.11727,0.35,2.0,24,0.116859555,0.11809088999999999,SL,0.116859555,-1.0,0.1464,20.06480770870641,2.2938517950029826,2026-09-03 00:20:00,SL
91e0cc10d73293e84c078714,OI_FUNDING,ARB_USDT,LONG,0.11727,0.5,1.0,3,0.11668365,0.11785634999999998,SL,0.11668365,-1.0,0.1464,6.8303914044512695,2.2938517950029826,2026-09-03 00:20:00,SL
91e0cc10d73293e84c078714,OI_FUNDING,ARB_USDT,LONG,0.11727,0.5,1.0,6,0.11668365,0.11785634999999998,SL,0.11668365,-1.0,0.1464,7.8877803359768,2.2938517950029826,2026-09-03 00:20:00,SL
91e0cc10d73293e84c078714,OI_FUNDING,ARB_USDT,LONG,0.11727,0.5,1.0,12,0.11668365,0.11785634999999998,SL,0.11668365,-1.0,0.1464,13.089451692675013,2.2938517950029826,2026-09-03 00:20:00,SL
91e0cc10d73293e84c078714,OI_FUNDING,ARB_USDT,LONG,0.11727,0.5,1.0,24,0.11668365,0.11785634999999998,SL,0.11668365,-1.0,0.1464,20.06480770870641,2.2938517950029826,2026-09-03 00:20:00,SL
91e0cc10d73293e84c078714,OI_FUNDING,ARB_USDT,LONG,0.11727,0.5,1.5,3,0.11668365,0.118149525,SL,0.11668365,-1.0,0.1464,6.8303914044512695,2.2938517950029826,2026-09-03 00:20:00,SL
91e0cc10d73293e84c078714,OI_FUNDING,ARB_USDT,LONG,0.11727,0.5,1.5,6,0.11668365,0.118149525,SL,0.11668365,-1.0,0.1464,7.8877803359768,2.2938517950029826,2026-09-03 00:20:00,SL
91e0cc10d73293e84c078714,OI_FUNDING,ARB_USDT,LONG,0.11727,0.5,1.5,12,0.11668365,0.118149525,SL,0.11668365,-1.0,0.1464,13.089451692675013,2.2938517950029826,2026-09-03 00:20:00,SL
91e0cc10d73293e84c078714,OI_FUNDING,ARB_USDT,LONG,0.11727,0.5,1.5,24,0.11668365,0.118149525,SL,0.11668365,-1.0,0.1464,20.06480770870641,2.2938517950029826,2026-09-03 00:20:00,SL
91e0cc10d73293e84c078714,OI_FUNDING,ARB_USDT,LONG,0.11727,0.5,2.0,3,0.11668365,0.1184427,SL,0.11668365,-1.0,0.1464,6.8303914044512695,2.2938517950029826,2026-09-03 00:20:00,SL
91e0cc10d73293e84c078714,OI_FUNDING,ARB_USDT,LONG,0.11727,0.5,2.0,6,0.11668365,0.1184427,SL,0.11668365,-1.0,0.1464,7.8877803359768,2.2938517950029826,2026-09-03 00:20:00,SL
91e0cc10d73293e84c078714,OI_FUNDING,ARB_USDT,LONG,0.11727,0.5,2.0,12,0.11668365,0.1184427,SL,0.11668365,-1.0,0.1464,13.089451692675013,2.2938517950029826,2026-09-03 00:20:00,SL
91e0cc10d73293e84c078714,OI_FUNDING,ARB_USDT,LONG,0.11727,0.5,2.0,24,0.11668365,0.1184427,SL,0.11668365,-1.0,0.1464,20.06480770870641,2.2938517950029826,2026-09-03 00:20:00,SL
91e0cc10d73293e84c078714,OI_FUNDING,ARB_USDT,LONG,0.11727,0.75,1.0,3,0.11639047500000001,0.118149525,SL,0.11639047500000001,-1.0,0.1464,6.8303914044512695,2.2938517950029826,2026-09-03 00:20:00,SL
91e0cc10d73293e84c078714,OI_FUNDING,ARB_USDT,LONG,0.11727,0.75,1.0,6,0.11639047500000001,0.118149525,SL,0.11639047500000001,-1.0,0.1464,7.8877803359768,2.2938517950029826,2026-09-03 00:20:00,SL
91e0cc10d73293e84c078714,OI_FUNDING,ARB_USDT,LONG,0.11727,0.75,1.0,12,0.11639047500000001,0.118149525,SL,0.11639047500000001,-1.0,0.1464,13.089451692675013,2.2938517950029826,2026-09-03 00:20:00,SL
91e0cc10d73293e84c078714,OI_FUNDING,ARB_USDT,LONG,0.11727,0.75,1.0,24,0.11639047500000001,0.118149525,SL,0.11639047500000001,-1.0,0.1464,20.06480770870641,2.2938517950029826,2026-09-03 00:20:00,SL
91e0cc10d73293e84c078714,OI_FUNDING,ARB_USDT,LONG,0.11727,0.75,1.5,3,0.11639047500000001,0.1185892875,SL,0.11639047500000001,-1.0,0.1464,6.8303914044512695,2.2938517950029826,2026-09-03 00:20:00,SL
91e0cc10d73293e84c078714,OI_FUNDING,ARB_USDT,LONG,0.11727,0.75,1.5,6,0.11639047500000001,0.1185892875,SL,0.11639047500000001,-1.0,0.1464,7.8877803359768,2.2938517950029826,2026-09-03 00:20:00,SL
91e0cc10d73293e84c078714,OI_FUNDING,ARB_USDT,LONG,0.11727,0.75,1.5,12,0.11639047500000001,0.1185892875,SL,0.11639047500000001,-1.0,0.1464,13.089451692675013,2.2938517950029826,2026-09-03 00:20:00,SL
91e0cc10d73293e84c078714,OI_FUNDING,ARB_USDT,LONG,0.11727,0.75,1.5,24,0.11639047500000001,0.1185892875,SL,0.11639047500000001,-1.0,0.1464,20.06480770870641,2.2938517950029826,2026-09-03 00:20:00,SL
91e0cc10d73293e84c078714,OI_FUNDING,ARB_USDT,LONG,0.11727,0.75,2.0,3,0.11639047500000001,0.11902904999999998,SL,0.11639047500000001,-1.0,0.1464,6.8303914044512695,2.2938517950029826,2026-09-03 00:20:00,SL
91e0cc10d73293e84c078714,OI_FUNDING,ARB_USDT,LONG,0.11727,0.75,2.0,6,0.11639047500000001,0.11902904999999998,SL,0.11639047500000001,-1.0,0.1464,7.8877803359768,2.2938517950029826,2026-09-03 00:20:00,SL
91e0cc10d73293e84c078714,OI_FUNDING,ARB_USDT,LONG,0.11727,0.75,2.0,12,0.11639047500000001,0.11902904999999998,SL,0.11639047500000001,-1.0,0.1464,13.089451692675013,2.2938517950029826,2026-09-03 00:20:00,SL
91e0cc10d73293e84c078714,OI_FUNDING,ARB_USDT,LONG,0.11727,0.75,2.0,24,0.11639047500000001,0.11902904999999998,SL,0.11639047500000001,-1.0,0.1464,20.06480770870641,2.2938517950029826,2026-09-03 00:20:00,SL
91e0cc10d73293e84c078714,OI_FUNDING,ARB_USDT,LONG,0.11727,1.0,1.0,3,0.1160973,0.1184427,SL,0.1160973,-1.0,0.2297,6.8303914044512695,2.2938517950029826,2026-09-03 00:25:00,SL
91e0cc10d73293e84c078714,OI_FUNDING,ARB_USDT,LONG,0.11727,1.0,1.0,6,0.1160973,0.1184427,SL,0.1160973,-1.0,0.2297,7.8877803359768,2.2938517950029826,2026-09-03 00:25:00,SL
91e0cc10d73293e84c078714,OI_FUNDING,ARB_USDT,LONG,0.11727,1.0,1.0,12,0.1160973,0.1184427,SL,0.1160973,-1.0,0.2297,13.089451692675013,2.2938517950029826,2026-09-03 00:25:00,SL
91e0cc10d73293e84c078714,OI_FUNDING,ARB_USDT,LONG,0.11727,1.0,1.0,24,0.1160973,0.1184427,SL,0.1160973,-1.0,0.2297,20.06480770870641,2.2938517950029826,2026-09-03 00:25:00,SL
91e0cc10d73293e84c078714,OI_FUNDING,ARB_USDT,LONG,0.11727,1.0,1.5,3,0.1160973,0.11902904999999998,SL,0.1160973,-1.0,0.2297,6.8303914044512695,2.2938517950029826,2026-09-03 00:25:00,SL
91e0cc10d73293e84c078714,OI_FUNDING,ARB_USDT,LONG,0.11727,1.0,1.5,6,0.1160973,0.11902904999999998,SL,0.1160973,-1.0,0.2297,7.8877803359768,2.2938517950029826,2026-09-03 00:25:00,SL
91e0cc10d73293e84c078714,OI_FUNDING,ARB_USDT,LONG,0.11727,1.0,1.5,12,0.1160973,0.11902904999999998,SL,0.1160973,-1.0,0.2297,13.089451692675013,2.2938517950029826,2026-09-03 00:25:00,SL
91e0cc10d73293e84c078714,OI_FUNDING,ARB_USDT,LONG,0.11727,1.0,1.5,24,0.1160973,0.11902904999999998,SL,0.1160973,-1.0,0.2297,20.06480770870641,2.2938517950029826,2026-09-03 00:25:00,SL
91e0cc10d73293e84c078714,OI_FUNDING,ARB_USDT,LONG,0.11727,1.0,2.0,3,0.1160973,0.1196154,SL,0.1160973,-1.0,0.2297,6.8303914044512695,2.2938517950029826,2026-09-03 00:25:00,SL
91e0cc10d73293e84c078714,OI_FUNDING,ARB_USDT,LONG,0.11727,1.0,2.0,6,0.1160973,0.1196154,SL,0.1160973,-1.0,0.2297,7.8877803359768,2.2938517950029826,2026-09-03 00:25:00,SL
91e0cc10d73293e84c078714,OI_FUNDING,ARB_USDT,LONG,0.11727,1.0,2.0,12,0.1160973,0.1196154,SL,0.1160973,-1.0,0.2297,13.089451692675013,2.2938517950029826,2026-09-03 00:25:00,SL
91e0cc10d73293e84c078714,OI_FUNDING,ARB_USDT,LONG,0.11727,1.0,2.0,24,0.1160973,0.1196154,SL,0.1160973,-1.0,0.2297,20.06480770870641,2.2938517950029826,2026-09-03 00:25:00,SL
aa49494943b5fc819784bfbd,PULLBACK,SOL_USDT,LONG,98.94,0.25,1.0,3,98.69265,99.18735,TP,99.18735,1.0,0.229,0.8388922579340997,0.8186779866585833,2026-09-03 00:35:00,TP
aa49494943b5fc819784bfbd,PULLBACK,SOL_USDT,LONG,98.94,0.25,1.0,6,98.69265,99.18735,TP,99.18735,1.0,0.229,1.0612492419648243,0.8186779866585833,2026-09-03 00:35:00,TP
aa49494943b5fc819784bfbd,PULLBACK,SOL_USDT,LONG,98.94,0.25,1.0,12,98.69265,99.18735,TP,99.18735,1.0,0.229,2.3852840105114206,0.8186779866585833,2026-09-03 00:35:00,TP
aa49494943b5fc819784bfbd,PULLBACK,SOL_USDT,LONG,98.94,0.25,1.0,24,98.69265,99.18735,TP,99.18735,1.0,0.229,6.751566606023859,0.8186779866585833,2026-09-03 00:35:00,TP
aa49494943b5fc819784bfbd,PULLBACK,SOL_USDT,LONG,98.94,0.25,1.5,3,98.69265,99.31102499999999,TP,99.31102499999999,1.5,0.229,0.8388922579340997,0.8186779866585833,2026-09-03 00:35:00,TP
aa49494943b5fc819784bfbd,PULLBACK,SOL_USDT,LONG,98.94,0.25,1.5,6,98.69265,99.31102499999999,TP,99.31102499999999,1.5,0.229,1.0612492419648243,0.8186779866585833,2026-09-03 00:35:00,TP
aa49494943b5fc819784bfbd,PULLBACK,SOL_USDT,LONG,98.94,0.25,1.5,12,98.69265,99.31102499999999,TP,99.31102499999999,1.5,0.229,2.3852840105114206,0.8186779866585833,2026-09-03 00:35:00,TP
aa49494943b5fc819784bfbd,PULLBACK,SOL_USDT,LONG,98.94,0.25,1.5,24,98.69265,99.31102499999999,TP,99.31102499999999,1.5,0.229,6.751566606023859,0.8186779866585833,2026-09-03 00:35:00,TP
aa49494943b5fc819784bfbd,PULLBACK,SOL_USDT,LONG,98.94,0.25,2.0,3,98.69265,99.43469999999999,TP,99.43469999999999,2.0,0.3957,0.8388922579340997,0.8186779866585833,2026-09-03 00:45:00,TP
aa49494943b5fc819784bfbd,PULLBACK,SOL_USDT,LONG,98.94,0.25,2.0,6,98.69265,99.43469999999999,TP,99.43469999999999,2.0,0.3957,1.0612492419648243,0.8186779866585833,2026-09-03 00:45:00,TP
aa49494943b5fc819784bfbd,PULLBACK,SOL_USDT,LONG,98.94,0.25,2.0,12,98.69265,99.43469999999999,TP,99.43469999999999,2.0,0.3957,2.3852840105114206,0.8186779866585833,2026-09-03 00:45:00,TP
aa49494943b5fc819784bfbd,PULLBACK,SOL_USDT,LONG,98.94,0.25,2.0,24,98.69265,99.43469999999999,TP,99.43469999999999,2.0,0.3957,6.751566606023859,0.8186779866585833,2026-09-03 00:45:00,TP
aa49494943b5fc819784bfbd,PULLBACK,SOL_USDT,LONG,98.94,0.35,1.0,3,98.59371,99.28629000000001,TP,99.28629000000001,1.0,0.229,0.8388922579340997,0.8186779866585833,2026-09-03 00:35:00,TP
aa49494943b5fc819784bfbd,PULLBACK,SOL_USDT,LONG,98.94,0.35,1.0,6,98.59371,99.28629000000001,TP,99.28629000000001,1.0,0.229,1.0612492419648243,0.8186779866585833,2026-09-03 00:35:00,TP
aa49494943b5fc819784bfbd,PULLBACK,SOL_USDT,LONG,98.94,0.35,1.0,12,98.59371,99.28629000000001,TP,99.28629000000001,1.0,0.229,2.3852840105114206,0.8186779866585833,2026-09-03 00:35:00,TP
aa49494943b5fc819784bfbd,PULLBACK,SOL_USDT,LONG,98.94,0.35,1.0,24,98.59371,99.28629000000001,TP,99.28629000000001,1.0,0.229,6.751566606023859,0.8186779866585833,2026-09-03 00:35:00,TP
aa49494943b5fc819784bfbd,PULLBACK,SOL_USDT,LONG,98.94,0.35,1.5,3,98.59371,99.459435,TP,99.459435,1.5,0.3957,0.8388922579340997,0.8186779866585833,2026-09-03 00:45:00,TP
aa49494943b5fc819784bfbd,PULLBACK,SOL_USDT,LONG,98.94,0.35,1.5,6,98.59371,99.459435,TP,99.459435,1.5,0.3957,1.0612492419648243,0.8186779866585833,2026-09-03 00:45:00,TP
aa49494943b5fc819784bfbd,PULLBACK,SOL_USDT,LONG,98.94,0.35,1.5,12,98.59371,99.459435,TP,99.459435,1.5,0.3957,2.3852840105114206,0.8186779866585833,2026-09-03 00:45:00,TP
aa49494943b5fc819784bfbd,PULLBACK,SOL_USDT,LONG,98.94,0.35,1.5,24,98.59371,99.459435,TP,99.459435,1.5,0.3957,6.751566606023859,0.8186779866585833,2026-09-03 00:45:00,TP
aa49494943b5fc819784bfbd,PULLBACK,SOL_USDT,LONG,98.94,0.35,2.0,3,98.59371,99.63257999999999,TP,99.63257999999999,2.0,0.8957,0.8388922579340997,0.8186779866585833,2026-09-03 01:15:00,TP
aa49494943b5fc819784bfbd,PULLBACK,SOL_USDT,LONG,98.94,0.35,2.0,6,98.59371,99.63257999999999,TP,99.63257999999999,2.0,0.8957,1.0612492419648243,0.8186779866585833,2026-09-03 01:15:00,TP
aa49494943b5fc819784bfbd,PULLBACK,SOL_USDT,LONG,98.94,0.35,2.0,12,98.59371,99.63257999999999,TP,99.63257999999999,2.0,0.8957,2.3852840105114206,0.8186779866585833,2026-09-03 01:15:00,TP
aa49494943b5fc819784bfbd,PULLBACK,SOL_USDT,LONG,98.94,0.35,2.0,24,98.59371,99.63257999999999,TP,99.63257999999999,2.0,0.8957,6.751566606023859,0.8186779866585833,2026-09-03 01:15:00,TP
aa49494943b5fc819784bfbd,PULLBACK,SOL_USDT,LONG,98.94,0.5,1.0,3,98.4453,99.43469999999999,TP,99.43469999999999,1.0,0.3957,0.8388922579340997,0.8186779866585833,2026-09-03 00:45:00,TP
aa49494943b5fc819784bfbd,PULLBACK,SOL_USDT,LONG,98.94,0.5,1.0,6,98.4453,99.43469999999999,TP,99.43469999999999,1.0,0.3957,1.0612492419648243,0.8186779866585833,2026-09-03 00:45:00,TP
aa49494943b5fc819784bfbd,PULLBACK,SOL_USDT,LONG,98.94,0.5,1.0,12,98.4453,99.43469999999999,TP,99.43469999999999,1.0,0.3957,2.3852840105114206,0.8186779866585833,2026-09-03 00:45:00,TP
aa49494943b5fc819784bfbd,PULLBACK,SOL_USDT,LONG,98.94,0.5,1.0,24,98.4453,99.43469999999999,TP,99.43469999999999,1.0,0.3957,6.751566606023859,0.8186779866585833,2026-09-03 00:45:00,TP
aa49494943b5fc819784bfbd,PULLBACK,SOL_USDT,LONG,98.94,0.5,1.5,3,98.4453,99.68205,TP,99.68205,1.5,1.0624,0.8388922579340997,0.8186779866585833,2026-09-03 01:25:00,TP
aa49494943b5fc819784bfbd,PULLBACK,SOL_USDT,LONG,98.94,0.5,1.5,6,98.4453,99.68205,TP,99.68205,1.5,1.0624,1.0612492419648243,0.8186779866585833,2026-09-03 01:25:00,TP
aa49494943b5fc819784bfbd,PULLBACK,SOL_USDT,LONG,98.94,0.5,1.5,12,98.4453,99.68205,TP,99.68205,1.5,1.0624,2.3852840105114206,0.8186779866585833,2026-09-03 01:25:00,TP
aa49494943b5fc819784bfbd,PULLBACK,SOL_USDT,LONG,98.94,0.5,1.5,24,98.4453,99.68205,TP,99.68205,1.5,1.0624,6.751566606023859,0.8186779866585833,2026-09-03 01:25:00,TP
aa49494943b5fc819784bfbd,PULLBACK,SOL_USDT,LONG,98.94,0.5,2.0,3,98.4453,99.9294,SL,98.4453,-1.0,1.8124,0.8388922579340997,0.8186779866585833,2026-09-03 02:10:00,SL
aa49494943b5fc819784bfbd,PULLBACK,SOL_USDT,LONG,98.94,0.5,2.0,6,98.4453,99.9294,SL,98.4453,-1.0,1.8124,1.0612492419648243,0.8186779866585833,2026-09-03 02:10:00,SL
aa49494943b5fc819784bfbd,PULLBACK,SOL_USDT,LONG,98.94,0.5,2.0,12,98.4453,99.9294,SL,98.4453,-1.0,1.8124,2.3852840105114206,0.8186779866585833,2026-09-03 02:10:00,SL
aa49494943b5fc819784bfbd,PULLBACK,SOL_USDT,LONG,98.94,0.5,2.0,24,98.4453,99.9294,SL,98.4453,-1.0,1.8124,6.751566606023859,0.8186779866585833,2026-09-03 02:10:00,SL
aa49494943b5fc819784bfbd,PULLBACK,SOL_USDT,LONG,98.94,0.75,1.0,3,98.19795,99.68205,TP,99.68205,1.0,1.0624,0.8388922579340997,0.8186779866585833,2026-09-03 01:25:00,TP
aa49494943b5fc819784bfbd,PULLBACK,SOL_USDT,LONG,98.94,0.75,1.0,6,98.19795,99.68205,TP,99.68205,1.0,1.0624,1.0612492419648243,0.8186779866585833,2026-09-03 01:25:00,TP
aa49494943b5fc819784bfbd,PULLBACK,SOL_USDT,LONG,98.94,0.75,1.0,12,98.19795,99.68205,TP,99.68205,1.0,1.0624,2.3852840105114206,0.8186779866585833,2026-09-03 01:25:00,TP
aa49494943b5fc819784bfbd,PULLBACK,SOL_USDT,LONG,98.94,0.75,1.0,24,98.19795,99.68205,TP,99.68205,1.0,1.0624,6.751566606023859,0.8186779866585833,2026-09-03 01:25:00,TP
aa49494943b5fc819784bfbd,PULLBACK,SOL_USDT,LONG,98.94,0.75,1.5,3,98.19795,100.05307499999999,SL,98.19795,-1.0,1.979,0.8388922579340997,0.8186779866585833,2026-09-03 02:20:00,SL
aa49494943b5fc819784bfbd,PULLBACK,SOL_USDT,LONG,98.94,0.75,1.5,6,98.19795,100.05307499999999,SL,98.19795,-1.0,1.979,1.0612492419648243,0.8186779866585833,2026-09-03 02:20:00,SL
aa49494943b5fc819784bfbd,PULLBACK,SOL_USDT,LONG,98.94,0.75,1.5,12,98.19795,100.05307499999999,SL,98.19795,-1.0,1.979,2.3852840105114206,0.8186779866585833,2026-09-03 02:20:00,SL
aa49494943b5fc819784bfbd,PULLBACK,SOL_USDT,LONG,98.94,0.75,1.5,24,98.19795,100.05307499999999,SL,98.19795,-1.0,1.979,6.751566606023859,0.8186779866585833,2026-09-03 02:20:00,SL
aa49494943b5fc819784bfbd,PULLBACK,SOL_USDT,LONG,98.94,0.75,2.0,3,98.19795,100.42409999999998,SL,98.19795,-1.0,1.979,0.8388922579340997,0.8186779866585833,2026-09-03 02:20:00,SL
aa49494943b5fc819784bfbd,PULLBACK,SOL_USDT,LONG,98.94,0.75,2.0,6,98.19795,100.42409999999998,SL,98.19795,-1.0,1.979,1.0612492419648243,0.8186779866585833,2026-09-03 02:20:00,SL
aa49494943b5fc819784bfbd,PULLBACK,SOL_USDT,LONG,98.94,0.75,2.0,12,98.19795,100.42409999999998,SL,98.19795,-1.0,1.979,2.3852840105114206,0.8186779866585833,2026-09-03 02:20:00,SL
aa49494943b5fc819784bfbd,PULLBACK,SOL_USDT,LONG,98.94,0.75,2.0,24,98.19795,100.42409999999998,SL,98.19795,-1.0,1.979,6.751566606023859,0.8186779866585833,2026-09-03 02:20:00,SL
aa49494943b5fc819784bfbd,PULLBACK,SOL_USDT,LONG,98.94,1.0,1.0,3,97.9506,99.9294,TIME_EXIT,99.43,0.49524965,3.0624,0.8388922579340997,0.8186779866585833,2026-09-03 03:25:00,3h時間切れ
aa49494943b5fc819784bfbd,PULLBACK,SOL_USDT,LONG,98.94,1.0,1.0,6,97.9506,99.9294,TP,99.9294,1.0,4.8124,1.0612492419648243,0.8186779866585833,2026-09-03 05:10:00,TP
aa49494943b5fc819784bfbd,PULLBACK,SOL_USDT,LONG,98.94,1.0,1.0,12,97.9506,99.9294,TP,99.9294,1.0,4.8124,2.3852840105114206,0.8186779866585833,2026-09-03 05:10:00,TP
aa49494943b5fc819784bfbd,PULLBACK,SOL_USDT,LONG,98.94,1.0,1.0,24,97.9506,99.9294,TP,99.9294,1.0,4.8124,6.751566606023859,0.8186779866585833,2026-09-03 05:10:00,TP
aa49494943b5fc819784bfbd,PULLBACK,SOL_USDT,LONG,98.94,1.0,1.5,3,97.9506,100.42409999999998,TIME_EXIT,99.43,0.49524965,3.0624,0.8388922579340997,0.8186779866585833,2026-09-03 03:25:00,3h時間切れ
aa49494943b5fc819784bfbd,PULLBACK,SOL_USDT,LONG,98.94,1.0,1.5,6,97.9506,100.42409999999998,TIME_EXIT,99.69,0.75803517,6.0624,1.0612492419648243,0.8186779866585833,2026-09-03 06:25:00,6h時間切れ
aa49494943b5fc819784bfbd,PULLBACK,SOL_USDT,LONG,98.94,1.0,1.5,12,97.9506,100.42409999999998,TP,100.42409999999998,1.5,8.5624,2.3852840105114206,0.8186779866585833,2026-09-03 08:55:00,TP
aa49494943b5fc819784bfbd,PULLBACK,SOL_USDT,LONG,98.94,1.0,1.5,24,97.9506,100.42409999999998,TP,100.42409999999998,1.5,8.5624,6.751566606023859,0.8186779866585833,2026-09-03 08:55:00,TP
aa49494943b5fc819784bfbd,PULLBACK,SOL_USDT,LONG,98.94,1.0,2.0,3,97.9506,100.9188,TIME_EXIT,99.43,0.49524965,3.0624,0.8388922579340997,0.8186779866585833,2026-09-03 03:25:00,3h時間切れ
aa49494943b5fc819784bfbd,PULLBACK,SOL_USDT,LONG,98.94,1.0,2.0,6,97.9506,100.9188,TIME_EXIT,99.69,0.75803517,6.0624,1.0612492419648243,0.8186779866585833,2026-09-03 06:25:00,6h時間切れ
aa49494943b5fc819784bfbd,PULLBACK,SOL_USDT,LONG,98.94,1.0,2.0,12,97.9506,100.9188,TP,100.9188,2.0,11.229,2.3852840105114206,0.8186779866585833,2026-09-03 11:35:00,TP
aa49494943b5fc819784bfbd,PULLBACK,SOL_USDT,LONG,98.94,1.0,2.0,24,97.9506,100.9188,TP,100.9188,2.0,11.229,6.751566606023859,0.8186779866585833,2026-09-03 11:35:00,TP
c613b732796962fd012c4f2f,PULLBACK,ZEC_USDT,LONG,810.68,0.25,1.0,3,808.6533,812.7067,TP,812.7067,1.0,0.229,1.496274732323481,0.7290176148418572,2026-09-03 00:35:00,TP
c613b732796962fd012c4f2f,PULLBACK,ZEC_USDT,LONG,810.68,0.25,1.0,6,808.6533,812.7067,TP,812.7067,1.0,0.229,1.496274732323481,0.7290176148418572,2026-09-03 00:35:00,TP
c613b732796962fd012c4f2f,PULLBACK,ZEC_USDT,LONG,810.68,0.25,1.0,12,808.6533,812.7067,TP,812.7067,1.0,0.229,2.093304386441016,0.7290176148418572,2026-09-03 00:35:00,TP
c613b732796962fd012c4f2f,PULLBACK,ZEC_USDT,LONG,810.68,0.25,1.0,24,808.6533,812.7067,TP,812.7067,1.0,0.229,13.238269107416004,0.7290176148418572,2026-09-03 00:35:00,TP
c613b732796962fd012c4f2f,PULLBACK,ZEC_USDT,LONG,810.68,0.25,1.5,3,808.6533,813.7200499999999,TP,813.7200499999999,1.5,0.229,1.496274732323481,0.7290176148418572,2026-09-03 00:35:00,TP
c613b732796962fd012c4f2f,PULLBACK,ZEC_USDT,LONG,810.68,0.25,1.5,6,808.6533,813.7200499999999,TP,813.7200499999999,1.5,0.229,1.496274732323481,0.7290176148418572,2026-09-03 00:35:00,TP
c613b732796962fd012c4f2f,PULLBACK,ZEC_USDT,LONG,810.68,0.25,1.5,12,808.6533,813.7200499999999,TP,813.7200499999999,1.5,0.229,2.093304386441016,0.7290176148418572,2026-09-03 00:35:00,TP
c613b732796962fd012c4f2f,PULLBACK,ZEC_USDT,LONG,810.68,0.25,1.5,24,808.6533,813.7200499999999,TP,813.7200499999999,1.5,0.229,13.238269107416004,0.7290176148418572,2026-09-03 00:35:00,TP
c613b732796962fd012c4f2f,PULLBACK,ZEC_USDT,LONG,810.68,0.25,2.0,3,808.6533,814.7333999999998,TP,814.7333999999998,2.0,0.229,1.496274732323481,0.7290176148418572,2026-09-03 00:35:00,TP
c613b732796962fd012c4f2f,PULLBACK,ZEC_USDT,LONG,810.68,0.25,2.0,6,808.6533,814.7333999999998,TP,814.7333999999998,2.0,0.229,1.496274732323481,0.7290176148418572,2026-09-03 00:35:00,TP
c613b732796962fd012c4f2f,PULLBACK,ZEC_USDT,LONG,810.68,0.25,2.0,12,808.6533,814.7333999999998,TP,814.7333999999998,2.0,0.229,2.093304386441016,0.7290176148418572,2026-09-03 00:35:00,TP
c613b732796962fd012c4f2f,PULLBACK,ZEC_USDT,LONG,810.68,0.25,2.0,24,808.6533,814.7333999999998,TP,814.7333999999998,2.0,0.229,13.238269107416004,0.7290176148418572,2026-09-03 00:35:00,TP
c613b732796962fd012c4f2f,PULLBACK,ZEC_USDT,LONG,810.68,0.35,1.0,3,807.84262,813.51738,TP,813.51738,1.0,0.229,1.496274732323481,0.7290176148418572,2026-09-03 00:35:00,TP
c613b732796962fd012c4f2f,PULLBACK,ZEC_USDT,LONG,810.68,0.35,1.0,6,807.84262,813.51738,TP,813.51738,1.0,0.229,1.496274732323481,0.7290176148418572,2026-09-03 00:35:00,TP
c613b732796962fd012c4f2f,PULLBACK,ZEC_USDT,LONG,810.68,0.35,1.0,12,807.84262,813.51738,TP,813.51738,1.0,0.229,2.093304386441016,0.7290176148418572,2026-09-03 00:35:00,TP
c613b732796962fd012c4f2f,PULLBACK,ZEC_USDT,LONG,810.68,0.35,1.0,24,807.84262,813.51738,TP,813.51738,1.0,0.229,13.238269107416004,0.7290176148418572,2026-09-03 00:35:00,TP
c613b732796962fd012c4f2f,PULLBACK,ZEC_USDT,LONG,810.68,0.35,1.5,3,807.84262,814.93607,TP,814.93607,1.5,0.229,1.496274732323481,0.7290176148418572,2026-09-03 00:35:00,TP
c613b732796962fd012c4f2f,PULLBACK,ZEC_USDT,LONG,810.68,0.35,1.5,6,807.84262,814.93607,TP,814.93607,1.5,0.229,1.496274732323481,0.7290176148418572,2026-09-03 00:35:00,TP
c613b732796962fd012c4f2f,PULLBACK,ZEC_USDT,LONG,810.68,0.35,1.5,12,807.84262,814.93607,TP,814.93607,1.5,0.229,2.093304386441016,0.7290176148418572,2026-09-03 00:35:00,TP
c613b732796962fd012c4f2f,PULLBACK,ZEC_USDT,LONG,810.68,0.35,1.5,24,807.84262,814.93607,TP,814.93607,1.5,0.229,13.238269107416004,0.7290176148418572,2026-09-03 00:35:00,TP
c613b732796962fd012c4f2f,PULLBACK,ZEC_USDT,LONG,810.68,0.35,2.0,3,807.84262,816.3547599999998,TP,816.3547599999998,2.0,0.3124,1.496274732323481,0.7290176148418572,2026-09-03 00:40:00,TP
c613b732796962fd012c4f2f,PULLBACK,ZEC_USDT,LONG,810.68,0.35,2.0,6,807.84262,816.3547599999998,TP,816.3547599999998,2.0,0.3124,1.496274732323481,0.7290176148418572,2026-09-03 00:40:00,TP
c613b732796962fd012c4f2f,PULLBACK,ZEC_USDT,LONG,810.68,0.35,2.0,12,807.84262,816.3547599999998,TP,816.3547599999998,2.0,0.3124,2.093304386441016,0.7290176148418572,2026-09-03 00:40:00,TP
c613b732796962fd012c4f2f,PULLBACK,ZEC_USDT,LONG,810.68,0.35,2.0,24,807.84262,816.3547599999998,TP,816.3547599999998,2.0,0.3124,13.238269107416004,0.7290176148418572,2026-09-03 00:40:00,TP
c613b732796962fd012c4f2f,PULLBACK,ZEC_USDT,LONG,810.68,0.5,1.0,3,806.6265999999999,814.7333999999998,TP,814.7333999999998,1.0,0.229,1.496274732323481,0.7290176148418572,2026-09-03 00:35:00,TP
c613b732796962fd012c4f2f,PULLBACK,ZEC_USDT,LONG,810.68,0.5,1.0,6,806.6265999999999,814.7333999999998,TP,814.7333999999998,1.0,0.229,1.496274732323481,0.7290176148418572,2026-09-03 00:35:00,TP
c613b732796962fd012c4f2f,PULLBACK,ZEC_USDT,LONG,810.68,0.5,1.0,12,806.6265999999999,814.7333999999998,TP,814.7333999999998,1.0,0.229,2.093304386441016,0.7290176148418572,2026-09-03 00:35:00,TP
c613b732796962fd012c4f2f,PULLBACK,ZEC_USDT,LONG,810.68,0.5,1.0,24,806.6265999999999,814.7333999999998,TP,814.7333999999998,1.0,0.229,13.238269107416004,0.7290176148418572,2026-09-03 00:35:00,TP
c613b732796962fd012c4f2f,PULLBACK,ZEC_USDT,LONG,810.68,0.5,1.5,3,806.6265999999999,816.7601,TP,816.7601,1.5,0.3957,1.496274732323481,0.7290176148418572,2026-09-03 00:45:00,TP
c613b732796962fd012c4f2f,PULLBACK,ZEC_USDT,LONG,810.68,0.5,1.5,6,806.6265999999999,816.7601,TP,816.7601,1.5,0.3957,1.496274732323481,0.7290176148418572,2026-09-03 00:45:00,TP
c613b732796962fd012c4f2f,PULLBACK,ZEC_USDT,LONG,810.68,0.5,1.5,12,806.6265999999999,816.7601,TP,816.7601,1.5,0.3957,2.093304386441016,0.7290176148418572,2026-09-03 00:45:00,TP
c613b732796962fd012c4f2f,PULLBACK,ZEC_USDT,LONG,810.68,0.5,1.5,24,806.6265999999999,816.7601,TP,816.7601,1.5,0.3957,13.238269107416004,0.7290176148418572,2026-09-03 00:45:00,TP
c613b732796962fd012c4f2f,PULLBACK,ZEC_USDT,LONG,810.68,0.5,2.0,3,806.6265999999999,818.7868,TP,818.7868,2.0,1.0624,1.496274732323481,0.7290176148418572,2026-09-03 01:25:00,TP
c613b732796962fd012c4f2f,PULLBACK,ZEC_USDT,LONG,810.68,0.5,2.0,6,806.6265999999999,818.7868,TP,818.7868,2.0,1.0624,1.496274732323481,0.7290176148418572,2026-09-03 01:25:00,TP
c613b732796962fd012c4f2f,PULLBACK,ZEC_USDT,LONG,810.68,0.5,2.0,12,806.6265999999999,818.7868,TP,818.7868,2.0,1.0624,2.093304386441016,0.7290176148418572,2026-09-03 01:25:00,TP
c613b732796962fd012c4f2f,PULLBACK,ZEC_USDT,LONG,810.68,0.5,2.0,24,806.6265999999999,818.7868,TP,818.7868,2.0,1.0624,13.238269107416004,0.7290176148418572,2026-09-03 01:25:00,TP
c613b732796962fd012c4f2f,PULLBACK,ZEC_USDT,LONG,810.68,0.75,1.0,3,804.5998999999999,816.7601,TP,816.7601,1.0,0.3957,1.496274732323481,0.7290176148418572,2026-09-03 00:45:00,TP
c613b732796962fd012c4f2f,PULLBACK,ZEC_USDT,LONG,810.68,0.75,1.0,6,804.5998999999999,816.7601,TP,816.7601,1.0,0.3957,1.496274732323481,0.7290176148418572,2026-09-03 00:45:00,TP
c613b732796962fd012c4f2f,PULLBACK,ZEC_USDT,LONG,810.68,0.75,1.0,12,804.5998999999999,816.7601,TP,816.7601,1.0,0.3957,2.093304386441016,0.7290176148418572,2026-09-03 00:45:00,TP
c613b732796962fd012c4f2f,PULLBACK,ZEC_USDT,LONG,810.68,0.75,1.0,24,804.5998999999999,816.7601,TP,816.7601,1.0,0.3957,13.238269107416004,0.7290176148418572,2026-09-03 00:45:00,TP
c613b732796962fd012c4f2f,PULLBACK,ZEC_USDT,LONG,810.68,0.75,1.5,3,804.5998999999999,819.8001499999999,TP,819.8001499999999,1.5,1.0624,1.496274732323481,0.7290176148418572,2026-09-03 01:25:00,TP
c613b732796962fd012c4f2f,PULLBACK,ZEC_USDT,LONG,810.68,0.75,1.5,6,804.5998999999999,819.8001499999999,TP,819.8001499999999,1.5,1.0624,1.496274732323481,0.7290176148418572,2026-09-03 01:25:00,TP
c613b732796962fd012c4f2f,PULLBACK,ZEC_USDT,LONG,810.68,0.75,1.5,12,804.5998999999999,819.8001499999999,TP,819.8001499999999,1.5,1.0624,2.093304386441016,0.7290176148418572,2026-09-03 01:25:00,TP
c613b732796962fd012c4f2f,PULLBACK,ZEC_USDT,LONG,810.68,0.75,1.5,24,804.5998999999999,819.8001499999999,TP,819.8001499999999,1.5,1.0624,13.238269107416004,0.7290176148418572,2026-09-03 01:25:00,TP
c613b732796962fd012c4f2f,PULLBACK,ZEC_USDT,LONG,810.68,0.75,2.0,3,804.5998999999999,822.8401999999999,TIME_EXIT,812.36,0.27631124,3.0624,1.496274732323481,0.7290176148418572,2026-09-03 03:25:00,3h時間切れ
c613b732796962fd012c4f2f,PULLBACK,ZEC_USDT,LONG,810.68,0.75,2.0,6,804.5998999999999,822.8401999999999,TIME_EXIT,813.37,0.44242693,6.0624,1.496274732323481,0.7290176148418572,2026-09-03 06:25:00,6h時間切れ
c613b732796962fd012c4f2f,PULLBACK,ZEC_USDT,LONG,810.68,0.75,2.0,12,804.5998999999999,822.8401999999999,TP,822.8401999999999,2.0,10.229,2.093304386441016,0.7290176148418572,2026-09-03 10:35:00,TP
c613b732796962fd012c4f2f,PULLBACK,ZEC_USDT,LONG,810.68,0.75,2.0,24,804.5998999999999,822.8401999999999,TP,822.8401999999999,2.0,10.229,13.238269107416004,0.7290176148418572,2026-09-03 10:35:00,TP
c613b732796962fd012c4f2f,PULLBACK,ZEC_USDT,LONG,810.68,1.0,1.0,3,802.5731999999999,818.7868,TP,818.7868,1.0,1.0624,1.496274732323481,0.7290176148418572,2026-09-03 01:25:00,TP
c613b732796962fd012c4f2f,PULLBACK,ZEC_USDT,LONG,810.68,1.0,1.0,6,802.5731999999999,818.7868,TP,818.7868,1.0,1.0624,1.496274732323481,0.7290176148418572,2026-09-03 01:25:00,TP
c613b732796962fd012c4f2f,PULLBACK,ZEC_USDT,LONG,810.68,1.0,1.0,12,802.5731999999999,818.7868,TP,818.7868,1.0,1.0624,2.093304386441016,0.7290176148418572,2026-09-03 01:25:00,TP
c613b732796962fd012c4f2f,PULLBACK,ZEC_USDT,LONG,810.68,1.0,1.0,24,802.5731999999999,818.7868,TP,818.7868,1.0,1.0624,13.238269107416004,0.7290176148418572,2026-09-03 01:25:00,TP
c613b732796962fd012c4f2f,PULLBACK,ZEC_USDT,LONG,810.68,1.0,1.5,3,802.5731999999999,822.8401999999999,TIME_EXIT,812.36,0.20723343,3.0624,1.496274732323481,0.7290176148418572,2026-09-03 03:25:00,3h時間切れ
c613b732796962fd012c4f2f,PULLBACK,ZEC_USDT,LONG,810.68,1.0,1.5,6,802.5731999999999,822.8401999999999,TIME_EXIT,813.37,0.3318202,6.0624,1.496274732323481,0.7290176148418572,2026-09-03 06:25:00,6h時間切れ
c613b732796962fd012c4f2f,PULLBACK,ZEC_USDT,LONG,810.68,1.0,1.5,12,802.5731999999999,822.8401999999999,TP,822.8401999999999,1.5,10.229,2.093304386441016,0.7290176148418572,2026-09-03 10:35:00,TP
c613b732796962fd012c4f2f,PULLBACK,ZEC_USDT,LONG,810.68,1.0,1.5,24,802.5731999999999,822.8401999999999,TP,822.8401999999999,1.5,10.229,13.238269107416004,0.7290176148418572,2026-09-03 10:35:00,TP
c613b732796962fd012c4f2f,PULLBACK,ZEC_USDT,LONG,810.68,1.0,2.0,3,802.5731999999999,826.8936,TIME_EXIT,812.36,0.20723343,3.0624,1.496274732323481,0.7290176148418572,2026-09-03 03:25:00,3h時間切れ
c613b732796962fd012c4f2f,PULLBACK,ZEC_USDT,LONG,810.68,1.0,2.0,6,802.5731999999999,826.8936,TIME_EXIT,813.37,0.3318202,6.0624,1.496274732323481,0.7290176148418572,2026-09-03 06:25:00,6h時間切れ
c613b732796962fd012c4f2f,PULLBACK,ZEC_USDT,LONG,810.68,1.0,2.0,12,802.5731999999999,826.8936,TP,826.8936,2.0,11.229,2.093304386441016,0.7290176148418572,2026-09-03 11:35:00,TP
c613b732796962fd012c4f2f,PULLBACK,ZEC_USDT,LONG,810.68,1.0,2.0,24,802.5731999999999,826.8936,TP,826.8936,2.0,11.229,13.238269107416004,0.7290176148418572,2026-09-03 11:35:00,TP
c9a29dd74b9bd2b3f893584b,OI_FUNDING,HYPE_USDT,SHORT,81.071,0.25,1.0,3,81.27367749999999,80.8683225,SL,81.27367749999999,-1.0,0.229,0.19365741140481366,1.2532224839955168,2026-09-03 00:35:00,SL
c9a29dd74b9bd2b3f893584b,OI_FUNDING,HYPE_USDT,SHORT,81.071,0.25,1.0,6,81.27367749999999,80.8683225,SL,81.27367749999999,-1.0,0.229,0.3737464691443269,1.2532224839955168,2026-09-03 00:35:00,SL
c9a29dd74b9bd2b3f893584b,OI_FUNDING,HYPE_USDT,SHORT,81.071,0.25,1.0,12,81.27367749999999,80.8683225,SL,81.27367749999999,-1.0,0.229,0.3737464691443269,1.6985111815569012,2026-09-03 00:35:00,SL
c9a29dd74b9bd2b3f893584b,OI_FUNDING,HYPE_USDT,SHORT,81.071,0.25,1.0,24,81.27367749999999,80.8683225,SL,81.27367749999999,-1.0,0.229,0.3737464691443269,3.843544547372056,2026-09-03 00:35:00,SL
c9a29dd74b9bd2b3f893584b,OI_FUNDING,HYPE_USDT,SHORT,81.071,0.25,1.5,3,81.27367749999999,80.76698375,SL,81.27367749999999,-1.0,0.229,0.19365741140481366,1.2532224839955168,2026-09-03 00:35:00,SL
c9a29dd74b9bd2b3f893584b,OI_FUNDING,HYPE_USDT,SHORT,81.071,0.25,1.5,6,81.27367749999999,80.76698375,SL,81.27367749999999,-1.0,0.229,0.3737464691443269,1.2532224839955168,2026-09-03 00:35:00,SL
c9a29dd74b9bd2b3f893584b,OI_FUNDING,HYPE_USDT,SHORT,81.071,0.25,1.5,12,81.27367749999999,80.76698375,SL,81.27367749999999,-1.0,0.229,0.3737464691443269,1.6985111815569012,2026-09-03 00:35:00,SL
c9a29dd74b9bd2b3f893584b,OI_FUNDING,HYPE_USDT,SHORT,81.071,0.25,1.5,24,81.27367749999999,80.76698375,SL,81.27367749999999,-1.0,0.229,0.3737464691443269,3.843544547372056,2026-09-03 00:35:00,SL
c9a29dd74b9bd2b3f893584b,OI_FUNDING,HYPE_USDT,SHORT,81.071,0.25,2.0,3,81.27367749999999,80.665645,SL,81.27367749999999,-1.0,0.229,0.19365741140481366,1.2532224839955168,2026-09-03 00:35:00,SL
c9a29dd74b9bd2b3f893584b,OI_FUNDING,HYPE_USDT,SHORT,81.071,0.25,2.0,6,81.27367749999999,80.665645,SL,81.27367749999999,-1.0,0.229,0.3737464691443269,1.2532224839955168,2026-09-03 00:35:00,SL
c9a29dd74b9bd2b3f893584b,OI_FUNDING,HYPE_USDT,SHORT,81.071,0.25,2.0,12,81.27367749999999,80.665645,SL,81.27367749999999,-1.0,0.229,0.3737464691443269,1.6985111815569012,2026-09-03 00:35:00,SL
c9a29dd74b9bd2b3f893584b,OI_FUNDING,HYPE_USDT,SHORT,81.071,0.25,2.0,24,81.27367749999999,80.665645,SL,81.27367749999999,-1.0,0.229,0.3737464691443269,3.843544547372056,2026-09-03 00:35:00,SL
c9a29dd74b9bd2b3f893584b,OI_FUNDING,HYPE_USDT,SHORT,81.071,0.35,1.0,3,81.3547485,80.7872515,SL,81.3547485,-1.0,0.229,0.19365741140481366,1.2532224839955168,2026-09-03 00:35:00,SL
c9a29dd74b9bd2b3f893584b,OI_FUNDING,HYPE_USDT,SHORT,81.071,0.35,1.0,6,81.3547485,80.7872515,SL,81.3547485,-1.0,0.229,0.3737464691443269,1.2532224839955168,2026-09-03 00:35:00,SL
c9a29dd74b9bd2b3f893584b,OI_FUNDING,HYPE_USDT,SHORT,81.071,0.35,1.0,12,81.3547485,80.7872515,SL,81.3547485,-1.0,0.229,0.3737464691443269,1.6985111815569012,2026-09-03 00:35:00,SL
c9a29dd74b9bd2b3f893584b,OI_FUNDING,HYPE_USDT,SHORT,81.071,0.35,1.0,24,81.3547485,80.7872515,SL,81.3547485,-1.0,0.229,0.3737464691443269,3.843544547372056,2026-09-03 00:35:00,SL
c9a29dd74b9bd2b3f893584b,OI_FUNDING,HYPE_USDT,SHORT,81.071,0.35,1.5,3,81.3547485,80.64537725,SL,81.3547485,-1.0,0.229,0.19365741140481366,1.2532224839955168,2026-09-03 00:35:00,SL
c9a29dd74b9bd2b3f893584b,OI_FUNDING,HYPE_USDT,SHORT,81.071,0.35,1.5,6,81.3547485,80.64537725,SL,81.3547485,-1.0,0.229,0.3737464691443269,1.2532224839955168,2026-09-03 00:35:00,SL
c9a29dd74b9bd2b3f893584b,OI_FUNDING,HYPE_USDT,SHORT,81.071,0.35,1.5,12,81.3547485,80.64537725,SL,81.3547485,-1.0,0.229,0.3737464691443269,1.6985111815569012,2026-09-03 00:35:00,SL
c9a29dd74b9bd2b3f893584b,OI_FUNDING,HYPE_USDT,SHORT,81.071,0.35,1.5,24,81.3547485,80.64537725,SL,81.3547485,-1.0,0.229,0.3737464691443269,3.843544547372056,2026-09-03 00:35:00,SL
c9a29dd74b9bd2b3f893584b,OI_FUNDING,HYPE_USDT,SHORT,81.071,0.35,2.0,3,81.3547485,80.503503,SL,81.3547485,-1.0,0.229,0.19365741140481366,1.2532224839955168,2026-09-03 00:35:00,SL
c9a29dd74b9bd2b3f893584b,OI_FUNDING,HYPE_USDT,SHORT,81.071,0.35,2.0,6,81.3547485,80.503503,SL,81.3547485,-1.0,0.229,0.3737464691443269,1.2532224839955168,2026-09-03 00:35:00,SL
c9a29dd74b9bd2b3f893584b,OI_FUNDING,HYPE_USDT,SHORT,81.071,0.35,2.0,12,81.3547485,80.503503,SL,81.3547485,-1.0,0.229,0.3737464691443269,1.6985111815569012,2026-09-03 00:35:00,SL
c9a29dd74b9bd2b3f893584b,OI_FUNDING,HYPE_USDT,SHORT,81.071,0.35,2.0,24,81.3547485,80.503503,SL,81.3547485,-1.0,0.229,0.3737464691443269,3.843544547372056,2026-09-03 00:35:00,SL
c9a29dd74b9bd2b3f893584b,OI_FUNDING,HYPE_USDT,SHORT,81.071,0.5,1.0,3,81.47635499999998,80.665645,SL,81.47635499999998,-1.0,0.229,0.19365741140481366,1.2532224839955168,2026-09-03 00:35:00,SL
c9a29dd74b9bd2b3f893584b,OI_FUNDING,HYPE_USDT,SHORT,81.071,0.5,1.0,6,81.47635499999998,80.665645,SL,81.47635499999998,-1.0,0.229,0.3737464691443269,1.2532224839955168,2026-09-03 00:35:00,SL
c9a29dd74b9bd2b3f893584b,OI_FUNDING,HYPE_USDT,SHORT,81.071,0.5,1.0,12,81.47635499999998,80.665645,SL,81.47635499999998,-1.0,0.229,0.3737464691443269,1.6985111815569012,2026-09-03 00:35:00,SL
c9a29dd74b9bd2b3f893584b,OI_FUNDING,HYPE_USDT,SHORT,81.071,0.5,1.0,24,81.47635499999998,80.665645,SL,81.47635499999998,-1.0,0.229,0.3737464691443269,3.843544547372056,2026-09-03 00:35:00,SL
c9a29dd74b9bd2b3f893584b,OI_FUNDING,HYPE_USDT,SHORT,81.071,0.5,1.5,3,81.47635499999998,80.4629675,SL,81.47635499999998,-1.0,0.229,0.19365741140481366,1.2532224839955168,2026-09-03 00:35:00,SL
c9a29dd74b9bd2b3f893584b,OI_FUNDING,HYPE_USDT,SHORT,81.071,0.5,1.5,6,81.47635499999998,80.4629675,SL,81.47635499999998,-1.0,0.229,0.3737464691443269,1.2532224839955168,2026-09-03 00:35:00,SL
c9a29dd74b9bd2b3f893584b,OI_FUNDING,HYPE_USDT,SHORT,81.071,0.5,1.5,12,81.47635499999998,80.4629675,SL,81.47635499999998,-1.0,0.229,0.3737464691443269,1.6985111815569012,2026-09-03 00:35:00,SL
c9a29dd74b9bd2b3f893584b,OI_FUNDING,HYPE_USDT,SHORT,81.071,0.5,1.5,24,81.47635499999998,80.4629675,SL,81.47635499999998,-1.0,0.229,0.3737464691443269,3.843544547372056,2026-09-03 00:35:00,SL
c9a29dd74b9bd2b3f893584b,OI_FUNDING,HYPE_USDT,SHORT,81.071,0.5,2.0,3,81.47635499999998,80.26029,SL,81.47635499999998,-1.0,0.229,0.19365741140481366,1.2532224839955168,2026-09-03 00:35:00,SL
c9a29dd74b9bd2b3f893584b,OI_FUNDING,HYPE_USDT,SHORT,81.071,0.5,2.0,6,81.47635499999998,80.26029,SL,81.47635499999998,-1.0,0.229,0.3737464691443269,1.2532224839955168,2026-09-03 00:35:00,SL
c9a29dd74b9bd2b3f893584b,OI_FUNDING,HYPE_USDT,SHORT,81.071,0.5,2.0,12,81.47635499999998,80.26029,SL,81.47635499999998,-1.0,0.229,0.3737464691443269,1.6985111815569012,2026-09-03 00:35:00,SL
c9a29dd74b9bd2b3f893584b,OI_FUNDING,HYPE_USDT,SHORT,81.071,0.5,2.0,24,81.47635499999998,80.26029,SL,81.47635499999998,-1.0,0.229,0.3737464691443269,3.843544547372056,2026-09-03 00:35:00,SL
c9a29dd74b9bd2b3f893584b,OI_FUNDING,HYPE_USDT,SHORT,81.071,0.75,1.0,3,81.6790325,80.4629675,SL,81.6790325,-1.0,0.5624,0.19365741140481366,1.2532224839955168,2026-09-03 00:55:00,SL
c9a29dd74b9bd2b3f893584b,OI_FUNDING,HYPE_USDT,SHORT,81.071,0.75,1.0,6,81.6790325,80.4629675,SL,81.6790325,-1.0,0.5624,0.3737464691443269,1.2532224839955168,2026-09-03 00:55:00,SL
c9a29dd74b9bd2b3f893584b,OI_FUNDING,HYPE_USDT,SHORT,81.071,0.75,1.0,12,81.6790325,80.4629675,SL,81.6790325,-1.0,0.5624,0.3737464691443269,1.6985111815569012,2026-09-03 00:55:00,SL
c9a29dd74b9bd2b3f893584b,OI_FUNDING,HYPE_USDT,SHORT,81.071,0.75,1.0,24,81.6790325,80.4629675,SL,81.6790325,-1.0,0.5624,0.3737464691443269,3.843544547372056,2026-09-03 00:55:00,SL
c9a29dd74b9bd2b3f893584b,OI_FUNDING,HYPE_USDT,SHORT,81.071,0.75,1.5,3,81.6790325,80.15895125,SL,81.6790325,-1.0,0.5624,0.19365741140481366,1.2532224839955168,2026-09-03 00:55:00,SL
c9a29dd74b9bd2b3f893584b,OI_FUNDING,HYPE_USDT,SHORT,81.071,0.75,1.5,6,81.6790325,80.15895125,SL,81.6790325,-1.0,0.5624,0.3737464691443269,1.2532224839955168,2026-09-03 00:55:00,SL
c9a29dd74b9bd2b3f893584b,OI_FUNDING,HYPE_USDT,SHORT,81.071,0.75,1.5,12,81.6790325,80.15895125,SL,81.6790325,-1.0,0.5624,0.3737464691443269,1.6985111815569012,2026-09-03 00:55:00,SL
c9a29dd74b9bd2b3f893584b,OI_FUNDING,HYPE_USDT,SHORT,81.071,0.75,1.5,24,81.6790325,80.15895125,SL,81.6790325,-1.0,0.5624,0.3737464691443269,3.843544547372056,2026-09-03 00:55:00,SL
c9a29dd74b9bd2b3f893584b,OI_FUNDING,HYPE_USDT,SHORT,81.071,0.75,2.0,3,81.6790325,79.854935,SL,81.6790325,-1.0,0.5624,0.19365741140481366,1.2532224839955168,2026-09-03 00:55:00,SL
c9a29dd74b9bd2b3f893584b,OI_FUNDING,HYPE_USDT,SHORT,81.071,0.75,2.0,6,81.6790325,79.854935,SL,81.6790325,-1.0,0.5624,0.3737464691443269,1.2532224839955168,2026-09-03 00:55:00,SL
c9a29dd74b9bd2b3f893584b,OI_FUNDING,HYPE_USDT,SHORT,81.071,0.75,2.0,12,81.6790325,79.854935,SL,81.6790325,-1.0,0.5624,0.3737464691443269,1.6985111815569012,2026-09-03 00:55:00,SL
c9a29dd74b9bd2b3f893584b,OI_FUNDING,HYPE_USDT,SHORT,81.071,0.75,2.0,24,81.6790325,79.854935,SL,81.6790325,-1.0,0.5624,0.3737464691443269,3.843544547372056,2026-09-03 00:55:00,SL
c9a29dd74b9bd2b3f893584b,OI_FUNDING,HYPE_USDT,SHORT,81.071,1.0,1.0,3,81.88171,80.26029,SL,81.88171,-1.0,0.8124,0.19365741140481366,1.2532224839955168,2026-09-03 01:10:00,SL
c9a29dd74b9bd2b3f893584b,OI_FUNDING,HYPE_USDT,SHORT,81.071,1.0,1.0,6,81.88171,80.26029,SL,81.88171,-1.0,0.8124,0.3737464691443269,1.2532224839955168,2026-09-03 01:10:00,SL
c9a29dd74b9bd2b3f893584b,OI_FUNDING,HYPE_USDT,SHORT,81.071,1.0,1.0,12,81.88171,80.26029,SL,81.88171,-1.0,0.8124,0.3737464691443269,1.6985111815569012,2026-09-03 01:10:00,SL
c9a29dd74b9bd2b3f893584b,OI_FUNDING,HYPE_USDT,SHORT,81.071,1.0,1.0,24,81.88171,80.26029,SL,81.88171,-1.0,0.8124,0.3737464691443269,3.843544547372056,2026-09-03 01:10:00,SL
c9a29dd74b9bd2b3f893584b,OI_FUNDING,HYPE_USDT,SHORT,81.071,1.0,1.5,3,81.88171,79.854935,SL,81.88171,-1.0,0.8124,0.19365741140481366,1.2532224839955168,2026-09-03 01:10:00,SL
c9a29dd74b9bd2b3f893584b,OI_FUNDING,HYPE_USDT,SHORT,81.071,1.0,1.5,6,81.88171,79.854935,SL,81.88171,-1.0,0.8124,0.3737464691443269,1.2532224839955168,2026-09-03 01:10:00,SL
c9a29dd74b9bd2b3f893584b,OI_FUNDING,HYPE_USDT,SHORT,81.071,1.0,1.5,12,81.88171,79.854935,SL,81.88171,-1.0,0.8124,0.3737464691443269,1.6985111815569012,2026-09-03 01:10:00,SL
c9a29dd74b9bd2b3f893584b,OI_FUNDING,HYPE_USDT,SHORT,81.071,1.0,1.5,24,81.88171,79.854935,SL,81.88171,-1.0,0.8124,0.3737464691443269,3.843544547372056,2026-09-03 01:10:00,SL
c9a29dd74b9bd2b3f893584b,OI_FUNDING,HYPE_USDT,SHORT,81.071,1.0,2.0,3,81.88171,79.44958,SL,81.88171,-1.0,0.8124,0.19365741140481366,1.2532224839955168,2026-09-03 01:10:00,SL
c9a29dd74b9bd2b3f893584b,OI_FUNDING,HYPE_USDT,SHORT,81.071,1.0,2.0,6,81.88171,79.44958,SL,81.88171,-1.0,0.8124,0.3737464691443269,1.2532224839955168,2026-09-03 01:10:00,SL
c9a29dd74b9bd2b3f893584b,OI_FUNDING,HYPE_USDT,SHORT,81.071,1.0,2.0,12,81.88171,79.44958,SL,81.88171,-1.0,0.8124,0.3737464691443269,1.6985111815569012,2026-09-03 01:10:00,SL
c9a29dd74b9bd2b3f893584b,OI_FUNDING,HYPE_USDT,SHORT,81.071,1.0,2.0,24,81.88171,79.44958,SL,81.88171,-1.0,0.8124,0.3737464691443269,3.843544547372056,2026-09-03 01:10:00,SL
62413abd72c3306d28abbcc4,HIGH_EDGE,SKHYNIXSTOCK_USDT,LONG,1197.22,0.25,1.0,3,1194.22695,1200.21305,TP,1200.21305,1.0,0.4767,1.6321143983561888,0.18125323666494653,2026-09-03 01:00:00,TP
62413abd72c3306d28abbcc4,HIGH_EDGE,SKHYNIXSTOCK_USDT,LONG,1197.22,0.25,1.0,6,1194.22695,1200.21305,TP,1200.21305,1.0,0.4767,1.7473814336546392,0.18125323666494653,2026-09-03 01:00:00,TP
62413abd72c3306d28abbcc4,HIGH_EDGE,SKHYNIXSTOCK_USDT,LONG,1197.22,0.25,1.0,12,1194.22695,1200.21305,TP,1200.21305,1.0,0.4767,1.7473814336546392,0.5295601476754412,2026-09-03 01:00:00,TP
62413abd72c3306d28abbcc4,HIGH_EDGE,SKHYNIXSTOCK_USDT,LONG,1197.22,0.25,1.0,24,1194.22695,1200.21305,TP,1200.21305,1.0,0.4767,1.7473814336546392,4.079450727518745,2026-09-03 01:00:00,TP
62413abd72c3306d28abbcc4,HIGH_EDGE,SKHYNIXSTOCK_USDT,LONG,1197.22,0.25,1.5,3,1194.22695,1201.7095749999999,TP,1201.7095749999999,1.5,0.4767,1.6321143983561888,0.18125323666494653,2026-09-03 01:00:00,TP
62413abd72c3306d28abbcc4,HIGH_EDGE,SKHYNIXSTOCK_USDT,LONG,1197.22,0.25,1.5,6,1194.22695,1201.7095749999999,TP,1201.7095749999999,1.5,0.4767,1.7473814336546392,0.18125323666494653,2026-09-03 01:00:00,TP
62413abd72c3306d28abbcc4,HIGH_EDGE,SKHYNIXSTOCK_USDT,LONG,1197.22,0.25,1.5,12,1194.22695,1201.7095749999999,TP,1201.7095749999999,1.5,0.4767,1.7473814336546392,0.5295601476754412,2026-09-03 01:00:00,TP
62413abd72c3306d28abbcc4,HIGH_EDGE,SKHYNIXSTOCK_USDT,LONG,1197.22,0.25,1.5,24,1194.22695,1201.7095749999999,TP,1201.7095749999999,1.5,0.4767,1.7473814336546392,4.079450727518745,2026-09-03 01:00:00,TP
62413abd72c3306d28abbcc4,HIGH_EDGE,SKHYNIXSTOCK_USDT,LONG,1197.22,0.25,2.0,3,1194.22695,1203.2060999999999,TP,1203.2060999999999,2.0,0.6434,1.6321143983561888,0.18125323666494653,2026-09-03 01:10:00,TP
62413abd72c3306d28abbcc4,HIGH_EDGE,SKHYNIXSTOCK_USDT,LONG,1197.22,0.25,2.0,6,1194.22695,1203.2060999999999,TP,1203.2060999999999,2.0,0.6434,1.7473814336546392,0.18125323666494653,2026-09-03 01:10:00,TP
62413abd72c3306d28abbcc4,HIGH_EDGE,SKHYNIXSTOCK_USDT,LONG,1197.22,0.25,2.0,12,1194.22695,1203.2060999999999,TP,1203.2060999999999,2.0,0.6434,1.7473814336546392,0.5295601476754412,2026-09-03 01:10:00,TP
62413abd72c3306d28abbcc4,HIGH_EDGE,SKHYNIXSTOCK_USDT,LONG,1197.22,0.25,2.0,24,1194.22695,1203.2060999999999,TP,1203.2060999999999,2.0,0.6434,1.7473814336546392,4.079450727518745,2026-09-03 01:10:00,TP
62413abd72c3306d28abbcc4,HIGH_EDGE,SKHYNIXSTOCK_USDT,LONG,1197.22,0.35,1.0,3,1193.0297300000002,1201.41027,TP,1201.41027,1.0,0.4767,1.6321143983561888,0.18125323666494653,2026-09-03 01:00:00,TP
62413abd72c3306d28abbcc4,HIGH_EDGE,SKHYNIXSTOCK_USDT,LONG,1197.22,0.35,1.0,6,1193.0297300000002,1201.41027,TP,1201.41027,1.0,0.4767,1.7473814336546392,0.18125323666494653,2026-09-03 01:00:00,TP
62413abd72c3306d28abbcc4,HIGH_EDGE,SKHYNIXSTOCK_USDT,LONG,1197.22,0.35,1.0,12,1193.0297300000002,1201.41027,TP,1201.41027,1.0,0.4767,1.7473814336546392,0.5295601476754412,2026-09-03 01:00:00,TP
62413abd72c3306d28abbcc4,HIGH_EDGE,SKHYNIXSTOCK_USDT,LONG,1197.22,0.35,1.0,24,1193.0297300000002,1201.41027,TP,1201.41027,1.0,0.4767,1.7473814336546392,4.079450727518745,2026-09-03 01:00:00,TP
62413abd72c3306d28abbcc4,HIGH_EDGE,SKHYNIXSTOCK_USDT,LONG,1197.22,0.35,1.5,3,1193.0297300000002,1203.505405,TP,1203.505405,1.5,0.6434,1.6321143983561888,0.18125323666494653,2026-09-03 01:10:00,TP
62413abd72c3306d28abbcc4,HIGH_EDGE,SKHYNIXSTOCK_USDT,LONG,1197.22,0.35,1.5,6,1193.0297300000002,1203.505405,TP,1203.505405,1.5,0.6434,1.7473814336546392,0.18125323666494653,2026-09-03 01:10:00,TP
62413abd72c3306d28abbcc4,HIGH_EDGE,SKHYNIXSTOCK_USDT,LONG,1197.22,0.35,1.5,12,1193.0297300000002,1203.505405,TP,1203.505405,1.5,0.6434,1.7473814336546392,0.5295601476754412,2026-09-03 01:10:00,TP
62413abd72c3306d28abbcc4,HIGH_EDGE,SKHYNIXSTOCK_USDT,LONG,1197.22,0.35,1.5,24,1193.0297300000002,1203.505405,TP,1203.505405,1.5,0.6434,1.7473814336546392,4.079450727518745,2026-09-03 01:10:00,TP
62413abd72c3306d28abbcc4,HIGH_EDGE,SKHYNIXSTOCK_USDT,LONG,1197.22,0.35,2.0,3,1193.0297300000002,1205.60054,TP,1205.60054,2.0,2.8934,1.6321143983561888,0.18125323666494653,2026-09-03 03:25:00,TP
62413abd72c3306d28abbcc4,HIGH_EDGE,SKHYNIXSTOCK_USDT,LONG,1197.22,0.35,2.0,6,1193.0297300000002,1205.60054,TP,1205.60054,2.0,2.8934,1.7473814336546392,0.18125323666494653,2026-09-03 03:25:00,TP
62413abd72c3306d28abbcc4,HIGH_EDGE,SKHYNIXSTOCK_USDT,LONG,1197.22,0.35,2.0,12,1193.0297300000002,1205.60054,TP,1205.60054,2.0,2.8934,1.7473814336546392,0.5295601476754412,2026-09-03 03:25:00,TP
62413abd72c3306d28abbcc4,HIGH_EDGE,SKHYNIXSTOCK_USDT,LONG,1197.22,0.35,2.0,24,1193.0297300000002,1205.60054,TP,1205.60054,2.0,2.8934,1.7473814336546392,4.079450727518745,2026-09-03 03:25:00,TP
62413abd72c3306d28abbcc4,HIGH_EDGE,SKHYNIXSTOCK_USDT,LONG,1197.22,0.5,1.0,3,1191.2339,1203.2060999999999,TP,1203.2060999999999,1.0,0.6434,1.6321143983561888,0.18125323666494653,2026-09-03 01:10:00,TP
62413abd72c3306d28abbcc4,HIGH_EDGE,SKHYNIXSTOCK_USDT,LONG,1197.22,0.5,1.0,6,1191.2339,1203.2060999999999,TP,1203.2060999999999,1.0,0.6434,1.7473814336546392,0.18125323666494653,2026-09-03 01:10:00,TP
62413abd72c3306d28abbcc4,HIGH_EDGE,SKHYNIXSTOCK_USDT,LONG,1197.22,0.5,1.0,12,1191.2339,1203.2060999999999,TP,1203.2060999999999,1.0,0.6434,1.7473814336546392,0.5295601476754412,2026-09-03 01:10:00,TP
62413abd72c3306d28abbcc4,HIGH_EDGE,SKHYNIXSTOCK_USDT,LONG,1197.22,0.5,1.0,24,1191.2339,1203.2060999999999,TP,1203.2060999999999,1.0,0.6434,1.7473814336546392,4.079450727518745,2026-09-03 01:10:00,TP
62413abd72c3306d28abbcc4,HIGH_EDGE,SKHYNIXSTOCK_USDT,LONG,1197.22,0.5,1.5,3,1191.2339,1206.1991500000001,TP,1206.1991500000001,1.5,3.0601,1.6321143983561888,0.18125323666494653,2026-09-03 03:35:00,TP
62413abd72c3306d28abbcc4,HIGH_EDGE,SKHYNIXSTOCK_USDT,LONG,1197.22,0.5,1.5,6,1191.2339,1206.1991500000001,TP,1206.1991500000001,1.5,3.0601,1.7473814336546392,0.18125323666494653,2026-09-03 03:35:00,TP
62413abd72c3306d28abbcc4,HIGH_EDGE,SKHYNIXSTOCK_USDT,LONG,1197.22,0.5,1.5,12,1191.2339,1206.1991500000001,TP,1206.1991500000001,1.5,3.0601,1.7473814336546392,0.5295601476754412,2026-09-03 03:35:00,TP
62413abd72c3306d28abbcc4,HIGH_EDGE,SKHYNIXSTOCK_USDT,LONG,1197.22,0.5,1.5,24,1191.2339,1206.1991500000001,TP,1206.1991500000001,1.5,3.0601,1.7473814336546392,4.079450727518745,2026-09-03 03:35:00,TP
62413abd72c3306d28abbcc4,HIGH_EDGE,SKHYNIXSTOCK_USDT,LONG,1197.22,0.5,2.0,3,1191.2339,1209.1922,TP,1209.1922,2.0,3.0601,1.6321143983561888,0.18125323666494653,2026-09-03 03:35:00,TP
62413abd72c3306d28abbcc4,HIGH_EDGE,SKHYNIXSTOCK_USDT,LONG,1197.22,0.5,2.0,6,1191.2339,1209.1922,TP,1209.1922,2.0,3.0601,1.7473814336546392,0.18125323666494653,2026-09-03 03:35:00,TP
62413abd72c3306d28abbcc4,HIGH_EDGE,SKHYNIXSTOCK_USDT,LONG,1197.22,0.5,2.0,12,1191.2339,1209.1922,TP,1209.1922,2.0,3.0601,1.7473814336546392,0.5295601476754412,2026-09-03 03:35:00,TP
62413abd72c3306d28abbcc4,HIGH_EDGE,SKHYNIXSTOCK_USDT,LONG,1197.22,0.5,2.0,24,1191.2339,1209.1922,TP,1209.1922,2.0,3.0601,1.7473814336546392,4.079450727518745,2026-09-03 03:35:00,TP
62413abd72c3306d28abbcc4,HIGH_EDGE,SKHYNIXSTOCK_USDT,LONG,1197.22,0.75,1.0,3,1188.2408500000001,1206.1991500000001,TP,1206.1991500000001,1.0,3.0601,1.6321143983561888,0.18125323666494653,2026-09-03 03:35:00,TP
62413abd72c3306d28abbcc4,HIGH_EDGE,SKHYNIXSTOCK_USDT,LONG,1197.22,0.75,1.0,6,1188.2408500000001,1206.1991500000001,TP,1206.1991500000001,1.0,3.0601,1.7473814336546392,0.18125323666494653,2026-09-03 03:35:00,TP
62413abd72c3306d28abbcc4,HIGH_EDGE,SKHYNIXSTOCK_USDT,LONG,1197.22,0.75,1.0,12,1188.2408500000001,1206.1991500000001,TP,1206.1991500000001,1.0,3.0601,1.7473814336546392,0.5295601476754412,2026-09-03 03:35:00,TP
62413abd72c3306d28abbcc4,HIGH_EDGE,SKHYNIXSTOCK_USDT,LONG,1197.22,0.75,1.0,24,1188.2408500000001,1206.1991500000001,TP,1206.1991500000001,1.0,3.0601,1.7473814336546392,4.079450727518745,2026-09-03 03:35:00,TP
62413abd72c3306d28abbcc4,HIGH_EDGE,SKHYNIXSTOCK_USDT,LONG,1197.22,0.75,1.5,3,1188.2408500000001,1210.688725,TP,1210.688725,1.5,3.0601,1.6321143983561888,0.18125323666494653,2026-09-03 03:35:00,TP
62413abd72c3306d28abbcc4,HIGH_EDGE,SKHYNIXSTOCK_USDT,LONG,1197.22,0.75,1.5,6,1188.2408500000001,1210.688725,TP,1210.688725,1.5,3.0601,1.7473814336546392,0.18125323666494653,2026-09-03 03:35:00,TP
62413abd72c3306d28abbcc4,HIGH_EDGE,SKHYNIXSTOCK_USDT,LONG,1197.22,0.75,1.5,12,1188.2408500000001,1210.688725,TP,1210.688725,1.5,3.0601,1.7473814336546392,0.5295601476754412,2026-09-03 03:35:00,TP
62413abd72c3306d28abbcc4,HIGH_EDGE,SKHYNIXSTOCK_USDT,LONG,1197.22,0.75,1.5,24,1188.2408500000001,1210.688725,TP,1210.688725,1.5,3.0601,1.7473814336546392,4.079450727518745,2026-09-03 03:35:00,TP
62413abd72c3306d28abbcc4,HIGH_EDGE,SKHYNIXSTOCK_USDT,LONG,1197.22,0.75,2.0,3,1188.2408500000001,1215.1782999999998,TP,1215.1782999999998,2.0,3.0601,1.6321143983561888,0.18125323666494653,2026-09-03 03:35:00,TP
62413abd72c3306d28abbcc4,HIGH_EDGE,SKHYNIXSTOCK_USDT,LONG,1197.22,0.75,2.0,6,1188.2408500000001,1215.1782999999998,TP,1215.1782999999998,2.0,3.0601,1.7473814336546392,0.18125323666494653,2026-09-03 03:35:00,TP
62413abd72c3306d28abbcc4,HIGH_EDGE,SKHYNIXSTOCK_USDT,LONG,1197.22,0.75,2.0,12,1188.2408500000001,1215.1782999999998,TP,1215.1782999999998,2.0,3.0601,1.7473814336546392,0.5295601476754412,2026-09-03 03:35:00,TP
62413abd72c3306d28abbcc4,HIGH_EDGE,SKHYNIXSTOCK_USDT,LONG,1197.22,0.75,2.0,24,1188.2408500000001,1215.1782999999998,TP,1215.1782999999998,2.0,3.0601,1.7473814336546392,4.079450727518745,2026-09-03 03:35:00,TP
62413abd72c3306d28abbcc4,HIGH_EDGE,SKHYNIXSTOCK_USDT,LONG,1197.22,1.0,1.0,3,1185.2478,1209.1922,TP,1209.1922,1.0,3.0601,1.6321143983561888,0.18125323666494653,2026-09-03 03:35:00,TP
62413abd72c3306d28abbcc4,HIGH_EDGE,SKHYNIXSTOCK_USDT,LONG,1197.22,1.0,1.0,6,1185.2478,1209.1922,TP,1209.1922,1.0,3.0601,1.7473814336546392,0.18125323666494653,2026-09-03 03:35:00,TP
62413abd72c3306d28abbcc4,HIGH_EDGE,SKHYNIXSTOCK_USDT,LONG,1197.22,1.0,1.0,12,1185.2478,1209.1922,TP,1209.1922,1.0,3.0601,1.7473814336546392,0.5295601476754412,2026-09-03 03:35:00,TP
62413abd72c3306d28abbcc4,HIGH_EDGE,SKHYNIXSTOCK_USDT,LONG,1197.22,1.0,1.0,24,1185.2478,1209.1922,TP,1209.1922,1.0,3.0601,1.7473814336546392,4.079450727518745,2026-09-03 03:35:00,TP
62413abd72c3306d28abbcc4,HIGH_EDGE,SKHYNIXSTOCK_USDT,LONG,1197.22,1.0,1.5,3,1185.2478,1215.1782999999998,TP,1215.1782999999998,1.5,3.0601,1.6321143983561888,0.18125323666494653,2026-09-03 03:35:00,TP
62413abd72c3306d28abbcc4,HIGH_EDGE,SKHYNIXSTOCK_USDT,LONG,1197.22,1.0,1.5,6,1185.2478,1215.1782999999998,TP,1215.1782999999998,1.5,3.0601,1.7473814336546392,0.18125323666494653,2026-09-03 03:35:00,TP
62413abd72c3306d28abbcc4,HIGH_EDGE,SKHYNIXSTOCK_USDT,LONG,1197.22,1.0,1.5,12,1185.2478,1215.1782999999998,TP,1215.1782999999998,1.5,3.0601,1.7473814336546392,0.5295601476754412,2026-09-03 03:35:00,TP
62413abd72c3306d28abbcc4,HIGH_EDGE,SKHYNIXSTOCK_USDT,LONG,1197.22,1.0,1.5,24,1185.2478,1215.1782999999998,TP,1215.1782999999998,1.5,3.0601,1.7473814336546392,4.079450727518745,2026-09-03 03:35:00,TP
62413abd72c3306d28abbcc4,HIGH_EDGE,SKHYNIXSTOCK_USDT,LONG,1197.22,1.0,2.0,3,1185.2478,1221.1644000000001,TIME_EXIT,1211.44,1.18775162,3.0601,1.6321143983561888,0.18125323666494653,2026-09-03 03:35:00,3h時間切れ
62413abd72c3306d28abbcc4,HIGH_EDGE,SKHYNIXSTOCK_USDT,LONG,1197.22,1.0,2.0,6,1185.2478,1221.1644000000001,TIME_EXIT,1215.32,1.51183575,6.0601,1.7473814336546392,0.18125323666494653,2026-09-03 06:35:00,6h時間切れ
62413abd72c3306d28abbcc4,HIGH_EDGE,SKHYNIXSTOCK_USDT,LONG,1197.22,1.0,2.0,12,1185.2478,1221.1644000000001,TIME_EXIT,1203.46,0.52120746,12.0601,1.7473814336546392,0.5295601476754412,2026-09-03 12:35:00,12h時間切れ
62413abd72c3306d28abbcc4,HIGH_EDGE,SKHYNIXSTOCK_USDT,LONG,1197.22,1.0,2.0,24,1185.2478,1221.1644000000001,SL,1185.2478,-1.0,13.7267,1.7473814336546392,4.079450727518745,2026-09-03 14:15:00,SL
fbfae7eb9adc525d9d955f88,HIGH_EDGE,SNDKSTOCK_USDT,LONG,1544.14,0.25,1.0,3,1540.2796500000002,1548.00035,TP,1548.00035,1.0,0.1434,0.4993070576502006,0.718846736694868,2026-09-03 00:40:00,TP
fbfae7eb9adc525d9d955f88,HIGH_EDGE,SNDKSTOCK_USDT,LONG,1544.14,0.25,1.0,6,1540.2796500000002,1548.00035,TP,1548.00035,1.0,0.1434,1.2615436424158295,0.718846736694868,2026-09-03 00:40:00,TP
fbfae7eb9adc525d9d955f88,HIGH_EDGE,SNDKSTOCK_USDT,LONG,1544.14,0.25,1.0,12,1540.2796500000002,1548.00035,TP,1548.00035,1.0,0.1434,1.2615436424158295,0.718846736694868,2026-09-03 00:40:00,TP
fbfae7eb9adc525d9d955f88,HIGH_EDGE,SNDKSTOCK_USDT,LONG,1544.14,0.25,1.0,24,1540.2796500000002,1548.00035,TP,1548.00035,1.0,0.1434,1.2615436424158295,1.8871345862421864,2026-09-03 00:40:00,TP
fbfae7eb9adc525d9d955f88,HIGH_EDGE,SNDKSTOCK_USDT,LONG,1544.14,0.25,1.5,3,1540.2796500000002,1549.930525,TP,1549.930525,1.5,0.1434,0.4993070576502006,0.718846736694868,2026-09-03 00:40:00,TP
fbfae7eb9adc525d9d955f88,HIGH_EDGE,SNDKSTOCK_USDT,LONG,1544.14,0.25,1.5,6,1540.2796500000002,1549.930525,TP,1549.930525,1.5,0.1434,1.2615436424158295,0.718846736694868,2026-09-03 00:40:00,TP
fbfae7eb9adc525d9d955f88,HIGH_EDGE,SNDKSTOCK_USDT,LONG,1544.14,0.25,1.5,12,1540.2796500000002,1549.930525,TP,1549.930525,1.5,0.1434,1.2615436424158295,0.718846736694868,2026-09-03 00:40:00,TP
fbfae7eb9adc525d9d955f88,HIGH_EDGE,SNDKSTOCK_USDT,LONG,1544.14,0.25,1.5,24,1540.2796500000002,1549.930525,TP,1549.930525,1.5,0.1434,1.2615436424158295,1.8871345862421864,2026-09-03 00:40:00,TP
fbfae7eb9adc525d9d955f88,HIGH_EDGE,SNDKSTOCK_USDT,LONG,1544.14,0.25,2.0,3,1540.2796500000002,1551.8607,SL,1540.2796500000002,-1.0,0.3101,0.4993070576502006,0.718846736694868,2026-09-03 00:50:00,SL
fbfae7eb9adc525d9d955f88,HIGH_EDGE,SNDKSTOCK_USDT,LONG,1544.14,0.25,2.0,6,1540.2796500000002,1551.8607,SL,1540.2796500000002,-1.0,0.3101,1.2615436424158295,0.718846736694868,2026-09-03 00:50:00,SL
fbfae7eb9adc525d9d955f88,HIGH_EDGE,SNDKSTOCK_USDT,LONG,1544.14,0.25,2.0,12,1540.2796500000002,1551.8607,SL,1540.2796500000002,-1.0,0.3101,1.2615436424158295,0.718846736694868,2026-09-03 00:50:00,SL
fbfae7eb9adc525d9d955f88,HIGH_EDGE,SNDKSTOCK_USDT,LONG,1544.14,0.25,2.0,24,1540.2796500000002,1551.8607,SL,1540.2796500000002,-1.0,0.3101,1.2615436424158295,1.8871345862421864,2026-09-03 00:50:00,SL
fbfae7eb9adc525d9d955f88,HIGH_EDGE,SNDKSTOCK_USDT,LONG,1544.14,0.35,1.0,3,1538.7355100000002,1549.5444900000002,TP,1549.5444900000002,1.0,0.1434,0.4993070576502006,0.718846736694868,2026-09-03 00:40:00,TP
fbfae7eb9adc525d9d955f88,HIGH_EDGE,SNDKSTOCK_USDT,LONG,1544.14,0.35,1.0,6,1538.7355100000002,1549.5444900000002,TP,1549.5444900000002,1.0,0.1434,1.2615436424158295,0.718846736694868,2026-09-03 00:40:00,TP
fbfae7eb9adc525d9d955f88,HIGH_EDGE,SNDKSTOCK_USDT,LONG,1544.14,0.35,1.0,12,1538.7355100000002,1549.5444900000002,TP,1549.5444900000002,1.0,0.1434,1.2615436424158295,0.718846736694868,2026-09-03 00:40:00,TP
fbfae7eb9adc525d9d955f88,HIGH_EDGE,SNDKSTOCK_USDT,LONG,1544.14,0.35,1.0,24,1538.7355100000002,1549.5444900000002,TP,1549.5444900000002,1.0,0.1434,1.2615436424158295,1.8871345862421864,2026-09-03 00:40:00,TP
fbfae7eb9adc525d9d955f88,HIGH_EDGE,SNDKSTOCK_USDT,LONG,1544.14,0.35,1.5,3,1538.7355100000002,1552.2467350000002,SL,1538.7355100000002,-1.0,0.3101,0.4993070576502006,0.718846736694868,2026-09-03 00:50:00,SL
fbfae7eb9adc525d9d955f88,HIGH_EDGE,SNDKSTOCK_USDT,LONG,1544.14,0.35,1.5,6,1538.7355100000002,1552.2467350000002,SL,1538.7355100000002,-1.0,0.3101,1.2615436424158295,0.718846736694868,2026-09-03 00:50:00,SL
fbfae7eb9adc525d9d955f88,HIGH_EDGE,SNDKSTOCK_USDT,LONG,1544.14,0.35,1.5,12,1538.7355100000002,1552.2467350000002,SL,1538.7355100000002,-1.0,0.3101,1.2615436424158295,0.718846736694868,2026-09-03 00:50:00,SL
fbfae7eb9adc525d9d955f88,HIGH_EDGE,SNDKSTOCK_USDT,LONG,1544.14,0.35,1.5,24,1538.7355100000002,1552.2467350000002,SL,1538.7355100000002,-1.0,0.3101,1.2615436424158295,1.8871345862421864,2026-09-03 00:50:00,SL
fbfae7eb9adc525d9d955f88,HIGH_EDGE,SNDKSTOCK_USDT,LONG,1544.14,0.35,2.0,3,1538.7355100000002,1554.94898,SL,1538.7355100000002,-1.0,0.3101,0.4993070576502006,0.718846736694868,2026-09-03 00:50:00,SL
fbfae7eb9adc525d9d955f88,HIGH_EDGE,SNDKSTOCK_USDT,LONG,1544.14,0.35,2.0,6,1538.7355100000002,1554.94898,SL,1538.7355100000002,-1.0,0.3101,1.2615436424158295,0.718846736694868,2026-09-03 00:50:00,SL
fbfae7eb9adc525d9d955f88,HIGH_EDGE,SNDKSTOCK_USDT,LONG,1544.14,0.35,2.0,12,1538.7355100000002,1554.94898,SL,1538.7355100000002,-1.0,0.3101,1.2615436424158295,0.718846736694868,2026-09-03 00:50:00,SL
fbfae7eb9adc525d9d955f88,HIGH_EDGE,SNDKSTOCK_USDT,LONG,1544.14,0.35,2.0,24,1538.7355100000002,1554.94898,SL,1538.7355100000002,-1.0,0.3101,1.2615436424158295,1.8871345862421864,2026-09-03 00:50:00,SL
fbfae7eb9adc525d9d955f88,HIGH_EDGE,SNDKSTOCK_USDT,LONG,1544.14,0.5,1.0,3,1536.4193,1551.8607,SL,1536.4193,-1.0,1.3934,0.4993070576502006,0.718846736694868,2026-09-03 01:55:00,SL
fbfae7eb9adc525d9d955f88,HIGH_EDGE,SNDKSTOCK_USDT,LONG,1544.14,0.5,1.0,6,1536.4193,1551.8607,SL,1536.4193,-1.0,1.3934,1.2615436424158295,0.718846736694868,2026-09-03 01:55:00,SL
fbfae7eb9adc525d9d955f88,HIGH_EDGE,SNDKSTOCK_USDT,LONG,1544.14,0.5,1.0,12,1536.4193,1551.8607,SL,1536.4193,-1.0,1.3934,1.2615436424158295,0.718846736694868,2026-09-03 01:55:00,SL
fbfae7eb9adc525d9d955f88,HIGH_EDGE,SNDKSTOCK_USDT,LONG,1544.14,0.5,1.0,24,1536.4193,1551.8607,SL,1536.4193,-1.0,1.3934,1.2615436424158295,1.8871345862421864,2026-09-03 01:55:00,SL
fbfae7eb9adc525d9d955f88,HIGH_EDGE,SNDKSTOCK_USDT,LONG,1544.14,0.5,1.5,3,1536.4193,1555.72105,SL,1536.4193,-1.0,1.3934,0.4993070576502006,0.718846736694868,2026-09-03 01:55:00,SL
fbfae7eb9adc525d9d955f88,HIGH_EDGE,SNDKSTOCK_USDT,LONG,1544.14,0.5,1.5,6,1536.4193,1555.72105,SL,1536.4193,-1.0,1.3934,1.2615436424158295,0.718846736694868,2026-09-03 01:55:00,SL
fbfae7eb9adc525d9d955f88,HIGH_EDGE,SNDKSTOCK_USDT,LONG,1544.14,0.5,1.5,12,1536.4193,1555.72105,SL,1536.4193,-1.0,1.3934,1.2615436424158295,0.718846736694868,2026-09-03 01:55:00,SL
fbfae7eb9adc525d9d955f88,HIGH_EDGE,SNDKSTOCK_USDT,LONG,1544.14,0.5,1.5,24,1536.4193,1555.72105,SL,1536.4193,-1.0,1.3934,1.2615436424158295,1.8871345862421864,2026-09-03 01:55:00,SL
fbfae7eb9adc525d9d955f88,HIGH_EDGE,SNDKSTOCK_USDT,LONG,1544.14,0.5,2.0,3,1536.4193,1559.5814,SL,1536.4193,-1.0,1.3934,0.4993070576502006,0.718846736694868,2026-09-03 01:55:00,SL
fbfae7eb9adc525d9d955f88,HIGH_EDGE,SNDKSTOCK_USDT,LONG,1544.14,0.5,2.0,6,1536.4193,1559.5814,SL,1536.4193,-1.0,1.3934,1.2615436424158295,0.718846736694868,2026-09-03 01:55:00,SL
fbfae7eb9adc525d9d955f88,HIGH_EDGE,SNDKSTOCK_USDT,LONG,1544.14,0.5,2.0,12,1536.4193,1559.5814,SL,1536.4193,-1.0,1.3934,1.2615436424158295,0.718846736694868,2026-09-03 01:55:00,SL
fbfae7eb9adc525d9d955f88,HIGH_EDGE,SNDKSTOCK_USDT,LONG,1544.14,0.5,2.0,24,1536.4193,1559.5814,SL,1536.4193,-1.0,1.3934,1.2615436424158295,1.8871345862421864,2026-09-03 01:55:00,SL
fbfae7eb9adc525d9d955f88,HIGH_EDGE,SNDKSTOCK_USDT,LONG,1544.14,0.75,1.0,3,1532.55895,1555.72105,TIME_EXIT,1545.35,0.10448103,3.0601,0.4993070576502006,0.718846736694868,2026-09-03 03:35:00,3h時間切れ
fbfae7eb9adc525d9d955f88,HIGH_EDGE,SNDKSTOCK_USDT,LONG,1544.14,0.75,1.0,6,1532.55895,1555.72105,TP,1555.72105,1.0,4.3934,1.2615436424158295,0.718846736694868,2026-09-03 04:55:00,TP
fbfae7eb9adc525d9d955f88,HIGH_EDGE,SNDKSTOCK_USDT,LONG,1544.14,0.75,1.0,12,1532.55895,1555.72105,TP,1555.72105,1.0,4.3934,1.2615436424158295,0.718846736694868,2026-09-03 04:55:00,TP
fbfae7eb9adc525d9d955f88,HIGH_EDGE,SNDKSTOCK_USDT,LONG,1544.14,0.75,1.0,24,1532.55895,1555.72105,TP,1555.72105,1.0,4.3934,1.2615436424158295,1.8871345862421864,2026-09-03 04:55:00,TP
fbfae7eb9adc525d9d955f88,HIGH_EDGE,SNDKSTOCK_USDT,LONG,1544.14,0.75,1.5,3,1532.55895,1561.511575,TIME_EXIT,1545.35,0.10448103,3.0601,0.4993070576502006,0.718846736694868,2026-09-03 03:35:00,3h時間切れ
fbfae7eb9adc525d9d955f88,HIGH_EDGE,SNDKSTOCK_USDT,LONG,1544.14,0.75,1.5,6,1532.55895,1561.511575,TP,1561.511575,1.5,4.4767,1.2615436424158295,0.718846736694868,2026-09-03 05:00:00,TP
fbfae7eb9adc525d9d955f88,HIGH_EDGE,SNDKSTOCK_USDT,LONG,1544.14,0.75,1.5,12,1532.55895,1561.511575,TP,1561.511575,1.5,4.4767,1.2615436424158295,0.718846736694868,2026-09-03 05:00:00,TP
fbfae7eb9adc525d9d955f88,HIGH_EDGE,SNDKSTOCK_USDT,LONG,1544.14,0.75,1.5,24,1532.55895,1561.511575,TP,1561.511575,1.5,4.4767,1.2615436424158295,1.8871345862421864,2026-09-03 05:00:00,TP
fbfae7eb9adc525d9d955f88,HIGH_EDGE,SNDKSTOCK_USDT,LONG,1544.14,0.75,2.0,3,1532.55895,1567.3020999999999,TIME_EXIT,1545.35,0.10448103,3.0601,0.4993070576502006,0.718846736694868,2026-09-03 03:35:00,3h時間切れ
fbfae7eb9adc525d9d955f88,HIGH_EDGE,SNDKSTOCK_USDT,LONG,1544.14,0.75,2.0,6,1532.55895,1567.3020999999999,TIME_EXIT,1549.54,0.46627896,6.0601,1.2615436424158295,0.718846736694868,2026-09-03 06:35:00,6h時間切れ
fbfae7eb9adc525d9d955f88,HIGH_EDGE,SNDKSTOCK_USDT,LONG,1544.14,0.75,2.0,12,1532.55895,1567.3020999999999,TIME_EXIT,1551.98,0.67696798,12.0601,1.2615436424158295,0.718846736694868,2026-09-03 12:35:00,12h時間切れ
fbfae7eb9adc525d9d955f88,HIGH_EDGE,SNDKSTOCK_USDT,LONG,1544.14,0.75,2.0,24,1532.55895,1567.3020999999999,SL,1532.55895,-1.0,13.8934,1.2615436424158295,1.8871345862421864,2026-09-03 14:25:00,SL
fbfae7eb9adc525d9d955f88,HIGH_EDGE,SNDKSTOCK_USDT,LONG,1544.14,1.0,1.0,3,1528.6986000000002,1559.5814,TIME_EXIT,1545.35,0.07836077,3.0601,0.4993070576502006,0.718846736694868,2026-09-03 03:35:00,3h時間切れ
fbfae7eb9adc525d9d955f88,HIGH_EDGE,SNDKSTOCK_USDT,LONG,1544.14,1.0,1.0,6,1528.6986000000002,1559.5814,TP,1559.5814,1.0,4.4767,1.2615436424158295,0.718846736694868,2026-09-03 05:00:00,TP
fbfae7eb9adc525d9d955f88,HIGH_EDGE,SNDKSTOCK_USDT,LONG,1544.14,1.0,1.0,12,1528.6986000000002,1559.5814,TP,1559.5814,1.0,4.4767,1.2615436424158295,0.718846736694868,2026-09-03 05:00:00,TP
fbfae7eb9adc525d9d955f88,HIGH_EDGE,SNDKSTOCK_USDT,LONG,1544.14,1.0,1.0,24,1528.6986000000002,1559.5814,TP,1559.5814,1.0,4.4767,1.2615436424158295,1.8871345862421864,2026-09-03 05:00:00,TP
fbfae7eb9adc525d9d955f88,HIGH_EDGE,SNDKSTOCK_USDT,LONG,1544.14,1.0,1.5,3,1528.6986000000002,1567.3020999999999,TIME_EXIT,1545.35,0.07836077,3.0601,0.4993070576502006,0.718846736694868,2026-09-03 03:35:00,3h時間切れ
fbfae7eb9adc525d9d955f88,HIGH_EDGE,SNDKSTOCK_USDT,LONG,1544.14,1.0,1.5,6,1528.6986000000002,1567.3020999999999,TIME_EXIT,1549.54,0.34970922,6.0601,1.2615436424158295,0.718846736694868,2026-09-03 06:35:00,6h時間切れ
fbfae7eb9adc525d9d955f88,HIGH_EDGE,SNDKSTOCK_USDT,LONG,1544.14,1.0,1.5,12,1528.6986000000002,1567.3020999999999,TIME_EXIT,1551.98,0.50772598,12.0601,1.2615436424158295,0.718846736694868,2026-09-03 12:35:00,12h時間切れ
fbfae7eb9adc525d9d955f88,HIGH_EDGE,SNDKSTOCK_USDT,LONG,1544.14,1.0,1.5,24,1528.6986000000002,1567.3020999999999,SL,1528.6986000000002,-1.0,13.8934,1.2615436424158295,1.8871345862421864,2026-09-03 14:25:00,SL
fbfae7eb9adc525d9d955f88,HIGH_EDGE,SNDKSTOCK_USDT,LONG,1544.14,1.0,2.0,3,1528.6986000000002,1575.0228000000002,TIME_EXIT,1545.35,0.07836077,3.0601,0.4993070576502006,0.718846736694868,2026-09-03 03:35:00,3h時間切れ
fbfae7eb9adc525d9d955f88,HIGH_EDGE,SNDKSTOCK_USDT,LONG,1544.14,1.0,2.0,6,1528.6986000000002,1575.0228000000002,TIME_EXIT,1549.54,0.34970922,6.0601,1.2615436424158295,0.718846736694868,2026-09-03 06:35:00,6h時間切れ
fbfae7eb9adc525d9d955f88,HIGH_EDGE,SNDKSTOCK_USDT,LONG,1544.14,1.0,2.0,12,1528.6986000000002,1575.0228000000002,TIME_EXIT,1551.98,0.50772598,12.0601,1.2615436424158295,0.718846736694868,2026-09-03 12:35:00,12h時間切れ
fbfae7eb9adc525d9d955f88,HIGH_EDGE,SNDKSTOCK_USDT,LONG,1544.14,1.0,2.0,24,1528.6986000000002,1575.0228000000002,SL,1528.6986000000002,-1.0,13.8934,1.2615436424158295,1.8871345862421864,2026-09-03 14:25:00,SL
863623fd9d60ac38d0f610a8,TREND_VOLUME,USOIL_USDT,LONG,90.64,0.25,1.0,3,90.41340000000001,90.86659999999999,TP,90.86659999999999,1.0,0.3101,0.7943512797881717,0.20962047661076538,2026-09-03 00:50:00,TP
863623fd9d60ac38d0f610a8,TREND_VOLUME,USOIL_USDT,LONG,90.64,0.25,1.0,6,90.41340000000001,90.86659999999999,TP,90.86659999999999,1.0,0.3101,0.7943512797881717,0.49646954986761127,2026-09-03 00:50:00,TP
863623fd9d60ac38d0f610a8,TREND_VOLUME,USOIL_USDT,LONG,90.64,0.25,1.0,12,90.41340000000001,90.86659999999999,TP,90.86659999999999,1.0,0.3101,0.7943512797881717,0.49646954986761127,2026-09-03 00:50:00,TP
863623fd9d60ac38d0f610a8,TREND_VOLUME,USOIL_USDT,LONG,90.64,0.25,1.0,24,90.41340000000001,90.86659999999999,TP,90.86659999999999,1.0,0.3101,2.537511032656661,1.3128861429832277,2026-09-03 00:50:00,TP
863623fd9d60ac38d0f610a8,TREND_VOLUME,USOIL_USDT,LONG,90.64,0.25,1.5,3,90.41340000000001,90.97989999999999,TP,90.97989999999999,1.5,1.2267,0.7943512797881717,0.20962047661076538,2026-09-03 01:45:00,TP
863623fd9d60ac38d0f610a8,TREND_VOLUME,USOIL_USDT,LONG,90.64,0.25,1.5,6,90.41340000000001,90.97989999999999,TP,90.97989999999999,1.5,1.2267,0.7943512797881717,0.49646954986761127,2026-09-03 01:45:00,TP
863623fd9d60ac38d0f610a8,TREND_VOLUME,USOIL_USDT,LONG,90.64,0.25,1.5,12,90.41340000000001,90.97989999999999,TP,90.97989999999999,1.5,1.2267,0.7943512797881717,0.49646954986761127,2026-09-03 01:45:00,TP
863623fd9d60ac38d0f610a8,TREND_VOLUME,USOIL_USDT,LONG,90.64,0.25,1.5,24,90.41340000000001,90.97989999999999,TP,90.97989999999999,1.5,1.2267,2.537511032656661,1.3128861429832277,2026-09-03 01:45:00,TP
863623fd9d60ac38d0f610a8,TREND_VOLUME,USOIL_USDT,LONG,90.64,0.25,2.0,3,90.41340000000001,91.0932,TP,91.0932,2.0,1.2267,0.7943512797881717,0.20962047661076538,2026-09-03 01:45:00,TP
863623fd9d60ac38d0f610a8,TREND_VOLUME,USOIL_USDT,LONG,90.64,0.25,2.0,6,90.41340000000001,91.0932,TP,91.0932,2.0,1.2267,0.7943512797881717,0.49646954986761127,2026-09-03 01:45:00,TP
863623fd9d60ac38d0f610a8,TREND_VOLUME,USOIL_USDT,LONG,90.64,0.25,2.0,12,90.41340000000001,91.0932,TP,91.0932,2.0,1.2267,0.7943512797881717,0.49646954986761127,2026-09-03 01:45:00,TP
863623fd9d60ac38d0f610a8,TREND_VOLUME,USOIL_USDT,LONG,90.64,0.25,2.0,24,90.41340000000001,91.0932,TP,91.0932,2.0,1.2267,2.537511032656661,1.3128861429832277,2026-09-03 01:45:00,TP
863623fd9d60ac38d0f610a8,TREND_VOLUME,USOIL_USDT,LONG,90.64,0.35,1.0,3,90.32276,90.95724000000001,TP,90.95724000000001,1.0,1.2267,0.7943512797881717,0.20962047661076538,2026-09-03 01:45:00,TP
863623fd9d60ac38d0f610a8,TREND_VOLUME,USOIL_USDT,LONG,90.64,0.35,1.0,6,90.32276,90.95724000000001,TP,90.95724000000001,1.0,1.2267,0.7943512797881717,0.49646954986761127,2026-09-03 01:45:00,TP
863623fd9d60ac38d0f610a8,TREND_VOLUME,USOIL_USDT,LONG,90.64,0.35,1.0,12,90.32276,90.95724000000001,TP,90.95724000000001,1.0,1.2267,0.7943512797881717,0.49646954986761127,2026-09-03 01:45:00,TP
863623fd9d60ac38d0f610a8,TREND_VOLUME,USOIL_USDT,LONG,90.64,0.35,1.0,24,90.32276,90.95724000000001,TP,90.95724000000001,1.0,1.2267,2.537511032656661,1.3128861429832277,2026-09-03 01:45:00,TP
863623fd9d60ac38d0f610a8,TREND_VOLUME,USOIL_USDT,LONG,90.64,0.35,1.5,3,90.32276,91.11586,TP,91.11586,1.5,1.7267,0.7943512797881717,0.20962047661076538,2026-09-03 02:15:00,TP
863623fd9d60ac38d0f610a8,TREND_VOLUME,USOIL_USDT,LONG,90.64,0.35,1.5,6,90.32276,91.11586,TP,91.11586,1.5,1.7267,0.7943512797881717,0.49646954986761127,2026-09-03 02:15:00,TP
863623fd9d60ac38d0f610a8,TREND_VOLUME,USOIL_USDT,LONG,90.64,0.35,1.5,12,90.32276,91.11586,TP,91.11586,1.5,1.7267,0.7943512797881717,0.49646954986761127,2026-09-03 02:15:00,TP
863623fd9d60ac38d0f610a8,TREND_VOLUME,USOIL_USDT,LONG,90.64,0.35,1.5,24,90.32276,91.11586,TP,91.11586,1.5,1.7267,2.537511032656661,1.3128861429832277,2026-09-03 02:15:00,TP
863623fd9d60ac38d0f610a8,TREND_VOLUME,USOIL_USDT,LONG,90.64,0.35,2.0,3,90.32276,91.27448,TP,91.27448,2.0,2.6434,0.7943512797881717,0.20962047661076538,2026-09-03 03:10:00,TP
863623fd9d60ac38d0f610a8,TREND_VOLUME,USOIL_USDT,LONG,90.64,0.35,2.0,6,90.32276,91.27448,TP,91.27448,2.0,2.6434,0.7943512797881717,0.49646954986761127,2026-09-03 03:10:00,TP
863623fd9d60ac38d0f610a8,TREND_VOLUME,USOIL_USDT,LONG,90.64,0.35,2.0,12,90.32276,91.27448,TP,91.27448,2.0,2.6434,0.7943512797881717,0.49646954986761127,2026-09-03 03:10:00,TP
863623fd9d60ac38d0f610a8,TREND_VOLUME,USOIL_USDT,LONG,90.64,0.35,2.0,24,90.32276,91.27448,TP,91.27448,2.0,2.6434,2.537511032656661,1.3128861429832277,2026-09-03 03:10:00,TP
863623fd9d60ac38d0f610a8,TREND_VOLUME,USOIL_USDT,LONG,90.64,0.5,1.0,3,90.1868,91.0932,TP,91.0932,1.0,1.2267,0.7943512797881717,0.20962047661076538,2026-09-03 01:45:00,TP
863623fd9d60ac38d0f610a8,TREND_VOLUME,USOIL_USDT,LONG,90.64,0.5,1.0,6,90.1868,91.0932,TP,91.0932,1.0,1.2267,0.7943512797881717,0.49646954986761127,2026-09-03 01:45:00,TP
863623fd9d60ac38d0f610a8,TREND_VOLUME,USOIL_USDT,LONG,90.64,0.5,1.0,12,90.1868,91.0932,TP,91.0932,1.0,1.2267,0.7943512797881717,0.49646954986761127,2026-09-03 01:45:00,TP
863623fd9d60ac38d0f610a8,TREND_VOLUME,USOIL_USDT,LONG,90.64,0.5,1.0,24,90.1868,91.0932,TP,91.0932,1.0,1.2267,2.537511032656661,1.3128861429832277,2026-09-03 01:45:00,TP
863623fd9d60ac38d0f610a8,TREND_VOLUME,USOIL_USDT,LONG,90.64,0.5,1.5,3,90.1868,91.3198,TP,91.3198,1.5,2.6434,0.7943512797881717,0.20962047661076538,2026-09-03 03:10:00,TP
863623fd9d60ac38d0f610a8,TREND_VOLUME,USOIL_USDT,LONG,90.64,0.5,1.5,6,90.1868,91.3198,TP,91.3198,1.5,2.6434,0.7943512797881717,0.49646954986761127,2026-09-03 03:10:00,TP
863623fd9d60ac38d0f610a8,TREND_VOLUME,USOIL_USDT,LONG,90.64,0.5,1.5,12,90.1868,91.3198,TP,91.3198,1.5,2.6434,0.7943512797881717,0.49646954986761127,2026-09-03 03:10:00,TP
863623fd9d60ac38d0f610a8,TREND_VOLUME,USOIL_USDT,LONG,90.64,0.5,1.5,24,90.1868,91.3198,TP,91.3198,1.5,2.6434,2.537511032656661,1.3128861429832277,2026-09-03 03:10:00,TP
863623fd9d60ac38d0f610a8,TREND_VOLUME,USOIL_USDT,LONG,90.64,0.5,2.0,3,90.1868,91.5464,TIME_EXIT,90.63,-0.02206531,3.0601,0.7943512797881717,0.20962047661076538,2026-09-03 03:35:00,3h時間切れ
863623fd9d60ac38d0f610a8,TREND_VOLUME,USOIL_USDT,LONG,90.64,0.5,2.0,6,90.1868,91.5464,TIME_EXIT,90.52,-0.26478376,6.0601,0.7943512797881717,0.49646954986761127,2026-09-03 06:35:00,6h時間切れ
863623fd9d60ac38d0f610a8,TREND_VOLUME,USOIL_USDT,LONG,90.64,0.5,2.0,12,90.1868,91.5464,TIME_EXIT,90.88,0.52956752,12.0601,0.7943512797881717,0.49646954986761127,2026-09-03 12:35:00,12h時間切れ
863623fd9d60ac38d0f610a8,TREND_VOLUME,USOIL_USDT,LONG,90.64,0.5,2.0,24,90.1868,91.5464,SL,90.1868,-1.0,13.8934,2.537511032656661,1.3128861429832277,2026-09-03 14:25:00,SL
863623fd9d60ac38d0f610a8,TREND_VOLUME,USOIL_USDT,LONG,90.64,0.75,1.0,3,89.9602,91.3198,TP,91.3198,1.0,2.6434,0.7943512797881717,0.20962047661076538,2026-09-03 03:10:00,TP
863623fd9d60ac38d0f610a8,TREND_VOLUME,USOIL_USDT,LONG,90.64,0.75,1.0,6,89.9602,91.3198,TP,91.3198,1.0,2.6434,0.7943512797881717,0.49646954986761127,2026-09-03 03:10:00,TP
863623fd9d60ac38d0f610a8,TREND_VOLUME,USOIL_USDT,LONG,90.64,0.75,1.0,12,89.9602,91.3198,TP,91.3198,1.0,2.6434,0.7943512797881717,0.49646954986761127,2026-09-03 03:10:00,TP
863623fd9d60ac38d0f610a8,TREND_VOLUME,USOIL_USDT,LONG,90.64,0.75,1.0,24,89.9602,91.3198,TP,91.3198,1.0,2.6434,2.537511032656661,1.3128861429832277,2026-09-03 03:10:00,TP
863623fd9d60ac38d0f610a8,TREND_VOLUME,USOIL_USDT,LONG,90.64,0.75,1.5,3,89.9602,91.6597,TIME_EXIT,90.63,-0.01471021,3.0601,0.7943512797881717,0.20962047661076538,2026-09-03 03:35:00,3h時間切れ
863623fd9d60ac38d0f610a8,TREND_VOLUME,USOIL_USDT,LONG,90.64,0.75,1.5,6,89.9602,91.6597,TIME_EXIT,90.52,-0.17652251,6.0601,0.7943512797881717,0.49646954986761127,2026-09-03 06:35:00,6h時間切れ
863623fd9d60ac38d0f610a8,TREND_VOLUME,USOIL_USDT,LONG,90.64,0.75,1.5,12,89.9602,91.6597,TIME_EXIT,90.88,0.35304501,12.0601,0.7943512797881717,0.49646954986761127,2026-09-03 12:35:00,12h時間切れ
863623fd9d60ac38d0f610a8,TREND_VOLUME,USOIL_USDT,LONG,90.64,0.75,1.5,24,89.9602,91.6597,SL,89.9602,-1.0,14.1434,2.537511032656661,1.3128861429832277,2026-09-03 14:40:00,SL
863623fd9d60ac38d0f610a8,TREND_VOLUME,USOIL_USDT,LONG,90.64,0.75,2.0,3,89.9602,91.99959999999999,TIME_EXIT,90.63,-0.01471021,3.0601,0.7943512797881717,0.20962047661076538,2026-09-03 03:35:00,3h時間切れ
863623fd9d60ac38d0f610a8,TREND_VOLUME,USOIL_USDT,LONG,90.64,0.75,2.0,6,89.9602,91.99959999999999,TIME_EXIT,90.52,-0.17652251,6.0601,0.7943512797881717,0.49646954986761127,2026-09-03 06:35:00,6h時間切れ
863623fd9d60ac38d0f610a8,TREND_VOLUME,USOIL_USDT,LONG,90.64,0.75,2.0,12,89.9602,91.99959999999999,TIME_EXIT,90.88,0.35304501,12.0601,0.7943512797881717,0.49646954986761127,2026-09-03 12:35:00,12h時間切れ
863623fd9d60ac38d0f610a8,TREND_VOLUME,USOIL_USDT,LONG,90.64,0.75,2.0,24,89.9602,91.99959999999999,SL,89.9602,-1.0,14.1434,2.537511032656661,1.3128861429832277,2026-09-03 14:40:00,SL
863623fd9d60ac38d0f610a8,TREND_VOLUME,USOIL_USDT,LONG,90.64,1.0,1.0,3,89.7336,91.5464,TIME_EXIT,90.63,-0.01103266,3.0601,0.7943512797881717,0.20962047661076538,2026-09-03 03:35:00,3h時間切れ
863623fd9d60ac38d0f610a8,TREND_VOLUME,USOIL_USDT,LONG,90.64,1.0,1.0,6,89.7336,91.5464,TIME_EXIT,90.52,-0.13239188,6.0601,0.7943512797881717,0.49646954986761127,2026-09-03 06:35:00,6h時間切れ
863623fd9d60ac38d0f610a8,TREND_VOLUME,USOIL_USDT,LONG,90.64,1.0,1.0,12,89.7336,91.5464,TIME_EXIT,90.88,0.26478376,12.0601,0.7943512797881717,0.49646954986761127,2026-09-03 12:35:00,12h時間切れ
863623fd9d60ac38d0f610a8,TREND_VOLUME,USOIL_USDT,LONG,90.64,1.0,1.0,24,89.7336,91.5464,SL,89.7336,-1.0,14.2267,2.537511032656661,1.3128861429832277,2026-09-03 14:45:00,SL
863623fd9d60ac38d0f610a8,TREND_VOLUME,USOIL_USDT,LONG,90.64,1.0,1.5,3,89.7336,91.99959999999999,TIME_EXIT,90.63,-0.01103266,3.0601,0.7943512797881717,0.20962047661076538,2026-09-03 03:35:00,3h時間切れ
863623fd9d60ac38d0f610a8,TREND_VOLUME,USOIL_USDT,LONG,90.64,1.0,1.5,6,89.7336,91.99959999999999,TIME_EXIT,90.52,-0.13239188,6.0601,0.7943512797881717,0.49646954986761127,2026-09-03 06:35:00,6h時間切れ
863623fd9d60ac38d0f610a8,TREND_VOLUME,USOIL_USDT,LONG,90.64,1.0,1.5,12,89.7336,91.99959999999999,TIME_EXIT,90.88,0.26478376,12.0601,0.7943512797881717,0.49646954986761127,2026-09-03 12:35:00,12h時間切れ
863623fd9d60ac38d0f610a8,TREND_VOLUME,USOIL_USDT,LONG,90.64,1.0,1.5,24,89.7336,91.99959999999999,SL,89.7336,-1.0,14.2267,2.537511032656661,1.3128861429832277,2026-09-03 14:45:00,SL
863623fd9d60ac38d0f610a8,TREND_VOLUME,USOIL_USDT,LONG,90.64,1.0,2.0,3,89.7336,92.4528,TIME_EXIT,90.63,-0.01103266,3.0601,0.7943512797881717,0.20962047661076538,2026-09-03 03:35:00,3h時間切れ
863623fd9d60ac38d0f610a8,TREND_VOLUME,USOIL_USDT,LONG,90.64,1.0,2.0,6,89.7336,92.4528,TIME_EXIT,90.52,-0.13239188,6.0601,0.7943512797881717,0.49646954986761127,2026-09-03 06:35:00,6h時間切れ
863623fd9d60ac38d0f610a8,TREND_VOLUME,USOIL_USDT,LONG,90.64,1.0,2.0,12,89.7336,92.4528,TIME_EXIT,90.88,0.26478376,12.0601,0.7943512797881717,0.49646954986761127,2026-09-03 12:35:00,12h時間切れ
863623fd9d60ac38d0f610a8,TREND_VOLUME,USOIL_USDT,LONG,90.64,1.0,2.0,24,89.7336,92.4528,SL,89.7336,-1.0,14.2267,2.537511032656661,1.3128861429832277,2026-09-03 14:45:00,SL
634d7b91b2aadb09e6aafa94,OI_FUNDING,USOIL_USDT,LONG,90.64,0.25,1.0,3,90.41340000000001,90.86659999999999,TP,90.86659999999999,1.0,0.31,0.7943512797881717,0.20962047661076538,2026-09-03 00:50:00,TP
634d7b91b2aadb09e6aafa94,OI_FUNDING,USOIL_USDT,LONG,90.64,0.25,1.0,6,90.41340000000001,90.86659999999999,TP,90.86659999999999,1.0,0.31,0.7943512797881717,0.49646954986761127,2026-09-03 00:50:00,TP
634d7b91b2aadb09e6aafa94,OI_FUNDING,USOIL_USDT,LONG,90.64,0.25,1.0,12,90.41340000000001,90.86659999999999,TP,90.86659999999999,1.0,0.31,0.7943512797881717,0.49646954986761127,2026-09-03 00:50:00,TP
634d7b91b2aadb09e6aafa94,OI_FUNDING,USOIL_USDT,LONG,90.64,0.25,1.0,24,90.41340000000001,90.86659999999999,TP,90.86659999999999,1.0,0.31,2.537511032656661,1.3128861429832277,2026-09-03 00:50:00,TP
634d7b91b2aadb09e6aafa94,OI_FUNDING,USOIL_USDT,LONG,90.64,0.25,1.5,3,90.41340000000001,90.97989999999999,TP,90.97989999999999,1.5,1.2267,0.7943512797881717,0.20962047661076538,2026-09-03 01:45:00,TP
634d7b91b2aadb09e6aafa94,OI_FUNDING,USOIL_USDT,LONG,90.64,0.25,1.5,6,90.41340000000001,90.97989999999999,TP,90.97989999999999,1.5,1.2267,0.7943512797881717,0.49646954986761127,2026-09-03 01:45:00,TP
634d7b91b2aadb09e6aafa94,OI_FUNDING,USOIL_USDT,LONG,90.64,0.25,1.5,12,90.41340000000001,90.97989999999999,TP,90.97989999999999,1.5,1.2267,0.7943512797881717,0.49646954986761127,2026-09-03 01:45:00,TP
634d7b91b2aadb09e6aafa94,OI_FUNDING,USOIL_USDT,LONG,90.64,0.25,1.5,24,90.41340000000001,90.97989999999999,TP,90.97989999999999,1.5,1.2267,2.537511032656661,1.3128861429832277,2026-09-03 01:45:00,TP
634d7b91b2aadb09e6aafa94,OI_FUNDING,USOIL_USDT,LONG,90.64,0.25,2.0,3,90.41340000000001,91.0932,TP,91.0932,2.0,1.2267,0.7943512797881717,0.20962047661076538,2026-09-03 01:45:00,TP
634d7b91b2aadb09e6aafa94,OI_FUNDING,USOIL_USDT,LONG,90.64,0.25,2.0,6,90.41340000000001,91.0932,TP,91.0932,2.0,1.2267,0.7943512797881717,0.49646954986761127,2026-09-03 01:45:00,TP
634d7b91b2aadb09e6aafa94,OI_FUNDING,USOIL_USDT,LONG,90.64,0.25,2.0,12,90.41340000000001,91.0932,TP,91.0932,2.0,1.2267,0.7943512797881717,0.49646954986761127,2026-09-03 01:45:00,TP
634d7b91b2aadb09e6aafa94,OI_FUNDING,USOIL_USDT,LONG,90.64,0.25,2.0,24,90.41340000000001,91.0932,TP,91.0932,2.0,1.2267,2.537511032656661,1.3128861429832277,2026-09-03 01:45:00,TP
634d7b91b2aadb09e6aafa94,OI_FUNDING,USOIL_USDT,LONG,90.64,0.35,1.0,3,90.32276,90.95724000000001,TP,90.95724000000001,1.0,1.2267,0.7943512797881717,0.20962047661076538,2026-09-03 01:45:00,TP
634d7b91b2aadb09e6aafa94,OI_FUNDING,USOIL_USDT,LONG,90.64,0.35,1.0,6,90.32276,90.95724000000001,TP,90.95724000000001,1.0,1.2267,0.7943512797881717,0.49646954986761127,2026-09-03 01:45:00,TP
634d7b91b2aadb09e6aafa94,OI_FUNDING,USOIL_USDT,LONG,90.64,0.35,1.0,12,90.32276,90.95724000000001,TP,90.95724000000001,1.0,1.2267,0.7943512797881717,0.49646954986761127,2026-09-03 01:45:00,TP
634d7b91b2aadb09e6aafa94,OI_FUNDING,USOIL_USDT,LONG,90.64,0.35,1.0,24,90.32276,90.95724000000001,TP,90.95724000000001,1.0,1.2267,2.537511032656661,1.3128861429832277,2026-09-03 01:45:00,TP
634d7b91b2aadb09e6aafa94,OI_FUNDING,USOIL_USDT,LONG,90.64,0.35,1.5,3,90.32276,91.11586,TP,91.11586,1.5,1.7267,0.7943512797881717,0.20962047661076538,2026-09-03 02:15:00,TP
634d7b91b2aadb09e6aafa94,OI_FUNDING,USOIL_USDT,LONG,90.64,0.35,1.5,6,90.32276,91.11586,TP,91.11586,1.5,1.7267,0.7943512797881717,0.49646954986761127,2026-09-03 02:15:00,TP
634d7b91b2aadb09e6aafa94,OI_FUNDING,USOIL_USDT,LONG,90.64,0.35,1.5,12,90.32276,91.11586,TP,91.11586,1.5,1.7267,0.7943512797881717,0.49646954986761127,2026-09-03 02:15:00,TP
634d7b91b2aadb09e6aafa94,OI_FUNDING,USOIL_USDT,LONG,90.64,0.35,1.5,24,90.32276,91.11586,TP,91.11586,1.5,1.7267,2.537511032656661,1.3128861429832277,2026-09-03 02:15:00,TP
634d7b91b2aadb09e6aafa94,OI_FUNDING,USOIL_USDT,LONG,90.64,0.35,2.0,3,90.32276,91.27448,TP,91.27448,2.0,2.6434,0.7943512797881717,0.20962047661076538,2026-09-03 03:10:00,TP
634d7b91b2aadb09e6aafa94,OI_FUNDING,USOIL_USDT,LONG,90.64,0.35,2.0,6,90.32276,91.27448,TP,91.27448,2.0,2.6434,0.7943512797881717,0.49646954986761127,2026-09-03 03:10:00,TP
634d7b91b2aadb09e6aafa94,OI_FUNDING,USOIL_USDT,LONG,90.64,0.35,2.0,12,90.32276,91.27448,TP,91.27448,2.0,2.6434,0.7943512797881717,0.49646954986761127,2026-09-03 03:10:00,TP
634d7b91b2aadb09e6aafa94,OI_FUNDING,USOIL_USDT,LONG,90.64,0.35,2.0,24,90.32276,91.27448,TP,91.27448,2.0,2.6434,2.537511032656661,1.3128861429832277,2026-09-03 03:10:00,TP
634d7b91b2aadb09e6aafa94,OI_FUNDING,USOIL_USDT,LONG,90.64,0.5,1.0,3,90.1868,91.0932,TP,91.0932,1.0,1.2267,0.7943512797881717,0.20962047661076538,2026-09-03 01:45:00,TP
634d7b91b2aadb09e6aafa94,OI_FUNDING,USOIL_USDT,LONG,90.64,0.5,1.0,6,90.1868,91.0932,TP,91.0932,1.0,1.2267,0.7943512797881717,0.49646954986761127,2026-09-03 01:45:00,TP
634d7b91b2aadb09e6aafa94,OI_FUNDING,USOIL_USDT,LONG,90.64,0.5,1.0,12,90.1868,91.0932,TP,91.0932,1.0,1.2267,0.7943512797881717,0.49646954986761127,2026-09-03 01:45:00,TP
634d7b91b2aadb09e6aafa94,OI_FUNDING,USOIL_USDT,LONG,90.64,0.5,1.0,24,90.1868,91.0932,TP,91.0932,1.0,1.2267,2.537511032656661,1.3128861429832277,2026-09-03 01:45:00,TP
634d7b91b2aadb09e6aafa94,OI_FUNDING,USOIL_USDT,LONG,90.64,0.5,1.5,3,90.1868,91.3198,TP,91.3198,1.5,2.6434,0.7943512797881717,0.20962047661076538,2026-09-03 03:10:00,TP
634d7b91b2aadb09e6aafa94,OI_FUNDING,USOIL_USDT,LONG,90.64,0.5,1.5,6,90.1868,91.3198,TP,91.3198,1.5,2.6434,0.7943512797881717,0.49646954986761127,2026-09-03 03:10:00,TP
634d7b91b2aadb09e6aafa94,OI_FUNDING,USOIL_USDT,LONG,90.64,0.5,1.5,12,90.1868,91.3198,TP,91.3198,1.5,2.6434,0.7943512797881717,0.49646954986761127,2026-09-03 03:10:00,TP
634d7b91b2aadb09e6aafa94,OI_FUNDING,USOIL_USDT,LONG,90.64,0.5,1.5,24,90.1868,91.3198,TP,91.3198,1.5,2.6434,2.537511032656661,1.3128861429832277,2026-09-03 03:10:00,TP
634d7b91b2aadb09e6aafa94,OI_FUNDING,USOIL_USDT,LONG,90.64,0.5,2.0,3,90.1868,91.5464,TIME_EXIT,90.63,-0.02206531,3.06,0.7943512797881717,0.20962047661076538,2026-09-03 03:35:00,3h時間切れ
634d7b91b2aadb09e6aafa94,OI_FUNDING,USOIL_USDT,LONG,90.64,0.5,2.0,6,90.1868,91.5464,TIME_EXIT,90.52,-0.26478376,6.06,0.7943512797881717,0.49646954986761127,2026-09-03 06:35:00,6h時間切れ
634d7b91b2aadb09e6aafa94,OI_FUNDING,USOIL_USDT,LONG,90.64,0.5,2.0,12,90.1868,91.5464,TIME_EXIT,90.88,0.52956752,12.06,0.7943512797881717,0.49646954986761127,2026-09-03 12:35:00,12h時間切れ
634d7b91b2aadb09e6aafa94,OI_FUNDING,USOIL_USDT,LONG,90.64,0.5,2.0,24,90.1868,91.5464,SL,90.1868,-1.0,13.8934,2.537511032656661,1.3128861429832277,2026-09-03 14:25:00,SL
634d7b91b2aadb09e6aafa94,OI_FUNDING,USOIL_USDT,LONG,90.64,0.75,1.0,3,89.9602,91.3198,TP,91.3198,1.0,2.6434,0.7943512797881717,0.20962047661076538,2026-09-03 03:10:00,TP
634d7b91b2aadb09e6aafa94,OI_FUNDING,USOIL_USDT,LONG,90.64,0.75,1.0,6,89.9602,91.3198,TP,91.3198,1.0,2.6434,0.7943512797881717,0.49646954986761127,2026-09-03 03:10:00,TP
634d7b91b2aadb09e6aafa94,OI_FUNDING,USOIL_USDT,LONG,90.64,0.75,1.0,12,89.9602,91.3198,TP,91.3198,1.0,2.6434,0.7943512797881717,0.49646954986761127,2026-09-03 03:10:00,TP
634d7b91b2aadb09e6aafa94,OI_FUNDING,USOIL_USDT,LONG,90.64,0.75,1.0,24,89.9602,91.3198,TP,91.3198,1.0,2.6434,2.537511032656661,1.3128861429832277,2026-09-03 03:10:00,TP
634d7b91b2aadb09e6aafa94,OI_FUNDING,USOIL_USDT,LONG,90.64,0.75,1.5,3,89.9602,91.6597,TIME_EXIT,90.63,-0.01471021,3.06,0.7943512797881717,0.20962047661076538,2026-09-03 03:35:00,3h時間切れ
634d7b91b2aadb09e6aafa94,OI_FUNDING,USOIL_USDT,LONG,90.64,0.75,1.5,6,89.9602,91.6597,TIME_EXIT,90.52,-0.17652251,6.06,0.7943512797881717,0.49646954986761127,2026-09-03 06:35:00,6h時間切れ
634d7b91b2aadb09e6aafa94,OI_FUNDING,USOIL_USDT,LONG,90.64,0.75,1.5,12,89.9602,91.6597,TIME_EXIT,90.88,0.35304501,12.06,0.7943512797881717,0.49646954986761127,2026-09-03 12:35:00,12h時間切れ
634d7b91b2aadb09e6aafa94,OI_FUNDING,USOIL_USDT,LONG,90.64,0.75,1.5,24,89.9602,91.6597,SL,89.9602,-1.0,14.1434,2.537511032656661,1.3128861429832277,2026-09-03 14:40:00,SL
634d7b91b2aadb09e6aafa94,OI_FUNDING,USOIL_USDT,LONG,90.64,0.75,2.0,3,89.9602,91.99959999999999,TIME_EXIT,90.63,-0.01471021,3.06,0.7943512797881717,0.20962047661076538,2026-09-03 03:35:00,3h時間切れ
634d7b91b2aadb09e6aafa94,OI_FUNDING,USOIL_USDT,LONG,90.64,0.75,2.0,6,89.9602,91.99959999999999,TIME_EXIT,90.52,-0.17652251,6.06,0.7943512797881717,0.49646954986761127,2026-09-03 06:35:00,6h時間切れ
634d7b91b2aadb09e6aafa94,OI_FUNDING,USOIL_USDT,LONG,90.64,0.75,2.0,12,89.9602,91.99959999999999,TIME_EXIT,90.88,0.35304501,12.06,0.7943512797881717,0.49646954986761127,2026-09-03 12:35:00,12h時間切れ
634d7b91b2aadb09e6aafa94,OI_FUNDING,USOIL_USDT,LONG,90.64,0.75,2.0,24,89.9602,91.99959999999999,SL,89.9602,-1.0,14.1434,2.537511032656661,1.3128861429832277,2026-09-03 14:40:00,SL
634d7b91b2aadb09e6aafa94,OI_FUNDING,USOIL_USDT,LONG,90.64,1.0,1.0,3,89.7336,91.5464,TIME_EXIT,90.63,-0.01103266,3.06,0.7943512797881717,0.20962047661076538,2026-09-03 03:35:00,3h時間切れ
634d7b91b2aadb09e6aafa94,OI_FUNDING,USOIL_USDT,LONG,90.64,1.0,1.0,6,89.7336,91.5464,TIME_EXIT,90.52,-0.13239188,6.06,0.7943512797881717,0.49646954986761127,2026-09-03 06:35:00,6h時間切れ
634d7b91b2aadb09e6aafa94,OI_FUNDING,USOIL_USDT,LONG,90.64,1.0,1.0,12,89.7336,91.5464,TIME_EXIT,90.88,0.26478376,12.06,0.7943512797881717,0.49646954986761127,2026-09-03 12:35:00,12h時間切れ
634d7b91b2aadb09e6aafa94,OI_FUNDING,USOIL_USDT,LONG,90.64,1.0,1.0,24,89.7336,91.5464,SL,89.7336,-1.0,14.2267,2.537511032656661,1.3128861429832277,2026-09-03 14:45:00,SL
634d7b91b2aadb09e6aafa94,OI_FUNDING,USOIL_USDT,LONG,90.64,1.0,1.5,3,89.7336,91.99959999999999,TIME_EXIT,90.63,-0.01103266,3.06,0.7943512797881717,0.20962047661076538,2026-09-03 03:35:00,3h時間切れ
634d7b91b2aadb09e6aafa94,OI_FUNDING,USOIL_USDT,LONG,90.64,1.0,1.5,6,89.7336,91.99959999999999,TIME_EXIT,90.52,-0.13239188,6.06,0.7943512797881717,0.49646954986761127,2026-09-03 06:35:00,6h時間切れ
634d7b91b2aadb09e6aafa94,OI_FUNDING,USOIL_USDT,LONG,90.64,1.0,1.5,12,89.7336,91.99959999999999,TIME_EXIT,90.88,0.26478376,12.06,0.7943512797881717,0.49646954986761127,2026-09-03 12:35:00,12h時間切れ
634d7b91b2aadb09e6aafa94,OI_FUNDING,USOIL_USDT,LONG,90.64,1.0,1.5,24,89.7336,91.99959999999999,SL,89.7336,-1.0,14.2267,2.537511032656661,1.3128861429832277,2026-09-03 14:45:00,SL
634d7b91b2aadb09e6aafa94,OI_FUNDING,USOIL_USDT,LONG,90.64,1.0,2.0,3,89.7336,92.4528,TIME_EXIT,90.63,-0.01103266,3.06,0.7943512797881717,0.20962047661076538,2026-09-03 03:35:00,3h時間切れ
634d7b91b2aadb09e6aafa94,OI_FUNDING,USOIL_USDT,LONG,90.64,1.0,2.0,6,89.7336,92.4528,TIME_EXIT,90.52,-0.13239188,6.06,0.7943512797881717,0.49646954986761127,2026-09-03 06:35:00,6h時間切れ
634d7b91b2aadb09e6aafa94,OI_FUNDING,USOIL_USDT,LONG,90.64,1.0,2.0,12,89.7336,92.4528,TIME_EXIT,90.88,0.26478376,12.06,0.7943512797881717,0.49646954986761127,2026-09-03 12:35:00,12h時間切れ
634d7b91b2aadb09e6aafa94,OI_FUNDING,USOIL_USDT,LONG,90.64,1.0,2.0,24,89.7336,92.4528,SL,89.7336,-1.0,14.2267,2.537511032656661,1.3128861429832277,2026-09-03 14:45:00,SL
5d95331d9f3134a02fd4b5e4,TREND_VOLUME,USELESS_USDT,LONG,0.11761,0.25,1.0,3,0.11731597500000002,0.117904025,UNKNOWN,,,0.1465,15.21979423518407,0.5611767706827717,2026-09-03 00:50:00,同一5分足でTP/SL双方到達・順序不明
5d95331d9f3134a02fd4b5e4,TREND_VOLUME,USELESS_USDT,LONG,0.11761,0.25,1.0,6,0.11731597500000002,0.117904025,UNKNOWN,,,0.1465,15.21979423518407,0.5611767706827717,2026-09-03 00:50:00,同一5分足でTP/SL双方到達・順序不明
5d95331d9f3134a02fd4b5e4,TREND_VOLUME,USELESS_USDT,LONG,0.11761,0.25,1.0,12,0.11731597500000002,0.117904025,UNKNOWN,,,0.1465,15.21979423518407,0.5611767706827717,2026-09-03 00:50:00,同一5分足でTP/SL双方到達・順序不明
5d95331d9f3134a02fd4b5e4,TREND_VOLUME,USELESS_USDT,LONG,0.11761,0.25,1.0,24,0.11731597500000002,0.117904025,UNKNOWN,,,0.1465,64.90094379729614,0.5611767706827717,2026-09-03 00:50:00,同一5分足でTP/SL双方到達・順序不明
5d95331d9f3134a02fd4b5e4,TREND_VOLUME,USELESS_USDT,LONG,0.11761,0.25,1.5,3,0.11731597500000002,0.1180510375,SL,0.11731597500000002,-1.0,0.1465,15.21979423518407,0.5611767706827717,2026-09-03 00:50:00,SL
5d95331d9f3134a02fd4b5e4,TREND_VOLUME,USELESS_USDT,LONG,0.11761,0.25,1.5,6,0.11731597500000002,0.1180510375,SL,0.11731597500000002,-1.0,0.1465,15.21979423518407,0.5611767706827717,2026-09-03 00:50:00,SL
5d95331d9f3134a02fd4b5e4,TREND_VOLUME,USELESS_USDT,LONG,0.11761,0.25,1.5,12,0.11731597500000002,0.1180510375,SL,0.11731597500000002,-1.0,0.1465,15.21979423518407,0.5611767706827717,2026-09-03 00:50:00,SL
5d95331d9f3134a02fd4b5e4,TREND_VOLUME,USELESS_USDT,LONG,0.11761,0.25,1.5,24,0.11731597500000002,0.1180510375,SL,0.11731597500000002,-1.0,0.1465,64.90094379729614,0.5611767706827717,2026-09-03 00:50:00,SL
5d95331d9f3134a02fd4b5e4,TREND_VOLUME,USELESS_USDT,LONG,0.11761,0.25,2.0,3,0.11731597500000002,0.11819805,SL,0.11731597500000002,-1.0,0.1465,15.21979423518407,0.5611767706827717,2026-09-03 00:50:00,SL
5d95331d9f3134a02fd4b5e4,TREND_VOLUME,USELESS_USDT,LONG,0.11761,0.25,2.0,6,0.11731597500000002,0.11819805,SL,0.11731597500000002,-1.0,0.1465,15.21979423518407,0.5611767706827717,2026-09-03 00:50:00,SL
5d95331d9f3134a02fd4b5e4,TREND_VOLUME,USELESS_USDT,LONG,0.11761,0.25,2.0,12,0.11731597500000002,0.11819805,SL,0.11731597500000002,-1.0,0.1465,15.21979423518407,0.5611767706827717,2026-09-03 00:50:00,SL
5d95331d9f3134a02fd4b5e4,TREND_VOLUME,USELESS_USDT,LONG,0.11761,0.25,2.0,24,0.11731597500000002,0.11819805,SL,0.11731597500000002,-1.0,0.1465,64.90094379729614,0.5611767706827717,2026-09-03 00:50:00,SL
5d95331d9f3134a02fd4b5e4,TREND_VOLUME,USELESS_USDT,LONG,0.11761,0.35,1.0,3,0.11719836500000001,0.11802163500000001,SL,0.11719836500000001,-1.0,0.1465,15.21979423518407,0.5611767706827717,2026-09-03 00:50:00,SL
5d95331d9f3134a02fd4b5e4,TREND_VOLUME,USELESS_USDT,LONG,0.11761,0.35,1.0,6,0.11719836500000001,0.11802163500000001,SL,0.11719836500000001,-1.0,0.1465,15.21979423518407,0.5611767706827717,2026-09-03 00:50:00,SL
5d95331d9f3134a02fd4b5e4,TREND_VOLUME,USELESS_USDT,LONG,0.11761,0.35,1.0,12,0.11719836500000001,0.11802163500000001,SL,0.11719836500000001,-1.0,0.1465,15.21979423518407,0.5611767706827717,2026-09-03 00:50:00,SL
5d95331d9f3134a02fd4b5e4,TREND_VOLUME,USELESS_USDT,LONG,0.11761,0.35,1.0,24,0.11719836500000001,0.11802163500000001,SL,0.11719836500000001,-1.0,0.1465,64.90094379729614,0.5611767706827717,2026-09-03 00:50:00,SL
5d95331d9f3134a02fd4b5e4,TREND_VOLUME,USELESS_USDT,LONG,0.11761,0.35,1.5,3,0.11719836500000001,0.11822745250000001,SL,0.11719836500000001,-1.0,0.1465,15.21979423518407,0.5611767706827717,2026-09-03 00:50:00,SL
5d95331d9f3134a02fd4b5e4,TREND_VOLUME,USELESS_USDT,LONG,0.11761,0.35,1.5,6,0.11719836500000001,0.11822745250000001,SL,0.11719836500000001,-1.0,0.1465,15.21979423518407,0.5611767706827717,2026-09-03 00:50:00,SL
5d95331d9f3134a02fd4b5e4,TREND_VOLUME,USELESS_USDT,LONG,0.11761,0.35,1.5,12,0.11719836500000001,0.11822745250000001,SL,0.11719836500000001,-1.0,0.1465,15.21979423518407,0.5611767706827717,2026-09-03 00:50:00,SL
5d95331d9f3134a02fd4b5e4,TREND_VOLUME,USELESS_USDT,LONG,0.11761,0.35,1.5,24,0.11719836500000001,0.11822745250000001,SL,0.11719836500000001,-1.0,0.1465,64.90094379729614,0.5611767706827717,2026-09-03 00:50:00,SL
5d95331d9f3134a02fd4b5e4,TREND_VOLUME,USELESS_USDT,LONG,0.11761,0.35,2.0,3,0.11719836500000001,0.11843327,SL,0.11719836500000001,-1.0,0.1465,15.21979423518407,0.5611767706827717,2026-09-03 00:50:00,SL
5d95331d9f3134a02fd4b5e4,TREND_VOLUME,USELESS_USDT,LONG,0.11761,0.35,2.0,6,0.11719836500000001,0.11843327,SL,0.11719836500000001,-1.0,0.1465,15.21979423518407,0.5611767706827717,2026-09-03 00:50:00,SL
5d95331d9f3134a02fd4b5e4,TREND_VOLUME,USELESS_USDT,LONG,0.11761,0.35,2.0,12,0.11719836500000001,0.11843327,SL,0.11719836500000001,-1.0,0.1465,15.21979423518407,0.5611767706827717,2026-09-03 00:50:00,SL
5d95331d9f3134a02fd4b5e4,TREND_VOLUME,USELESS_USDT,LONG,0.11761,0.35,2.0,24,0.11719836500000001,0.11843327,SL,0.11719836500000001,-1.0,0.1465,64.90094379729614,0.5611767706827717,2026-09-03 00:50:00,SL
5d95331d9f3134a02fd4b5e4,TREND_VOLUME,USELESS_USDT,LONG,0.11761,0.5,1.0,3,0.11702195,0.11819805,UNKNOWN,,,0.2298,15.21979423518407,0.5611767706827717,2026-09-03 00:55:00,同一5分足でTP/SL双方到達・順序不明
5d95331d9f3134a02fd4b5e4,TREND_VOLUME,USELESS_USDT,LONG,0.11761,0.5,1.0,6,0.11702195,0.11819805,UNKNOWN,,,0.2298,15.21979423518407,0.5611767706827717,2026-09-03 00:55:00,同一5分足でTP/SL双方到達・順序不明
5d95331d9f3134a02fd4b5e4,TREND_VOLUME,USELESS_USDT,LONG,0.11761,0.5,1.0,12,0.11702195,0.11819805,UNKNOWN,,,0.2298,15.21979423518407,0.5611767706827717,2026-09-03 00:55:00,同一5分足でTP/SL双方到達・順序不明
5d95331d9f3134a02fd4b5e4,TREND_VOLUME,USELESS_USDT,LONG,0.11761,0.5,1.0,24,0.11702195,0.11819805,UNKNOWN,,,0.2298,64.90094379729614,0.5611767706827717,2026-09-03 00:55:00,同一5分足でTP/SL双方到達・順序不明
5d95331d9f3134a02fd4b5e4,TREND_VOLUME,USELESS_USDT,LONG,0.11761,0.5,1.5,3,0.11702195,0.11849207500000002,SL,0.11702195,-1.0,0.2298,15.21979423518407,0.5611767706827717,2026-09-03 00:55:00,SL
5d95331d9f3134a02fd4b5e4,TREND_VOLUME,USELESS_USDT,LONG,0.11761,0.5,1.5,6,0.11702195,0.11849207500000002,SL,0.11702195,-1.0,0.2298,15.21979423518407,0.5611767706827717,2026-09-03 00:55:00,SL
5d95331d9f3134a02fd4b5e4,TREND_VOLUME,USELESS_USDT,LONG,0.11761,0.5,1.5,12,0.11702195,0.11849207500000002,SL,0.11702195,-1.0,0.2298,15.21979423518407,0.5611767706827717,2026-09-03 00:55:00,SL
5d95331d9f3134a02fd4b5e4,TREND_VOLUME,USELESS_USDT,LONG,0.11761,0.5,1.5,24,0.11702195,0.11849207500000002,SL,0.11702195,-1.0,0.2298,64.90094379729614,0.5611767706827717,2026-09-03 00:55:00,SL
5d95331d9f3134a02fd4b5e4,TREND_VOLUME,USELESS_USDT,LONG,0.11761,0.5,2.0,3,0.11702195,0.1187861,SL,0.11702195,-1.0,0.2298,15.21979423518407,0.5611767706827717,2026-09-03 00:55:00,SL
5d95331d9f3134a02fd4b5e4,TREND_VOLUME,USELESS_USDT,LONG,0.11761,0.5,2.0,6,0.11702195,0.1187861,SL,0.11702195,-1.0,0.2298,15.21979423518407,0.5611767706827717,2026-09-03 00:55:00,SL
5d95331d9f3134a02fd4b5e4,TREND_VOLUME,USELESS_USDT,LONG,0.11761,0.5,2.0,12,0.11702195,0.1187861,SL,0.11702195,-1.0,0.2298,15.21979423518407,0.5611767706827717,2026-09-03 00:55:00,SL
5d95331d9f3134a02fd4b5e4,TREND_VOLUME,USELESS_USDT,LONG,0.11761,0.5,2.0,24,0.11702195,0.1187861,SL,0.11702195,-1.0,0.2298,64.90094379729614,0.5611767706827717,2026-09-03 00:55:00,SL
5d95331d9f3134a02fd4b5e4,TREND_VOLUME,USELESS_USDT,LONG,0.11761,0.75,1.0,3,0.11672792500000001,0.11849207500000002,TP,0.11849207500000002,1.0,0.3131,15.21979423518407,0.5611767706827717,2026-09-03 01:00:00,TP
5d95331d9f3134a02fd4b5e4,TREND_VOLUME,USELESS_USDT,LONG,0.11761,0.75,1.0,6,0.11672792500000001,0.11849207500000002,TP,0.11849207500000002,1.0,0.3131,15.21979423518407,0.5611767706827717,2026-09-03 01:00:00,TP
5d95331d9f3134a02fd4b5e4,TREND_VOLUME,USELESS_USDT,LONG,0.11761,0.75,1.0,12,0.11672792500000001,0.11849207500000002,TP,0.11849207500000002,1.0,0.3131,15.21979423518407,0.5611767706827717,2026-09-03 01:00:00,TP
5d95331d9f3134a02fd4b5e4,TREND_VOLUME,USELESS_USDT,LONG,0.11761,0.75,1.0,24,0.11672792500000001,0.11849207500000002,TP,0.11849207500000002,1.0,0.3131,64.90094379729614,0.5611767706827717,2026-09-03 01:00:00,TP
5d95331d9f3134a02fd4b5e4,TREND_VOLUME,USELESS_USDT,LONG,0.11761,0.75,1.5,3,0.11672792500000001,0.11893311250000001,TP,0.11893311250000001,1.5,0.3965,15.21979423518407,0.5611767706827717,2026-09-03 01:05:00,TP
5d95331d9f3134a02fd4b5e4,TREND_VOLUME,USELESS_USDT,LONG,0.11761,0.75,1.5,6,0.11672792500000001,0.11893311250000001,TP,0.11893311250000001,1.5,0.3965,15.21979423518407,0.5611767706827717,2026-09-03 01:05:00,TP
5d95331d9f3134a02fd4b5e4,TREND_VOLUME,USELESS_USDT,LONG,0.11761,0.75,1.5,12,0.11672792500000001,0.11893311250000001,TP,0.11893311250000001,1.5,0.3965,15.21979423518407,0.5611767706827717,2026-09-03 01:05:00,TP
5d95331d9f3134a02fd4b5e4,TREND_VOLUME,USELESS_USDT,LONG,0.11761,0.75,1.5,24,0.11672792500000001,0.11893311250000001,TP,0.11893311250000001,1.5,0.3965,64.90094379729614,0.5611767706827717,2026-09-03 01:05:00,TP
5d95331d9f3134a02fd4b5e4,TREND_VOLUME,USELESS_USDT,LONG,0.11761,0.75,2.0,3,0.11672792500000001,0.11937415,TP,0.11937415,2.0,0.3965,15.21979423518407,0.5611767706827717,2026-09-03 01:05:00,TP
5d95331d9f3134a02fd4b5e4,TREND_VOLUME,USELESS_USDT,LONG,0.11761,0.75,2.0,6,0.11672792500000001,0.11937415,TP,0.11937415,2.0,0.3965,15.21979423518407,0.5611767706827717,2026-09-03 01:05:00,TP
5d95331d9f3134a02fd4b5e4,TREND_VOLUME,USELESS_USDT,LONG,0.11761,0.75,2.0,12,0.11672792500000001,0.11937415,TP,0.11937415,2.0,0.3965,15.21979423518407,0.5611767706827717,2026-09-03 01:05:00,TP
5d95331d9f3134a02fd4b5e4,TREND_VOLUME,USELESS_USDT,LONG,0.11761,0.75,2.0,24,0.11672792500000001,0.11937415,TP,0.11937415,2.0,0.3965,64.90094379729614,0.5611767706827717,2026-09-03 01:05:00,TP
5d95331d9f3134a02fd4b5e4,TREND_VOLUME,USELESS_USDT,LONG,0.11761,1.0,1.0,3,0.1164339,0.1187861,TP,0.1187861,1.0,0.3965,15.21979423518407,0.5611767706827717,2026-09-03 01:05:00,TP
5d95331d9f3134a02fd4b5e4,TREND_VOLUME,USELESS_USDT,LONG,0.11761,1.0,1.0,6,0.1164339,0.1187861,TP,0.1187861,1.0,0.3965,15.21979423518407,0.5611767706827717,2026-09-03 01:05:00,TP
5d95331d9f3134a02fd4b5e4,TREND_VOLUME,USELESS_USDT,LONG,0.11761,1.0,1.0,12,0.1164339,0.1187861,TP,0.1187861,1.0,0.3965,15.21979423518407,0.5611767706827717,2026-09-03 01:05:00,TP
5d95331d9f3134a02fd4b5e4,TREND_VOLUME,USELESS_USDT,LONG,0.11761,1.0,1.0,24,0.1164339,0.1187861,TP,0.1187861,1.0,0.3965,64.90094379729614,0.5611767706827717,2026-09-03 01:05:00,TP
5d95331d9f3134a02fd4b5e4,TREND_VOLUME,USELESS_USDT,LONG,0.11761,1.0,1.5,3,0.1164339,0.11937415,TP,0.11937415,1.5,0.3965,15.21979423518407,0.5611767706827717,2026-09-03 01:05:00,TP
5d95331d9f3134a02fd4b5e4,TREND_VOLUME,USELESS_USDT,LONG,0.11761,1.0,1.5,6,0.1164339,0.11937415,TP,0.11937415,1.5,0.3965,15.21979423518407,0.5611767706827717,2026-09-03 01:05:00,TP
5d95331d9f3134a02fd4b5e4,TREND_VOLUME,USELESS_USDT,LONG,0.11761,1.0,1.5,12,0.1164339,0.11937415,TP,0.11937415,1.5,0.3965,15.21979423518407,0.5611767706827717,2026-09-03 01:05:00,TP
5d95331d9f3134a02fd4b5e4,TREND_VOLUME,USELESS_USDT,LONG,0.11761,1.0,1.5,24,0.1164339,0.11937415,TP,0.11937415,1.5,0.3965,64.90094379729614,0.5611767706827717,2026-09-03 01:05:00,TP
5d95331d9f3134a02fd4b5e4,TREND_VOLUME,USELESS_USDT,LONG,0.11761,1.0,2.0,3,0.1164339,0.1199622,TP,0.1199622,2.0,0.3965,15.21979423518407,0.5611767706827717,2026-09-03 01:05:00,TP
5d95331d9f3134a02fd4b5e4,TREND_VOLUME,USELESS_USDT,LONG,0.11761,1.0,2.0,6,0.1164339,0.1199622,TP,0.1199622,2.0,0.3965,15.21979423518407,0.5611767706827717,2026-09-03 01:05:00,TP
5d95331d9f3134a02fd4b5e4,TREND_VOLUME,USELESS_USDT,LONG,0.11761,1.0,2.0,12,0.1164339,0.1199622,TP,0.1199622,2.0,0.3965,15.21979423518407,0.5611767706827717,2026-09-03 01:05:00,TP
5d95331d9f3134a02fd4b5e4,TREND_VOLUME,USELESS_USDT,LONG,0.11761,1.0,2.0,24,0.1164339,0.1199622,TP,0.1199622,2.0,0.3965,64.90094379729614,0.5611767706827717,2026-09-03 01:05:00,TP
c16f69923b7d2243b6792601,PULLBACK,SUI_USDT,LONG,0.7204,0.25,1.0,3,0.7185990000000001,0.722201,TP,0.722201,1.0,0.1465,1.207662409772339,0.5552470849528045,2026-09-03 00:50:00,TP
c16f69923b7d2243b6792601,PULLBACK,SUI_USDT,LONG,0.7204,0.25,1.0,6,0.7185990000000001,0.722201,TP,0.722201,1.0,0.1465,4.1227096057745625,0.5552470849528045,2026-09-03 00:50:00,TP
c16f69923b7d2243b6792601,PULLBACK,SUI_USDT,LONG,0.7204,0.25,1.0,12,0.7185990000000001,0.722201,TP,0.722201,1.0,0.1465,8.314825097168232,0.5552470849528045,2026-09-03 00:50:00,TP
c16f69923b7d2243b6792601,PULLBACK,SUI_USDT,LONG,0.7204,0.25,1.0,24,0.7185990000000001,0.722201,TP,0.722201,1.0,0.1465,9.369794558578567,0.5552470849528045,2026-09-03 00:50:00,TP
c16f69923b7d2243b6792601,PULLBACK,SUI_USDT,LONG,0.7204,0.25,1.5,3,0.7185990000000001,0.7231015,TP,0.7231015,1.5,0.4798,1.207662409772339,0.5552470849528045,2026-09-03 01:10:00,TP
c16f69923b7d2243b6792601,PULLBACK,SUI_USDT,LONG,0.7204,0.25,1.5,6,0.7185990000000001,0.7231015,TP,0.7231015,1.5,0.4798,4.1227096057745625,0.5552470849528045,2026-09-03 01:10:00,TP
c16f69923b7d2243b6792601,PULLBACK,SUI_USDT,LONG,0.7204,0.25,1.5,12,0.7185990000000001,0.7231015,TP,0.7231015,1.5,0.4798,8.314825097168232,0.5552470849528045,2026-09-03 01:10:00,TP
c16f69923b7d2243b6792601,PULLBACK,SUI_USDT,LONG,0.7204,0.25,1.5,24,0.7185990000000001,0.7231015,TP,0.7231015,1.5,0.4798,9.369794558578567,0.5552470849528045,2026-09-03 01:10:00,TP
c16f69923b7d2243b6792601,PULLBACK,SUI_USDT,LONG,0.7204,0.25,2.0,3,0.7185990000000001,0.7240019999999999,TP,0.7240019999999999,2.0,0.5631,1.207662409772339,0.5552470849528045,2026-09-03 01:15:00,TP
c16f69923b7d2243b6792601,PULLBACK,SUI_USDT,LONG,0.7204,0.25,2.0,6,0.7185990000000001,0.7240019999999999,TP,0.7240019999999999,2.0,0.5631,4.1227096057745625,0.5552470849528045,2026-09-03 01:15:00,TP
c16f69923b7d2243b6792601,PULLBACK,SUI_USDT,LONG,0.7204,0.25,2.0,12,0.7185990000000001,0.7240019999999999,TP,0.7240019999999999,2.0,0.5631,8.314825097168232,0.5552470849528045,2026-09-03 01:15:00,TP
c16f69923b7d2243b6792601,PULLBACK,SUI_USDT,LONG,0.7204,0.25,2.0,24,0.7185990000000001,0.7240019999999999,TP,0.7240019999999999,2.0,0.5631,9.369794558578567,0.5552470849528045,2026-09-03 01:15:00,TP
c16f69923b7d2243b6792601,PULLBACK,SUI_USDT,LONG,0.7204,0.35,1.0,3,0.7178786,0.7229214,TP,0.7229214,1.0,0.4798,1.207662409772339,0.5552470849528045,2026-09-03 01:10:00,TP
c16f69923b7d2243b6792601,PULLBACK,SUI_USDT,LONG,0.7204,0.35,1.0,6,0.7178786,0.7229214,TP,0.7229214,1.0,0.4798,4.1227096057745625,0.5552470849528045,2026-09-03 01:10:00,TP
c16f69923b7d2243b6792601,PULLBACK,SUI_USDT,LONG,0.7204,0.35,1.0,12,0.7178786,0.7229214,TP,0.7229214,1.0,0.4798,8.314825097168232,0.5552470849528045,2026-09-03 01:10:00,TP
c16f69923b7d2243b6792601,PULLBACK,SUI_USDT,LONG,0.7204,0.35,1.0,24,0.7178786,0.7229214,TP,0.7229214,1.0,0.4798,9.369794558578567,0.5552470849528045,2026-09-03 01:10:00,TP
c16f69923b7d2243b6792601,PULLBACK,SUI_USDT,LONG,0.7204,0.35,1.5,3,0.7178786,0.7241821,TP,0.7241821,1.5,0.5631,1.207662409772339,0.5552470849528045,2026-09-03 01:15:00,TP
c16f69923b7d2243b6792601,PULLBACK,SUI_USDT,LONG,0.7204,0.35,1.5,6,0.7178786,0.7241821,TP,0.7241821,1.5,0.5631,4.1227096057745625,0.5552470849528045,2026-09-03 01:15:00,TP
c16f69923b7d2243b6792601,PULLBACK,SUI_USDT,LONG,0.7204,0.35,1.5,12,0.7178786,0.7241821,TP,0.7241821,1.5,0.5631,8.314825097168232,0.5552470849528045,2026-09-03 01:15:00,TP
c16f69923b7d2243b6792601,PULLBACK,SUI_USDT,LONG,0.7204,0.35,1.5,24,0.7178786,0.7241821,TP,0.7241821,1.5,0.5631,9.369794558578567,0.5552470849528045,2026-09-03 01:15:00,TP
c16f69923b7d2243b6792601,PULLBACK,SUI_USDT,LONG,0.7204,0.35,2.0,3,0.7178786,0.7254427999999999,TP,0.7254427999999999,2.0,0.7298,1.207662409772339,0.5552470849528045,2026-09-03 01:25:00,TP
c16f69923b7d2243b6792601,PULLBACK,SUI_USDT,LONG,0.7204,0.35,2.0,6,0.7178786,0.7254427999999999,TP,0.7254427999999999,2.0,0.7298,4.1227096057745625,0.5552470849528045,2026-09-03 01:25:00,TP
c16f69923b7d2243b6792601,PULLBACK,SUI_USDT,LONG,0.7204,0.35,2.0,12,0.7178786,0.7254427999999999,TP,0.7254427999999999,2.0,0.7298,8.314825097168232,0.5552470849528045,2026-09-03 01:25:00,TP
c16f69923b7d2243b6792601,PULLBACK,SUI_USDT,LONG,0.7204,0.35,2.0,24,0.7178786,0.7254427999999999,TP,0.7254427999999999,2.0,0.7298,9.369794558578567,0.5552470849528045,2026-09-03 01:25:00,TP
c16f69923b7d2243b6792601,PULLBACK,SUI_USDT,LONG,0.7204,0.5,1.0,3,0.716798,0.7240019999999999,TP,0.7240019999999999,1.0,0.5631,1.207662409772339,0.5552470849528045,2026-09-03 01:15:00,TP
c16f69923b7d2243b6792601,PULLBACK,SUI_USDT,LONG,0.7204,0.5,1.0,6,0.716798,0.7240019999999999,TP,0.7240019999999999,1.0,0.5631,4.1227096057745625,0.5552470849528045,2026-09-03 01:15:00,TP
c16f69923b7d2243b6792601,PULLBACK,SUI_USDT,LONG,0.7204,0.5,1.0,12,0.716798,0.7240019999999999,TP,0.7240019999999999,1.0,0.5631,8.314825097168232,0.5552470849528045,2026-09-03 01:15:00,TP
c16f69923b7d2243b6792601,PULLBACK,SUI_USDT,LONG,0.7204,0.5,1.0,24,0.716798,0.7240019999999999,TP,0.7240019999999999,1.0,0.5631,9.369794558578567,0.5552470849528045,2026-09-03 01:15:00,TP
c16f69923b7d2243b6792601,PULLBACK,SUI_USDT,LONG,0.7204,0.5,1.5,3,0.716798,0.7258030000000001,TP,0.7258030000000001,1.5,0.8131,1.207662409772339,0.5552470849528045,2026-09-03 01:30:00,TP
c16f69923b7d2243b6792601,PULLBACK,SUI_USDT,LONG,0.7204,0.5,1.5,6,0.716798,0.7258030000000001,TP,0.7258030000000001,1.5,0.8131,4.1227096057745625,0.5552470849528045,2026-09-03 01:30:00,TP
c16f69923b7d2243b6792601,PULLBACK,SUI_USDT,LONG,0.7204,0.5,1.5,12,0.716798,0.7258030000000001,TP,0.7258030000000001,1.5,0.8131,8.314825097168232,0.5552470849528045,2026-09-03 01:30:00,TP
c16f69923b7d2243b6792601,PULLBACK,SUI_USDT,LONG,0.7204,0.5,1.5,24,0.716798,0.7258030000000001,TP,0.7258030000000001,1.5,0.8131,9.369794558578567,0.5552470849528045,2026-09-03 01:30:00,TP
c16f69923b7d2243b6792601,PULLBACK,SUI_USDT,LONG,0.7204,0.5,2.0,3,0.716798,0.727604,TP,0.727604,2.0,0.8965,1.207662409772339,0.5552470849528045,2026-09-03 01:35:00,TP
c16f69923b7d2243b6792601,PULLBACK,SUI_USDT,LONG,0.7204,0.5,2.0,6,0.716798,0.727604,TP,0.727604,2.0,0.8965,4.1227096057745625,0.5552470849528045,2026-09-03 01:35:00,TP
c16f69923b7d2243b6792601,PULLBACK,SUI_USDT,LONG,0.7204,0.5,2.0,12,0.716798,0.727604,TP,0.727604,2.0,0.8965,8.314825097168232,0.5552470849528045,2026-09-03 01:35:00,TP
c16f69923b7d2243b6792601,PULLBACK,SUI_USDT,LONG,0.7204,0.5,2.0,24,0.716798,0.727604,TP,0.727604,2.0,0.8965,9.369794558578567,0.5552470849528045,2026-09-03 01:35:00,TP
c16f69923b7d2243b6792601,PULLBACK,SUI_USDT,LONG,0.7204,0.75,1.0,3,0.7149970000000001,0.7258030000000001,TP,0.7258030000000001,1.0,0.8131,1.207662409772339,0.5552470849528045,2026-09-03 01:30:00,TP
c16f69923b7d2243b6792601,PULLBACK,SUI_USDT,LONG,0.7204,0.75,1.0,6,0.7149970000000001,0.7258030000000001,TP,0.7258030000000001,1.0,0.8131,4.1227096057745625,0.5552470849528045,2026-09-03 01:30:00,TP
c16f69923b7d2243b6792601,PULLBACK,SUI_USDT,LONG,0.7204,0.75,1.0,12,0.7149970000000001,0.7258030000000001,TP,0.7258030000000001,1.0,0.8131,8.314825097168232,0.5552470849528045,2026-09-03 01:30:00,TP
c16f69923b7d2243b6792601,PULLBACK,SUI_USDT,LONG,0.7204,0.75,1.0,24,0.7149970000000001,0.7258030000000001,TP,0.7258030000000001,1.0,0.8131,9.369794558578567,0.5552470849528045,2026-09-03 01:30:00,TP
c16f69923b7d2243b6792601,PULLBACK,SUI_USDT,LONG,0.7204,0.75,1.5,3,0.7149970000000001,0.7285045,TP,0.7285045,1.5,0.8965,1.207662409772339,0.5552470849528045,2026-09-03 01:35:00,TP
c16f69923b7d2243b6792601,PULLBACK,SUI_USDT,LONG,0.7204,0.75,1.5,6,0.7149970000000001,0.7285045,TP,0.7285045,1.5,0.8965,4.1227096057745625,0.5552470849528045,2026-09-03 01:35:00,TP
c16f69923b7d2243b6792601,PULLBACK,SUI_USDT,LONG,0.7204,0.75,1.5,12,0.7149970000000001,0.7285045,TP,0.7285045,1.5,0.8965,8.314825097168232,0.5552470849528045,2026-09-03 01:35:00,TP
c16f69923b7d2243b6792601,PULLBACK,SUI_USDT,LONG,0.7204,0.75,1.5,24,0.7149970000000001,0.7285045,TP,0.7285045,1.5,0.8965,9.369794558578567,0.5552470849528045,2026-09-03 01:35:00,TP
c16f69923b7d2243b6792601,PULLBACK,SUI_USDT,LONG,0.7204,0.75,2.0,3,0.7149970000000001,0.731206,TIME_EXIT,0.7265,1.12900241,3.0631,1.207662409772339,0.5552470849528045,2026-09-03 03:45:00,3h時間切れ
c16f69923b7d2243b6792601,PULLBACK,SUI_USDT,LONG,0.7204,0.75,2.0,6,0.7149970000000001,0.731206,TP,0.731206,2.0,3.2298,4.1227096057745625,0.5552470849528045,2026-09-03 03:55:00,TP
c16f69923b7d2243b6792601,PULLBACK,SUI_USDT,LONG,0.7204,0.75,2.0,12,0.7149970000000001,0.731206,TP,0.731206,2.0,3.2298,8.314825097168232,0.5552470849528045,2026-09-03 03:55:00,TP
c16f69923b7d2243b6792601,PULLBACK,SUI_USDT,LONG,0.7204,0.75,2.0,24,0.7149970000000001,0.731206,TP,0.731206,2.0,3.2298,9.369794558578567,0.5552470849528045,2026-09-03 03:55:00,TP
c16f69923b7d2243b6792601,PULLBACK,SUI_USDT,LONG,0.7204,1.0,1.0,3,0.713196,0.727604,TP,0.727604,1.0,0.8965,1.207662409772339,0.5552470849528045,2026-09-03 01:35:00,TP
c16f69923b7d2243b6792601,PULLBACK,SUI_USDT,LONG,0.7204,1.0,1.0,6,0.713196,0.727604,TP,0.727604,1.0,0.8965,4.1227096057745625,0.5552470849528045,2026-09-03 01:35:00,TP
c16f69923b7d2243b6792601,PULLBACK,SUI_USDT,LONG,0.7204,1.0,1.0,12,0.713196,0.727604,TP,0.727604,1.0,0.8965,8.314825097168232,0.5552470849528045,2026-09-03 01:35:00,TP
c16f69923b7d2243b6792601,PULLBACK,SUI_USDT,LONG,0.7204,1.0,1.0,24,0.713196,0.727604,TP,0.727604,1.0,0.8965,9.369794558578567,0.5552470849528045,2026-09-03 01:35:00,TP
c16f69923b7d2243b6792601,PULLBACK,SUI_USDT,LONG,0.7204,1.0,1.5,3,0.713196,0.731206,TIME_EXIT,0.7265,0.8467518,3.0631,1.207662409772339,0.5552470849528045,2026-09-03 03:45:00,3h時間切れ
c16f69923b7d2243b6792601,PULLBACK,SUI_USDT,LONG,0.7204,1.0,1.5,6,0.713196,0.731206,TP,0.731206,1.5,3.2298,4.1227096057745625,0.5552470849528045,2026-09-03 03:55:00,TP
c16f69923b7d2243b6792601,PULLBACK,SUI_USDT,LONG,0.7204,1.0,1.5,12,0.713196,0.731206,TP,0.731206,1.5,3.2298,8.314825097168232,0.5552470849528045,2026-09-03 03:55:00,TP
c16f69923b7d2243b6792601,PULLBACK,SUI_USDT,LONG,0.7204,1.0,1.5,24,0.713196,0.731206,TP,0.731206,1.5,3.2298,9.369794558578567,0.5552470849528045,2026-09-03 03:55:00,TP
c16f69923b7d2243b6792601,PULLBACK,SUI_USDT,LONG,0.7204,1.0,2.0,3,0.713196,0.734808,TIME_EXIT,0.7265,0.8467518,3.0631,1.207662409772339,0.5552470849528045,2026-09-03 03:45:00,3h時間切れ
c16f69923b7d2243b6792601,PULLBACK,SUI_USDT,LONG,0.7204,1.0,2.0,6,0.713196,0.734808,TP,0.734808,2.0,4.3965,4.1227096057745625,0.5552470849528045,2026-09-03 05:05:00,TP
c16f69923b7d2243b6792601,PULLBACK,SUI_USDT,LONG,0.7204,1.0,2.0,12,0.713196,0.734808,TP,0.734808,2.0,4.3965,8.314825097168232,0.5552470849528045,2026-09-03 05:05:00,TP
c16f69923b7d2243b6792601,PULLBACK,SUI_USDT,LONG,0.7204,1.0,2.0,24,0.713196,0.734808,TP,0.734808,2.0,4.3965,9.369794558578567,0.5552470849528045,2026-09-03 05:05:00,TP
d388e5b99d5908a29c4205d4,OI_FUNDING,USELESS_USDT,LONG,0.11761,0.25,1.0,3,0.11731597500000002,0.117904025,UNKNOWN,,,0.1464,15.21979423518407,0.5611767706827717,2026-09-03 00:50:00,同一5分足でTP/SL双方到達・順序不明
d388e5b99d5908a29c4205d4,OI_FUNDING,USELESS_USDT,LONG,0.11761,0.25,1.0,6,0.11731597500000002,0.117904025,UNKNOWN,,,0.1464,15.21979423518407,0.5611767706827717,2026-09-03 00:50:00,同一5分足でTP/SL双方到達・順序不明
d388e5b99d5908a29c4205d4,OI_FUNDING,USELESS_USDT,LONG,0.11761,0.25,1.0,12,0.11731597500000002,0.117904025,UNKNOWN,,,0.1464,15.21979423518407,0.5611767706827717,2026-09-03 00:50:00,同一5分足でTP/SL双方到達・順序不明
d388e5b99d5908a29c4205d4,OI_FUNDING,USELESS_USDT,LONG,0.11761,0.25,1.0,24,0.11731597500000002,0.117904025,UNKNOWN,,,0.1464,64.90094379729614,0.5611767706827717,2026-09-03 00:50:00,同一5分足でTP/SL双方到達・順序不明
d388e5b99d5908a29c4205d4,OI_FUNDING,USELESS_USDT,LONG,0.11761,0.25,1.5,3,0.11731597500000002,0.1180510375,SL,0.11731597500000002,-1.0,0.1464,15.21979423518407,0.5611767706827717,2026-09-03 00:50:00,SL
d388e5b99d5908a29c4205d4,OI_FUNDING,USELESS_USDT,LONG,0.11761,0.25,1.5,6,0.11731597500000002,0.1180510375,SL,0.11731597500000002,-1.0,0.1464,15.21979423518407,0.5611767706827717,2026-09-03 00:50:00,SL
d388e5b99d5908a29c4205d4,OI_FUNDING,USELESS_USDT,LONG,0.11761,0.25,1.5,12,0.11731597500000002,0.1180510375,SL,0.11731597500000002,-1.0,0.1464,15.21979423518407,0.5611767706827717,2026-09-03 00:50:00,SL
d388e5b99d5908a29c4205d4,OI_FUNDING,USELESS_USDT,LONG,0.11761,0.25,1.5,24,0.11731597500000002,0.1180510375,SL,0.11731597500000002,-1.0,0.1464,64.90094379729614,0.5611767706827717,2026-09-03 00:50:00,SL
d388e5b99d5908a29c4205d4,OI_FUNDING,USELESS_USDT,LONG,0.11761,0.25,2.0,3,0.11731597500000002,0.11819805,SL,0.11731597500000002,-1.0,0.1464,15.21979423518407,0.5611767706827717,2026-09-03 00:50:00,SL
d388e5b99d5908a29c4205d4,OI_FUNDING,USELESS_USDT,LONG,0.11761,0.25,2.0,6,0.11731597500000002,0.11819805,SL,0.11731597500000002,-1.0,0.1464,15.21979423518407,0.5611767706827717,2026-09-03 00:50:00,SL
d388e5b99d5908a29c4205d4,OI_FUNDING,USELESS_USDT,LONG,0.11761,0.25,2.0,12,0.11731597500000002,0.11819805,SL,0.11731597500000002,-1.0,0.1464,15.21979423518407,0.5611767706827717,2026-09-03 00:50:00,SL
d388e5b99d5908a29c4205d4,OI_FUNDING,USELESS_USDT,LONG,0.11761,0.25,2.0,24,0.11731597500000002,0.11819805,SL,0.11731597500000002,-1.0,0.1464,64.90094379729614,0.5611767706827717,2026-09-03 00:50:00,SL
d388e5b99d5908a29c4205d4,OI_FUNDING,USELESS_USDT,LONG,0.11761,0.35,1.0,3,0.11719836500000001,0.11802163500000001,SL,0.11719836500000001,-1.0,0.1464,15.21979423518407,0.5611767706827717,2026-09-03 00:50:00,SL
d388e5b99d5908a29c4205d4,OI_FUNDING,USELESS_USDT,LONG,0.11761,0.35,1.0,6,0.11719836500000001,0.11802163500000001,SL,0.11719836500000001,-1.0,0.1464,15.21979423518407,0.5611767706827717,2026-09-03 00:50:00,SL
d388e5b99d5908a29c4205d4,OI_FUNDING,USELESS_USDT,LONG,0.11761,0.35,1.0,12,0.11719836500000001,0.11802163500000001,SL,0.11719836500000001,-1.0,0.1464,15.21979423518407,0.5611767706827717,2026-09-03 00:50:00,SL
d388e5b99d5908a29c4205d4,OI_FUNDING,USELESS_USDT,LONG,0.11761,0.35,1.0,24,0.11719836500000001,0.11802163500000001,SL,0.11719836500000001,-1.0,0.1464,64.90094379729614,0.5611767706827717,2026-09-03 00:50:00,SL
d388e5b99d5908a29c4205d4,OI_FUNDING,USELESS_USDT,LONG,0.11761,0.35,1.5,3,0.11719836500000001,0.11822745250000001,SL,0.11719836500000001,-1.0,0.1464,15.21979423518407,0.5611767706827717,2026-09-03 00:50:00,SL
d388e5b99d5908a29c4205d4,OI_FUNDING,USELESS_USDT,LONG,0.11761,0.35,1.5,6,0.11719836500000001,0.11822745250000001,SL,0.11719836500000001,-1.0,0.1464,15.21979423518407,0.5611767706827717,2026-09-03 00:50:00,SL
d388e5b99d5908a29c4205d4,OI_FUNDING,USELESS_USDT,LONG,0.11761,0.35,1.5,12,0.11719836500000001,0.11822745250000001,SL,0.11719836500000001,-1.0,0.1464,15.21979423518407,0.5611767706827717,2026-09-03 00:50:00,SL
d388e5b99d5908a29c4205d4,OI_FUNDING,USELESS_USDT,LONG,0.11761,0.35,1.5,24,0.11719836500000001,0.11822745250000001,SL,0.11719836500000001,-1.0,0.1464,64.90094379729614,0.5611767706827717,2026-09-03 00:50:00,SL
d388e5b99d5908a29c4205d4,OI_FUNDING,USELESS_USDT,LONG,0.11761,0.35,2.0,3,0.11719836500000001,0.11843327,SL,0.11719836500000001,-1.0,0.1464,15.21979423518407,0.5611767706827717,2026-09-03 00:50:00,SL
d388e5b99d5908a29c4205d4,OI_FUNDING,USELESS_USDT,LONG,0.11761,0.35,2.0,6,0.11719836500000001,0.11843327,SL,0.11719836500000001,-1.0,0.1464,15.21979423518407,0.5611767706827717,2026-09-03 00:50:00,SL
d388e5b99d5908a29c4205d4,OI_FUNDING,USELESS_USDT,LONG,0.11761,0.35,2.0,12,0.11719836500000001,0.11843327,SL,0.11719836500000001,-1.0,0.1464,15.21979423518407,0.5611767706827717,2026-09-03 00:50:00,SL
d388e5b99d5908a29c4205d4,OI_FUNDING,USELESS_USDT,LONG,0.11761,0.35,2.0,24,0.11719836500000001,0.11843327,SL,0.11719836500000001,-1.0,0.1464,64.90094379729614,0.5611767706827717,2026-09-03 00:50:00,SL
d388e5b99d5908a29c4205d4,OI_FUNDING,USELESS_USDT,LONG,0.11761,0.5,1.0,3,0.11702195,0.11819805,UNKNOWN,,,0.2298,15.21979423518407,0.5611767706827717,2026-09-03 00:55:00,同一5分足でTP/SL双方到達・順序不明
d388e5b99d5908a29c4205d4,OI_FUNDING,USELESS_USDT,LONG,0.11761,0.5,1.0,6,0.11702195,0.11819805,UNKNOWN,,,0.2298,15.21979423518407,0.5611767706827717,2026-09-03 00:55:00,同一5分足でTP/SL双方到達・順序不明
d388e5b99d5908a29c4205d4,OI_FUNDING,USELESS_USDT,LONG,0.11761,0.5,1.0,12,0.11702195,0.11819805,UNKNOWN,,,0.2298,15.21979423518407,0.5611767706827717,2026-09-03 00:55:00,同一5分足でTP/SL双方到達・順序不明
d388e5b99d5908a29c4205d4,OI_FUNDING,USELESS_USDT,LONG,0.11761,0.5,1.0,24,0.11702195,0.11819805,UNKNOWN,,,0.2298,64.90094379729614,0.5611767706827717,2026-09-03 00:55:00,同一5分足でTP/SL双方到達・順序不明
d388e5b99d5908a29c4205d4,OI_FUNDING,USELESS_USDT,LONG,0.11761,0.5,1.5,3,0.11702195,0.11849207500000002,SL,0.11702195,-1.0,0.2298,15.21979423518407,0.5611767706827717,2026-09-03 00:55:00,SL
d388e5b99d5908a29c4205d4,OI_FUNDING,USELESS_USDT,LONG,0.11761,0.5,1.5,6,0.11702195,0.11849207500000002,SL,0.11702195,-1.0,0.2298,15.21979423518407,0.5611767706827717,2026-09-03 00:55:00,SL
d388e5b99d5908a29c4205d4,OI_FUNDING,USELESS_USDT,LONG,0.11761,0.5,1.5,12,0.11702195,0.11849207500000002,SL,0.11702195,-1.0,0.2298,15.21979423518407,0.5611767706827717,2026-09-03 00:55:00,SL
d388e5b99d5908a29c4205d4,OI_FUNDING,USELESS_USDT,LONG,0.11761,0.5,1.5,24,0.11702195,0.11849207500000002,SL,0.11702195,-1.0,0.2298,64.90094379729614,0.5611767706827717,2026-09-03 00:55:00,SL
d388e5b99d5908a29c4205d4,OI_FUNDING,USELESS_USDT,LONG,0.11761,0.5,2.0,3,0.11702195,0.1187861,SL,0.11702195,-1.0,0.2298,15.21979423518407,0.5611767706827717,2026-09-03 00:55:00,SL
d388e5b99d5908a29c4205d4,OI_FUNDING,USELESS_USDT,LONG,0.11761,0.5,2.0,6,0.11702195,0.1187861,SL,0.11702195,-1.0,0.2298,15.21979423518407,0.5611767706827717,2026-09-03 00:55:00,SL
d388e5b99d5908a29c4205d4,OI_FUNDING,USELESS_USDT,LONG,0.11761,0.5,2.0,12,0.11702195,0.1187861,SL,0.11702195,-1.0,0.2298,15.21979423518407,0.5611767706827717,2026-09-03 00:55:00,SL
d388e5b99d5908a29c4205d4,OI_FUNDING,USELESS_USDT,LONG,0.11761,0.5,2.0,24,0.11702195,0.1187861,SL,0.11702195,-1.0,0.2298,64.90094379729614,0.5611767706827717,2026-09-03 00:55:00,SL
d388e5b99d5908a29c4205d4,OI_FUNDING,USELESS_USDT,LONG,0.11761,0.75,1.0,3,0.11672792500000001,0.11849207500000002,TP,0.11849207500000002,1.0,0.3131,15.21979423518407,0.5611767706827717,2026-09-03 01:00:00,TP
d388e5b99d5908a29c4205d4,OI_FUNDING,USELESS_USDT,LONG,0.11761,0.75,1.0,6,0.11672792500000001,0.11849207500000002,TP,0.11849207500000002,1.0,0.3131,15.21979423518407,0.5611767706827717,2026-09-03 01:00:00,TP
d388e5b99d5908a29c4205d4,OI_FUNDING,USELESS_USDT,LONG,0.11761,0.75,1.0,12,0.11672792500000001,0.11849207500000002,TP,0.11849207500000002,1.0,0.3131,15.21979423518407,0.5611767706827717,2026-09-03 01:00:00,TP
d388e5b99d5908a29c4205d4,OI_FUNDING,USELESS_USDT,LONG,0.11761,0.75,1.0,24,0.11672792500000001,0.11849207500000002,TP,0.11849207500000002,1.0,0.3131,64.90094379729614,0.5611767706827717,2026-09-03 01:00:00,TP
d388e5b99d5908a29c4205d4,OI_FUNDING,USELESS_USDT,LONG,0.11761,0.75,1.5,3,0.11672792500000001,0.11893311250000001,TP,0.11893311250000001,1.5,0.3964,15.21979423518407,0.5611767706827717,2026-09-03 01:05:00,TP
d388e5b99d5908a29c4205d4,OI_FUNDING,USELESS_USDT,LONG,0.11761,0.75,1.5,6,0.11672792500000001,0.11893311250000001,TP,0.11893311250000001,1.5,0.3964,15.21979423518407,0.5611767706827717,2026-09-03 01:05:00,TP
d388e5b99d5908a29c4205d4,OI_FUNDING,USELESS_USDT,LONG,0.11761,0.75,1.5,12,0.11672792500000001,0.11893311250000001,TP,0.11893311250000001,1.5,0.3964,15.21979423518407,0.5611767706827717,2026-09-03 01:05:00,TP
d388e5b99d5908a29c4205d4,OI_FUNDING,USELESS_USDT,LONG,0.11761,0.75,1.5,24,0.11672792500000001,0.11893311250000001,TP,0.11893311250000001,1.5,0.3964,64.90094379729614,0.5611767706827717,2026-09-03 01:05:00,TP
d388e5b99d5908a29c4205d4,OI_FUNDING,USELESS_USDT,LONG,0.11761,0.75,2.0,3,0.11672792500000001,0.11937415,TP,0.11937415,2.0,0.3964,15.21979423518407,0.5611767706827717,2026-09-03 01:05:00,TP
d388e5b99d5908a29c4205d4,OI_FUNDING,USELESS_USDT,LONG,0.11761,0.75,2.0,6,0.11672792500000001,0.11937415,TP,0.11937415,2.0,0.3964,15.21979423518407,0.5611767706827717,2026-09-03 01:05:00,TP
d388e5b99d5908a29c4205d4,OI_FUNDING,USELESS_USDT,LONG,0.11761,0.75,2.0,12,0.11672792500000001,0.11937415,TP,0.11937415,2.0,0.3964,15.21979423518407,0.5611767706827717,2026-09-03 01:05:00,TP
d388e5b99d5908a29c4205d4,OI_FUNDING,USELESS_USDT,LONG,0.11761,0.75,2.0,24,0.11672792500000001,0.11937415,TP,0.11937415,2.0,0.3964,64.90094379729614,0.5611767706827717,2026-09-03 01:05:00,TP
d388e5b99d5908a29c4205d4,OI_FUNDING,USELESS_USDT,LONG,0.11761,1.0,1.0,3,0.1164339,0.1187861,TP,0.1187861,1.0,0.3964,15.21979423518407,0.5611767706827717,2026-09-03 01:05:00,TP
d388e5b99d5908a29c4205d4,OI_FUNDING,USELESS_USDT,LONG,0.11761,1.0,1.0,6,0.1164339,0.1187861,TP,0.1187861,1.0,0.3964,15.21979423518407,0.5611767706827717,2026-09-03 01:05:00,TP
d388e5b99d5908a29c4205d4,OI_FUNDING,USELESS_USDT,LONG,0.11761,1.0,1.0,12,0.1164339,0.1187861,TP,0.1187861,1.0,0.3964,15.21979423518407,0.5611767706827717,2026-09-03 01:05:00,TP
d388e5b99d5908a29c4205d4,OI_FUNDING,USELESS_USDT,LONG,0.11761,1.0,1.0,24,0.1164339,0.1187861,TP,0.1187861,1.0,0.3964,64.90094379729614,0.5611767706827717,2026-09-03 01:05:00,TP
d388e5b99d5908a29c4205d4,OI_FUNDING,USELESS_USDT,LONG,0.11761,1.0,1.5,3,0.1164339,0.11937415,TP,0.11937415,1.5,0.3964,15.21979423518407,0.5611767706827717,2026-09-03 01:05:00,TP
d388e5b99d5908a29c4205d4,OI_FUNDING,USELESS_USDT,LONG,0.11761,1.0,1.5,6,0.1164339,0.11937415,TP,0.11937415,1.5,0.3964,15.21979423518407,0.5611767706827717,2026-09-03 01:05:00,TP
d388e5b99d5908a29c4205d4,OI_FUNDING,USELESS_USDT,LONG,0.11761,1.0,1.5,12,0.1164339,0.11937415,TP,0.11937415,1.5,0.3964,15.21979423518407,0.5611767706827717,2026-09-03 01:05:00,TP
d388e5b99d5908a29c4205d4,OI_FUNDING,USELESS_USDT,LONG,0.11761,1.0,1.5,24,0.1164339,0.11937415,TP,0.11937415,1.5,0.3964,64.90094379729614,0.5611767706827717,2026-09-03 01:05:00,TP
d388e5b99d5908a29c4205d4,OI_FUNDING,USELESS_USDT,LONG,0.11761,1.0,2.0,3,0.1164339,0.1199622,TP,0.1199622,2.0,0.3964,15.21979423518407,0.5611767706827717,2026-09-03 01:05:00,TP
d388e5b99d5908a29c4205d4,OI_FUNDING,USELESS_USDT,LONG,0.11761,1.0,2.0,6,0.1164339,0.1199622,TP,0.1199622,2.0,0.3964,15.21979423518407,0.5611767706827717,2026-09-03 01:05:00,TP
d388e5b99d5908a29c4205d4,OI_FUNDING,USELESS_USDT,LONG,0.11761,1.0,2.0,12,0.1164339,0.1199622,TP,0.1199622,2.0,0.3964,15.21979423518407,0.5611767706827717,2026-09-03 01:05:00,TP
d388e5b99d5908a29c4205d4,OI_FUNDING,USELESS_USDT,LONG,0.11761,1.0,2.0,24,0.1164339,0.1199622,TP,0.1199622,2.0,0.3964,64.90094379729614,0.5611767706827717,2026-09-03 01:05:00,TP
178dd37ded4012e3f092f2e6,OI_FUNDING,ENA_USDT,SHORT,0.15015,0.25,1.0,3,0.150525375,0.14977462500000002,SL,0.150525375,-1.0,0.1433,1.9447219447219486,1.132201132201137,2026-09-03 01:00:00,SL
178dd37ded4012e3f092f2e6,OI_FUNDING,ENA_USDT,SHORT,0.15015,0.25,1.0,6,0.150525375,0.14977462500000002,SL,0.150525375,-1.0,0.1433,1.9447219447219486,1.132201132201137,2026-09-03 01:00:00,SL
178dd37ded4012e3f092f2e6,OI_FUNDING,ENA_USDT,SHORT,0.15015,0.25,1.0,12,0.150525375,0.14977462500000002,SL,0.150525375,-1.0,0.1433,2.7439227439227523,2.11788211788211,2026-09-03 01:00:00,SL
178dd37ded4012e3f092f2e6,OI_FUNDING,ENA_USDT,SHORT,0.15015,0.25,1.0,24,0.150525375,0.14977462500000002,SL,0.150525375,-1.0,0.1433,2.7439227439227523,11.361971361971355,2026-09-03 01:00:00,SL
178dd37ded4012e3f092f2e6,OI_FUNDING,ENA_USDT,SHORT,0.15015,0.25,1.5,3,0.150525375,0.1495869375,SL,0.150525375,-1.0,0.1433,1.9447219447219486,1.132201132201137,2026-09-03 01:00:00,SL
178dd37ded4012e3f092f2e6,OI_FUNDING,ENA_USDT,SHORT,0.15015,0.25,1.5,6,0.150525375,0.1495869375,SL,0.150525375,-1.0,0.1433,1.9447219447219486,1.132201132201137,2026-09-03 01:00:00,SL
178dd37ded4012e3f092f2e6,OI_FUNDING,ENA_USDT,SHORT,0.15015,0.25,1.5,12,0.150525375,0.1495869375,SL,0.150525375,-1.0,0.1433,2.7439227439227523,2.11788211788211,2026-09-03 01:00:00,SL
178dd37ded4012e3f092f2e6,OI_FUNDING,ENA_USDT,SHORT,0.15015,0.25,1.5,24,0.150525375,0.1495869375,SL,0.150525375,-1.0,0.1433,2.7439227439227523,11.361971361971355,2026-09-03 01:00:00,SL
178dd37ded4012e3f092f2e6,OI_FUNDING,ENA_USDT,SHORT,0.15015,0.25,2.0,3,0.150525375,0.14939925,SL,0.150525375,-1.0,0.1433,1.9447219447219486,1.132201132201137,2026-09-03 01:00:00,SL
178dd37ded4012e3f092f2e6,OI_FUNDING,ENA_USDT,SHORT,0.15015,0.25,2.0,6,0.150525375,0.14939925,SL,0.150525375,-1.0,0.1433,1.9447219447219486,1.132201132201137,2026-09-03 01:00:00,SL
178dd37ded4012e3f092f2e6,OI_FUNDING,ENA_USDT,SHORT,0.15015,0.25,2.0,12,0.150525375,0.14939925,SL,0.150525375,-1.0,0.1433,2.7439227439227523,2.11788211788211,2026-09-03 01:00:00,SL
178dd37ded4012e3f092f2e6,OI_FUNDING,ENA_USDT,SHORT,0.15015,0.25,2.0,24,0.150525375,0.14939925,SL,0.150525375,-1.0,0.1433,2.7439227439227523,11.361971361971355,2026-09-03 01:00:00,SL
178dd37ded4012e3f092f2e6,OI_FUNDING,ENA_USDT,SHORT,0.15015,0.35,1.0,3,0.150675525,0.149624475,SL,0.150675525,-1.0,0.1433,1.9447219447219486,1.132201132201137,2026-09-03 01:00:00,SL
178dd37ded4012e3f092f2e6,OI_FUNDING,ENA_USDT,SHORT,0.15015,0.35,1.0,6,0.150675525,0.149624475,SL,0.150675525,-1.0,0.1433,1.9447219447219486,1.132201132201137,2026-09-03 01:00:00,SL
178dd37ded4012e3f092f2e6,OI_FUNDING,ENA_USDT,SHORT,0.15015,0.35,1.0,12,0.150675525,0.149624475,SL,0.150675525,-1.0,0.1433,2.7439227439227523,2.11788211788211,2026-09-03 01:00:00,SL
178dd37ded4012e3f092f2e6,OI_FUNDING,ENA_USDT,SHORT,0.15015,0.35,1.0,24,0.150675525,0.149624475,SL,0.150675525,-1.0,0.1433,2.7439227439227523,11.361971361971355,2026-09-03 01:00:00,SL
178dd37ded4012e3f092f2e6,OI_FUNDING,ENA_USDT,SHORT,0.15015,0.35,1.5,3,0.150675525,0.14936171250000002,SL,0.150675525,-1.0,0.1433,1.9447219447219486,1.132201132201137,2026-09-03 01:00:00,SL
178dd37ded4012e3f092f2e6,OI_FUNDING,ENA_USDT,SHORT,0.15015,0.35,1.5,6,0.150675525,0.14936171250000002,SL,0.150675525,-1.0,0.1433,1.9447219447219486,1.132201132201137,2026-09-03 01:00:00,SL
178dd37ded4012e3f092f2e6,OI_FUNDING,ENA_USDT,SHORT,0.15015,0.35,1.5,12,0.150675525,0.14936171250000002,SL,0.150675525,-1.0,0.1433,2.7439227439227523,2.11788211788211,2026-09-03 01:00:00,SL
178dd37ded4012e3f092f2e6,OI_FUNDING,ENA_USDT,SHORT,0.15015,0.35,1.5,24,0.150675525,0.14936171250000002,SL,0.150675525,-1.0,0.1433,2.7439227439227523,11.361971361971355,2026-09-03 01:00:00,SL
178dd37ded4012e3f092f2e6,OI_FUNDING,ENA_USDT,SHORT,0.15015,0.35,2.0,3,0.150675525,0.14909895,SL,0.150675525,-1.0,0.1433,1.9447219447219486,1.132201132201137,2026-09-03 01:00:00,SL
178dd37ded4012e3f092f2e6,OI_FUNDING,ENA_USDT,SHORT,0.15015,0.35,2.0,6,0.150675525,0.14909895,SL,0.150675525,-1.0,0.1433,1.9447219447219486,1.132201132201137,2026-09-03 01:00:00,SL
178dd37ded4012e3f092f2e6,OI_FUNDING,ENA_USDT,SHORT,0.15015,0.35,2.0,12,0.150675525,0.14909895,SL,0.150675525,-1.0,0.1433,2.7439227439227523,2.11788211788211,2026-09-03 01:00:00,SL
178dd37ded4012e3f092f2e6,OI_FUNDING,ENA_USDT,SHORT,0.15015,0.35,2.0,24,0.150675525,0.14909895,SL,0.150675525,-1.0,0.1433,2.7439227439227523,11.361971361971355,2026-09-03 01:00:00,SL
178dd37ded4012e3f092f2e6,OI_FUNDING,ENA_USDT,SHORT,0.15015,0.5,1.0,3,0.15090075,0.14939925,SL,0.15090075,-1.0,0.1433,1.9447219447219486,1.132201132201137,2026-09-03 01:00:00,SL
178dd37ded4012e3f092f2e6,OI_FUNDING,ENA_USDT,SHORT,0.15015,0.5,1.0,6,0.15090075,0.14939925,SL,0.15090075,-1.0,0.1433,1.9447219447219486,1.132201132201137,2026-09-03 01:00:00,SL
178dd37ded4012e3f092f2e6,OI_FUNDING,ENA_USDT,SHORT,0.15015,0.5,1.0,12,0.15090075,0.14939925,SL,0.15090075,-1.0,0.1433,2.7439227439227523,2.11788211788211,2026-09-03 01:00:00,SL
178dd37ded4012e3f092f2e6,OI_FUNDING,ENA_USDT,SHORT,0.15015,0.5,1.0,24,0.15090075,0.14939925,SL,0.15090075,-1.0,0.1433,2.7439227439227523,11.361971361971355,2026-09-03 01:00:00,SL
178dd37ded4012e3f092f2e6,OI_FUNDING,ENA_USDT,SHORT,0.15015,0.5,1.5,3,0.15090075,0.149023875,SL,0.15090075,-1.0,0.1433,1.9447219447219486,1.132201132201137,2026-09-03 01:00:00,SL
178dd37ded4012e3f092f2e6,OI_FUNDING,ENA_USDT,SHORT,0.15015,0.5,1.5,6,0.15090075,0.149023875,SL,0.15090075,-1.0,0.1433,1.9447219447219486,1.132201132201137,2026-09-03 01:00:00,SL
178dd37ded4012e3f092f2e6,OI_FUNDING,ENA_USDT,SHORT,0.15015,0.5,1.5,12,0.15090075,0.149023875,SL,0.15090075,-1.0,0.1433,2.7439227439227523,2.11788211788211,2026-09-03 01:00:00,SL
178dd37ded4012e3f092f2e6,OI_FUNDING,ENA_USDT,SHORT,0.15015,0.5,1.5,24,0.15090075,0.149023875,SL,0.15090075,-1.0,0.1433,2.7439227439227523,11.361971361971355,2026-09-03 01:00:00,SL
178dd37ded4012e3f092f2e6,OI_FUNDING,ENA_USDT,SHORT,0.15015,0.5,2.0,3,0.15090075,0.14864850000000002,SL,0.15090075,-1.0,0.1433,1.9447219447219486,1.132201132201137,2026-09-03 01:00:00,SL
178dd37ded4012e3f092f2e6,OI_FUNDING,ENA_USDT,SHORT,0.15015,0.5,2.0,6,0.15090075,0.14864850000000002,SL,0.15090075,-1.0,0.1433,1.9447219447219486,1.132201132201137,2026-09-03 01:00:00,SL
178dd37ded4012e3f092f2e6,OI_FUNDING,ENA_USDT,SHORT,0.15015,0.5,2.0,12,0.15090075,0.14864850000000002,SL,0.15090075,-1.0,0.1433,2.7439227439227523,2.11788211788211,2026-09-03 01:00:00,SL
178dd37ded4012e3f092f2e6,OI_FUNDING,ENA_USDT,SHORT,0.15015,0.5,2.0,24,0.15090075,0.14864850000000002,SL,0.15090075,-1.0,0.1433,2.7439227439227523,11.361971361971355,2026-09-03 01:00:00,SL
178dd37ded4012e3f092f2e6,OI_FUNDING,ENA_USDT,SHORT,0.15015,0.75,1.0,3,0.151276125,0.149023875,SL,0.151276125,-1.0,0.31,1.9447219447219486,1.132201132201137,2026-09-03 01:10:00,SL
178dd37ded4012e3f092f2e6,OI_FUNDING,ENA_USDT,SHORT,0.15015,0.75,1.0,6,0.151276125,0.149023875,SL,0.151276125,-1.0,0.31,1.9447219447219486,1.132201132201137,2026-09-03 01:10:00,SL
178dd37ded4012e3f092f2e6,OI_FUNDING,ENA_USDT,SHORT,0.15015,0.75,1.0,12,0.151276125,0.149023875,SL,0.151276125,-1.0,0.31,2.7439227439227523,2.11788211788211,2026-09-03 01:10:00,SL
178dd37ded4012e3f092f2e6,OI_FUNDING,ENA_USDT,SHORT,0.15015,0.75,1.0,24,0.151276125,0.149023875,SL,0.151276125,-1.0,0.31,2.7439227439227523,11.361971361971355,2026-09-03 01:10:00,SL
178dd37ded4012e3f092f2e6,OI_FUNDING,ENA_USDT,SHORT,0.15015,0.75,1.5,3,0.151276125,0.1484608125,SL,0.151276125,-1.0,0.31,1.9447219447219486,1.132201132201137,2026-09-03 01:10:00,SL
178dd37ded4012e3f092f2e6,OI_FUNDING,ENA_USDT,SHORT,0.15015,0.75,1.5,6,0.151276125,0.1484608125,SL,0.151276125,-1.0,0.31,1.9447219447219486,1.132201132201137,2026-09-03 01:10:00,SL
178dd37ded4012e3f092f2e6,OI_FUNDING,ENA_USDT,SHORT,0.15015,0.75,1.5,12,0.151276125,0.1484608125,SL,0.151276125,-1.0,0.31,2.7439227439227523,2.11788211788211,2026-09-03 01:10:00,SL
178dd37ded4012e3f092f2e6,OI_FUNDING,ENA_USDT,SHORT,0.15015,0.75,1.5,24,0.151276125,0.1484608125,SL,0.151276125,-1.0,0.31,2.7439227439227523,11.361971361971355,2026-09-03 01:10:00,SL
178dd37ded4012e3f092f2e6,OI_FUNDING,ENA_USDT,SHORT,0.15015,0.75,2.0,3,0.151276125,0.14789775,SL,0.151276125,-1.0,0.31,1.9447219447219486,1.132201132201137,2026-09-03 01:10:00,SL
178dd37ded4012e3f092f2e6,OI_FUNDING,ENA_USDT,SHORT,0.15015,0.75,2.0,6,0.151276125,0.14789775,SL,0.151276125,-1.0,0.31,1.9447219447219486,1.132201132201137,2026-09-03 01:10:00,SL
178dd37ded4012e3f092f2e6,OI_FUNDING,ENA_USDT,SHORT,0.15015,0.75,2.0,12,0.151276125,0.14789775,SL,0.151276125,-1.0,0.31,2.7439227439227523,2.11788211788211,2026-09-03 01:10:00,SL
178dd37ded4012e3f092f2e6,OI_FUNDING,ENA_USDT,SHORT,0.15015,0.75,2.0,24,0.151276125,0.14789775,SL,0.151276125,-1.0,0.31,2.7439227439227523,11.361971361971355,2026-09-03 01:10:00,SL
178dd37ded4012e3f092f2e6,OI_FUNDING,ENA_USDT,SHORT,0.15015,1.0,1.0,3,0.1516515,0.14864850000000002,SL,0.1516515,-1.0,0.6433,1.9447219447219486,1.132201132201137,2026-09-03 01:30:00,SL
178dd37ded4012e3f092f2e6,OI_FUNDING,ENA_USDT,SHORT,0.15015,1.0,1.0,6,0.1516515,0.14864850000000002,SL,0.1516515,-1.0,0.6433,1.9447219447219486,1.132201132201137,2026-09-03 01:30:00,SL
178dd37ded4012e3f092f2e6,OI_FUNDING,ENA_USDT,SHORT,0.15015,1.0,1.0,12,0.1516515,0.14864850000000002,SL,0.1516515,-1.0,0.6433,2.7439227439227523,2.11788211788211,2026-09-03 01:30:00,SL
178dd37ded4012e3f092f2e6,OI_FUNDING,ENA_USDT,SHORT,0.15015,1.0,1.0,24,0.1516515,0.14864850000000002,SL,0.1516515,-1.0,0.6433,2.7439227439227523,11.361971361971355,2026-09-03 01:30:00,SL
178dd37ded4012e3f092f2e6,OI_FUNDING,ENA_USDT,SHORT,0.15015,1.0,1.5,3,0.1516515,0.14789775,SL,0.1516515,-1.0,0.6433,1.9447219447219486,1.132201132201137,2026-09-03 01:30:00,SL
178dd37ded4012e3f092f2e6,OI_FUNDING,ENA_USDT,SHORT,0.15015,1.0,1.5,6,0.1516515,0.14789775,SL,0.1516515,-1.0,0.6433,1.9447219447219486,1.132201132201137,2026-09-03 01:30:00,SL
178dd37ded4012e3f092f2e6,OI_FUNDING,ENA_USDT,SHORT,0.15015,1.0,1.5,12,0.1516515,0.14789775,SL,0.1516515,-1.0,0.6433,2.7439227439227523,2.11788211788211,2026-09-03 01:30:00,SL
178dd37ded4012e3f092f2e6,OI_FUNDING,ENA_USDT,SHORT,0.15015,1.0,1.5,24,0.1516515,0.14789775,SL,0.1516515,-1.0,0.6433,2.7439227439227523,11.361971361971355,2026-09-03 01:30:00,SL
178dd37ded4012e3f092f2e6,OI_FUNDING,ENA_USDT,SHORT,0.15015,1.0,2.0,3,0.1516515,0.147147,SL,0.1516515,-1.0,0.6433,1.9447219447219486,1.132201132201137,2026-09-03 01:30:00,SL
178dd37ded4012e3f092f2e6,OI_FUNDING,ENA_USDT,SHORT,0.15015,1.0,2.0,6,0.1516515,0.147147,SL,0.1516515,-1.0,0.6433,1.9447219447219486,1.132201132201137,2026-09-03 01:30:00,SL
178dd37ded4012e3f092f2e6,OI_FUNDING,ENA_USDT,SHORT,0.15015,1.0,2.0,12,0.1516515,0.147147,SL,0.1516515,-1.0,0.6433,2.7439227439227523,2.11788211788211,2026-09-03 01:30:00,SL
178dd37ded4012e3f092f2e6,OI_FUNDING,ENA_USDT,SHORT,0.15015,1.0,2.0,24,0.1516515,0.147147,SL,0.1516515,-1.0,0.6433,2.7439227439227523,11.361971361971355,2026-09-03 01:30:00,SL
3e5336f5ab9551a26e4aec71,TREND_VOLUME,SKHYNIXSTOCK_USDT,LONG,1201.35,0.25,1.0,3,1198.346625,1204.353375,SL,1198.346625,-1.0,0.7227,1.282723602613733,0.4453323344570616,2026-09-03 01:45:00,SL
3e5336f5ab9551a26e4aec71,TREND_VOLUME,SKHYNIXSTOCK_USDT,LONG,1201.35,0.25,1.0,6,1198.346625,1204.353375,SL,1198.346625,-1.0,0.7227,1.397594372997061,0.4453323344570616,2026-09-03 01:45:00,SL
3e5336f5ab9551a26e4aec71,TREND_VOLUME,SKHYNIXSTOCK_USDT,LONG,1201.35,0.25,1.0,12,1198.346625,1204.353375,SL,1198.346625,-1.0,0.7227,1.397594372997061,0.8715195405169018,2026-09-03 01:45:00,SL
3e5336f5ab9551a26e4aec71,TREND_VOLUME,SKHYNIXSTOCK_USDT,LONG,1201.35,0.25,1.0,24,1198.346625,1204.353375,SL,1198.346625,-1.0,0.7227,1.397594372997061,4.409206309568385,2026-09-03 01:45:00,SL
3e5336f5ab9551a26e4aec71,TREND_VOLUME,SKHYNIXSTOCK_USDT,LONG,1201.35,0.25,1.5,3,1198.346625,1205.8550624999998,SL,1198.346625,-1.0,0.7227,1.282723602613733,0.4453323344570616,2026-09-03 01:45:00,SL
3e5336f5ab9551a26e4aec71,TREND_VOLUME,SKHYNIXSTOCK_USDT,LONG,1201.35,0.25,1.5,6,1198.346625,1205.8550624999998,SL,1198.346625,-1.0,0.7227,1.397594372997061,0.4453323344570616,2026-09-03 01:45:00,SL
3e5336f5ab9551a26e4aec71,TREND_VOLUME,SKHYNIXSTOCK_USDT,LONG,1201.35,0.25,1.5,12,1198.346625,1205.8550624999998,SL,1198.346625,-1.0,0.7227,1.397594372997061,0.8715195405169018,2026-09-03 01:45:00,SL
3e5336f5ab9551a26e4aec71,TREND_VOLUME,SKHYNIXSTOCK_USDT,LONG,1201.35,0.25,1.5,24,1198.346625,1205.8550624999998,SL,1198.346625,-1.0,0.7227,1.397594372997061,4.409206309568385,2026-09-03 01:45:00,SL
3e5336f5ab9551a26e4aec71,TREND_VOLUME,SKHYNIXSTOCK_USDT,LONG,1201.35,0.25,2.0,3,1198.346625,1207.3567499999997,SL,1198.346625,-1.0,0.7227,1.282723602613733,0.4453323344570616,2026-09-03 01:45:00,SL
3e5336f5ab9551a26e4aec71,TREND_VOLUME,SKHYNIXSTOCK_USDT,LONG,1201.35,0.25,2.0,6,1198.346625,1207.3567499999997,SL,1198.346625,-1.0,0.7227,1.397594372997061,0.4453323344570616,2026-09-03 01:45:00,SL
3e5336f5ab9551a26e4aec71,TREND_VOLUME,SKHYNIXSTOCK_USDT,LONG,1201.35,0.25,2.0,12,1198.346625,1207.3567499999997,SL,1198.346625,-1.0,0.7227,1.397594372997061,0.8715195405169018,2026-09-03 01:45:00,SL
3e5336f5ab9551a26e4aec71,TREND_VOLUME,SKHYNIXSTOCK_USDT,LONG,1201.35,0.25,2.0,24,1198.346625,1207.3567499999997,SL,1198.346625,-1.0,0.7227,1.397594372997061,4.409206309568385,2026-09-03 01:45:00,SL
3e5336f5ab9551a26e4aec71,TREND_VOLUME,SKHYNIXSTOCK_USDT,LONG,1201.35,0.35,1.0,3,1197.145275,1205.554725,SL,1197.145275,-1.0,0.8893,1.282723602613733,0.4453323344570616,2026-09-03 01:55:00,SL
3e5336f5ab9551a26e4aec71,TREND_VOLUME,SKHYNIXSTOCK_USDT,LONG,1201.35,0.35,1.0,6,1197.145275,1205.554725,SL,1197.145275,-1.0,0.8893,1.397594372997061,0.4453323344570616,2026-09-03 01:55:00,SL
3e5336f5ab9551a26e4aec71,TREND_VOLUME,SKHYNIXSTOCK_USDT,LONG,1201.35,0.35,1.0,12,1197.145275,1205.554725,SL,1197.145275,-1.0,0.8893,1.397594372997061,0.8715195405169018,2026-09-03 01:55:00,SL
3e5336f5ab9551a26e4aec71,TREND_VOLUME,SKHYNIXSTOCK_USDT,LONG,1201.35,0.35,1.0,24,1197.145275,1205.554725,SL,1197.145275,-1.0,0.8893,1.397594372997061,4.409206309568385,2026-09-03 01:55:00,SL
3e5336f5ab9551a26e4aec71,TREND_VOLUME,SKHYNIXSTOCK_USDT,LONG,1201.35,0.35,1.5,3,1197.145275,1207.6570875,SL,1197.145275,-1.0,0.8893,1.282723602613733,0.4453323344570616,2026-09-03 01:55:00,SL
3e5336f5ab9551a26e4aec71,TREND_VOLUME,SKHYNIXSTOCK_USDT,LONG,1201.35,0.35,1.5,6,1197.145275,1207.6570875,SL,1197.145275,-1.0,0.8893,1.397594372997061,0.4453323344570616,2026-09-03 01:55:00,SL
3e5336f5ab9551a26e4aec71,TREND_VOLUME,SKHYNIXSTOCK_USDT,LONG,1201.35,0.35,1.5,12,1197.145275,1207.6570875,SL,1197.145275,-1.0,0.8893,1.397594372997061,0.8715195405169018,2026-09-03 01:55:00,SL
3e5336f5ab9551a26e4aec71,TREND_VOLUME,SKHYNIXSTOCK_USDT,LONG,1201.35,0.35,1.5,24,1197.145275,1207.6570875,SL,1197.145275,-1.0,0.8893,1.397594372997061,4.409206309568385,2026-09-03 01:55:00,SL
3e5336f5ab9551a26e4aec71,TREND_VOLUME,SKHYNIXSTOCK_USDT,LONG,1201.35,0.35,2.0,3,1197.145275,1209.7594499999998,SL,1197.145275,-1.0,0.8893,1.282723602613733,0.4453323344570616,2026-09-03 01:55:00,SL
3e5336f5ab9551a26e4aec71,TREND_VOLUME,SKHYNIXSTOCK_USDT,LONG,1201.35,0.35,2.0,6,1197.145275,1209.7594499999998,SL,1197.145275,-1.0,0.8893,1.397594372997061,0.4453323344570616,2026-09-03 01:55:00,SL
3e5336f5ab9551a26e4aec71,TREND_VOLUME,SKHYNIXSTOCK_USDT,LONG,1201.35,0.35,2.0,12,1197.145275,1209.7594499999998,SL,1197.145275,-1.0,0.8893,1.397594372997061,0.8715195405169018,2026-09-03 01:55:00,SL
3e5336f5ab9551a26e4aec71,TREND_VOLUME,SKHYNIXSTOCK_USDT,LONG,1201.35,0.35,2.0,24,1197.145275,1209.7594499999998,SL,1197.145275,-1.0,0.8893,1.397594372997061,4.409206309568385,2026-09-03 01:55:00,SL
3e5336f5ab9551a26e4aec71,TREND_VOLUME,SKHYNIXSTOCK_USDT,LONG,1201.35,0.5,1.0,3,1195.34325,1207.3567499999997,TP,1207.3567499999997,1.0,2.556,1.282723602613733,0.4453323344570616,2026-09-03 03:35:00,TP
3e5336f5ab9551a26e4aec71,TREND_VOLUME,SKHYNIXSTOCK_USDT,LONG,1201.35,0.5,1.0,6,1195.34325,1207.3567499999997,TP,1207.3567499999997,1.0,2.556,1.397594372997061,0.4453323344570616,2026-09-03 03:35:00,TP
3e5336f5ab9551a26e4aec71,TREND_VOLUME,SKHYNIXSTOCK_USDT,LONG,1201.35,0.5,1.0,12,1195.34325,1207.3567499999997,TP,1207.3567499999997,1.0,2.556,1.397594372997061,0.8715195405169018,2026-09-03 03:35:00,TP
3e5336f5ab9551a26e4aec71,TREND_VOLUME,SKHYNIXSTOCK_USDT,LONG,1201.35,0.5,1.0,24,1195.34325,1207.3567499999997,TP,1207.3567499999997,1.0,2.556,1.397594372997061,4.409206309568385,2026-09-03 03:35:00,TP
3e5336f5ab9551a26e4aec71,TREND_VOLUME,SKHYNIXSTOCK_USDT,LONG,1201.35,0.5,1.5,3,1195.34325,1210.360125,TP,1210.360125,1.5,2.556,1.282723602613733,0.4453323344570616,2026-09-03 03:35:00,TP
3e5336f5ab9551a26e4aec71,TREND_VOLUME,SKHYNIXSTOCK_USDT,LONG,1201.35,0.5,1.5,6,1195.34325,1210.360125,TP,1210.360125,1.5,2.556,1.397594372997061,0.4453323344570616,2026-09-03 03:35:00,TP
3e5336f5ab9551a26e4aec71,TREND_VOLUME,SKHYNIXSTOCK_USDT,LONG,1201.35,0.5,1.5,12,1195.34325,1210.360125,TP,1210.360125,1.5,2.556,1.397594372997061,0.8715195405169018,2026-09-03 03:35:00,TP
3e5336f5ab9551a26e4aec71,TREND_VOLUME,SKHYNIXSTOCK_USDT,LONG,1201.35,0.5,1.5,24,1195.34325,1210.360125,TP,1210.360125,1.5,2.556,1.397594372997061,4.409206309568385,2026-09-03 03:35:00,TP
3e5336f5ab9551a26e4aec71,TREND_VOLUME,SKHYNIXSTOCK_USDT,LONG,1201.35,0.5,2.0,3,1195.34325,1213.3635,TP,1213.3635,2.0,2.556,1.282723602613733,0.4453323344570616,2026-09-03 03:35:00,TP
3e5336f5ab9551a26e4aec71,TREND_VOLUME,SKHYNIXSTOCK_USDT,LONG,1201.35,0.5,2.0,6,1195.34325,1213.3635,TP,1213.3635,2.0,2.556,1.397594372997061,0.4453323344570616,2026-09-03 03:35:00,TP
3e5336f5ab9551a26e4aec71,TREND_VOLUME,SKHYNIXSTOCK_USDT,LONG,1201.35,0.5,2.0,12,1195.34325,1213.3635,TP,1213.3635,2.0,2.556,1.397594372997061,0.8715195405169018,2026-09-03 03:35:00,TP
3e5336f5ab9551a26e4aec71,TREND_VOLUME,SKHYNIXSTOCK_USDT,LONG,1201.35,0.5,2.0,24,1195.34325,1213.3635,TP,1213.3635,2.0,2.556,1.397594372997061,4.409206309568385,2026-09-03 03:35:00,TP
3e5336f5ab9551a26e4aec71,TREND_VOLUME,SKHYNIXSTOCK_USDT,LONG,1201.35,0.75,1.0,3,1192.339875,1210.360125,TP,1210.360125,1.0,2.556,1.282723602613733,0.4453323344570616,2026-09-03 03:35:00,TP
3e5336f5ab9551a26e4aec71,TREND_VOLUME,SKHYNIXSTOCK_USDT,LONG,1201.35,0.75,1.0,6,1192.339875,1210.360125,TP,1210.360125,1.0,2.556,1.397594372997061,0.4453323344570616,2026-09-03 03:35:00,TP
3e5336f5ab9551a26e4aec71,TREND_VOLUME,SKHYNIXSTOCK_USDT,LONG,1201.35,0.75,1.0,12,1192.339875,1210.360125,TP,1210.360125,1.0,2.556,1.397594372997061,0.8715195405169018,2026-09-03 03:35:00,TP
3e5336f5ab9551a26e4aec71,TREND_VOLUME,SKHYNIXSTOCK_USDT,LONG,1201.35,0.75,1.0,24,1192.339875,1210.360125,TP,1210.360125,1.0,2.556,1.397594372997061,4.409206309568385,2026-09-03 03:35:00,TP
3e5336f5ab9551a26e4aec71,TREND_VOLUME,SKHYNIXSTOCK_USDT,LONG,1201.35,0.75,1.5,3,1192.339875,1214.8651874999998,TP,1214.8651874999998,1.5,2.556,1.282723602613733,0.4453323344570616,2026-09-03 03:35:00,TP
3e5336f5ab9551a26e4aec71,TREND_VOLUME,SKHYNIXSTOCK_USDT,LONG,1201.35,0.75,1.5,6,1192.339875,1214.8651874999998,TP,1214.8651874999998,1.5,2.556,1.397594372997061,0.4453323344570616,2026-09-03 03:35:00,TP
3e5336f5ab9551a26e4aec71,TREND_VOLUME,SKHYNIXSTOCK_USDT,LONG,1201.35,0.75,1.5,12,1192.339875,1214.8651874999998,TP,1214.8651874999998,1.5,2.556,1.397594372997061,0.8715195405169018,2026-09-03 03:35:00,TP
3e5336f5ab9551a26e4aec71,TREND_VOLUME,SKHYNIXSTOCK_USDT,LONG,1201.35,0.75,1.5,24,1192.339875,1214.8651874999998,TP,1214.8651874999998,1.5,2.556,1.397594372997061,4.409206309568385,2026-09-03 03:35:00,TP
3e5336f5ab9551a26e4aec71,TREND_VOLUME,SKHYNIXSTOCK_USDT,LONG,1201.35,0.75,2.0,3,1192.339875,1219.3702499999997,TIME_EXIT,1210.61,1.02773269,3.056,1.282723602613733,0.4453323344570616,2026-09-03 04:05:00,3h時間切れ
3e5336f5ab9551a26e4aec71,TREND_VOLUME,SKHYNIXSTOCK_USDT,LONG,1201.35,0.75,2.0,6,1192.339875,1219.3702499999997,TIME_EXIT,1213.43,1.34071392,6.056,1.397594372997061,0.4453323344570616,2026-09-03 07:05:00,6h時間切れ
3e5336f5ab9551a26e4aec71,TREND_VOLUME,SKHYNIXSTOCK_USDT,LONG,1201.35,0.75,2.0,12,1192.339875,1219.3702499999997,SL,1192.339875,-1.0,8.4727,1.397594372997061,0.8715195405169018,2026-09-03 09:30:00,SL
3e5336f5ab9551a26e4aec71,TREND_VOLUME,SKHYNIXSTOCK_USDT,LONG,1201.35,0.75,2.0,24,1192.339875,1219.3702499999997,SL,1192.339875,-1.0,8.4727,1.397594372997061,4.409206309568385,2026-09-03 09:30:00,SL
3e5336f5ab9551a26e4aec71,TREND_VOLUME,SKHYNIXSTOCK_USDT,LONG,1201.35,1.0,1.0,3,1189.3365,1213.3635,TP,1213.3635,1.0,2.556,1.282723602613733,0.4453323344570616,2026-09-03 03:35:00,TP
3e5336f5ab9551a26e4aec71,TREND_VOLUME,SKHYNIXSTOCK_USDT,LONG,1201.35,1.0,1.0,6,1189.3365,1213.3635,TP,1213.3635,1.0,2.556,1.397594372997061,0.4453323344570616,2026-09-03 03:35:00,TP
3e5336f5ab9551a26e4aec71,TREND_VOLUME,SKHYNIXSTOCK_USDT,LONG,1201.35,1.0,1.0,12,1189.3365,1213.3635,TP,1213.3635,1.0,2.556,1.397594372997061,0.8715195405169018,2026-09-03 03:35:00,TP
3e5336f5ab9551a26e4aec71,TREND_VOLUME,SKHYNIXSTOCK_USDT,LONG,1201.35,1.0,1.0,24,1189.3365,1213.3635,TP,1213.3635,1.0,2.556,1.397594372997061,4.409206309568385,2026-09-03 03:35:00,TP
3e5336f5ab9551a26e4aec71,TREND_VOLUME,SKHYNIXSTOCK_USDT,LONG,1201.35,1.0,1.5,3,1189.3365,1219.3702499999997,TIME_EXIT,1210.61,0.77079952,3.056,1.282723602613733,0.4453323344570616,2026-09-03 04:05:00,3h時間切れ
3e5336f5ab9551a26e4aec71,TREND_VOLUME,SKHYNIXSTOCK_USDT,LONG,1201.35,1.0,1.5,6,1189.3365,1219.3702499999997,TIME_EXIT,1213.43,1.00553544,6.056,1.397594372997061,0.4453323344570616,2026-09-03 07:05:00,6h時間切れ
3e5336f5ab9551a26e4aec71,TREND_VOLUME,SKHYNIXSTOCK_USDT,LONG,1201.35,1.0,1.5,12,1189.3365,1219.3702499999997,TIME_EXIT,1203.63,0.18978649,12.056,1.397594372997061,0.8715195405169018,2026-09-03 13:05:00,12h時間切れ
3e5336f5ab9551a26e4aec71,TREND_VOLUME,SKHYNIXSTOCK_USDT,LONG,1201.35,1.0,1.5,24,1189.3365,1219.3702499999997,SL,1189.3365,-1.0,13.1393,1.397594372997061,4.409206309568385,2026-09-03 14:10:00,SL
3e5336f5ab9551a26e4aec71,TREND_VOLUME,SKHYNIXSTOCK_USDT,LONG,1201.35,1.0,2.0,3,1189.3365,1225.377,TIME_EXIT,1210.61,0.77079952,3.056,1.282723602613733,0.4453323344570616,2026-09-03 04:05:00,3h時間切れ
3e5336f5ab9551a26e4aec71,TREND_VOLUME,SKHYNIXSTOCK_USDT,LONG,1201.35,1.0,2.0,6,1189.3365,1225.377,TIME_EXIT,1213.43,1.00553544,6.056,1.397594372997061,0.4453323344570616,2026-09-03 07:05:00,6h時間切れ
3e5336f5ab9551a26e4aec71,TREND_VOLUME,SKHYNIXSTOCK_USDT,LONG,1201.35,1.0,2.0,12,1189.3365,1225.377,TIME_EXIT,1203.63,0.18978649,12.056,1.397594372997061,0.8715195405169018,2026-09-03 13:05:00,12h時間切れ
3e5336f5ab9551a26e4aec71,TREND_VOLUME,SKHYNIXSTOCK_USDT,LONG,1201.35,1.0,2.0,24,1189.3365,1225.377,SL,1189.3365,-1.0,13.1393,1.397594372997061,4.409206309568385,2026-09-03 14:10:00,SL
e66c581878771792c672702a,PULLBACK,BTC_USDT,LONG,77257.7,0.25,1.0,3,77064.55575,77450.84425,TP,77450.84425,1.0,0.306,0.37407274614698605,0.4415093900025386,2026-09-03 01:20:00,TP
e66c581878771792c672702a,PULLBACK,BTC_USDT,LONG,77257.7,0.25,1.0,6,77064.55575,77450.84425,TP,77450.84425,1.0,0.306,0.37407274614698605,0.4415093900025386,2026-09-03 01:20:00,TP
e66c581878771792c672702a,PULLBACK,BTC_USDT,LONG,77257.7,0.25,1.0,12,77064.55575,77450.84425,TP,77450.84425,1.0,0.306,0.8027678794476112,0.4415093900025386,2026-09-03 01:20:00,TP
e66c581878771792c672702a,PULLBACK,BTC_USDT,LONG,77257.7,0.25,1.0,24,77064.55575,77450.84425,TP,77450.84425,1.0,0.306,5.275590653099954,0.4415093900025386,2026-09-03 01:20:00,TP
e66c581878771792c672702a,PULLBACK,BTC_USDT,LONG,77257.7,0.25,1.5,3,77064.55575,77547.41637499999,SL,77064.55575,-1.0,1.1393,0.37407274614698605,0.4415093900025386,2026-09-03 02:10:00,SL
e66c581878771792c672702a,PULLBACK,BTC_USDT,LONG,77257.7,0.25,1.5,6,77064.55575,77547.41637499999,SL,77064.55575,-1.0,1.1393,0.37407274614698605,0.4415093900025386,2026-09-03 02:10:00,SL
e66c581878771792c672702a,PULLBACK,BTC_USDT,LONG,77257.7,0.25,1.5,12,77064.55575,77547.41637499999,SL,77064.55575,-1.0,1.1393,0.8027678794476112,0.4415093900025386,2026-09-03 02:10:00,SL
e66c581878771792c672702a,PULLBACK,BTC_USDT,LONG,77257.7,0.25,1.5,24,77064.55575,77547.41637499999,SL,77064.55575,-1.0,1.1393,5.275590653099954,0.4415093900025386,2026-09-03 02:10:00,SL
e66c581878771792c672702a,PULLBACK,BTC_USDT,LONG,77257.7,0.25,2.0,3,77064.55575,77643.98849999999,SL,77064.55575,-1.0,1.1393,0.37407274614698605,0.4415093900025386,2026-09-03 02:10:00,SL
e66c581878771792c672702a,PULLBACK,BTC_USDT,LONG,77257.7,0.25,2.0,6,77064.55575,77643.98849999999,SL,77064.55575,-1.0,1.1393,0.37407274614698605,0.4415093900025386,2026-09-03 02:10:00,SL
e66c581878771792c672702a,PULLBACK,BTC_USDT,LONG,77257.7,0.25,2.0,12,77064.55575,77643.98849999999,SL,77064.55575,-1.0,1.1393,0.8027678794476112,0.4415093900025386,2026-09-03 02:10:00,SL
e66c581878771792c672702a,PULLBACK,BTC_USDT,LONG,77257.7,0.25,2.0,24,77064.55575,77643.98849999999,SL,77064.55575,-1.0,1.1393,5.275590653099954,0.4415093900025386,2026-09-03 02:10:00,SL
e66c581878771792c672702a,PULLBACK,BTC_USDT,LONG,77257.7,0.35,1.0,3,76987.29805,77528.10195,TP,77528.10195,1.0,0.3893,0.37407274614698605,0.4415093900025386,2026-09-03 01:25:00,TP
e66c581878771792c672702a,PULLBACK,BTC_USDT,LONG,77257.7,0.35,1.0,6,76987.29805,77528.10195,TP,77528.10195,1.0,0.3893,0.37407274614698605,0.4415093900025386,2026-09-03 01:25:00,TP
e66c581878771792c672702a,PULLBACK,BTC_USDT,LONG,77257.7,0.35,1.0,12,76987.29805,77528.10195,TP,77528.10195,1.0,0.3893,0.8027678794476112,0.4415093900025386,2026-09-03 01:25:00,TP
e66c581878771792c672702a,PULLBACK,BTC_USDT,LONG,77257.7,0.35,1.0,24,76987.29805,77528.10195,TP,77528.10195,1.0,0.3893,5.275590653099954,0.4415093900025386,2026-09-03 01:25:00,TP
e66c581878771792c672702a,PULLBACK,BTC_USDT,LONG,77257.7,0.35,1.5,3,76987.29805,77663.302925,SL,76987.29805,-1.0,1.306,0.37407274614698605,0.4415093900025386,2026-09-03 02:20:00,SL
e66c581878771792c672702a,PULLBACK,BTC_USDT,LONG,77257.7,0.35,1.5,6,76987.29805,77663.302925,SL,76987.29805,-1.0,1.306,0.37407274614698605,0.4415093900025386,2026-09-03 02:20:00,SL
e66c581878771792c672702a,PULLBACK,BTC_USDT,LONG,77257.7,0.35,1.5,12,76987.29805,77663.302925,SL,76987.29805,-1.0,1.306,0.8027678794476112,0.4415093900025386,2026-09-03 02:20:00,SL
e66c581878771792c672702a,PULLBACK,BTC_USDT,LONG,77257.7,0.35,1.5,24,76987.29805,77663.302925,SL,76987.29805,-1.0,1.306,5.275590653099954,0.4415093900025386,2026-09-03 02:20:00,SL
e66c581878771792c672702a,PULLBACK,BTC_USDT,LONG,77257.7,0.35,2.0,3,76987.29805,77798.5039,SL,76987.29805,-1.0,1.306,0.37407274614698605,0.4415093900025386,2026-09-03 02:20:00,SL
e66c581878771792c672702a,PULLBACK,BTC_USDT,LONG,77257.7,0.35,2.0,6,76987.29805,77798.5039,SL,76987.29805,-1.0,1.306,0.37407274614698605,0.4415093900025386,2026-09-03 02:20:00,SL
e66c581878771792c672702a,PULLBACK,BTC_USDT,LONG,77257.7,0.35,2.0,12,76987.29805,77798.5039,SL,76987.29805,-1.0,1.306,0.8027678794476112,0.4415093900025386,2026-09-03 02:20:00,SL
e66c581878771792c672702a,PULLBACK,BTC_USDT,LONG,77257.7,0.35,2.0,24,76987.29805,77798.5039,SL,76987.29805,-1.0,1.306,5.275590653099954,0.4415093900025386,2026-09-03 02:20:00,SL
e66c581878771792c672702a,PULLBACK,BTC_USDT,LONG,77257.7,0.5,1.0,3,76871.4115,77643.98849999999,TIME_EXIT,77335.6,0.20166275,3.056,0.37407274614698605,0.4415093900025386,2026-09-03 04:05:00,3h時間切れ
e66c581878771792c672702a,PULLBACK,BTC_USDT,LONG,77257.7,0.5,1.0,6,76871.4115,77643.98849999999,TIME_EXIT,77144.7,-0.29252748,6.056,0.37407274614698605,0.4415093900025386,2026-09-03 07:05:00,6h時間切れ
e66c581878771792c672702a,PULLBACK,BTC_USDT,LONG,77257.7,0.5,1.0,12,76871.4115,77643.98849999999,TP,77643.98849999999,1.0,10.556,0.8027678794476112,0.4415093900025386,2026-09-03 11:35:00,TP
e66c581878771792c672702a,PULLBACK,BTC_USDT,LONG,77257.7,0.5,1.0,24,76871.4115,77643.98849999999,TP,77643.98849999999,1.0,10.556,5.275590653099954,0.4415093900025386,2026-09-03 11:35:00,TP
e66c581878771792c672702a,PULLBACK,BTC_USDT,LONG,77257.7,0.5,1.5,3,76871.4115,77837.13275,TIME_EXIT,77335.6,0.20166275,3.056,0.37407274614698605,0.4415093900025386,2026-09-03 04:05:00,3h時間切れ
e66c581878771792c672702a,PULLBACK,BTC_USDT,LONG,77257.7,0.5,1.5,6,76871.4115,77837.13275,TIME_EXIT,77144.7,-0.29252748,6.056,0.37407274614698605,0.4415093900025386,2026-09-03 07:05:00,6h時間切れ
e66c581878771792c672702a,PULLBACK,BTC_USDT,LONG,77257.7,0.5,1.5,12,76871.4115,77837.13275,TP,77837.13275,1.5,10.556,0.8027678794476112,0.4415093900025386,2026-09-03 11:35:00,TP
e66c581878771792c672702a,PULLBACK,BTC_USDT,LONG,77257.7,0.5,1.5,24,76871.4115,77837.13275,TP,77837.13275,1.5,10.556,5.275590653099954,0.4415093900025386,2026-09-03 11:35:00,TP
e66c581878771792c672702a,PULLBACK,BTC_USDT,LONG,77257.7,0.5,2.0,3,76871.4115,78030.277,TIME_EXIT,77335.6,0.20166275,3.056,0.37407274614698605,0.4415093900025386,2026-09-03 04:05:00,3h時間切れ
e66c581878771792c672702a,PULLBACK,BTC_USDT,LONG,77257.7,0.5,2.0,6,76871.4115,78030.277,TIME_EXIT,77144.7,-0.29252748,6.056,0.37407274614698605,0.4415093900025386,2026-09-03 07:05:00,6h時間切れ
e66c581878771792c672702a,PULLBACK,BTC_USDT,LONG,77257.7,0.5,2.0,12,76871.4115,78030.277,TIME_EXIT,77704.6,1.15690734,12.056,0.8027678794476112,0.4415093900025386,2026-09-03 13:05:00,12h時間切れ
e66c581878771792c672702a,PULLBACK,BTC_USDT,LONG,77257.7,0.5,2.0,24,76871.4115,78030.277,TP,78030.277,2.0,15.056,5.275590653099954,0.4415093900025386,2026-09-03 16:05:00,TP
e66c581878771792c672702a,PULLBACK,BTC_USDT,LONG,77257.7,0.75,1.0,3,76678.26725,77837.13275,TIME_EXIT,77335.6,0.13444183,3.056,0.37407274614698605,0.4415093900025386,2026-09-03 04:05:00,3h時間切れ
e66c581878771792c672702a,PULLBACK,BTC_USDT,LONG,77257.7,0.75,1.0,6,76678.26725,77837.13275,TIME_EXIT,77144.7,-0.19501832,6.056,0.37407274614698605,0.4415093900025386,2026-09-03 07:05:00,6h時間切れ
e66c581878771792c672702a,PULLBACK,BTC_USDT,LONG,77257.7,0.75,1.0,12,76678.26725,77837.13275,TP,77837.13275,1.0,10.556,0.8027678794476112,0.4415093900025386,2026-09-03 11:35:00,TP
e66c581878771792c672702a,PULLBACK,BTC_USDT,LONG,77257.7,0.75,1.0,24,76678.26725,77837.13275,TP,77837.13275,1.0,10.556,5.275590653099954,0.4415093900025386,2026-09-03 11:35:00,TP
e66c581878771792c672702a,PULLBACK,BTC_USDT,LONG,77257.7,0.75,1.5,3,76678.26725,78126.849125,TIME_EXIT,77335.6,0.13444183,3.056,0.37407274614698605,0.4415093900025386,2026-09-03 04:05:00,3h時間切れ
e66c581878771792c672702a,PULLBACK,BTC_USDT,LONG,77257.7,0.75,1.5,6,76678.26725,78126.849125,TIME_EXIT,77144.7,-0.19501832,6.056,0.37407274614698605,0.4415093900025386,2026-09-03 07:05:00,6h時間切れ
e66c581878771792c672702a,PULLBACK,BTC_USDT,LONG,77257.7,0.75,1.5,12,76678.26725,78126.849125,TIME_EXIT,77704.6,0.77127156,12.056,0.8027678794476112,0.4415093900025386,2026-09-03 13:05:00,12h時間切れ
e66c581878771792c672702a,PULLBACK,BTC_USDT,LONG,77257.7,0.75,1.5,24,76678.26725,78126.849125,TP,78126.849125,1.5,15.1393,5.275590653099954,0.4415093900025386,2026-09-03 16:10:00,TP
e66c581878771792c672702a,PULLBACK,BTC_USDT,LONG,77257.7,0.75,2.0,3,76678.26725,78416.56549999998,TIME_EXIT,77335.6,0.13444183,3.056,0.37407274614698605,0.4415093900025386,2026-09-03 04:05:00,3h時間切れ
e66c581878771792c672702a,PULLBACK,BTC_USDT,LONG,77257.7,0.75,2.0,6,76678.26725,78416.56549999998,TIME_EXIT,77144.7,-0.19501832,6.056,0.37407274614698605,0.4415093900025386,2026-09-03 07:05:00,6h時間切れ
e66c581878771792c672702a,PULLBACK,BTC_USDT,LONG,77257.7,0.75,2.0,12,76678.26725,78416.56549999998,TIME_EXIT,77704.6,0.77127156,12.056,0.8027678794476112,0.4415093900025386,2026-09-03 13:05:00,12h時間切れ
e66c581878771792c672702a,PULLBACK,BTC_USDT,LONG,77257.7,0.75,2.0,24,76678.26725,78416.56549999998,TP,78416.56549999998,2.0,20.556,5.275590653099954,0.4415093900025386,2026-09-03 21:35:00,TP
e66c581878771792c672702a,PULLBACK,BTC_USDT,LONG,77257.7,1.0,1.0,3,76485.12299999999,78030.277,TIME_EXIT,77335.6,0.10083137,3.056,0.37407274614698605,0.4415093900025386,2026-09-03 04:05:00,3h時間切れ
e66c581878771792c672702a,PULLBACK,BTC_USDT,LONG,77257.7,1.0,1.0,6,76485.12299999999,78030.277,TIME_EXIT,77144.7,-0.14626374,6.056,0.37407274614698605,0.4415093900025386,2026-09-03 07:05:00,6h時間切れ
e66c581878771792c672702a,PULLBACK,BTC_USDT,LONG,77257.7,1.0,1.0,12,76485.12299999999,78030.277,TIME_EXIT,77704.6,0.57845367,12.056,0.8027678794476112,0.4415093900025386,2026-09-03 13:05:00,12h時間切れ
e66c581878771792c672702a,PULLBACK,BTC_USDT,LONG,77257.7,1.0,1.0,24,76485.12299999999,78030.277,TP,78030.277,1.0,15.056,5.275590653099954,0.4415093900025386,2026-09-03 16:05:00,TP
e66c581878771792c672702a,PULLBACK,BTC_USDT,LONG,77257.7,1.0,1.5,3,76485.12299999999,78416.56549999998,TIME_EXIT,77335.6,0.10083137,3.056,0.37407274614698605,0.4415093900025386,2026-09-03 04:05:00,3h時間切れ
e66c581878771792c672702a,PULLBACK,BTC_USDT,LONG,77257.7,1.0,1.5,6,76485.12299999999,78416.56549999998,TIME_EXIT,77144.7,-0.14626374,6.056,0.37407274614698605,0.4415093900025386,2026-09-03 07:05:00,6h時間切れ
e66c581878771792c672702a,PULLBACK,BTC_USDT,LONG,77257.7,1.0,1.5,12,76485.12299999999,78416.56549999998,TIME_EXIT,77704.6,0.57845367,12.056,0.8027678794476112,0.4415093900025386,2026-09-03 13:05:00,12h時間切れ
e66c581878771792c672702a,PULLBACK,BTC_USDT,LONG,77257.7,1.0,1.5,24,76485.12299999999,78416.56549999998,TP,78416.56549999998,1.5,20.556,5.275590653099954,0.4415093900025386,2026-09-03 21:35:00,TP
e66c581878771792c672702a,PULLBACK,BTC_USDT,LONG,77257.7,1.0,2.0,3,76485.12299999999,78802.85399999999,TIME_EXIT,77335.6,0.10083137,3.056,0.37407274614698605,0.4415093900025386,2026-09-03 04:05:00,3h時間切れ
e66c581878771792c672702a,PULLBACK,BTC_USDT,LONG,77257.7,1.0,2.0,6,76485.12299999999,78802.85399999999,TIME_EXIT,77144.7,-0.14626374,6.056,0.37407274614698605,0.4415093900025386,2026-09-03 07:05:00,6h時間切れ
e66c581878771792c672702a,PULLBACK,BTC_USDT,LONG,77257.7,1.0,2.0,12,76485.12299999999,78802.85399999999,TIME_EXIT,77704.6,0.57845367,12.056,0.8027678794476112,0.4415093900025386,2026-09-03 13:05:00,12h時間切れ
e66c581878771792c672702a,PULLBACK,BTC_USDT,LONG,77257.7,1.0,2.0,24,76485.12299999999,78802.85399999999,TP,78802.85399999999,2.0,21.6393,5.275590653099954,0.4415093900025386,2026-09-03 22:40:00,TP
43bbde0c9d7c88e09aa1a4f5,PULLBACK,DOGE_USDT,LONG,0.08158,0.25,1.0,3,0.08137605,0.08178395,TP,0.08178395,1.0,0.1393,0.35547928413826746,0.9193429762196624,2026-09-03 01:10:00,TP
43bbde0c9d7c88e09aa1a4f5,PULLBACK,DOGE_USDT,LONG,0.08158,0.25,1.0,6,0.08137605,0.08178395,TP,0.08178395,1.0,0.1393,0.39225300318705664,0.9193429762196624,2026-09-03 01:10:00,TP
43bbde0c9d7c88e09aa1a4f5,PULLBACK,DOGE_USDT,LONG,0.08158,0.25,1.0,12,0.08137605,0.08178395,TP,0.08178395,1.0,0.1393,2.0593282667320434,0.9193429762196624,2026-09-03 01:10:00,TP
43bbde0c9d7c88e09aa1a4f5,PULLBACK,DOGE_USDT,LONG,0.08158,0.25,1.0,24,0.08137605,0.08178395,TP,0.08178395,1.0,0.1393,9.610198578082862,0.9193429762196624,2026-09-03 01:10:00,TP
43bbde0c9d7c88e09aa1a4f5,PULLBACK,DOGE_USDT,LONG,0.08158,0.25,1.5,3,0.08137605,0.081885925,SL,0.08137605,-1.0,0.9726,0.35547928413826746,0.9193429762196624,2026-09-03 02:00:00,SL
43bbde0c9d7c88e09aa1a4f5,PULLBACK,DOGE_USDT,LONG,0.08158,0.25,1.5,6,0.08137605,0.081885925,SL,0.08137605,-1.0,0.9726,0.39225300318705664,0.9193429762196624,2026-09-03 02:00:00,SL
43bbde0c9d7c88e09aa1a4f5,PULLBACK,DOGE_USDT,LONG,0.08158,0.25,1.5,12,0.08137605,0.081885925,SL,0.08137605,-1.0,0.9726,2.0593282667320434,0.9193429762196624,2026-09-03 02:00:00,SL
43bbde0c9d7c88e09aa1a4f5,PULLBACK,DOGE_USDT,LONG,0.08158,0.25,1.5,24,0.08137605,0.081885925,SL,0.08137605,-1.0,0.9726,9.610198578082862,0.9193429762196624,2026-09-03 02:00:00,SL
43bbde0c9d7c88e09aa1a4f5,PULLBACK,DOGE_USDT,LONG,0.08158,0.25,2.0,3,0.08137605,0.08198789999999999,SL,0.08137605,-1.0,0.9726,0.35547928413826746,0.9193429762196624,2026-09-03 02:00:00,SL
43bbde0c9d7c88e09aa1a4f5,PULLBACK,DOGE_USDT,LONG,0.08158,0.25,2.0,6,0.08137605,0.08198789999999999,SL,0.08137605,-1.0,0.9726,0.39225300318705664,0.9193429762196624,2026-09-03 02:00:00,SL
43bbde0c9d7c88e09aa1a4f5,PULLBACK,DOGE_USDT,LONG,0.08158,0.25,2.0,12,0.08137605,0.08198789999999999,SL,0.08137605,-1.0,0.9726,2.0593282667320434,0.9193429762196624,2026-09-03 02:00:00,SL
43bbde0c9d7c88e09aa1a4f5,PULLBACK,DOGE_USDT,LONG,0.08158,0.25,2.0,24,0.08137605,0.08198789999999999,SL,0.08137605,-1.0,0.9726,9.610198578082862,0.9193429762196624,2026-09-03 02:00:00,SL
43bbde0c9d7c88e09aa1a4f5,PULLBACK,DOGE_USDT,LONG,0.08158,0.35,1.0,3,0.08129447000000001,0.08186553,TP,0.08186553,1.0,0.556,0.35547928413826746,0.9193429762196624,2026-09-03 01:35:00,TP
43bbde0c9d7c88e09aa1a4f5,PULLBACK,DOGE_USDT,LONG,0.08158,0.35,1.0,6,0.08129447000000001,0.08186553,TP,0.08186553,1.0,0.556,0.39225300318705664,0.9193429762196624,2026-09-03 01:35:00,TP
43bbde0c9d7c88e09aa1a4f5,PULLBACK,DOGE_USDT,LONG,0.08158,0.35,1.0,12,0.08129447000000001,0.08186553,TP,0.08186553,1.0,0.556,2.0593282667320434,0.9193429762196624,2026-09-03 01:35:00,TP
43bbde0c9d7c88e09aa1a4f5,PULLBACK,DOGE_USDT,LONG,0.08158,0.35,1.0,24,0.08129447000000001,0.08186553,TP,0.08186553,1.0,0.556,9.610198578082862,0.9193429762196624,2026-09-03 01:35:00,TP
43bbde0c9d7c88e09aa1a4f5,PULLBACK,DOGE_USDT,LONG,0.08158,0.35,1.5,3,0.08129447000000001,0.082008295,SL,0.08129447000000001,-1.0,1.056,0.35547928413826746,0.9193429762196624,2026-09-03 02:05:00,SL
43bbde0c9d7c88e09aa1a4f5,PULLBACK,DOGE_USDT,LONG,0.08158,0.35,1.5,6,0.08129447000000001,0.082008295,SL,0.08129447000000001,-1.0,1.056,0.39225300318705664,0.9193429762196624,2026-09-03 02:05:00,SL
43bbde0c9d7c88e09aa1a4f5,PULLBACK,DOGE_USDT,LONG,0.08158,0.35,1.5,12,0.08129447000000001,0.082008295,SL,0.08129447000000001,-1.0,1.056,2.0593282667320434,0.9193429762196624,2026-09-03 02:05:00,SL
43bbde0c9d7c88e09aa1a4f5,PULLBACK,DOGE_USDT,LONG,0.08158,0.35,1.5,24,0.08129447000000001,0.082008295,SL,0.08129447000000001,-1.0,1.056,9.610198578082862,0.9193429762196624,2026-09-03 02:05:00,SL
43bbde0c9d7c88e09aa1a4f5,PULLBACK,DOGE_USDT,LONG,0.08158,0.35,2.0,3,0.08129447000000001,0.08215106,SL,0.08129447000000001,-1.0,1.056,0.35547928413826746,0.9193429762196624,2026-09-03 02:05:00,SL
43bbde0c9d7c88e09aa1a4f5,PULLBACK,DOGE_USDT,LONG,0.08158,0.35,2.0,6,0.08129447000000001,0.08215106,SL,0.08129447000000001,-1.0,1.056,0.39225300318705664,0.9193429762196624,2026-09-03 02:05:00,SL
43bbde0c9d7c88e09aa1a4f5,PULLBACK,DOGE_USDT,LONG,0.08158,0.35,2.0,12,0.08129447000000001,0.08215106,SL,0.08129447000000001,-1.0,1.056,2.0593282667320434,0.9193429762196624,2026-09-03 02:05:00,SL
43bbde0c9d7c88e09aa1a4f5,PULLBACK,DOGE_USDT,LONG,0.08158,0.35,2.0,24,0.08129447000000001,0.08215106,SL,0.08129447000000001,-1.0,1.056,9.610198578082862,0.9193429762196624,2026-09-03 02:05:00,SL
43bbde0c9d7c88e09aa1a4f5,PULLBACK,DOGE_USDT,LONG,0.08158,0.5,1.0,3,0.0811721,0.08198789999999999,SL,0.0811721,-1.0,1.1393,0.35547928413826746,0.9193429762196624,2026-09-03 02:10:00,SL
43bbde0c9d7c88e09aa1a4f5,PULLBACK,DOGE_USDT,LONG,0.08158,0.5,1.0,6,0.0811721,0.08198789999999999,SL,0.0811721,-1.0,1.1393,0.39225300318705664,0.9193429762196624,2026-09-03 02:10:00,SL
43bbde0c9d7c88e09aa1a4f5,PULLBACK,DOGE_USDT,LONG,0.08158,0.5,1.0,12,0.0811721,0.08198789999999999,SL,0.0811721,-1.0,1.1393,2.0593282667320434,0.9193429762196624,2026-09-03 02:10:00,SL
43bbde0c9d7c88e09aa1a4f5,PULLBACK,DOGE_USDT,LONG,0.08158,0.5,1.0,24,0.0811721,0.08198789999999999,SL,0.0811721,-1.0,1.1393,9.610198578082862,0.9193429762196624,2026-09-03 02:10:00,SL
43bbde0c9d7c88e09aa1a4f5,PULLBACK,DOGE_USDT,LONG,0.08158,0.5,1.5,3,0.0811721,0.08219185000000001,SL,0.0811721,-1.0,1.1393,0.35547928413826746,0.9193429762196624,2026-09-03 02:10:00,SL
43bbde0c9d7c88e09aa1a4f5,PULLBACK,DOGE_USDT,LONG,0.08158,0.5,1.5,6,0.0811721,0.08219185000000001,SL,0.0811721,-1.0,1.1393,0.39225300318705664,0.9193429762196624,2026-09-03 02:10:00,SL
43bbde0c9d7c88e09aa1a4f5,PULLBACK,DOGE_USDT,LONG,0.08158,0.5,1.5,12,0.0811721,0.08219185000000001,SL,0.0811721,-1.0,1.1393,2.0593282667320434,0.9193429762196624,2026-09-03 02:10:00,SL
43bbde0c9d7c88e09aa1a4f5,PULLBACK,DOGE_USDT,LONG,0.08158,0.5,1.5,24,0.0811721,0.08219185000000001,SL,0.0811721,-1.0,1.1393,9.610198578082862,0.9193429762196624,2026-09-03 02:10:00,SL
43bbde0c9d7c88e09aa1a4f5,PULLBACK,DOGE_USDT,LONG,0.08158,0.5,2.0,3,0.0811721,0.0823958,SL,0.0811721,-1.0,1.1393,0.35547928413826746,0.9193429762196624,2026-09-03 02:10:00,SL
43bbde0c9d7c88e09aa1a4f5,PULLBACK,DOGE_USDT,LONG,0.08158,0.5,2.0,6,0.0811721,0.0823958,SL,0.0811721,-1.0,1.1393,0.39225300318705664,0.9193429762196624,2026-09-03 02:10:00,SL
43bbde0c9d7c88e09aa1a4f5,PULLBACK,DOGE_USDT,LONG,0.08158,0.5,2.0,12,0.0811721,0.0823958,SL,0.0811721,-1.0,1.1393,2.0593282667320434,0.9193429762196624,2026-09-03 02:10:00,SL
43bbde0c9d7c88e09aa1a4f5,PULLBACK,DOGE_USDT,LONG,0.08158,0.5,2.0,24,0.0811721,0.0823958,SL,0.0811721,-1.0,1.1393,9.610198578082862,0.9193429762196624,2026-09-03 02:10:00,SL
43bbde0c9d7c88e09aa1a4f5,PULLBACK,DOGE_USDT,LONG,0.08158,0.75,1.0,3,0.08096815,0.08219185000000001,SL,0.08096815,-1.0,1.306,0.35547928413826746,0.9193429762196624,2026-09-03 02:20:00,SL
43bbde0c9d7c88e09aa1a4f5,PULLBACK,DOGE_USDT,LONG,0.08158,0.75,1.0,6,0.08096815,0.08219185000000001,SL,0.08096815,-1.0,1.306,0.39225300318705664,0.9193429762196624,2026-09-03 02:20:00,SL
43bbde0c9d7c88e09aa1a4f5,PULLBACK,DOGE_USDT,LONG,0.08158,0.75,1.0,12,0.08096815,0.08219185000000001,SL,0.08096815,-1.0,1.306,2.0593282667320434,0.9193429762196624,2026-09-03 02:20:00,SL
43bbde0c9d7c88e09aa1a4f5,PULLBACK,DOGE_USDT,LONG,0.08158,0.75,1.0,24,0.08096815,0.08219185000000001,SL,0.08096815,-1.0,1.306,9.610198578082862,0.9193429762196624,2026-09-03 02:20:00,SL
43bbde0c9d7c88e09aa1a4f5,PULLBACK,DOGE_USDT,LONG,0.08158,0.75,1.5,3,0.08096815,0.082497775,SL,0.08096815,-1.0,1.306,0.35547928413826746,0.9193429762196624,2026-09-03 02:20:00,SL
43bbde0c9d7c88e09aa1a4f5,PULLBACK,DOGE_USDT,LONG,0.08158,0.75,1.5,6,0.08096815,0.082497775,SL,0.08096815,-1.0,1.306,0.39225300318705664,0.9193429762196624,2026-09-03 02:20:00,SL
43bbde0c9d7c88e09aa1a4f5,PULLBACK,DOGE_USDT,LONG,0.08158,0.75,1.5,12,0.08096815,0.082497775,SL,0.08096815,-1.0,1.306,2.0593282667320434,0.9193429762196624,2026-09-03 02:20:00,SL
43bbde0c9d7c88e09aa1a4f5,PULLBACK,DOGE_USDT,LONG,0.08158,0.75,1.5,24,0.08096815,0.082497775,SL,0.08096815,-1.0,1.306,9.610198578082862,0.9193429762196624,2026-09-03 02:20:00,SL
43bbde0c9d7c88e09aa1a4f5,PULLBACK,DOGE_USDT,LONG,0.08158,0.75,2.0,3,0.08096815,0.0828037,SL,0.08096815,-1.0,1.306,0.35547928413826746,0.9193429762196624,2026-09-03 02:20:00,SL
43bbde0c9d7c88e09aa1a4f5,PULLBACK,DOGE_USDT,LONG,0.08158,0.75,2.0,6,0.08096815,0.0828037,SL,0.08096815,-1.0,1.306,0.39225300318705664,0.9193429762196624,2026-09-03 02:20:00,SL
43bbde0c9d7c88e09aa1a4f5,PULLBACK,DOGE_USDT,LONG,0.08158,0.75,2.0,12,0.08096815,0.0828037,SL,0.08096815,-1.0,1.306,2.0593282667320434,0.9193429762196624,2026-09-03 02:20:00,SL
43bbde0c9d7c88e09aa1a4f5,PULLBACK,DOGE_USDT,LONG,0.08158,0.75,2.0,24,0.08096815,0.0828037,SL,0.08096815,-1.0,1.306,9.610198578082862,0.9193429762196624,2026-09-03 02:20:00,SL
43bbde0c9d7c88e09aa1a4f5,PULLBACK,DOGE_USDT,LONG,0.08158,1.0,1.0,3,0.0807642,0.0823958,TIME_EXIT,0.08137,-0.25741603,3.056,0.35547928413826746,0.9193429762196624,2026-09-03 04:05:00,3h時間切れ
43bbde0c9d7c88e09aa1a4f5,PULLBACK,DOGE_USDT,LONG,0.08158,1.0,1.0,6,0.0807642,0.0823958,TIME_EXIT,0.08152,-0.07354744,6.056,0.39225300318705664,0.9193429762196624,2026-09-03 07:05:00,6h時間切れ
43bbde0c9d7c88e09aa1a4f5,PULLBACK,DOGE_USDT,LONG,0.08158,1.0,1.0,12,0.0807642,0.0823958,TP,0.0823958,1.0,9.4726,2.0593282667320434,0.9193429762196624,2026-09-03 10:30:00,TP
43bbde0c9d7c88e09aa1a4f5,PULLBACK,DOGE_USDT,LONG,0.08158,1.0,1.0,24,0.0807642,0.0823958,TP,0.0823958,1.0,9.4726,9.610198578082862,0.9193429762196624,2026-09-03 10:30:00,TP
43bbde0c9d7c88e09aa1a4f5,PULLBACK,DOGE_USDT,LONG,0.08158,1.0,1.5,3,0.0807642,0.0828037,TIME_EXIT,0.08137,-0.25741603,3.056,0.35547928413826746,0.9193429762196624,2026-09-03 04:05:00,3h時間切れ
43bbde0c9d7c88e09aa1a4f5,PULLBACK,DOGE_USDT,LONG,0.08158,1.0,1.5,6,0.0807642,0.0828037,TIME_EXIT,0.08152,-0.07354744,6.056,0.39225300318705664,0.9193429762196624,2026-09-03 07:05:00,6h時間切れ
43bbde0c9d7c88e09aa1a4f5,PULLBACK,DOGE_USDT,LONG,0.08158,1.0,1.5,12,0.0807642,0.0828037,TP,0.0828037,1.5,10.4726,2.0593282667320434,0.9193429762196624,2026-09-03 11:30:00,TP
43bbde0c9d7c88e09aa1a4f5,PULLBACK,DOGE_USDT,LONG,0.08158,1.0,1.5,24,0.0807642,0.0828037,TP,0.0828037,1.5,10.4726,9.610198578082862,0.9193429762196624,2026-09-03 11:30:00,TP
43bbde0c9d7c88e09aa1a4f5,PULLBACK,DOGE_USDT,LONG,0.08158,1.0,2.0,3,0.0807642,0.0832116,TIME_EXIT,0.08137,-0.25741603,3.056,0.35547928413826746,0.9193429762196624,2026-09-03 04:05:00,3h時間切れ
43bbde0c9d7c88e09aa1a4f5,PULLBACK,DOGE_USDT,LONG,0.08158,1.0,2.0,6,0.0807642,0.0832116,TIME_EXIT,0.08152,-0.07354744,6.056,0.39225300318705664,0.9193429762196624,2026-09-03 07:05:00,6h時間切れ
43bbde0c9d7c88e09aa1a4f5,PULLBACK,DOGE_USDT,LONG,0.08158,1.0,2.0,12,0.0807642,0.0832116,TP,0.0832116,2.0,10.8893,2.0593282667320434,0.9193429762196624,2026-09-03 11:55:00,TP
43bbde0c9d7c88e09aa1a4f5,PULLBACK,DOGE_USDT,LONG,0.08158,1.0,2.0,24,0.0807642,0.0832116,TP,0.0832116,2.0,10.8893,9.610198578082862,0.9193429762196624,2026-09-03 11:55:00,TP
6e6b0fc6a23c2702ad142be4,PULLBACK,SPX500_USDT,LONG,7674.9,0.25,1.0,3,7655.71275,7694.08725,TIME_EXIT,7664.8,-0.52639122,3.056,0.010423588580961079,0.18371574873939014,2026-09-03 04:05:00,3h時間切れ
6e6b0fc6a23c2702ad142be4,PULLBACK,SPX500_USDT,LONG,7674.9,0.25,1.0,6,7655.71275,7694.08725,TIME_EXIT,7664.5,-0.54202661,6.056,0.010423588580961079,0.22931894878108453,2026-09-03 07:05:00,6h時間切れ
6e6b0fc6a23c2702ad142be4,PULLBACK,SPX500_USDT,LONG,7674.9,0.25,1.0,12,7655.71275,7694.08725,TIME_EXIT,7673.8,-0.05732974,12.056,0.010423588580961079,0.22931894878108453,2026-09-03 13:05:00,12h時間切れ
6e6b0fc6a23c2702ad142be4,PULLBACK,SPX500_USDT,LONG,7674.9,0.25,1.0,24,7655.71275,7694.08725,SL,7655.71275,-1.0,13.3893,0.9537583551577313,0.2853457374037399,2026-09-03 14:25:00,SL
6e6b0fc6a23c2702ad142be4,PULLBACK,SPX500_USDT,LONG,7674.9,0.25,1.5,3,7655.71275,7703.680874999999,TIME_EXIT,7664.8,-0.52639122,3.056,0.010423588580961079,0.18371574873939014,2026-09-03 04:05:00,3h時間切れ
6e6b0fc6a23c2702ad142be4,PULLBACK,SPX500_USDT,LONG,7674.9,0.25,1.5,6,7655.71275,7703.680874999999,TIME_EXIT,7664.5,-0.54202661,6.056,0.010423588580961079,0.22931894878108453,2026-09-03 07:05:00,6h時間切れ
6e6b0fc6a23c2702ad142be4,PULLBACK,SPX500_USDT,LONG,7674.9,0.25,1.5,12,7655.71275,7703.680874999999,TIME_EXIT,7673.8,-0.05732974,12.056,0.010423588580961079,0.22931894878108453,2026-09-03 13:05:00,12h時間切れ
6e6b0fc6a23c2702ad142be4,PULLBACK,SPX500_USDT,LONG,7674.9,0.25,1.5,24,7655.71275,7703.680874999999,SL,7655.71275,-1.0,13.3893,0.9537583551577313,0.2853457374037399,2026-09-03 14:25:00,SL
6e6b0fc6a23c2702ad142be4,PULLBACK,SPX500_USDT,LONG,7674.9,0.25,2.0,3,7655.71275,7713.274499999999,TIME_EXIT,7664.8,-0.52639122,3.056,0.010423588580961079,0.18371574873939014,2026-09-03 04:05:00,3h時間切れ
6e6b0fc6a23c2702ad142be4,PULLBACK,SPX500_USDT,LONG,7674.9,0.25,2.0,6,7655.71275,7713.274499999999,TIME_EXIT,7664.5,-0.54202661,6.056,0.010423588580961079,0.22931894878108453,2026-09-03 07:05:00,6h時間切れ
6e6b0fc6a23c2702ad142be4,PULLBACK,SPX500_USDT,LONG,7674.9,0.25,2.0,12,7655.71275,7713.274499999999,TIME_EXIT,7673.8,-0.05732974,12.056,0.010423588580961079,0.22931894878108453,2026-09-03 13:05:00,12h時間切れ
6e6b0fc6a23c2702ad142be4,PULLBACK,SPX500_USDT,LONG,7674.9,0.25,2.0,24,7655.71275,7713.274499999999,SL,7655.71275,-1.0,13.3893,0.9537583551577313,0.2853457374037399,2026-09-03 14:25:00,SL
6e6b0fc6a23c2702ad142be4,PULLBACK,SPX500_USDT,LONG,7674.9,0.35,1.0,3,7648.03785,7701.7621500000005,TIME_EXIT,7664.8,-0.37599373,3.056,0.010423588580961079,0.18371574873939014,2026-09-03 04:05:00,3h時間切れ
6e6b0fc6a23c2702ad142be4,PULLBACK,SPX500_USDT,LONG,7674.9,0.35,1.0,6,7648.03785,7701.7621500000005,TIME_EXIT,7664.5,-0.38716186,6.056,0.010423588580961079,0.22931894878108453,2026-09-03 07:05:00,6h時間切れ
6e6b0fc6a23c2702ad142be4,PULLBACK,SPX500_USDT,LONG,7674.9,0.35,1.0,12,7648.03785,7701.7621500000005,TIME_EXIT,7673.8,-0.04094981,12.056,0.010423588580961079,0.22931894878108453,2026-09-03 13:05:00,12h時間切れ
6e6b0fc6a23c2702ad142be4,PULLBACK,SPX500_USDT,LONG,7674.9,0.35,1.0,24,7648.03785,7701.7621500000005,TP,7701.7621500000005,1.0,21.556,0.9537583551577313,0.2853457374037399,2026-09-03 22:35:00,TP
6e6b0fc6a23c2702ad142be4,PULLBACK,SPX500_USDT,LONG,7674.9,0.35,1.5,3,7648.03785,7715.193224999999,TIME_EXIT,7664.8,-0.37599373,3.056,0.010423588580961079,0.18371574873939014,2026-09-03 04:05:00,3h時間切れ
6e6b0fc6a23c2702ad142be4,PULLBACK,SPX500_USDT,LONG,7674.9,0.35,1.5,6,7648.03785,7715.193224999999,TIME_EXIT,7664.5,-0.38716186,6.056,0.010423588580961079,0.22931894878108453,2026-09-03 07:05:00,6h時間切れ
6e6b0fc6a23c2702ad142be4,PULLBACK,SPX500_USDT,LONG,7674.9,0.35,1.5,12,7648.03785,7715.193224999999,TIME_EXIT,7673.8,-0.04094981,12.056,0.010423588580961079,0.22931894878108453,2026-09-03 13:05:00,12h時間切れ
6e6b0fc6a23c2702ad142be4,PULLBACK,SPX500_USDT,LONG,7674.9,0.35,1.5,24,7648.03785,7715.193224999999,TP,7715.193224999999,1.5,21.806,0.9537583551577313,0.2853457374037399,2026-09-03 22:50:00,TP
6e6b0fc6a23c2702ad142be4,PULLBACK,SPX500_USDT,LONG,7674.9,0.35,2.0,3,7648.03785,7728.624299999999,TIME_EXIT,7664.8,-0.37599373,3.056,0.010423588580961079,0.18371574873939014,2026-09-03 04:05:00,3h時間切れ
6e6b0fc6a23c2702ad142be4,PULLBACK,SPX500_USDT,LONG,7674.9,0.35,2.0,6,7648.03785,7728.624299999999,TIME_EXIT,7664.5,-0.38716186,6.056,0.010423588580961079,0.22931894878108453,2026-09-03 07:05:00,6h時間切れ
6e6b0fc6a23c2702ad142be4,PULLBACK,SPX500_USDT,LONG,7674.9,0.35,2.0,12,7648.03785,7728.624299999999,TIME_EXIT,7673.8,-0.04094981,12.056,0.010423588580961079,0.22931894878108453,2026-09-03 13:05:00,12h時間切れ
6e6b0fc6a23c2702ad142be4,PULLBACK,SPX500_USDT,LONG,7674.9,0.35,2.0,24,7648.03785,7728.624299999999,TP,7728.624299999999,2.0,23.2226,0.9537583551577313,0.2853457374037399,2026-09-04 00:15:00,TP
6e6b0fc6a23c2702ad142be4,PULLBACK,SPX500_USDT,LONG,7674.9,0.5,1.0,3,7636.5255,7713.274499999999,TIME_EXIT,7664.8,-0.26319561,3.056,0.010423588580961079,0.18371574873939014,2026-09-03 04:05:00,3h時間切れ
6e6b0fc6a23c2702ad142be4,PULLBACK,SPX500_USDT,LONG,7674.9,0.5,1.0,6,7636.5255,7713.274499999999,TIME_EXIT,7664.5,-0.2710133,6.056,0.010423588580961079,0.22931894878108453,2026-09-03 07:05:00,6h時間切れ
6e6b0fc6a23c2702ad142be4,PULLBACK,SPX500_USDT,LONG,7674.9,0.5,1.0,12,7636.5255,7713.274499999999,TIME_EXIT,7673.8,-0.02866487,12.056,0.010423588580961079,0.22931894878108453,2026-09-03 13:05:00,12h時間切れ
6e6b0fc6a23c2702ad142be4,PULLBACK,SPX500_USDT,LONG,7674.9,0.5,1.0,24,7636.5255,7713.274499999999,TP,7713.274499999999,1.0,21.7226,0.9537583551577313,0.2853457374037399,2026-09-03 22:45:00,TP
6e6b0fc6a23c2702ad142be4,PULLBACK,SPX500_USDT,LONG,7674.9,0.5,1.5,3,7636.5255,7732.46175,TIME_EXIT,7664.8,-0.26319561,3.056,0.010423588580961079,0.18371574873939014,2026-09-03 04:05:00,3h時間切れ
6e6b0fc6a23c2702ad142be4,PULLBACK,SPX500_USDT,LONG,7674.9,0.5,1.5,6,7636.5255,7732.46175,TIME_EXIT,7664.5,-0.2710133,6.056,0.010423588580961079,0.22931894878108453,2026-09-03 07:05:00,6h時間切れ
6e6b0fc6a23c2702ad142be4,PULLBACK,SPX500_USDT,LONG,7674.9,0.5,1.5,12,7636.5255,7732.46175,TIME_EXIT,7673.8,-0.02866487,12.056,0.010423588580961079,0.22931894878108453,2026-09-03 13:05:00,12h時間切れ
6e6b0fc6a23c2702ad142be4,PULLBACK,SPX500_USDT,LONG,7674.9,0.5,1.5,24,7636.5255,7732.46175,TP,7732.46175,1.5,23.306,0.9537583551577313,0.2853457374037399,2026-09-04 00:20:00,TP
6e6b0fc6a23c2702ad142be4,PULLBACK,SPX500_USDT,LONG,7674.9,0.5,2.0,3,7636.5255,7751.648999999999,TIME_EXIT,7664.8,-0.26319561,3.056,0.010423588580961079,0.18371574873939014,2026-09-03 04:05:00,3h時間切れ
6e6b0fc6a23c2702ad142be4,PULLBACK,SPX500_USDT,LONG,7674.9,0.5,2.0,6,7636.5255,7751.648999999999,TIME_EXIT,7664.5,-0.2710133,6.056,0.010423588580961079,0.22931894878108453,2026-09-03 07:05:00,6h時間切れ
6e6b0fc6a23c2702ad142be4,PULLBACK,SPX500_USDT,LONG,7674.9,0.5,2.0,12,7636.5255,7751.648999999999,TIME_EXIT,7673.8,-0.02866487,12.056,0.010423588580961079,0.22931894878108453,2026-09-03 13:05:00,12h時間切れ
6e6b0fc6a23c2702ad142be4,PULLBACK,SPX500_USDT,LONG,7674.9,0.5,2.0,24,7636.5255,7751.648999999999,TIME_EXIT,7743.6,1.79025134,24.056,0.9537583551577313,0.2853457374037399,2026-09-04 01:05:00,24h時間切れ
6e6b0fc6a23c2702ad142be4,PULLBACK,SPX500_USDT,LONG,7674.9,0.75,1.0,3,7617.33825,7732.46175,TIME_EXIT,7664.8,-0.17546374,3.056,0.010423588580961079,0.18371574873939014,2026-09-03 04:05:00,3h時間切れ
6e6b0fc6a23c2702ad142be4,PULLBACK,SPX500_USDT,LONG,7674.9,0.75,1.0,6,7617.33825,7732.46175,TIME_EXIT,7664.5,-0.18067554,6.056,0.010423588580961079,0.22931894878108453,2026-09-03 07:05:00,6h時間切れ
6e6b0fc6a23c2702ad142be4,PULLBACK,SPX500_USDT,LONG,7674.9,0.75,1.0,12,7617.33825,7732.46175,TIME_EXIT,7673.8,-0.01910991,12.056,0.010423588580961079,0.22931894878108453,2026-09-03 13:05:00,12h時間切れ
6e6b0fc6a23c2702ad142be4,PULLBACK,SPX500_USDT,LONG,7674.9,0.75,1.0,24,7617.33825,7732.46175,TP,7732.46175,1.0,23.306,0.9537583551577313,0.2853457374037399,2026-09-04 00:20:00,TP
6e6b0fc6a23c2702ad142be4,PULLBACK,SPX500_USDT,LONG,7674.9,0.75,1.5,3,7617.33825,7761.242625,TIME_EXIT,7664.8,-0.17546374,3.056,0.010423588580961079,0.18371574873939014,2026-09-03 04:05:00,3h時間切れ
6e6b0fc6a23c2702ad142be4,PULLBACK,SPX500_USDT,LONG,7674.9,0.75,1.5,6,7617.33825,7761.242625,TIME_EXIT,7664.5,-0.18067554,6.056,0.010423588580961079,0.22931894878108453,2026-09-03 07:05:00,6h時間切れ
6e6b0fc6a23c2702ad142be4,PULLBACK,SPX500_USDT,LONG,7674.9,0.75,1.5,12,7617.33825,7761.242625,TIME_EXIT,7673.8,-0.01910991,12.056,0.010423588580961079,0.22931894878108453,2026-09-03 13:05:00,12h時間切れ
6e6b0fc6a23c2702ad142be4,PULLBACK,SPX500_USDT,LONG,7674.9,0.75,1.5,24,7617.33825,7761.242625,TIME_EXIT,7743.6,1.19350089,24.056,0.9537583551577313,0.2853457374037399,2026-09-04 01:05:00,24h時間切れ
6e6b0fc6a23c2702ad142be4,PULLBACK,SPX500_USDT,LONG,7674.9,0.75,2.0,3,7617.33825,7790.023499999999,TIME_EXIT,7664.8,-0.17546374,3.056,0.010423588580961079,0.18371574873939014,2026-09-03 04:05:00,3h時間切れ
6e6b0fc6a23c2702ad142be4,PULLBACK,SPX500_USDT,LONG,7674.9,0.75,2.0,6,7617.33825,7790.023499999999,TIME_EXIT,7664.5,-0.18067554,6.056,0.010423588580961079,0.22931894878108453,2026-09-03 07:05:00,6h時間切れ
6e6b0fc6a23c2702ad142be4,PULLBACK,SPX500_USDT,LONG,7674.9,0.75,2.0,12,7617.33825,7790.023499999999,TIME_EXIT,7673.8,-0.01910991,12.056,0.010423588580961079,0.22931894878108453,2026-09-03 13:05:00,12h時間切れ
6e6b0fc6a23c2702ad142be4,PULLBACK,SPX500_USDT,LONG,7674.9,0.75,2.0,24,7617.33825,7790.023499999999,TIME_EXIT,7743.6,1.19350089,24.056,0.9537583551577313,0.2853457374037399,2026-09-04 01:05:00,24h時間切れ
6e6b0fc6a23c2702ad142be4,PULLBACK,SPX500_USDT,LONG,7674.9,1.0,1.0,3,7598.151,7751.648999999999,TIME_EXIT,7664.8,-0.13159781,3.056,0.010423588580961079,0.18371574873939014,2026-09-03 04:05:00,3h時間切れ
6e6b0fc6a23c2702ad142be4,PULLBACK,SPX500_USDT,LONG,7674.9,1.0,1.0,6,7598.151,7751.648999999999,TIME_EXIT,7664.5,-0.13550665,6.056,0.010423588580961079,0.22931894878108453,2026-09-03 07:05:00,6h時間切れ
6e6b0fc6a23c2702ad142be4,PULLBACK,SPX500_USDT,LONG,7674.9,1.0,1.0,12,7598.151,7751.648999999999,TIME_EXIT,7673.8,-0.01433243,12.056,0.010423588580961079,0.22931894878108453,2026-09-03 13:05:00,12h時間切れ
6e6b0fc6a23c2702ad142be4,PULLBACK,SPX500_USDT,LONG,7674.9,1.0,1.0,24,7598.151,7751.648999999999,TIME_EXIT,7743.6,0.89512567,24.056,0.9537583551577313,0.2853457374037399,2026-09-04 01:05:00,24h時間切れ
6e6b0fc6a23c2702ad142be4,PULLBACK,SPX500_USDT,LONG,7674.9,1.0,1.5,3,7598.151,7790.023499999999,TIME_EXIT,7664.8,-0.13159781,3.056,0.010423588580961079,0.18371574873939014,2026-09-03 04:05:00,3h時間切れ
6e6b0fc6a23c2702ad142be4,PULLBACK,SPX500_USDT,LONG,7674.9,1.0,1.5,6,7598.151,7790.023499999999,TIME_EXIT,7664.5,-0.13550665,6.056,0.010423588580961079,0.22931894878108453,2026-09-03 07:05:00,6h時間切れ
6e6b0fc6a23c2702ad142be4,PULLBACK,SPX500_USDT,LONG,7674.9,1.0,1.5,12,7598.151,7790.023499999999,TIME_EXIT,7673.8,-0.01433243,12.056,0.010423588580961079,0.22931894878108453,2026-09-03 13:05:00,12h時間切れ
6e6b0fc6a23c2702ad142be4,PULLBACK,SPX500_USDT,LONG,7674.9,1.0,1.5,24,7598.151,7790.023499999999,TIME_EXIT,7743.6,0.89512567,24.056,0.9537583551577313,0.2853457374037399,2026-09-04 01:05:00,24h時間切れ
6e6b0fc6a23c2702ad142be4,PULLBACK,SPX500_USDT,LONG,7674.9,1.0,2.0,3,7598.151,7828.398,TIME_EXIT,7664.8,-0.13159781,3.056,0.010423588580961079,0.18371574873939014,2026-09-03 04:05:00,3h時間切れ
6e6b0fc6a23c2702ad142be4,PULLBACK,SPX500_USDT,LONG,7674.9,1.0,2.0,6,7598.151,7828.398,TIME_EXIT,7664.5,-0.13550665,6.056,0.010423588580961079,0.22931894878108453,2026-09-03 07:05:00,6h時間切れ
6e6b0fc6a23c2702ad142be4,PULLBACK,SPX500_USDT,LONG,7674.9,1.0,2.0,12,7598.151,7828.398,TIME_EXIT,7673.8,-0.01433243,12.056,0.010423588580961079,0.22931894878108453,2026-09-03 13:05:00,12h時間切れ
6e6b0fc6a23c2702ad142be4,PULLBACK,SPX500_USDT,LONG,7674.9,1.0,2.0,24,7598.151,7828.398,TIME_EXIT,7743.6,0.89512567,24.056,0.9537583551577313,0.2853457374037399,2026-09-04 01:05:00,24h時間切れ
