time,symbol,event,direction,edge,entry,sl,tp,exit,result_r,rsi1,rsi5,rsi15,spread_pct,amount24,volume_ratio1,volume_ratio5,note,scan_time_jst,ticker_time_jst,price,bid,ask,volume24,change24,funding_rate,oi,oi_change_pct,ema9_1,ema21_1,ema9_5,ema21_5,ema9_15,ema21_15,macd1,macd_signal1,macd_hist1,macd5,macd_signal5,macd_hist5,macd15,macd_signal15,macd_hist15,volume_ratio15,atr1_pct,atr5_pct,atr15_pct,long_score,short_score,bias,btc_price,btc_ret_1m_pct,btc_ret_5m_pct,btc_ret_15m_pct,btc_ret_1h_pct,btc_rsi1,btc_rsi5,btc_rsi15,btc_rsi60,btc_ema9_1,btc_ema21_1,btc_ema9_5,btc_ema21_5,btc_ema9_15,btc_ema21_15,btc_ema9_60,btc_ema21_60,btc_macd1,btc_macd_signal1,btc_macd5,btc_macd_signal5,btc_macd15,btc_macd_signal15,btc_macd60,btc_macd_signal60,btc_volume_ratio1,btc_volume_ratio5,btc_volume_ratio15,btc_volume_ratio60,btc_atr1_pct,btc_atr5_pct,btc_atr15_pct,btc_atr60_pct
2026-08-24T20:40:56.303416,LINK_USDT,OPEN,LONG,38.0,11.732,11.675771428571428,11.844457142857143,,,86.31578947368496,67.41293532338295,56.92821368948246,0.008523695874526473,152112124.7579,1.968650472377196,2.4307005558823387,HIGH_EDGE,,,,,,,,,,,,,,,,,,,,,,,,,,,,,,,,,,,,,,,,,,,,,,,,,,,,,,,,,,,,,,,,,
2026-08-24T21:01:22.718627,LINK_USDT,LOSS,LONG,38.0,11.732,11.675771428571428,11.844457142857143,11.675771428571428,-1.0,,,,,,,,SL,,,,,,,,,,,,,,,,,,,,,,,,,,,,,,,,,,,,,,,,,,,,,,,,,,,,,,,,,,,,,,,,,
2026-08-24T21:31:06.730608,ETH_USDT,OPEN,LONG,37.0,2493.83,2482.754,2515.982,,,67.00274977085144,65.23283847227478,65.85744646068315,0.0004009896424462886,2772284235.8474,1.096171089532022,0.7197252997879965,HIGH_EDGE,,,,,,,,,,,,,,,,,,,,,,,,,,,,,,,,,,,,,,,,,,,,,,,,,,,,,,,,,,,,,,,,,
2026-08-24T21:31:06.730744,ZEC_USDT,OPEN,LONG,39.0,851.44,843.3417142857144,867.6365714285715,,,74.93026499302675,66.34887005649719,67.52021563342313,0.0011744808794502141,258450417.1388,0.5270926931509571,2.3784273945125993,HIGH_EDGE,,,,,,,,,,,,,,,,,,,,,,,,,,,,,,,,,,,,,,,,,,,,,,,,,,,,,,,,,,,,,,,,,
2026-08-24T21:31:06.730826,DOGE_USDT,OPEN,LONG,35.0,0.09254,0.09203514285714286,0.09354971428571429,,,69.6428571428577,67.09844559585488,65.33575317604365,0.01080613788631524,173456792.474,0.9231612188626775,0.827234025366558,HIGH_EDGE,,,,,,,,,,,,,,,,,,,,,,,,,,,,,,,,,,,,,,,,,,,,,,,,,,,,,,,,,,,,,,,,,
2026-08-24T21:31:06.730891,TAO_USDT,OPEN,LONG,35.0,239.92,238.28371428571427,243.19257142857145,,,68.30122591943959,69.83184965380792,66.38696939782825,0.004168056018680947,70105172.8349,1.696147657304713,1.5828812335186524,HIGH_EDGE,,,,,,,,,,,,,,,,,,,,,,,,,,,,,,,,,,,,,,,,,,,,,,,,,,,,,,,,,,,,,,,,,
2026-08-24T21:41:01.547249,SOL_USDT,OPEN,LONG,40.0,96.03,95.394,97.30199999999999,,,73.64341085271356,62.82352941176453,67.68867924528297,0.010413412475273474,1218343052.972,2.340603761155837,1.1319326458198096,HIGH_EDGE,,,,,,,,,,,,,,,,,,,,,,,,,,,,,,,,,,,,,,,,,,,,,,,,,,,,,,,,,,,,,,,,,
2026-08-24T21:41:01.547368,XRP_USDT,OPEN,LONG,36.0,1.5067,1.49566,1.52878,,,65.55023923444986,65.00802568218293,70.21494370522004,0.006637021304837658,1085247186.5287,0.7707288458820151,0.8561239053711518,HIGH_EDGE,,,,,,,,,,,,,,,,,,,,,,,,,,,,,,,,,,,,,,,,,,,,,,,,,,,,,,,,,,,,,,,,,
2026-08-24T21:41:01.547466,PEPE_USDT,OPEN,LONG,39.0,4.0927e-06,4.0561257142857134e-06,4.165848571428572e-06,,,67.57894736842127,60.93862815884474,60.223394353087194,0.002443374789264282,146128770.958,2.9441808730392935,0.4971204465957672,HIGH_EDGE,,,,,,,,,,,,,,,,,,,,,,,,,,,,,,,,,,,,,,,,,,,,,,,,,,,,,,,,,,,,,,,,,
2026-08-24T21:41:01.547540,SUI_USDT,OPEN,LONG,37.0,0.8338,0.8275171428571428,0.8463657142857142,,,71.5328467153281,62.37373737373739,64.02877697841734,0.011993283761092467,97871441.7991,3.0949235099239787,1.1028069128357223,HIGH_EDGE,,,,,,,,,,,,,,,,,,,,,,,,,,,,,,,,,,,,,,,,,,,,,,,,,,,,,,,,,,,,,,,,,
2026-08-24T21:41:01.547609,ADA_USDT,OPEN,LONG,43.0,0.2246,0.22298857142857142,0.22782285714285713,,,63.888888888888935,71.69811320754702,66.89655172413796,0.04452359750668599,46668426.6483,4.79198744092629,1.6757552899773454,HIGH_EDGE,,,,,,,,,,,,,,,,,,,,,,,,,,,,,,,,,,,,,,,,,,,,,,,,,,,,,,,,,,,,,,,,,
2026-08-24T21:41:01.547671,AVAX_USDT,OPEN,LONG,39.0,7.557,7.520314285714286,7.630371428571429,,,63.49206349206331,62.79069767441848,63.002680965147505,0.0132327643244718,45731411.5248,2.9012597813642502,0.8025121622417684,HIGH_EDGE,,,,,,,,,,,,,,,,,,,,,,,,,,,,,,,,,,,,,,,,,,,,,,,,,,,,,,,,,,,,,,,,,
2026-08-24T21:41:01.547764,WLD_USDT,OPEN,LONG,36.0,0.4017,0.39899999999999997,0.4071,,,62.22222222222195,61.98830409356715,56.944444444444436,0.02489419965147846,44524419.6114,0.4861266240302702,0.4445688596985068,HIGH_EDGE,,,,,,,,,,,,,,,,,,,,,,,,,,,,,,,,,,,,,,,,,,,,,,,,,,,,,,,,,,,,,,,,,
2026-08-24T21:50:55.379246,LINK_USDT,OPEN,LONG,35.0,11.74,11.686428571428571,11.847142857142858,,,73.17073170731803,52.52525252525261,62.057335581787505,0.008517887563879436,153867294.0576,1.4986523886929837,0.8753672546628377,HIGH_EDGE,,,,,,,,,,,,,,,,,,,,,,,,,,,,,,,,,,,,,,,,,,,,,,,,,,,,,,,,,,,,,,,,,
2026-08-24T22:01:18.989602,ETH_USDT,WIN,LONG,37.0,2493.83,2482.754,2515.982,2515.982,2.0,,,,,,,,TP,,,,,,,,,,,,,,,,,,,,,,,,,,,,,,,,,,,,,,,,,,,,,,,,,,,,,,,,,,,,,,,,,
2026-08-24T22:01:18.989704,TAO_USDT,WIN,LONG,35.0,239.92,238.28371428571427,243.19257142857145,243.19257142857145,2.0,,,,,,,,TP,,,,,,,,,,,,,,,,,,,,,,,,,,,,,,,,,,,,,,,,,,,,,,,,,,,,,,,,,,,,,,,,,
2026-08-24T22:01:18.989775,PEPE_USDT,WIN,LONG,39.0,4.0927e-06,4.0561257142857134e-06,4.165848571428572e-06,4.165848571428572e-06,2.0,,,,,,,,TP,,,,,,,,,,,,,,,,,,,,,,,,,,,,,,,,,,,,,,,,,,,,,,,,,,,,,,,,,,,,,,,,,
2026-08-24T22:10:59.218832,SILVER_USDT,OPEN,LONG,35.0,69.82,69.56885714285713,70.32228571428571,,,71.24999999999991,60.86956521739127,68.70229007633586,0.014322543683765565,126411326.5732,0.07078588024774311,2.5821510851885545,HIGH_EDGE,,,,,,,,,,,,,,,,,,,,,,,,,,,,,,,,,,,,,,,,,,,,,,,,,,,,,,,,,,,,,,,,,
2026-08-24T22:31:08.719037,LINK_USDT,LOSS,LONG,35.0,11.74,11.686428571428571,11.847142857142858,11.686428571428571,-1.0,,,,,,,,SL,,,,,,,,,,,,,,,,,,,,,,,,,,,,,,,,,,,,,,,,,,,,,,,,,,,,,,,,,,,,,,,,,
2026-08-24T22:31:08.719208,SNDKSTOCK_USDT,OPEN,SHORT,42.0,1483.71,1492.578,1465.9740000000002,,,39.799426934097205,38.60786856895805,28.19086157477639,0.007413847719576421,59522729.59688,1.8114105042708106,3.7160696405702254,HIGH_EDGE,,,,,,,,,,,,,,,,,,,,,,,,,,,,,,,,,,,,,,,,,,,,,,,,,,,,,,,,,,,,,,,,,
2026-08-24T22:31:08.719304,SKHYSTOCK_USDT,OPEN,SHORT,36.0,155.78,156.32523,154.68954,,,14.669926650367188,35.93750000000006,34.65909090909081,0.006419309282315384,59521103.9126,3.500017468643784,3.6685642171885497,HIGH_EDGE,,,,,,,,,,,,,,,,,,,,,,,,,,,,,,,,,,,,,,,,,,,,,,,,,,,,,,,,,,,,,,,,,
2026-08-24T22:40:59.190997,ZEC_USDT,LOSS,LONG,39.0,851.44,843.3417142857144,867.6365714285715,843.3417142857144,-1.0,,,,,,,,SL,,,,,,,,,,,,,,,,,,,,,,,,,,,,,,,,,,,,,,,,,,,,,,,,,,,,,,,,,,,,,,,,,
2026-08-24T22:40:59.191119,DOGE_USDT,LOSS,LONG,35.0,0.09254,0.09203514285714286,0.09354971428571429,0.09203514285714286,-1.0,,,,,,,,SL,,,,,,,,,,,,,,,,,,,,,,,,,,,,,,,,,,,,,,,,,,,,,,,,,,,,,,,,,,,,,,,,,
2026-08-24T22:40:59.191188,SOL_USDT,LOSS,LONG,40.0,96.03,95.394,97.30199999999999,95.394,-1.0,,,,,,,,SL,,,,,,,,,,,,,,,,,,,,,,,,,,,,,,,,,,,,,,,,,,,,,,,,,,,,,,,,,,,,,,,,,
2026-08-24T22:40:59.191239,SUI_USDT,LOSS,LONG,37.0,0.8338,0.8275171428571428,0.8463657142857142,0.8275171428571428,-1.0,,,,,,,,SL,,,,,,,,,,,,,,,,,,,,,,,,,,,,,,,,,,,,,,,,,,,,,,,,,,,,,,,,,,,,,,,,,
2026-08-24T22:40:59.191286,ADA_USDT,LOSS,LONG,43.0,0.2246,0.22298857142857142,0.22782285714285713,0.22298857142857142,-1.0,,,,,,,,SL,,,,,,,,,,,,,,,,,,,,,,,,,,,,,,,,,,,,,,,,,,,,,,,,,,,,,,,,,,,,,,,,,
2026-08-24T22:40:59.191331,AVAX_USDT,LOSS,LONG,39.0,7.557,7.520314285714286,7.630371428571429,7.520314285714286,-1.0,,,,,,,,SL,,,,,,,,,,,,,,,,,,,,,,,,,,,,,,,,,,,,,,,,,,,,,,,,,,,,,,,,,,,,,,,,,
2026-08-24T22:40:59.191380,SILVER_USDT,LOSS,LONG,35.0,69.82,69.56885714285713,70.32228571428571,69.56885714285713,-1.0,,,,,,,,SL,,,,,,,,,,,,,,,,,,,,,,,,,,,,,,,,,,,,,,,,,,,,,,,,,,,,,,,,,,,,,,,,,
2026-08-24T22:40:59.191427,SNDKSTOCK_USDT,WIN,SHORT,42.0,1483.71,1492.578,1465.9740000000002,1465.9740000000002,2.0,,,,,,,,TP,,,,,,,,,,,,,,,,,,,,,,,,,,,,,,,,,,,,,,,,,,,,,,,,,,,,,,,,,,,,,,,,,
2026-08-24T22:40:59.191478,SKHYSTOCK_USDT,WIN,SHORT,36.0,155.78,156.32523,154.68954,154.68954,2.0,,,,,,,,TP,,,,,,,,,,,,,,,,,,,,,,,,,,,,,,,,,,,,,,,,,,,,,,,,,,,,,,,,,,,,,,,,,
2026-08-24T22:40:59.191551,AAVE_USDT,OPEN,SHORT,37.0,135.48,136.55742857142855,133.32514285714285,,,32.89473684210505,34.37499999999976,44.38943894389446,0.007381163271324849,118383298.4796,0.08631034420149314,7.382805338432325,HIGH_EDGE,,,,,,,,,,,,,,,,,,,,,,,,,,,,,,,,,,,,,,,,,,,,,,,,,,,,,,,,,,,,,,,,,
2026-08-24T22:51:04.653112,XRP_USDT,LOSS,LONG,36.0,1.5067,1.49566,1.52878,1.49566,-1.0,,,,,,,,SL,,,,,,,,,,,,,,,,,,,,,,,,,,,,,,,,,,,,,,,,,,,,,,,,,,,,,,,,,,,,,,,,,
2026-08-24T22:51:04.653208,WLD_USDT,LOSS,LONG,36.0,0.4017,0.39899999999999997,0.4071,0.39899999999999997,-1.0,,,,,,,,SL,,,,,,,,,,,,,,,,,,,,,,,,,,,,,,,,,,,,,,,,,,,,,,,,,,,,,,,,,,,,,,,,,
2026-08-24T23:31:12.617602,ZEC_USDT,OPEN,LONG,41.0,857.7,848.9682857142858,875.1634285714285,,,66.68839634941328,53.653310477823,59.59885386819485,0.0011659088259287518,254537618.9218,0.5254544826615164,0.855831073712778,HIGH_EDGE,,,,,,,,,,,,,,,,,,,,,,,,,,,,,,,,,,,,,,,,,,,,,,,,,,,,,,,,,,,,,,,,,
2026-08-24T23:41:10.729219,AAVE_USDT,LOSS,SHORT,37.0,135.48,136.55742857142855,133.32514285714285,136.55742857142855,-1.0,,,,,,,,SL,,,,,,,,,,,,,,,,,,,,,,,,,,,,,,,,,,,,,,,,,,,,,,,,,,,,,,,,,,,,,,,,,
2026-08-24T23:41:10.729394,XRP_USDT,OPEN,LONG,37.0,1.5204,1.5057514285714286,1.5496971428571429,,,85.25073746312708,54.94636471990463,58.98502495840258,0.006577216521967178,1092782236.1815,0.6944279335711453,0.8542201915805104,HIGH_EDGE,,,,,,,,,,,,,,,,,,,,,,,,,,,,,,,,,,,,,,,,,,,,,,,,,,,,,,,,,,,,,,,,,
2026-08-24T23:41:10.729508,PEPE_USDT,OPEN,LONG,35.0,4.1452e-06,4.098365714285714e-06,4.238868571428571e-06,,,80.06012024047973,51.48176291793315,60.0406917599186,0.002412428833334272,161534757.762,0.14588051542366262,0.8132420115493121,HIGH_EDGE,,,,,,,,,,,,,,,,,,,,,,,,,,,,,,,,,,,,,,,,,,,,,,,,,,,,,,,,,,,,,,,,,
2026-08-25T00:01:18.887857,XRP_USDT,LOSS,LONG,37.0,1.5204,1.5057514285714286,1.5496971428571429,1.5057514285714286,-1.0,,,,,,,,SL,,,,,,,,,,,,,,,,,,,,,,,,,,,,,,,,,,,,,,,,,,,,,,,,,,,,,,,,,,,,,,,,,
2026-08-25T00:20:56.832055,ZEC_USDT,LOSS,LONG,41.0,857.7,848.9682857142858,875.1634285714285,848.9682857142858,-1.0,,,,,,,,SL,,,,,,,,,,,,,,,,,,,,,,,,,,,,,,,,,,,,,,,,,,,,,,,,,,,,,,,,,,,,,,,,,
2026-08-25T00:20:56.832186,TAO_USDT,OPEN,LONG,38.0,243.58,241.54257142857145,247.65485714285714,,,67.34375000000014,64.54880294659301,56.80615680615682,0.012316282124969677,71065818.6046,1.055426671638275,2.1023716123965106,HIGH_EDGE,,,,,,,,,,,,,,,,,,,,,,,,,,,,,,,,,,,,,,,,,,,,,,,,,,,,,,,,,,,,,,,,,
2026-08-25T00:51:11.294174,TAO_USDT,LOSS,LONG,38.0,243.58,241.54257142857145,247.65485714285714,241.54257142857145,-1.0,,,,,,,,SL,,,,,,,,,,,,,,,,,,,,,,,,,,,,,,,,,,,,,,,,,,,,,,,,,,,,,,,,,,,,,,,,,
2026-08-25T01:01:25.907961,PEPE_USDT,LOSS,LONG,35.0,4.1452e-06,4.098365714285714e-06,4.238868571428571e-06,4.098365714285714e-06,-1.0,,,,,,,,SL,,,,,,,,,,,,,,,,,,,,,,,,,,,,,,,,,,,,,,,,,,,,,,,,,,,,,,,,,,,,,,,,,
2026-08-25T01:01:25.908111,SILVER_USDT,OPEN,SHORT,37.0,68.62,68.86017000000001,68.13966,,,46.1538461538458,34.453781512604834,37.49999999999984,0.014573010784014724,169398313.9568,0.154542076904499,1.6088047295160683,HIGH_EDGE,,,,,,,,,,,,,,,,,,,,,,,,,,,,,,,,,,,,,,,,,,,,,,,,,,,,,,,,,,,,,,,,,
2026-08-25T01:10:59.305188,SILVER_USDT,LOSS,SHORT,37.0,68.62,68.86017000000001,68.13966,68.86017000000001,-1.0,,,,,,,,SL,,,,,,,,,,,,,,,,,,,,,,,,,,,,,,,,,,,,,,,,,,,,,,,,,,,,,,,,,,,,,,,,,
2026-08-25T01:21:06.825970,SOL_USDT,OPEN,LONG,39.0,97.45,96.78142857142858,98.78714285714285,,,67.5159235668788,65.84699453551909,56.78627145085795,0.010261672652633048,1351144249.338,0.9876373664102219,1.8170965394146776,HIGH_EDGE,,,,,,,,,,,,,,,,,,,,,,,,,,,,,,,,,,,,,,,,,,,,,,,,,,,,,,,,,,,,,,,,,
2026-08-25T01:41:03.651218,SOL_USDT,LOSS,LONG,39.0,97.45,96.78142857142858,98.78714285714285,96.78142857142858,-1.0,,,,,,,,SL,,,,,,,,,,,,,,,,,,,,,,,,,,,,,,,,,,,,,,,,,,,,,,,,,,,,,,,,,,,,,,,,,
2026-08-25T01:51:01.531416,ENA_USDT,OPEN,SHORT,36.0,0.15961,0.16118542857142856,0.15645914285714288,,,36.036036036036045,28.415961305924867,40.07113218731476,0.031326357997615746,60917877.9622,1.7987143423753411,0.580843518269763,HIGH_EDGE,,,,,,,,,,,,,,,,,,,,,,,,,,,,,,,,,,,,,,,,,,,,,,,,,,,,,,,,,,,,,,,,,
2026-08-25T02:01:17.704383,HYPE_USDT,OPEN,SHORT,35.0,78.333,78.79491428571428,77.40917142857143,,,22.073921971252503,37.534680935394334,36.16289073702327,0.005106404708111382,252960854.1807,1.259354900413648,0.7084463354824041,HIGH_EDGE,,,,,,,,,,,,,,,,,,,,,,,,,,,,,,,,,,,,,,,,,,,,,,,,,,,,,,,,,,,,,,,,,
2026-08-25T02:01:17.704539,PUMPFUN_USDT,OPEN,SHORT,38.0,0.004797,0.004845,0.004701,,,19.230769230769027,32.9588014981274,34.30420711974108,0.02084636230976163,39305490.5848,2.199197897337389,4.161432790111254,HIGH_EDGE,,,,,,,,,,,,,,,,,,,,,,,,,,,,,,,,,,,,,,,,,,,,,,,,,,,,,,,,,,,,,,,,,
2026-08-25T02:11:05.825052,HYPE_USDT,LOSS,SHORT,35.0,78.333,78.79491428571428,77.40917142857143,78.79491428571428,-1.0,,,,,,,,SL,,,,,,,,,,,,,,,,,,,,,,,,,,,,,,,,,,,,,,,,,,,,,,,,,,,,,,,,,,,,,,,,,
2026-08-25T02:21:14.234104,ENA_USDT,WIN,SHORT,36.0,0.15961,0.16118542857142856,0.15645914285714288,0.15645914285714288,2.0,,,,,,,,TP,,,,,,,,,,,,,,,,,,,,,,,,,,,,,,,,,,,,,,,,,,,,,,,,,,,,,,,,,,,,,,,,,
2026-08-25T02:21:14.234178,PUMPFUN_USDT,WIN,SHORT,38.0,0.004797,0.004845,0.004701,0.004701,2.0,,,,,,,,TP,,,,,,,,,,,,,,,,,,,,,,,,,,,,,,,,,,,,,,,,,,,,,,,,,,,,,,,,,,,,,,,,,
2026-08-25T02:21:14.234228,SUI_USDT,OPEN,SHORT,36.0,0.8137,0.8193485714285714,0.8024028571428571,,,43.50000000000024,34.00503778337543,50.13440860215052,0.012289541600096963,92134594.5871,1.1352636448648996,2.6515639248666965,HIGH_EDGE,,,,,,,,,,,,,,,,,,,,,,,,,,,,,,,,,,,,,,,,,,,,,,,,,,,,,,,,,,,,,,,,,
2026-08-25T02:21:14.234265,PUMPFUN_USDT,OPEN,SHORT,40.5,0.004649,0.004711057142857143,0.004524885714285715,,,33.33333333333343,16.111111111111242,32.868217054263596,0.021510002150984413,40839985.7662,6.9910157125112145,1.858074527959741,HIGH_EDGE,,,,,,,,,,,,,,,,,,,,,,,,,,,,,,,,,,,,,,,,,,,,,,,,,,,,,,,,,,,,,,,,,
2026-08-25T02:31:07.621542,SUI_USDT,WIN,SHORT,36.0,0.8137,0.8193485714285714,0.8024028571428571,0.8024028571428571,2.0,,,,,,,,TP,,,,,,,,,,,,,,,,,,,,,,,,,,,,,,,,,,,,,,,,,,,,,,,,,,,,,,,,,,,,,,,,,
2026-08-25T02:31:07.621649,PEPE_USDT,OPEN,SHORT,38.5,3.9698e-06,4.016111428571428e-06,3.8771771428571425e-06,,,26.185704742818743,14.527757750541,38.81993507733436,0.005038037180704104,181945681.148,1.53251698457989,2.333043472526189,HIGH_EDGE,,,,,,,,,,,,,,,,,,,,,,,,,,,,,,,,,,,,,,,,,,,,,,,,,,,,,,,,,,,,,,,,,
2026-08-25T02:31:07.621750,SILVER_USDT,OPEN,SHORT,36.0,68.62,68.86017000000001,68.13966,,,37.11340206185603,36.36363636363621,38.317757009345875,0.014573010784035435,177634591.8675,0.5384878574143303,0.8324238327052575,HIGH_EDGE,,,,,,,,,,,,,,,,,,,,,,,,,,,,,,,,,,,,,,,,,,,,,,,,,,,,,,,,,,,,,,,,,
2026-08-25T02:31:07.621805,DOGE_USDT,OPEN,SHORT,37.5,0.08866,0.08940914285714287,0.08716171428571429,,,18.709677419354705,14.814814814814724,34.90338164251209,0.01127904353710368,171503666.223,5.5183784900794866,3.3909139326124076,HIGH_EDGE,,,,,,,,,,,,,,,,,,,,,,,,,,,,,,,,,,,,,,,,,,,,,,,,,,,,,,,,,,,,,,,,,
2026-08-25T02:31:07.621850,SUI_USDT,OPEN,SHORT,38.5,0.8045,0.8110485714285715,0.7914028571428572,,,33.00330033003317,15.470852017937233,40.60324825986082,0.012430080795523803,93661690.2196,0.7552008536288699,1.7278309509907395,HIGH_EDGE,,,,,,,,,,,,,,,,,,,,,,,,,,,,,,,,,,,,,,,,,,,,,,,,,,,,,,,,,,,,,,,,,
2026-08-25T02:31:07.621897,ENA_USDT,OPEN,SHORT,40.5,0.15366,0.1556082857142857,0.14976342857142855,,,35.213675213675046,13.768686073957369,33.13725490196076,0.006507874528185606,57962951.5987,2.129064274965292,1.566913143377372,HIGH_EDGE,,,,,,,,,,,,,,,,,,,,,,,,,,,,,,,,,,,,,,,,,,,,,,,,,,,,,,,,,,,,,,,,,
2026-08-25T03:01:21.330125,PUMPFUN_USDT,LOSS,SHORT,40.5,0.004649,0.004711057142857143,0.004524885714285715,0.004711057142857143,-1.0,,,,,,,,SL,,,,,,,,,,,,,,,,,,,,,,,,,,,,,,,,,,,,,,,,,,,,,,,,,,,,,,,,,,,,,,,,,
2026-08-25T03:11:08.405022,PEPE_USDT,LOSS,SHORT,38.5,3.9698e-06,4.016111428571428e-06,3.8771771428571425e-06,4.016111428571428e-06,-1.0,,,,,,,,SL,,,,,,,,,,,,,,,,,,,,,,,,,,,,,,,,,,,,,,,,,,,,,,,,,,,,,,,,,,,,,,,,,
2026-08-25T03:11:08.405132,DOGE_USDT,LOSS,SHORT,37.5,0.08866,0.08940914285714287,0.08716171428571429,0.08940914285714287,-1.0,,,,,,,,SL,,,,,,,,,,,,,,,,,,,,,,,,,,,,,,,,,,,,,,,,,,,,,,,,,,,,,,,,,,,,,,,,,
2026-08-25T03:11:08.405227,SUI_USDT,LOSS,SHORT,38.5,0.8045,0.8110485714285715,0.7914028571428572,0.8110485714285715,-1.0,,,,,,,,SL,,,,,,,,,,,,,,,,,,,,,,,,,,,,,,,,,,,,,,,,,,,,,,,,,,,,,,,,,,,,,,,,,
2026-08-25T03:31:11.540009,SPX500_USDT,OPEN,LONG,35.0,7668.0,7641.162,7721.6759999999995,,,75.9689922480602,60.0671140939606,58.81523272214391,0.001304121022435626,51988430.86532,0.4082115302086365,1.475652185661482,HIGH_EDGE,,,,,,,,,,,,,,,,,,,,,,,,,,,,,,,,,,,,,,,,,,,,,,,,,,,,,,,,,,,,,,,,,
2026-08-25T04:10:54.685921,SUI_USDT,OPEN,SHORT,35.0,0.8019,0.8067257142857143,0.7922485714285714,,,43.42105263157898,37.50000000000005,27.12294043092527,0.012470382840751838,90866841.7404,1.234269463206541,2.201784676871075,HIGH_EDGE,,,,,,,,,,,,,,,,,,,,,,,,,,,,,,,,,,,,,,,,,,,,,,,,,,,,,,,,,,,,,,,,,
2026-08-25T04:10:54.686043,WLD_USDT,OPEN,SHORT,36.0,0.3997,0.4027771428571429,0.3935457142857143,,,43.18181818181823,36.999999999999986,36.57142857142864,0.025018764073052036,44539682.0865,6.65247870586284,0.9290215408845325,HIGH_EDGE,,,,,,,,,,,,,,,,,,,,,,,,,,,,,,,,,,,,,,,,,,,,,,,,,,,,,,,,,,,,,,,,,
2026-08-25T04:21:08.056227,ETH_USDT,OPEN,SHORT,38.0,2462.35,2470.968225,2445.11355,,,41.66062364031935,40.013097576948255,38.74186550976125,0.00040611610858584413,3147110687.1171,1.8729693348251135,1.1886205732272754,HIGH_EDGE,,,,,,,,,,,,,,,,,,,,,,,,,,,,,,,,,,,,,,,,,,,,,,,,,,,,,,,,,,,,,,,,,
2026-08-25T04:40:59.071590,SUI_USDT,LOSS,SHORT,35.0,0.8019,0.8067257142857143,0.7922485714285714,0.8067257142857143,-1.0,,,,,,,,SL,,,,,,,,,,,,,,,,,,,,,,,,,,,,,,,,,,,,,,,,,,,,,,,,,,,,,,,,,,,,,,,,,
2026-08-25T04:40:59.071706,ETH_USDT,LOSS,SHORT,38.0,2462.35,2470.968225,2445.11355,2470.968225,-1.0,,,,,,,,SL,,,,,,,,,,,,,,,,,,,,,,,,,,,,,,,,,,,,,,,,,,,,,,,,,,,,,,,,,,,,,,,,,
2026-08-25T04:51:02.859671,SILVER_USDT,LOSS,SHORT,36.0,68.62,68.86017000000001,68.13966,68.86017000000001,-1.0,,,,,,,,SL,,,,,,,,,,,,,,,,,,,,,,,,,,,,,,,,,,,,,,,,,,,,,,,,,,,,,,,,,,,,,,,,,
2026-08-25T05:31:04.494085,ADA_USDT,OPEN,SHORT,35.0,0.2182,0.21933142857142857,0.21593714285714283,,,48.48484848484869,45.61403508771924,33.63636363636368,0.04582951420715708,43698950.7468,0.07855764012386808,2.303217181859405,HIGH_EDGE,,,,,,,,,,,,,,,,,,,,,,,,,,,,,,,,,,,,,,,,,,,,,,,,,,,,,,,,,,,,,,,,,
2026-08-25T05:40:55.590810,WLD_USDT,LOSS,SHORT,36.0,0.3997,0.4027771428571429,0.3935457142857143,0.4027771428571429,-1.0,,,,,,,,SL,,,,,,,,,,,,,,,,,,,,,,,,,,,,,,,,,,,,,,,,,,,,,,,,,,,,,,,,,,,,,,,,,
2026-08-25T05:40:55.590929,ADA_USDT,LOSS,SHORT,35.0,0.2182,0.21933142857142857,0.21593714285714283,0.21933142857142857,-1.0,,,,,,,,SL,,,,,,,,,,,,,,,,,,,,,,,,,,,,,,,,,,,,,,,,,,,,,,,,,,,,,,,,,,,,,,,,,
2026-08-25T06:51:04.971211,SOL_USDT,OPEN,LONG,36.0,97.22,96.87973000000001,97.90053999999999,,,78.66666666666603,75.53956834532403,63.69047619047634,0.01028594939311963,1502786853.123,4.602188850881785,2.0487125516156115,HIGH_EDGE,,,,,,,,,,,,,,,,,,,,,,,,,,,,,,,,,,,,,,,,,,,,,,,,,,,,,,,,,,,,,,,,,
2026-08-25T06:51:04.971292,LINK_USDT,OPEN,LONG,39.0,11.643,11.602249500000001,11.724501,,,66.66666666666606,64.46280991735492,59.84455958549223,0.008588851670542146,137326460.2874,1.5339548090772086,0.8139427424133426,HIGH_EDGE,,,,,,,,,,,,,,,,,,,,,,,,,,,,,,,,,,,,,,,,,,,,,,,,,,,,,,,,,,,,,,,,,
2026-08-25T07:11:02.324715,LINK_USDT,LOSS,LONG,39.0,11.643,11.602249500000001,11.724501,11.602249500000001,-1.0,,,,,,,,SL,,,,,,,,,,,,,,,,,,,,,,,,,,,,,,,,,,,,,,,,,,,,,,,,,,,,,,,,,,,,,,,,,
2026-08-25T07:31:02.761804,AAVE_USDT,OPEN,SHORT,37.5,131.86,132.43942857142858,130.70114285714288,,,13.218390804597263,10.052910052910008,34.68286099865077,0.007583801001054834,70568368.5775,2.215119131083391,1.522051636589029,HIGH_EDGE,,,,,,,,,,,,,,,,,,,,,,,,,,,,,,,,,,,,,,,,,,,,,,,,,,,,,,,,,,,,,,,,,
2026-08-25T07:40:59.094009,SOL_USDT,WIN,LONG,36.0,97.22,96.87973000000001,97.90053999999999,97.90053999999999,2.0,,,,,,,,TP,,,,,,,,,,,,,,,,,,,,,,,,,,,,,,,,,,,,,,,,,,,,,,,,,,,,,,,,,,,,,,,,,
2026-08-25T08:01:11.609043,ENA_USDT,WIN,SHORT,40.5,0.15366,0.1556082857142857,0.14976342857142855,0.14976342857142855,2.0,,,,,,,,TP,,,,,,,,,,,,,,,,,,,,,,,,,,,,,,,,,,,,,,,,,,,,,,,,,,,,,,,,,,,,,,,,,
2026-08-25T08:31:03.063835,AAVE_USDT,LOSS,SHORT,37.5,131.86,132.43942857142858,130.70114285714288,132.43942857142858,-1.0,,,,,,,,SL,,,,,,,,,,,,,,,,,,,,,,,,,,,,,,,,,,,,,,,,,,,,,,,,,,,,,,,,,,,,,,,,,
2026-08-25T08:40:57.146840,SOL_USDT,OPEN,LONG,36.0,98.65,98.04142857142858,99.86714285714287,,,59.21052631578945,62.91866028708134,72.63157894736878,0.010136847440451206,1545075614.484,0.6089073147146622,0.8016808493415292,HIGH_EDGE,,,,,,,,,,,,,,,,,,,,,,,,,,,,,,,,,,,,,,,,,,,,,,,,,,,,,,,,,,,,,,,,,
2026-08-25T08:40:57.146969,LINK_USDT,OPEN,LONG,36.0,11.625,11.584312500000001,11.706375,,,54.76190476190427,63.228699551569306,57.356608478802805,0.017204301075274563,128863150.0168,0.9235807661318141,0.961866534227894,HIGH_EDGE,,,,,,,,,,,,,,,,,,,,,,,,,,,,,,,,,,,,,,,,,,,,,,,,,,,,,,,,,,,,,,,,,
2026-08-25T09:10:53.055670,SOL_USDT,WIN,LONG,36.0,98.65,98.04142857142858,99.86714285714287,99.86714285714287,2.0,,,,,,,,TP,,,,,,,,,,,,,,,,,,,,,,,,,,,,,,,,,,,,,,,,,,,,,,,,,,,,,,,,,,,,,,,,,
2026-08-25T09:10:53.055803,SAMSUNGSTOCK_USDT,OPEN,SHORT,35.0,178.83,179.69914285714287,177.0917142857143,,,40.629921259842575,35.0364963503653,43.72163388804871,0.005591902924560144,104384366.6948,1.562109272228417,5.18502139586008,HIGH_EDGE,,,,,,,,,,,,,,,,,,,,,,,,,,,,,,,,,,,,,,,,,,,,,,,,,,,,,,,,,,,,,,,,,
2026-08-25T09:20:57.846758,TAO_USDT,OPEN,SHORT,35.0,238.77,240.00857142857146,236.29285714285714,,,38.345864661653906,36.49068322981359,41.65853658536583,0.01256439251162254,65636963.1403,5.097381499511731,5.382759051312428,HIGH_EDGE,,,,,,,,,,,,,,,,,,,,,,,,,,,,,,,,,,,,,,,,,,,,,,,,,,,,,,,,,,,,,,,,,
2026-08-25T09:31:06.294543,SAMSUNGSTOCK_USDT,LOSS,SHORT,35.0,178.83,179.69914285714287,177.0917142857143,179.69914285714287,-1.0,,,,,,,,SL,,,,,,,,,,,,,,,,,,,,,,,,,,,,,,,,,,,,,,,,,,,,,,,,,,,,,,,,,,,,,,,,,
2026-08-25T09:31:06.294715,HYPE_USDT,OPEN,LONG,36.0,78.969,78.54411428571427,79.81877142857142,,,71.03064066852374,68.08028488183895,64.667356084109,0.0012663196950582684,250866325.2256,0.641450956283766,1.8180709214090476,HIGH_EDGE,,,,,,,,,,,,,,,,,,,,,,,,,,,,,,,,,,,,,,,,,,,,,,,,,,,,,,,,,,,,,,,,,
2026-08-25T09:50:56.734887,LINK_USDT,WIN,LONG,36.0,11.625,11.584312500000001,11.706375,11.706375,2.0,,,,,,,,TP,,,,,,,,,,,,,,,,,,,,,,,,,,,,,,,,,,,,,,,,,,,,,,,,,,,,,,,,,,,,,,,,,
2026-08-25T09:50:56.735012,TAO_USDT,LOSS,SHORT,35.0,238.77,240.00857142857146,236.29285714285714,240.00857142857146,-1.0,,,,,,,,SL,,,,,,,,,,,,,,,,,,,,,,,,,,,,,,,,,,,,,,,,,,,,,,,,,,,,,,,,,,,,,,,,,
2026-08-25T09:50:56.735090,BTC_USDT,OPEN,LONG,38.0,79500.0,79221.75,80056.49999999999,,,76.85931383836133,73.76749847839314,61.6918600525155,0.0001257861635293343,5924458900.94794,0.9521209226059503,3.4756535038652525,HIGH_EDGE,,,,,,,,,,,,,,,,,,,,,,,,,,,,,,,,,,,,,,,,,,,,,,,,,,,,,,,,,,,,,,,,,
2026-08-25T09:50:56.735152,ETH_USDT,OPEN,LONG,35.0,2489.63,2480.9162950000004,2507.05741,,,64.3600562587896,59.971631205673134,59.70488081725329,0.0004016661110373139,2942931289.505,1.2297952749949688,3.240601126493642,HIGH_EDGE,,,,,,,,,,,,,,,,,,,,,,,,,,,,,,,,,,,,,,,,,,,,,,,,,,,,,,,,,,,,,,,,,
2026-08-25T09:50:56.735225,LINK_USDT,OPEN,LONG,39.0,11.728,11.68377142857143,11.816457142857143,,,65.96858638743495,75.00000000000095,59.14634146341457,0.017053206002719062,128390096.7227,0.8817805812876601,1.8180528415498427,HIGH_EDGE,,,,,,,,,,,,,,,,,,,,,,,,,,,,,,,,,,,,,,,,,,,,,,,,,,,,,,,,,,,,,,,,,
2026-08-25T09:50:56.735288,SKHYSTOCK_USDT,OPEN,SHORT,37.0,152.44,153.31857142857143,150.68285714285713,,,39.9380804953561,30.5182341650672,22.69503546099287,0.006559958016262729,68263056.2669,0.7005570460177353,1.7618454458943444,HIGH_EDGE,,,,,,,,,,,,,,,,,,,,,,,,,,,,,,,,,,,,,,,,,,,,,,,,,,,,,,,,,,,,,,,,,
2026-08-25T09:50:56.735344,WLD_USDT,OPEN,LONG,37.0,0.4081,0.4053657142857143,0.41356857142857145,,,85.36585365853634,70.46979865771792,52.238805970149286,0.0490075961774157,40474551.3973,0.30418769298582443,4.005459546658983,HIGH_EDGE,,,,,,,,,,,,,,,,,,,,,,,,,,,,,,,,,,,,,,,,,,,,,,,,,,,,,,,,,,,,,,,,,
2026-08-25T10:01:12.751310,SKHYSTOCK_USDT,LOSS,SHORT,37.0,152.44,153.31857142857143,150.68285714285713,153.31857142857143,-1.0,,,,,,,,SL,,,,,,,,,,,,,,,,,,,,,,,,,,,,,,,,,,,,,,,,,,,,,,,,,,,,,,,,,,,,,,,,,
2026-08-25T10:01:12.751456,PEPE_USDT,OPEN,LONG,35.5,4.1359e-06,4.109817142857143e-06,4.188065714285713e-06,,,63.368983957219896,80.95815645845929,72.43735763097905,0.0024178534297303917,157469315.843,0.45786486106115815,1.6633020569949228,HIGH_EDGE,,,,,,,,,,,,,,,,,,,,,,,,,,,,,,,,,,,,,,,,,,,,,,,,,,,,,,,,,,,,,,,,,
2026-08-25T10:11:02.443529,HYPE_USDT,WIN,LONG,36.0,78.969,78.54411428571427,79.81877142857142,79.81877142857142,2.0,,,,,,,,TP,,,,,,,,,,,,,,,,,,,,,,,,,,,,,,,,,,,,,,,,,,,,,,,,,,,,,,,,,,,,,,,,,
2026-08-25T10:11:02.443614,PEPE_USDT,LOSS,LONG,35.5,4.1359e-06,4.109817142857143e-06,4.188065714285713e-06,4.109817142857143e-06,-1.0,,,,,,,,SL,,,,,,,,,,,,,,,,,,,,,,,,,,,,,,,,,,,,,,,,,,,,,,,,,,,,,,,,,,,,,,,,,
2026-08-25T10:40:57.557715,PEPE_USDT,OPEN,LONG,35.0,4.1212e-06,4.089245714285714e-06,4.185108571428571e-06,,,60.80786026200884,72.50341997264026,63.047769443347626,0.016985344074537535,160025167.455,3.2549578981272718,0.8349626221966647,HIGH_EDGE,,,,,,,,,,,,,,,,,,,,,,,,,,,,,,,,,,,,,,,,,,,,,,,,,,,,,,,,,,,,,,,,,
2026-08-25T10:50:55.335990,SPCXSTOCK_USDT,OPEN,LONG,35.0,135.48,135.00582,136.42835999999997,,,76.92307692307651,65.95744680851064,59.57446808510706,0.007381163271324849,42818315.6622,1.778809355067328,1.8196722542738595,HIGH_EDGE,,,,,,,,,,,,,,,,,,,,,,,,,,,,,,,,,,,,,,,,,,,,,,,,,,,,,,,,,,,,,,,,,
2026-08-25T11:01:10.552341,HYPE_USDT,OPEN,LONG,35.0,79.849,79.44682857142857,80.65334285714286,,,72.05100956429325,60.37177862272904,73.73386295928496,0.0012523638367478301,247859850.5955,0.9938895662275354,1.0305183671211806,HIGH_EDGE,,,,,,,,,,,,,,,,,,,,,,,,,,,,,,,,,,,,,,,,,,,,,,,,,,,,,,,,,,,,,,,,,
2026-08-25T11:01:10.552442,PUMPFUN_USDT,OPEN,LONG,37.0,0.004846,0.004805114285714286,0.0049277714285714275,,,78.6885245901635,56.57894736842106,53.59628770301623,0.02063557573256568,37177545.3964,0.8921816520004536,2.035760092977168,HIGH_EDGE,,,,,,,,,,,,,,,,,,,,,,,,,,,,,,,,,,,,,,,,,,,,,,,,,,,,,,,,,,,,,,,,,
2026-08-25T11:20:55.329073,BTC_USDT,WIN,LONG,38.0,79500.0,79221.75,80056.49999999999,80056.49999999999,2.0,,,,,,,,TP,,,,,,,,,,,,,,,,,,,,,,,,,,,,,,,,,,,,,,,,,,,,,,,,,,,,,,,,,,,,,,,,,
2026-08-25T11:20:55.329195,ETH_USDT,WIN,LONG,35.0,2489.63,2480.9162950000004,2507.05741,2507.05741,2.0,,,,,,,,TP,,,,,,,,,,,,,,,,,,,,,,,,,,,,,,,,,,,,,,,,,,,,,,,,,,,,,,,,,,,,,,,,,
2026-08-25T11:20:55.329266,LINK_USDT,WIN,LONG,39.0,11.728,11.68377142857143,11.816457142857143,11.816457142857143,2.0,,,,,,,,TP,,,,,,,,,,,,,,,,,,,,,,,,,,,,,,,,,,,,,,,,,,,,,,,,,,,,,,,,,,,,,,,,,
2026-08-25T11:20:55.329322,WLD_USDT,WIN,LONG,37.0,0.4081,0.4053657142857143,0.41356857142857145,0.41356857142857145,2.0,,,,,,,,TP,,,,,,,,,,,,,,,,,,,,,,,,,,,,,,,,,,,,,,,,,,,,,,,,,,,,,,,,,,,,,,,,,
2026-08-25T11:20:55.329381,PUMPFUN_USDT,LOSS,LONG,37.0,0.004846,0.004805114285714286,0.0049277714285714275,0.004805114285714286,-1.0,,,,,,,,SL,,,,,,,,,,,,,,,,,,,,,,,,,,,,,,,,,,,,,,,,,,,,,,,,,,,,,,,,,,,,,,,,,
2026-08-25T11:31:21.981542,PEPE_USDT,WIN,LONG,35.0,4.1212e-06,4.089245714285714e-06,4.185108571428571e-06,4.185108571428571e-06,2.0,,,,,,,,TP,,,,,,,,,,,,,,,,,,,,,,,,,,,,,,,,,,,,,,,,,,,,,,,,,,,,,,,,,,,,,,,,,
2026-08-25T11:40:56.701070,TAO_USDT,OPEN,LONG,37.0,243.69,242.19514285714286,246.67971428571428,,,57.99086757990855,65.19524617996609,63.1958087753766,0.004103574213147576,61668588.3252,1.2389811939008333,0.6823870352361742,HIGH_EDGE,,,,,,,,,,,,,,,,,,,,,,,,,,,,,,,,,,,,,,,,,,,,,,,,,,,,,,,,,,,,,,,,,
2026-08-25T11:51:01.058493,HYPE_USDT,WIN,LONG,35.0,79.849,79.44682857142857,80.65334285714286,80.65334285714286,2.0,,,,,,,,TP,,,,,,,,,,,,,,,,,,,,,,,,,,,,,,,,,,,,,,,,,,,,,,,,,,,,,,,,,,,,,,,,,
2026-08-25T11:51:01.058605,TAO_USDT,LOSS,LONG,37.0,243.69,242.19514285714286,246.67971428571428,242.19514285714286,-1.0,,,,,,,,SL,,,,,,,,,,,,,,,,,,,,,,,,,,,,,,,,,,,,,,,,,,,,,,,,,,,,,,,,,,,,,,,,,
2026-08-25T11:51:01.058703,XAUT_USDT,OPEN,SHORT,35.0,4613.3,4629.446550000001,4581.0069,,,35.5555555555553,26.683608640405822,35.836431226766095,0.002167645719971697,476899399.4006,0.37993920972644374,1.2677418115136692,HIGH_EDGE,,,,,,,,,,,,,,,,,,,,,,,,,,,,,,,,,,,,,,,,,,,,,,,,,,,,,,,,,,,,,,,,,
2026-08-25T12:21:01.374014,DOGE_USDT,OPEN,LONG,36.0,0.09302,0.09245857142857145,0.09414285714285714,,,59.64912280701769,74.3589743589746,70.8333333333333,0.010750376263179963,147210843.374,0.1364505979266255,1.5148004625344924,HIGH_EDGE,,,,,,,,,,,,,,,,,,,,,,,,,,,,,,,,,,,,,,,,,,,,,,,,,,,,,,,,,,,,,,,,,
2026-08-25T12:31:05.094318,DOGE_USDT,LOSS,LONG,36.0,0.09302,0.09245857142857145,0.09414285714285714,0.09245857142857145,-1.0,,,,,,,,SL,,,,,,,,,,,,,,,,,,,,,,,,,,,,,,,,,,,,,,,,,,,,,,,,,,,,,,,,,,,,,,,,,
2026-08-25T12:31:05.094443,MUSTOCK_USDT,OPEN,LONG,39.0,916.16,912.95344,922.5731199999999,,,69.52104499274272,56.46258503401357,64.6237576904876,0.0010915123995798666,640199590.0536,1.078638805114668,1.2466120978680615,HIGH_EDGE,,,,,,,,,,,,,,,,,,,,,,,,,,,,,,,,,,,,,,,,,,,,,,,,,,,,,,,,,,,,,,,,,
2026-08-25T12:31:05.094531,SNDKSTOCK_USDT,OPEN,LONG,39.0,1493.78,1486.3845714285715,1508.570857142857,,,65.39735099337781,53.076923076923244,60.963529941467854,0.0006694426220722533,210510973.6706,1.6696717119242577,0.7440325514733496,HIGH_EDGE,,,,,,,,,,,,,,,,,,,,,,,,,,,,,,,,,,,,,,,,,,,,,,,,,,,,,,,,,,,,,,,,,
2026-08-25T13:31:03.824497,MUSTOCK_USDT,WIN,LONG,39.0,916.16,912.95344,922.5731199999999,922.5731199999999,2.0,,,,,,,,TP,,,,,,,,,,,,,,,,,,,,,,,,,,,,,,,,,,,,,,,,,,,,,,,,,,,,,,,,,,,,,,,,,
2026-08-25T13:50:58.325046,SNDKSTOCK_USDT,WIN,LONG,39.0,1493.78,1486.3845714285715,1508.570857142857,1508.570857142857,2.0,,,,,,,,TP,,,,,,,,,,,,,,,,,,,,,,,,,,,,,,,,,,,,,,,,,,,,,,,,,,,,,,,,,,,,,,,,,
2026-08-25T14:10:53.401263,TAO_USDT,OPEN,LONG,37.0,244.15,242.80428571428573,246.84142857142857,,,92.12328767123229,67.82522343594844,56.31131458469592,0.012287528158919163,60922001.6943,0.556844023220667,1.9339780835812268,HIGH_EDGE,,,,,,,,,,,,,,,,,,,,,,,,,,,,,,,,,,,,,,,,,,,,,,,,,,,,,,,,,,,,,,,,,
2026-08-25T14:10:53.401380,ENA_USDT,OPEN,LONG,36.0,0.15656,0.15549542857142856,0.1586891428571429,,,65.8088235294116,64.50662739322536,54.43113772455084,0.0063873275421627495,51588297.5455,0.6748797192814214,0.6694407985733035,HIGH_EDGE,,,,,,,,,,,,,,,,,,,,,,,,,,,,,,,,,,,,,,,,,,,,,,,,,,,,,,,,,,,,,,,,,
2026-08-25T14:31:10.376141,SPCXSTOCK_USDT,WIN,LONG,35.0,135.48,135.00582,136.42835999999997,136.42835999999997,2.0,,,,,,,,TP,,,,,,,,,,,,,,,,,,,,,,,,,,,,,,,,,,,,,,,,,,,,,,,,,,,,,,,,,,,,,,,,,
2026-08-25T15:10:57.244614,XAUT_USDT,LOSS,SHORT,35.0,4613.3,4629.446550000001,4581.0069,4629.446550000001,-1.0,,,,,,,,SL,,,,,,,,,,,,,,,,,,,,,,,,,,,,,,,,,,,,,,,,,,,,,,,,,,,,,,,,,,,,,,,,,
2026-08-25T15:10:57.244716,TAO_USDT,LOSS,LONG,37.0,244.15,242.80428571428573,246.84142857142857,242.80428571428573,-1.0,,,,,,,,SL,,,,,,,,,,,,,,,,,,,,,,,,,,,,,,,,,,,,,,,,,,,,,,,,,,,,,,,,,,,,,,,,,
2026-08-25T15:31:05.891624,ENA_USDT,LOSS,LONG,36.0,0.15656,0.15549542857142856,0.1586891428571429,0.15549542857142856,-1.0,,,,,,,,SL,,,,,,,,,,,,,,,,,,,,,,,,,,,,,,,,,,,,,,,,,,,,,,,,,,,,,,,,,,,,,,,,,
2026-08-25T16:20:53.956247,TUT_USDT,OPEN,LONG,35.0,0.0479,0.046292,0.051116,,,81.4732142857142,67.13810316139767,62.92834890965734,0.04175365344467471,52696584.416,2.3946147423150754,2.4751388058528314,HIGH_EDGE,,,,,,,,,,,,,,,,,,,,,,,,,,,,,,,,,,,,,,,,,,,,,,,,,,,,,,,,,,,,,,,,,
2026-08-25T17:01:14.019829,ETH_USDT,OPEN,SHORT,36.0,2481.16,2489.84406,2463.7918799999998,,,28.645050461669697,29.468507660298414,38.88252148997146,0.0004030372890004487,2827838039.127,0.6637453499316582,1.6315274290990716,HIGH_EDGE,,,,,,,,,,,,,,,,,,,,,,,,,,,,,,,,,,,,,,,,,,,,,,,,,,,,,,,,,,,,,,,,,
2026-08-25T17:01:14.019950,XRP_USDT,OPEN,SHORT,36.0,1.4872,1.4947171428571429,1.4721657142857145,,,27.82608695652192,27.209302325581163,33.78378378378375,0.006724045185582906,916483279.0755,0.23909411631040864,0.6897947670410535,HIGH_EDGE,,,,,,,,,,,,,,,,,,,,,,,,,,,,,,,,,,,,,,,,,,,,,,,,,,,,,,,,,,,,,,,,,
2026-08-25T17:01:14.020044,PEPE_USDT,OPEN,SHORT,37.0,4.0587e-06,4.090002857142857e-06,3.996094285714285e-06,,,10.350877192982196,23.987108655616865,33.5330776605944,0.004927686204932405,170951490.173,4.754497647384445,8.46357444885575,HIGH_EDGE,,,,,,,,,,,,,,,,,,,,,,,,,,,,,,,,,,,,,,,,,,,,,,,,,,,,,,,,,,,,,,,,,
2026-08-25T17:01:14.020148,ENA_USDT,OPEN,SHORT,35.0,0.15197,0.15333542857142857,0.14923914285714285,,,14.988814317672592,40.71353620146906,38.49114703618165,0.006580246101192502,47671379.5593,0.7563678819505957,1.2832597130922503,HIGH_EDGE,,,,,,,,,,,,,,,,,,,,,,,,,,,,,,,,,,,,,,,,,,,,,,,,,,,,,,,,,,,,,,,,,
2026-08-25T17:01:14.020222,TRUMPOFFICIAL_USDT,OPEN,SHORT,38.0,2.425,2.4454857142857143,2.3840285714285714,,,27.173913043478137,40.88050314465404,41.317365269460986,0.04123711340205732,34166082.6814,0.17086170287339816,0.9550264842966197,HIGH_EDGE,,,,,,,,,,,,,,,,,,,,,,,,,,,,,,,,,,,,,,,,,,,,,,,,,,,,,,,,,,,,,,,,,
2026-08-25T17:21:00.419315,PEPE_USDT,LOSS,SHORT,37.0,4.0587e-06,4.090002857142857e-06,3.996094285714285e-06,4.090002857142857e-06,-1.0,,,,,,,,SL,,,,,,,,,,,,,,,,,,,,,,,,,,,,,,,,,,,,,,,,,,,,,,,,,,,,,,,,,,,,,,,,,
2026-08-25T17:21:00.419404,TRUMPOFFICIAL_USDT,LOSS,SHORT,38.0,2.425,2.4454857142857143,2.3840285714285714,2.4454857142857143,-1.0,,,,,,,,SL,,,,,,,,,,,,,,,,,,,,,,,,,,,,,,,,,,,,,,,,,,,,,,,,,,,,,,,,,,,,,,,,,
2026-08-25T17:31:07.554364,ETH_USDT,LOSS,SHORT,36.0,2481.16,2489.84406,2463.7918799999998,2489.84406,-1.0,,,,,,,,SL,,,,,,,,,,,,,,,,,,,,,,,,,,,,,,,,,,,,,,,,,,,,,,,,,,,,,,,,,,,,,,,,,
2026-08-25T17:31:07.554461,XRP_USDT,LOSS,SHORT,36.0,1.4872,1.4947171428571429,1.4721657142857145,1.4947171428571429,-1.0,,,,,,,,SL,,,,,,,,,,,,,,,,,,,,,,,,,,,,,,,,,,,,,,,,,,,,,,,,,,,,,,,,,,,,,,,,,
2026-08-25T17:40:59.578476,TUT_USDT,LOSS,LONG,35.0,0.0479,0.046292,0.051116,0.046292,-1.0,,,,,,,,SL,,,,,,,,,,,,,,,,,,,,,,,,,,,,,,,,,,,,,,,,,,,,,,,,,,,,,,,,,,,,,,,,,
2026-08-25T17:50:55.993651,XAU_USDT,OPEN,SHORT,38.0,4630.5,4646.70675,4598.0865,,,34.41226575809134,42.90225801357961,45.97431294020167,0.0006478781988931074,856369179.91703,3.274312142742006,1.2178095419995845,HIGH_EDGE,,,,,,,,,,,,,,,,,,,,,,,,,,,,,,,,,,,,,,,,,,,,,,,,,,,,,,,,,,,,,,,,,
2026-08-25T17:50:55.993752,XAUT_USDT,OPEN,SHORT,35.0,4608.0,4624.128000000001,4575.744,,,27.02702702703118,40.94903339191651,45.13274336283241,0.006510416666670614,492413740.7208,0.3305230256774976,0.9731670941810842,HIGH_EDGE,,,,,,,,,,,,,,,,,,,,,,,,,,,,,,,,,,,,,,,,,,,,,,,,,,,,,,,,,,,,,,,,,
2026-08-25T17:50:55.993813,SILVER_USDT,OPEN,SHORT,38.0,67.89,68.127615,67.41477,,,31.81818181818329,37.888198757763746,47.10743801652891,0.01472970982472399,216623308.1572,0.7136656035753979,0.49205471938057793,HIGH_EDGE,,,,,,,,,,,,,,,,,,,,,,,,,,,,,,,,,,,,,,,,,,,,,,,,,,,,,,,,,,,,,,,,,
2026-08-25T18:11:00.017948,TRUMPOFFICIAL_USDT,OPEN,SHORT,35.0,2.426,2.442542857142857,2.3929142857142858,,,36.734693877551464,52.47524752475263,40.11299435028253,0.04122011541633693,32531923.062,0.5265332320748776,1.867238738909772,HIGH_EDGE,,,,,,,,,,,,,,,,,,,,,,,,,,,,,,,,,,,,,,,,,,,,,,,,,,,,,,,,,,,,,,,,,
2026-08-25T18:21:09.996827,SPCXSTOCK_USDT,OPEN,LONG,40.0,137.41,136.929065,138.37186999999997,,,72.16494845360846,75.0,67.74193548387085,0.007277490721192712,41162955.0533,6.233338293430122,2.769862955701603,HIGH_EDGE,,,,,,,,,,,,,,,,,,,,,,,,,,,,,,,,,,,,,,,,,,,,,,,,,,,,,,,,,,,,,,,,,
2026-08-25T18:40:58.329177,TRUMPOFFICIAL_USDT,LOSS,SHORT,35.0,2.426,2.442542857142857,2.3929142857142858,2.442542857142857,-1.0,,,,,,,,SL,,,,,,,,,,,,,,,,,,,,,,,,,,,,,,,,,,,,,,,,,,,,,,,,,,,,,,,,,,,,,,,,,
2026-08-25T18:50:59.211196,SILVER_USDT,LOSS,SHORT,38.0,67.89,68.127615,67.41477,68.127615,-1.0,,,,,,,,SL,,,,,,,,,,,,,,,,,,,,,,,,,,,,,,,,,,,,,,,,,,,,,,,,,,,,,,,,,,,,,,,,,
2026-08-25T19:01:12.087118,AAVE_USDT,OPEN,SHORT,40.0,129.21,129.87,127.89,,,27.147766323024086,25.368731563422116,35.449101796407305,0.007739339060437199,62656294.0964,15.27550048685883,9.871939738294326,HIGH_EDGE,,,,,,,,,,,,,,,,,,,,,,,,,,,,,,,,,,,,,,,,,,,,,,,,,,,,,,,,,,,,,,,,,
2026-08-25T19:01:12.087244,WLD_USDT,OPEN,SHORT,36.0,0.4005,0.4031828571428572,0.39513428571428577,,,26.75159235668795,32.94117647058816,27.480916030534303,0.024968789013730085,39315176.9853,0.5772949841583344,3.5865756946750587,HIGH_EDGE,,,,,,,,,,,,,,,,,,,,,,,,,,,,,,,,,,,,,,,,,,,,,,,,,,,,,,,,,,,,,,,,,
2026-08-25T19:01:12.087328,KORU_USDT,OPEN,LONG,36.5,20.62,20.476,20.908,,,63.63636363636381,72.04301075268828,67.1874999999999,0.04849660523764095,29071430.12646,0.6280234890989843,0.07544832834811717,HIGH_EDGE,,,,,,,,,,,,,,,,,,,,,,,,,,,,,,,,,,,,,,,,,,,,,,,,,,,,,,,,,,,,,,,,,
2026-08-25T19:11:03.552974,TRUMPOFFICIAL_USDT,OPEN,SHORT,35.0,2.386,2.407171428571429,2.343657142857143,,,26.415094339623295,27.40740740740725,38.42975206611574,0.041911148365460595,32280239.1127,0.0007036976223662265,0.4871781091853643,HIGH_EDGE,,,,,,,,,,,,,,,,,,,,,,,,,,,,,,,,,,,,,,,,,,,,,,,,,,,,,,,,,,,,,,,,,
2026-08-25T19:51:09.617955,WLD_USDT,LOSS,SHORT,36.0,0.4005,0.4031828571428572,0.39513428571428577,0.4031828571428572,-1.0,,,,,,,,SL,,,,,,,,,,,,,,,,,,,,,,,,,,,,,,,,,,,,,,,,,,,,,,,,,,,,,,,,,,,,,,,,,
2026-08-25T20:10:54.437568,SPCXSTOCK_USDT,LOSS,LONG,40.0,137.41,136.929065,138.37186999999997,136.929065,-1.0,,,,,,,,SL,,,,,,,,,,,,,,,,,,,,,,,,,,,,,,,,,,,,,,,,,,,,,,,,,,,,,,,,,,,,,,,,,
2026-08-25T20:10:54.437664,TUT_USDT,OPEN,LONG,37.0,0.04882,0.04796542857142857,0.05052914285714286,,,61.78010471204185,62.61061946902658,48.32535885167463,0.020483408439170545,45096425.464,4.965372066098306,1.5926483653315129,HIGH_EDGE,,,,,,,,,,,,,,,,,,,,,,,,,,,,,,,,,,,,,,,,,,,,,,,,,,,,,,,,,,,,,,,,,
2026-08-25T20:21:17.336045,XAU_USDT,LOSS,SHORT,38.0,4630.5,4646.70675,4598.0865,4646.70675,-1.0,,,,,,,,SL,,,,,,,,,,,,,,,,,,,,,,,,,,,,,,,,,,,,,,,,,,,,,,,,,,,,,,,,,,,,,,,,,
2026-08-25T20:21:17.336110,XAUT_USDT,LOSS,SHORT,35.0,4608.0,4624.128000000001,4575.744,4624.128000000001,-1.0,,,,,,,,SL,,,,,,,,,,,,,,,,,,,,,,,,,,,,,,,,,,,,,,,,,,,,,,,,,,,,,,,,,,,,,,,,,
2026-08-25T20:21:17.336143,TUT_USDT,LOSS,LONG,37.0,0.04882,0.04796542857142857,0.05052914285714286,0.04796542857142857,-1.0,,,,,,,,SL,,,,,,,,,,,,,,,,,,,,,,,,,,,,,,,,,,,,,,,,,,,,,,,,,,,,,,,,,,,,,,,,,
2026-08-25T20:31:05.276363,SOL_USDT,OPEN,SHORT,39.0,98.86,99.23542857142857,98.10914285714286,,,45.33333333333336,33.68421052631548,32.207792207792124,0.010115314586288808,1710414009.998,1.243871885495314,1.9205137911805241,HIGH_EDGE,,,,,,,,,,,,,,,,,,,,,,,,,,,,,,,,,,,,,,,,,,,,,,,,,,,,,,,,,,,,,,,,,
2026-08-25T20:51:00.847492,XAUT_USDT,OPEN,LONG,36.0,4625.3,4609.11145,4657.6771,,,53.39805825243096,63.98305084745926,63.30275229357829,0.0021620219229101633,487911227.2277,0.004562473955877835,1.554330492759061,HIGH_EDGE,,,,,,,,,,,,,,,,,,,,,,,,,,,,,,,,,,,,,,,,,,,,,,,,,,,,,,,,,,,,,,,,,
2026-08-25T21:01:16.316268,ENA_USDT,WIN,SHORT,35.0,0.15197,0.15333542857142857,0.14923914285714285,0.14923914285714285,2.0,,,,,,,,TP,,,,,,,,,,,,,,,,,,,,,,,,,,,,,,,,,,,,,,,,,,,,,,,,,,,,,,,,,,,,,,,,,
2026-08-25T21:10:53.842001,AAVE_USDT,WIN,SHORT,40.0,129.21,129.87,127.89,127.89,2.0,,,,,,,,TP,,,,,,,,,,,,,,,,,,,,,,,,,,,,,,,,,,,,,,,,,,,,,,,,,,,,,,,,,,,,,,,,,
2026-08-25T21:10:53.842105,SOL_USDT,WIN,SHORT,39.0,98.86,99.23542857142857,98.10914285714286,98.10914285714286,2.0,,,,,,,,TP,,,,,,,,,,,,,,,,,,,,,,,,,,,,,,,,,,,,,,,,,,,,,,,,,,,,,,,,,,,,,,,,,
2026-08-25T21:10:53.842191,ETH_USDT,OPEN,SHORT,37.0,2472.99,2481.645465,2455.6790699999997,,,38.15735833673074,32.686751960379965,33.4041197706522,0.004852425606245511,2648956526.3885,1.3576621458078215,2.4857590501361524,HIGH_EDGE,,,,,,,,,,,,,,,,,,,,,,,,,,,,,,,,,,,,,,,,,,,,,,,,,,,,,,,,,,,,,,,,,
2026-08-25T21:10:53.842286,SPCXSTOCK_USDT,OPEN,LONG,38.0,137.39,136.909135,138.35172999999998,,,59.30232558139469,62.626262626263234,61.70212765957459,0.007278550112831595,41928026.5345,0.08135963415466521,1.761669805533313,HIGH_EDGE,,,,,,,,,,,,,,,,,,,,,,,,,,,,,,,,,,,,,,,,,,,,,,,,,,,,,,,,,,,,,,,,,
2026-08-25T21:21:02.168943,ADA_USDT,OPEN,SHORT,35.0,0.217,0.21814857142857144,0.21470285714285714,,,51.35135135135121,35.80246913580241,25.92592592592625,0.04608294930875069,35938455.0313,0.3471633462032039,1.5593973248723236,HIGH_EDGE,,,,,,,,,,,,,,,,,,,,,,,,,,,,,,,,,,,,,,,,,,,,,,,,,,,,,,,,,,,,,,,,,
2026-08-25T21:31:06.579650,XRP_USDT,OPEN,SHORT,35.0,1.469,1.4759342857142859,1.4551314285714285,,,36.53136531365282,39.46587537091981,30.180180180180017,0.006807351940094552,910556101.9432,0.5645675457459739,1.8998846747399691,HIGH_EDGE,,,,,,,,,,,,,,,,,,,,,,,,,,,,,,,,,,,,,,,,,,,,,,,,,,,,,,,,,,,,,,,,,
2026-08-25T21:31:06.579784,ZEC_USDT,OPEN,SHORT,39.0,831.1,837.0100000000001,819.2800000000001,,,33.50649350649336,43.99882040695971,41.60839160839158,0.0012032246420395746,212151785.23,0.3540952229045378,1.613630073190162,HIGH_EDGE,,,,,,,,,,,,,,,,,,,,,,,,,,,,,,,,,,,,,,,,,,,,,,,,,,,,,,,,,,,,,,,,,
2026-08-25T21:41:02.043510,KORU_USDT,LOSS,LONG,36.5,20.62,20.476,20.908,20.476,-1.0,,,,,,,,SL,,,,,,,,,,,,,,,,,,,,,,,,,,,,,,,,,,,,,,,,,,,,,,,,,,,,,,,,,,,,,,,,,
2026-08-25T21:41:02.043663,HYPE_USDT,OPEN,SHORT,36.0,79.391,79.80388571428573,78.56522857142858,,,39.200863930885724,35.27440301633844,30.308392315470343,0.0025191772367265178,269387606.813,2.915942827781505,1.246658798688205,HIGH_EDGE,,,,,,,,,,,,,,,,,,,,,,,,,,,,,,,,,,,,,,,,,,,,,,,,,,,,,,,,,,,,,,,,,
2026-08-25T21:51:02.010774,ZEC_USDT,LOSS,SHORT,39.0,831.1,837.0100000000001,819.2800000000001,837.0100000000001,-1.0,,,,,,,,SL,,,,,,,,,,,,,,,,,,,,,,,,,,,,,,,,,,,,,,,,,,,,,,,,,,,,,,,,,,,,,,,,,
2026-08-25T21:51:02.010847,HYPE_USDT,LOSS,SHORT,36.0,79.391,79.80388571428573,78.56522857142858,79.80388571428573,-1.0,,,,,,,,SL,,,,,,,,,,,,,,,,,,,,,,,,,,,,,,,,,,,,,,,,,,,,,,,,,,,,,,,,,,,,,,,,,
2026-08-25T22:01:11.310069,ADA_USDT,LOSS,SHORT,35.0,0.217,0.21814857142857144,0.21470285714285714,0.21814857142857144,-1.0,,,,,,,,SL,,,,,,,,,,,,,,,,,,,,,,,,,,,,,,,,,,,,,,,,,,,,,,,,,,,,,,,,,,,,,,,,,
2026-08-25T22:01:11.310166,XRP_USDT,LOSS,SHORT,35.0,1.469,1.4759342857142859,1.4551314285714285,1.4759342857142859,-1.0,,,,,,,,SL,,,,,,,,,,,,,,,,,,,,,,,,,,,,,,,,,,,,,,,,,,,,,,,,,,,,,,,,,,,,,,,,,
2026-08-25T22:10:59.337290,TUT_USDT,OPEN,SHORT,38.0,0.04487,0.04547,0.04367,,,33.888888888888815,33.85012919896657,38.27160493827157,0.04457321149990221,37382459.847,4.3521770208534045,0.8805219254114057,HIGH_EDGE,,,,,,,,,,,,,,,,,,,,,,,,,,,,,,,,,,,,,,,,,,,,,,,,,,,,,,,,,,,,,,,,,
2026-08-25T22:20:56.958490,XAUT_USDT,LOSS,LONG,36.0,4625.3,4609.11145,4657.6771,4609.11145,-1.0,,,,,,,,SL,,,,,,,,,,,,,,,,,,,,,,,,,,,,,,,,,,,,,,,,,,,,,,,,,,,,,,,,,,,,,,,,,
2026-08-25T22:20:56.958630,XAU_USDT,OPEN,SHORT,38.0,4627.91,4644.107685,4595.51463,,,34.75298126064739,37.28850325379517,33.4528076463572,0.0006482407825507701,832682127.88139,0.7663803366026625,1.3424735792565148,HIGH_EDGE,,,,,,,,,,,,,,,,,,,,,,,,,,,,,,,,,,,,,,,,,,,,,,,,,,,,,,,,,,,,,,,,,
2026-08-25T22:20:56.958725,XAUT_USDT,OPEN,SHORT,37.0,4605.7,4621.81995,4573.4601,,,32.90043290043131,40.37267080745362,36.203090507726046,0.0065136678463682375,474246898.3609,0.30042116264690893,0.7174484639739213,HIGH_EDGE,,,,,,,,,,,,,,,,,,,,,,,,,,,,,,,,,,,,,,,,,,,,,,,,,,,,,,,,,,,,,,,,,
2026-08-25T22:20:56.958806,SILVER_USDT,OPEN,SHORT,36.0,67.74,67.97914285714285,67.26171428571428,,,41.333333333332845,40.54054054054044,34.89932885906026,0.014762326542670678,228682162.2488,0.0834345718755358,1.306475291653884,HIGH_EDGE,,,,,,,,,,,,,,,,,,,,,,,,,,,,,,,,,,,,,,,,,,,,,,,,,,,,,,,,,,,,,,,,,
2026-08-25T22:20:56.958875,ZEC_USDT,OPEN,SHORT,35.0,820.82,828.757142857143,804.9457142857143,,,12.93656450463294,37.99594021037094,30.18439337252798,0.0012182939012196224,211983946.0569,0.9571189087702043,1.8861614116802237,HIGH_EDGE,,,,,,,,,,,,,,,,,,,,,,,,,,,,,,,,,,,,,,,,,,,,,,,,,,,,,,,,,,,,,,,,,
2026-08-25T22:20:56.958945,DOGE_USDT,OPEN,SHORT,35.0,0.089,0.08942342857142857,0.08815314285714286,,,24.75247524752433,38.57142857142841,27.93017456359108,0.011235955056191013,136870152.043,0.7442897515925363,1.8443680600504169,HIGH_EDGE,,,,,,,,,,,,,,,,,,,,,,,,,,,,,,,,,,,,,,,,,,,,,,,,,,,,,,,,,,,,,,,,,
2026-08-25T22:20:56.959019,ADA_USDT,OPEN,SHORT,39.0,0.2153,0.21653428571428568,0.21283142857142856,,,23.52941176470621,40.78947368421044,24.742268041237296,0.04644681839293497,36528377.7208,1.5886152684709913,1.5302246092405707,HIGH_EDGE,,,,,,,,,,,,,,,,,,,,,,,,,,,,,,,,,,,,,,,,,,,,,,,,,,,,,,,,,,,,,,,,,
2026-08-25T22:31:08.759070,ETH_USDT,WIN,SHORT,37.0,2472.99,2481.645465,2455.6790699999997,2455.6790699999997,2.0,,,,,,,,TP,,,,,,,,,,,,,,,,,,,,,,,,,,,,,,,,,,,,,,,,,,,,,,,,,,,,,,,,,,,,,,,,,
2026-08-25T22:31:08.759181,SPCXSTOCK_USDT,LOSS,LONG,38.0,137.39,136.909135,138.35172999999998,136.909135,-1.0,,,,,,,,SL,,,,,,,,,,,,,,,,,,,,,,,,,,,,,,,,,,,,,,,,,,,,,,,,,,,,,,,,,,,,,,,,,
2026-08-25T22:31:08.759248,TUT_USDT,LOSS,SHORT,38.0,0.04487,0.04547,0.04367,0.04547,-1.0,,,,,,,,SL,,,,,,,,,,,,,,,,,,,,,,,,,,,,,,,,,,,,,,,,,,,,,,,,,,,,,,,,,,,,,,,,,
2026-08-25T22:31:08.759322,ETH_USDT,OPEN,SHORT,38.0,2461.66,2470.777428571428,2443.425142857143,,,31.911835170100886,31.684934998724614,34.23324150596892,0.0004062299424054613,2595839067.7728,0.38851289622919916,1.86557463189058,HIGH_EDGE,,,,,,,,,,,,,,,,,,,,,,,,,,,,,,,,,,,,,,,,,,,,,,,,,,,,,,,,,,,,,,,,,
2026-08-25T22:31:08.759409,ENA_USDT,OPEN,SHORT,35.0,0.14761,0.14868399999999998,0.14546199999999998,,,44.776119402985024,33.95445134575573,31.686358754027964,0.006774608766331716,41859911.0804,0.6400967705353879,2.0277336224148614,HIGH_EDGE,,,,,,,,,,,,,,,,,,,,,,,,,,,,,,,,,,,,,,,,,,,,,,,,,,,,,,,,,,,,,,,,,
2026-08-25T22:31:08.759475,WLD_USDT,OPEN,SHORT,35.0,0.3934,0.39595428571428576,0.38829142857142857,,,33.9805825242716,28.3582089552239,25.842696629213606,0.02541942043721123,38153359.0102,0.23159261684030724,2.010659057859336,HIGH_EDGE,,,,,,,,,,,,,,,,,,,,,,,,,,,,,,,,,,,,,,,,,,,,,,,,,,,,,,,,,,,,,,,,,
2026-08-25T22:40:56.640224,ZEC_USDT,LOSS,SHORT,35.0,820.82,828.757142857143,804.9457142857143,828.757142857143,-1.0,,,,,,,,SL,,,,,,,,,,,,,,,,,,,,,,,,,,,,,,,,,,,,,,,,,,,,,,,,,,,,,,,,,,,,,,,,,
2026-08-25T22:40:56.640329,DOGE_USDT,LOSS,SHORT,35.0,0.089,0.08942342857142857,0.08815314285714286,0.08942342857142857,-1.0,,,,,,,,SL,,,,,,,,,,,,,,,,,,,,,,,,,,,,,,,,,,,,,,,,,,,,,,,,,,,,,,,,,,,,,,,,,
2026-08-25T22:40:56.640396,ADA_USDT,LOSS,SHORT,39.0,0.2153,0.21653428571428568,0.21283142857142856,0.21653428571428568,-1.0,,,,,,,,SL,,,,,,,,,,,,,,,,,,,,,,,,,,,,,,,,,,,,,,,,,,,,,,,,,,,,,,,,,,,,,,,,,
2026-08-25T22:40:56.640443,ETH_USDT,LOSS,SHORT,38.0,2461.66,2470.777428571428,2443.425142857143,2470.777428571428,-1.0,,,,,,,,SL,,,,,,,,,,,,,,,,,,,,,,,,,,,,,,,,,,,,,,,,,,,,,,,,,,,,,,,,,,,,,,,,,
2026-08-25T22:40:56.640484,WLD_USDT,LOSS,SHORT,35.0,0.3934,0.39595428571428576,0.38829142857142857,0.39595428571428576,-1.0,,,,,,,,SL,,,,,,,,,,,,,,,,,,,,,,,,,,,,,,,,,,,,,,,,,,,,,,,,,,,,,,,,,,,,,,,,,
2026-08-25T22:40:56.640537,SOXL_USDT,OPEN,SHORT,36.0,117.76,118.92571428571429,115.42857142857143,,,40.64642507345742,38.19978046103188,37.561779242174545,0.025475543478261833,1091198668.7772,2.9992256562135142,10.638167776297687,HIGH_EDGE,,,,,,,,,,,,,,,,,,,,,,,,,,,,,,,,,,,,,,,,,,,,,,,,,,,,,,,,,,,,,,,,,
2026-08-25T22:51:02.503504,SOXL_USDT,LOSS,SHORT,36.0,117.76,118.92571428571429,115.42857142857143,118.92571428571429,-1.0,,,,,,,,SL,,,,,,,,,,,,,,,,,,,,,,,,,,,,,,,,,,,,,,,,,,,,,,,,,,,,,,,,,,,,,,,,,
2026-08-25T22:51:02.503633,BTC_USDT,OPEN,SHORT,36.0,78431.9,78714.24285714285,77867.21428571428,,,21.685518264416757,38.04161426774887,22.853219161482798,0.00012749914255713411,6402562026.61287,0.7230218169579028,3.060324375126542,HIGH_EDGE,,,,,,,,,,,,,,,,,,,,,,,,,,,,,,,,,,,,,,,,,,,,,,,,,,,,,,,,,,,,,,,,,
2026-08-25T23:01:18.887159,TAO_USDT,OPEN,SHORT,35.0,234.0,235.94057142857145,230.11885714285714,,,35.387323943662096,36.563517915309575,42.976066597294505,0.012820512820513306,52890151.7647,1.5433155459010202,1.364479738422052,HIGH_EDGE,,,,,,,,,,,,,,,,,,,,,,,,,,,,,,,,,,,,,,,,,,,,,,,,,,,,,,,,,,,,,,,,,
2026-08-25T23:11:01.997400,SILVER_USDT,LOSS,SHORT,36.0,67.74,67.97914285714285,67.26171428571428,67.97914285714285,-1.0,,,,,,,,SL,,,,,,,,,,,,,,,,,,,,,,,,,,,,,,,,,,,,,,,,,,,,,,,,,,,,,,,,,,,,,,,,,
2026-08-25T23:11:01.997538,BTC_USDT,LOSS,SHORT,36.0,78431.9,78714.24285714285,77867.21428571428,78714.24285714285,-1.0,,,,,,,,SL,,,,,,,,,,,,,,,,,,,,,,,,,,,,,,,,,,,,,,,,,,,,,,,,,,,,,,,,,,,,,,,,,
2026-08-25T23:21:02.259564,SOXL_USDT,OPEN,SHORT,38.0,115.45,117.34342857142856,111.66314285714286,,,35.999999999999844,39.34426229508197,32.52496433666184,0.00866175833694683,1264748138.9825,0.7063473674461278,1.269666639751772,HIGH_EDGE,,,,,,,,,,,,,,,,,,,,,,,,,,,,,,,,,,,,,,,,,,,,,,,,,,,,,,,,,,,,,,,,,
2026-08-25T23:21:02.259685,MUSTOCK_USDT,OPEN,SHORT,35.0,922.19,931.2980000000001,903.974,,,19.503331314354554,43.34880742756518,35.068493150685086,0.0010843752372060968,468856035.4355,0.3604674228571926,0.7294076288075759,HIGH_EDGE,,,,,,,,,,,,,,,,,,,,,,,,,,,,,,,,,,,,,,,,,,,,,,,,,,,,,,,,,,,,,,,,,
2026-08-25T23:21:02.259765,SNDKSTOCK_USDT,OPEN,SHORT,36.0,1511.25,1534.7494285714286,1464.2511428571427,,,32.17665615141976,41.73690932311621,27.35029940119776,0.0006617038875097373,275428254.34732,0.4431188845648813,1.0193044473585309,HIGH_EDGE,,,,,,,,,,,,,,,,,,,,,,,,,,,,,,,,,,,,,,,,,,,,,,,,,,,,,,,,,,,,,,,,,
2026-08-25T23:21:02.259835,SKHYSTOCK_USDT,OPEN,SHORT,37.0,157.63,158.89,155.10999999999999,,,35.294117647058115,36.34311512415364,23.991935483871316,0.006343970056473594,47404229.0897,4.217248586071499,2.9485998296787304,HIGH_EDGE,,,,,,,,,,,,,,,,,,,,,,,,,,,,,,,,,,,,,,,,,,,,,,,,,,,,,,,,,,,,,,,,,
2026-08-25T23:31:04.629655,ENA_USDT,LOSS,SHORT,35.0,0.14761,0.14868399999999998,0.14546199999999998,0.14868399999999998,-1.0,,,,,,,,SL,,,,,,,,,,,,,,,,,,,,,,,,,,,,,,,,,,,,,,,,,,,,,,,,,,,,,,,,,,,,,,,,,
2026-08-25T23:31:04.629771,TAO_USDT,LOSS,SHORT,35.0,234.0,235.94057142857145,230.11885714285714,235.94057142857145,-1.0,,,,,,,,SL,,,,,,,,,,,,,,,,,,,,,,,,,,,,,,,,,,,,,,,,,,,,,,,,,,,,,,,,,,,,,,,,,
2026-08-26T00:01:18.182207,MUSTOCK_USDT,LOSS,SHORT,35.0,922.19,931.2980000000001,903.974,931.2980000000001,-1.0,,,,,,,,SL,,,,,,,,,,,,,,,,,,,,,,,,,,,,,,,,,,,,,,,,,,,,,,,,,,,,,,,,,,,,,,,,,
2026-08-26T00:01:18.182334,SKHYSTOCK_USDT,LOSS,SHORT,37.0,157.63,158.89,155.10999999999999,158.89,-1.0,,,,,,,,SL,,,,,,,,,,,,,,,,,,,,,,,,,,,,,,,,,,,,,,,,,,,,,,,,,,,,,,,,,,,,,,,,,
2026-08-26T00:20:56.872165,HYPE_USDT,OPEN,LONG,40.0,81.159,80.63528571428571,82.20642857142857,,,66.56091370558386,55.532926001357716,57.14285714285719,0.002464298475825649,270543478.1527,0.6003950780264626,0.6347379241123041,HIGH_EDGE,,,,,,,,,,,,,,,,,,,,,,,,,,,,,,,,,,,,,,,,,,,,,,,,,,,,,,,,,,,,,,,,,
2026-08-26T00:31:08.023298,XAU_USDT,LOSS,SHORT,38.0,4627.91,4644.107685,4595.51463,4644.107685,-1.0,,,,,,,,SL,,,,,,,,,,,,,,,,,,,,,,,,,,,,,,,,,,,,,,,,,,,,,,,,,,,,,,,,,,,,,,,,,
2026-08-26T00:31:08.023402,XAUT_USDT,LOSS,SHORT,37.0,4605.7,4621.81995,4573.4601,4621.81995,-1.0,,,,,,,,SL,,,,,,,,,,,,,,,,,,,,,,,,,,,,,,,,,,,,,,,,,,,,,,,,,,,,,,,,,,,,,,,,,
2026-08-26T00:31:08.023449,HYPE_USDT,LOSS,LONG,40.0,81.159,80.63528571428571,82.20642857142857,80.63528571428571,-1.0,,,,,,,,SL,,,,,,,,,,,,,,,,,,,,,,,,,,,,,,,,,,,,,,,,,,,,,,,,,,,,,,,,,,,,,,,,,
2026-08-26T00:31:08.023508,TAO_USDT,OPEN,SHORT,35.0,233.78,235.09228571428574,231.15542857142856,,,41.80929095354499,44.38902743142142,37.5461254612546,0.004277525879039836,52203749.7824,1.6760514306181276,2.141695434227602,HIGH_EDGE,,,,,,,,,,,,,,,,,,,,,,,,,,,,,,,,,,,,,,,,,,,,,,,,,,,,,,,,,,,,,,,,,
2026-08-26T00:31:08.023551,SPCXSTOCK_USDT,OPEN,LONG,35.0,138.76,138.04342857142856,140.19314285714285,,,82.46445497630322,67.06443914081154,62.52129471890963,0.007206687806277678,44828062.0997,3.6916857469948483,1.4391294571030335,HIGH_EDGE,,,,,,,,,,,,,,,,,,,,,,,,,,,,,,,,,,,,,,,,,,,,,,,,,,,,,,,,,,,,,,,,,
2026-08-26T01:01:18.940784,HYPE_USDT,OPEN,LONG,35.0,81.624,81.17108571428571,82.52982857142855,,,89.23766816143453,61.48174157303382,68.16263904871496,0.0012251298637714091,266108599.8276,2.299253656307936,1.5391956951204657,HIGH_EDGE,,,,,,,,,,,,,,,,,,,,,,,,,,,,,,,,,,,,,,,,,,,,,,,,,,,,,,,,,,,,,,,,,
2026-08-26T01:21:07.905188,PUMPFUN_USDT,OPEN,SHORT,35.0,0.004567,0.0046011142857142855,0.004498771428571429,,,46.46464646464644,22.815533980582657,35.101404056162295,0.02189621195531564,31394782.2128,2.113902832269881,0.5601954426141904,HIGH_EDGE,,,,,,,,,,,,,,,,,,,,,,,,,,,,,,,,,,,,,,,,,,,,,,,,,,,,,,,,,,,,,,,,,
2026-08-26T01:31:14.544953,HYPE_USDT,LOSS,LONG,35.0,81.624,81.17108571428571,82.52982857142855,81.17108571428571,-1.0,,,,,,,,SL,,,,,,,,,,,,,,,,,,,,,,,,,,,,,,,,,,,,,,,,,,,,,,,,,,,,,,,,,,,,,,,,,
2026-08-26T01:50:57.583703,TAO_USDT,LOSS,SHORT,35.0,233.78,235.09228571428574,231.15542857142856,235.09228571428574,-1.0,,,,,,,,SL,,,,,,,,,,,,,,,,,,,,,,,,,,,,,,,,,,,,,,,,,,,,,,,,,,,,,,,,,,,,,,,,,
2026-08-26T02:31:02.299657,LINK_USDT,OPEN,SHORT,38.0,11.467,11.5072,11.3866,,,36.73469387755098,36.60130718954245,47.33009708737864,0.008720676724508988,68641247.3608,1.573913893087653,0.9177146881223659,HIGH_EDGE,,,,,,,,,,,,,,,,,,,,,,,,,,,,,,,,,,,,,,,,,,,,,,,,,,,,,,,,,,,,,,,,,
2026-08-26T02:31:02.299777,NAS100_USDT,OPEN,SHORT,36.0,29148.0,29250.018,28943.964,,,35.80246913580247,32.77777777777777,37.792642140468224,0.003430767119527926,27339901.26083,0.003895724442424439,1.0691635461147684,HIGH_EDGE,,,,,,,,,,,,,,,,,,,,,,,,,,,,,,,,,,,,,,,,,,,,,,,,,,,,,,,,,,,,,,,,,
2026-08-26T02:50:55.863968,LINK_USDT,LOSS,SHORT,38.0,11.467,11.5072,11.3866,11.5072,-1.0,,,,,,,,SL,,,,,,,,,,,,,,,,,,,,,,,,,,,,,,,,,,,,,,,,,,,,,,,,,,,,,,,,,,,,,,,,,
2026-08-26T03:01:15.334488,XAU_USDT,OPEN,LONG,38.0,4649.91,4633.635315,4682.45937,,,66.53992395437214,54.604154969118134,66.32366697848437,0.0006451737775515083,825745140.56492,3.5271633981491894,1.1301557631375359,HIGH_EDGE,,,,,,,,,,,,,,,,,,,,,,,,,,,,,,,,,,,,,,,,,,,,,,,,,,,,,,,,,,,,,,,,,
2026-08-26T03:01:15.334610,XAUT_USDT,OPEN,LONG,37.0,4627.9,4611.70235,4660.295299999999,,,73.91304347826646,53.35570469798665,65.30612244897921,0.00216080727758712,468755577.1473,3.7699638387810985,0.4865424584124943,HIGH_EDGE,,,,,,,,,,,,,,,,,,,,,,,,,,,,,,,,,,,,,,,,,,,,,,,,,,,,,,,,,,,,,,,,,
2026-08-26T03:11:00.025192,PUMPFUN_USDT,WIN,SHORT,35.0,0.004567,0.0046011142857142855,0.004498771428571429,0.004498771428571429,2.0,,,,,,,,TP,,,,,,,,,,,,,,,,,,,,,,,,,,,,,,,,,,,,,,,,,,,,,,,,,,,,,,,,,,,,,,,,,
2026-08-26T03:11:00.025331,HYPE_USDT,OPEN,LONG,38.0,82.315,81.96571428571428,83.01357142857141,,,80.00000000000193,62.7677100494237,55.55168813087352,0.003644536232764519,265035986.5879,1.870264997561372,1.8681534159661537,HIGH_EDGE,,,,,,,,,,,,,,,,,,,,,,,,,,,,,,,,,,,,,,,,,,,,,,,,,,,,,,,,,,,,,,,,,
2026-08-26T03:31:14.378262,SPCXSTOCK_USDT,LOSS,LONG,35.0,138.76,138.04342857142856,140.19314285714285,138.04342857142856,-1.0,,,,,,,,SL,,,,,,,,,,,,,,,,,,,,,,,,,,,,,,,,,,,,,,,,,,,,,,,,,,,,,,,,,,,,,,,,,
2026-08-26T04:21:04.763228,HYPE_USDT,WIN,LONG,38.0,82.315,81.96571428571428,83.01357142857141,83.01357142857141,2.0,,,,,,,,TP,,,,,,,,,,,,,,,,,,,,,,,,,,,,,,,,,,,,,,,,,,,,,,,,,,,,,,,,,,,,,,,,,
2026-08-26T04:21:04.763333,HYPE_USDT,OPEN,LONG,35.0,82.849,82.42471428571429,83.69757142857142,,,76.67953667953702,62.59946949602122,70.76431269979693,0.0012070151721693249,273343478.7046,4.650326845223864,2.02824169101853,HIGH_EDGE,,,,,,,,,,,,,,,,,,,,,,,,,,,,,,,,,,,,,,,,,,,,,,,,,,,,,,,,,,,,,,,,,
2026-08-26T04:21:04.763387,SILVER_USDT,OPEN,LONG,38.0,69.3,69.05745,69.78509999999999,,,72.97297297297379,76.47058823529437,65.62500000000041,0.014430014430021813,224937271.3263,0.8573913890953069,2.976939231536245,HIGH_EDGE,,,,,,,,,,,,,,,,,,,,,,,,,,,,,,,,,,,,,,,,,,,,,,,,,,,,,,,,,,,,,,,,,
2026-08-26T04:31:13.746914,HYPE_USDT,LOSS,LONG,35.0,82.849,82.42471428571429,83.69757142857142,82.42471428571429,-1.0,,,,,,,,SL,,,,,,,,,,,,,,,,,,,,,,,,,,,,,,,,,,,,,,,,,,,,,,,,,,,,,,,,,,,,,,,,,
2026-08-26T04:31:13.747026,ETH_USDT,OPEN,SHORT,39.0,2460.4,2469.0114000000003,2443.1772,,,32.44390539721128,35.43116490166365,33.01151761517632,0.0004064379775734953,2288827378.8296,1.1116177597491315,1.611416137750218,HIGH_EDGE,,,,,,,,,,,,,,,,,,,,,,,,,,,,,,,,,,,,,,,,,,,,,,,,,,,,,,,,,,,,,,,,,
2026-08-26T04:40:58.075314,SILVER_USDT,LOSS,LONG,38.0,69.3,69.05745,69.78509999999999,69.05745,-1.0,,,,,,,,SL,,,,,,,,,,,,,,,,,,,,,,,,,,,,,,,,,,,,,,,,,,,,,,,,,,,,,,,,,,,,,,,,,
2026-08-26T05:01:17.281270,SKHYNIXSTOCK_USDT,OPEN,LONG,36.0,1224.9,1220.6128500000002,1233.4742999999999,,,91.14877589453643,53.86439070649579,54.22431557256383,0.0008163931749523148,168654055.05818,1.9994947143154371,2.424411856171248,HIGH_EDGE,,,,,,,,,,,,,,,,,,,,,,,,,,,,,,,,,,,,,,,,,,,,,,,,,,,,,,,,,,,,,,,,,
2026-08-26T05:01:17.281394,SAMSUNGSTOCK_USDT,OPEN,LONG,36.0,188.61,187.94986500000002,189.93027,,,87.68115942029073,52.20588235294124,64.50000000000031,0.005301945814124027,161975530.1388,2.0953655649103506,5.844829237228048,HIGH_EDGE,,,,,,,,,,,,,,,,,,,,,,,,,,,,,,,,,,,,,,,,,,,,,,,,,,,,,,,,,,,,,,,,,
2026-08-26T05:01:17.281476,KORU_USDT,OPEN,LONG,41.0,20.76,20.644285714285715,20.99142857142857,,,65.51724137931078,55.000000000000064,61.34453781512595,0.048169556840084594,39980684.06146,0.039945696738380755,9.20881832805052,HIGH_EDGE,,,,,,,,,,,,,,,,,,,,,,,,,,,,,,,,,,,,,,,,,,,,,,,,,,,,,,,,,,,,,,,,,
2026-08-26T05:31:07.314996,SOL_USDT,OPEN,SHORT,35.0,97.61,98.02742857142857,96.77514285714285,,,44.565217391304586,33.46303501945532,42.69340974212044,0.010244851961894392,1653534831.26,0.8165261742756541,0.6641930759409246,HIGH_EDGE,,,,,,,,,,,,,,,,,,,,,,,,,,,,,,,,,,,,,,,,,,,,,,,,,,,,,,,,,,,,,,,,,
2026-08-26T05:31:07.315159,PEPE_USDT,OPEN,SHORT,40.0,3.8865e-06,3.910602857142857e-06,3.838294285714286e-06,,,40.64080944350784,22.779922779922984,32.83725396063383,0.0025730091341662742,120577938.228,2.4613473219215902,1.3828498111055672,HIGH_EDGE,,,,,,,,,,,,,,,,,,,,,,,,,,,,,,,,,,,,,,,,,,,,,,,,,,,,,,,,,,,,,,,,,
2026-08-26T05:31:07.315272,LINK_USDT,OPEN,SHORT,35.0,11.424,11.470971428571428,11.330057142857143,,,42.537313432835795,28.706624605678158,36.98630136986312,0.008753501400555374,63817583.8375,1.6901335613368544,0.739528225425559,HIGH_EDGE,,,,,,,,,,,,,,,,,,,,,,,,,,,,,,,,,,,,,,,,,,,,,,,,,,,,,,,,,,,,,,,,,
2026-08-26T05:40:58.924902,BTC_USDT,OPEN,SHORT,35.0,78510.1,78784.88535000001,77960.52930000001,,,15.509989484753135,33.74811463046747,39.48695699332965,0.0001273721470120008,5865182788.83127,2.686849543101002,1.468175889437954,HIGH_EDGE,,,,,,,,,,,,,,,,,,,,,,,,,,,,,,,,,,,,,,,,,,,,,,,,,,,,,,,,,,,,,,,,,
2026-08-26T05:50:55.779377,ETH_USDT,WIN,SHORT,39.0,2460.4,2469.0114000000003,2443.1772,2443.1772,2.0,,,,,,,,TP,,,,,,,,,,,,,,,,,,,,,,,,,,,,,,,,,,,,,,,,,,,,,,,,,,,,,,,,,,,,,,,,,
2026-08-26T05:50:55.779479,SOL_USDT,WIN,SHORT,35.0,97.61,98.02742857142857,96.77514285714285,96.77514285714285,2.0,,,,,,,,TP,,,,,,,,,,,,,,,,,,,,,,,,,,,,,,,,,,,,,,,,,,,,,,,,,,,,,,,,,,,,,,,,,
2026-08-26T05:50:55.779545,PEPE_USDT,WIN,SHORT,40.0,3.8865e-06,3.910602857142857e-06,3.838294285714286e-06,3.838294285714286e-06,2.0,,,,,,,,TP,,,,,,,,,,,,,,,,,,,,,,,,,,,,,,,,,,,,,,,,,,,,,,,,,,,,,,,,,,,,,,,,,
2026-08-26T05:50:55.779600,LINK_USDT,WIN,SHORT,35.0,11.424,11.470971428571428,11.330057142857143,11.330057142857143,2.0,,,,,,,,TP,,,,,,,,,,,,,,,,,,,,,,,,,,,,,,,,,,,,,,,,,,,,,,,,,,,,,,,,,,,,,,,,,
2026-08-26T05:50:55.779671,ZEC_USDT,OPEN,SHORT,35.0,775.33,781.8485714285715,762.2928571428572,,,11.705288175876547,40.81172491544541,28.278770837517612,0.0012897733868147633,219906522.58,6.342669738853682,2.6311741730561304,HIGH_EDGE,,,,,,,,,,,,,,,,,,,,,,,,,,,,,,,,,,,,,,,,,,,,,,,,,,,,,,,,,,,,,,,,,
2026-08-26T05:50:55.779749,ADA_USDT,OPEN,SHORT,35.0,0.2104,0.21156571428571427,0.20806857142857144,,,17.02127659574502,28.767123287671367,33.663366336633715,0.047528517110274116,36655311.1915,1.1275868719554616,6.966941357495922,HIGH_EDGE,,,,,,,,,,,,,,,,,,,,,,,,,,,,,,,,,,,,,,,,,,,,,,,,,,,,,,,,,,,,,,,,,
2026-08-26T06:01:13.919107,XRP_USDT,OPEN,SHORT,36.0,1.446,1.4544857142857142,1.4290285714285715,,,31.132075471698002,28.056112224448697,36.48068669527896,0.006915629322267565,793432966.9883,0.6450228908592777,1.6321957786863532,HIGH_EDGE,,,,,,,,,,,,,,,,,,,,,,,,,,,,,,,,,,,,,,,,,,,,,,,,,,,,,,,,,,,,,,,,,
2026-08-26T06:10:57.955539,SKHYNIXSTOCK_USDT,LOSS,LONG,36.0,1224.9,1220.6128500000002,1233.4742999999999,1220.6128500000002,-1.0,,,,,,,,SL,,,,,,,,,,,,,,,,,,,,,,,,,,,,,,,,,,,,,,,,,,,,,,,,,,,,,,,,,,,,,,,,,
2026-08-26T06:10:57.955641,BTC_USDT,WIN,SHORT,35.0,78510.1,78784.88535000001,77960.52930000001,77960.52930000001,2.0,,,,,,,,TP,,,,,,,,,,,,,,,,,,,,,,,,,,,,,,,,,,,,,,,,,,,,,,,,,,,,,,,,,,,,,,,,,
2026-08-26T06:10:57.955709,ZEC_USDT,WIN,SHORT,35.0,775.33,781.8485714285715,762.2928571428572,762.2928571428572,2.0,,,,,,,,TP,,,,,,,,,,,,,,,,,,,,,,,,,,,,,,,,,,,,,,,,,,,,,,,,,,,,,,,,,,,,,,,,,
2026-08-26T06:10:57.955762,ADA_USDT,WIN,SHORT,35.0,0.2104,0.21156571428571427,0.20806857142857144,0.20806857142857144,2.0,,,,,,,,TP,,,,,,,,,,,,,,,,,,,,,,,,,,,,,,,,,,,,,,,,,,,,,,,,,,,,,,,,,,,,,,,,,
2026-08-26T06:10:57.955837,XRP_USDT,WIN,SHORT,36.0,1.446,1.4544857142857142,1.4290285714285715,1.4290285714285715,2.0,,,,,,,,TP,,,,,,,,,,,,,,,,,,,,,,,,,,,,,,,,,,,,,,,,,,,,,,,,,,,,,,,,,,,,,,,,,
2026-08-26T06:10:57.955899,BTC_USDT,OPEN,SHORT,38.5,77985.6,78258.54960000001,77439.7008,,,34.26888426888492,17.0245292196511,35.235191637631004,0.00012822880120338733,5983433247.33391,1.0534103321434982,2.518048710360813,HIGH_EDGE,,,,,,,,,,,,,,,,,,,,,,,,,,,,,,,,,,,,,,,,,,,,,,,,,,,,,,,,,,,,,,,,,
2026-08-26T06:10:57.955978,ETH_USDT,OPEN,SHORT,35.5,2419.28,2429.7637142857143,2398.312571428572,,,19.661794210375106,15.725003827897709,33.774056118701594,0.00041334611949685564,2352093151.5376,1.237961912148196,3.486417575468722,HIGH_EDGE,,,,,,,,,,,,,,,,,,,,,,,,,,,,,,,,,,,,,,,,,,,,,,,,,,,,,,,,,,,,,,,,,
2026-08-26T06:10:57.956045,SOL_USDT,OPEN,SHORT,36.5,96.11,96.698,94.934,,,33.8095238095236,19.614147909967826,37.81725888324862,0.010404744563511502,1700711927.987,0.7841912580955852,3.9423584709291988,HIGH_EDGE,,,,,,,,,,,,,,,,,,,,,,,,,,,,,,,,,,,,,,,,,,,,,,,,,,,,,,,,,,,,,,,,,
2026-08-26T06:10:57.956129,TAO_USDT,OPEN,SHORT,35.5,225.77,227.7791428571429,221.75171428571429,,,28.544776119402854,17.827298050139404,23.85563380281681,0.026575718651726213,45433359.4692,2.2262641279983693,3.6066651554701807,HIGH_EDGE,,,,,,,,,,,,,,,,,,,,,,,,,,,,,,,,,,,,,,,,,,,,,,,,,,,,,,,,,,,,,,,,,
2026-08-26T06:10:57.956195,ADA_USDT,OPEN,SHORT,36.5,0.2078,0.20936857142857146,0.20466285714285717,,,26.92307692307662,17.307692307692292,32.38095238095248,0.04812319538016794,39238923.1045,0.6478659689425277,9.730520646259155,HIGH_EDGE,,,,,,,,,,,,,,,,,,,,,,,,,,,,,,,,,,,,,,,,,,,,,,,,,,,,,,,,,,,,,,,,,
2026-08-26T06:10:57.956256,AAVE_USDT,OPEN,SHORT,37.5,125.05,125.776,123.598,,,31.60621761658041,21.911421911421897,32.926829268292806,0.007996801279492297,35439209.4033,0.8704395034455413,2.510792129028841,HIGH_EDGE,,,,,,,,,,,,,,,,,,,,,,,,,,,,,,,,,,,,,,,,,,,,,,,,,,,,,,,,,,,,,,,,,
2026-08-26T06:21:02.833479,BTC_USDT,LOSS,SHORT,38.5,77985.6,78258.54960000001,77439.7008,78258.54960000001,-1.0,,,,,,,,SL,,,,,,,,,,,,,,,,,,,,,,,,,,,,,,,,,,,,,,,,,,,,,,,,,,,,,,,,,,,,,,,,,
2026-08-26T06:21:02.833576,ETH_USDT,LOSS,SHORT,35.5,2419.28,2429.7637142857143,2398.312571428572,2429.7637142857143,-1.0,,,,,,,,SL,,,,,,,,,,,,,,,,,,,,,,,,,,,,,,,,,,,,,,,,,,,,,,,,,,,,,,,,,,,,,,,,,
2026-08-26T06:21:02.833671,SOL_USDT,LOSS,SHORT,36.5,96.11,96.698,94.934,96.698,-1.0,,,,,,,,SL,,,,,,,,,,,,,,,,,,,,,,,,,,,,,,,,,,,,,,,,,,,,,,,,,,,,,,,,,,,,,,,,,
2026-08-26T06:21:02.833726,TAO_USDT,LOSS,SHORT,35.5,225.77,227.7791428571429,221.75171428571429,227.7791428571429,-1.0,,,,,,,,SL,,,,,,,,,,,,,,,,,,,,,,,,,,,,,,,,,,,,,,,,,,,,,,,,,,,,,,,,,,,,,,,,,
2026-08-26T06:21:02.833776,ADA_USDT,LOSS,SHORT,36.5,0.2078,0.20936857142857146,0.20466285714285717,0.20936857142857146,-1.0,,,,,,,,SL,,,,,,,,,,,,,,,,,,,,,,,,,,,,,,,,,,,,,,,,,,,,,,,,,,,,,,,,,,,,,,,,,
2026-08-26T06:21:02.833824,AAVE_USDT,LOSS,SHORT,37.5,125.05,125.776,123.598,125.776,-1.0,,,,,,,,SL,,,,,,,,,,,,,,,,,,,,,,,,,,,,,,,,,,,,,,,,,,,,,,,,,,,,,,,,,,,,,,,,,
2026-08-26T06:21:02.833905,PUMPFUN_USDT,OPEN,SHORT,37.0,0.004365,0.004393800000000001,0.0043074,,,25.92592592592605,38.97435897435884,29.76190476190463,0.02290950744559296,29571906.1705,3.2925927274000895,0.22019554590483015,HIGH_EDGE,,,,,,,,,,,,,,,,,,,,,,,,,,,,,,,,,,,,,,,,,,,,,,,,,,,,,,,,,,,,,,,,,
2026-08-26T06:31:11.002080,PUMPFUN_USDT,LOSS,SHORT,37.0,0.004365,0.004393800000000001,0.0043074,0.004393800000000001,-1.0,,,,,,,,SL,,,,,,,,,,,,,,,,,,,,,,,,,,,,,,,,,,,,,,,,,,,,,,,,,,,,,,,,,,,,,,,,,
2026-08-26T07:10:56.254499,SOXL_USDT,LOSS,SHORT,38.0,115.45,117.34342857142856,111.66314285714286,117.34342857142856,-1.0,,,,,,,,SL,,,,,,,,,,,,,,,,,,,,,,,,,,,,,,,,,,,,,,,,,,,,,,,,,,,,,,,,,,,,,,,,,
2026-08-26T08:50:54.844590,SAMSUNGSTOCK_USDT,LOSS,LONG,36.0,188.61,187.94986500000002,189.93027,187.94986500000002,-1.0,,,,,,,,SL,,,,,,,,,,,,,,,,,,,,,,,,,,,,,,,,,,,,,,,,,,,,,,,,,,,,,,,,,,,,,,,,,
2026-08-26T09:01:20.510732,KORU_USDT,LOSS,LONG,41.0,20.76,20.644285714285715,20.99142857142857,20.644285714285715,-1.0,,,,,,,,SL,,,,,,,,,,,,,,,,,,,,,,,,,,,,,,,,,,,,,,,,,,,,,,,,,,,,,,,,,,,,,,,,,
2026-08-26T09:10:55.504428,ENA_USDT,OPEN,SHORT,36.0,0.14254,0.14345628571428573,0.14070742857142857,,,48.726114649681584,35.15406162464977,32.26130653266327,0.007015574575564754,40072544.6336,1.8215643606972907,1.7213298712321428,HIGH_EDGE,,,,,,,,,,,,,,,,,,,,,,,,,,,,,,,,,,,,,,,,,,,,,,,,,,,,,,,,,,,,,,,,,
2026-08-26T09:31:03.201243,SAMSUNGSTOCK_USDT,OPEN,SHORT,35.5,187.9,189.18657142857143,185.32685714285716,,,22.025316455696213,44.2499999999999,43.062200956937744,0.010643959552944018,169324877.0741,0.7034731138393311,2.035675244940472,HIGH_EDGE,,,,,,,,,,,,,,,,,,,,,,,,,,,,,,,,,,,,,,,,,,,,,,,,,,,,,,,,,,,,,,,,,
2026-08-26T10:01:11.602678,ENA_USDT,LOSS,SHORT,36.0,0.14254,0.14345628571428573,0.14070742857142857,0.14345628571428573,-1.0,,,,,,,,SL,,,,,,,,,,,,,,,,,,,,,,,,,,,,,,,,,,,,,,,,,,,,,,,,,,,,,,,,,,,,,,,,,
2026-08-26T10:01:11.602780,SAMSUNGSTOCK_USDT,WIN,SHORT,35.5,187.9,189.18657142857143,185.32685714285716,185.32685714285716,2.0,,,,,,,,TP,,,,,,,,,,,,,,,,,,,,,,,,,,,,,,,,,,,,,,,,,,,,,,,,,,,,,,,,,,,,,,,,,
2026-08-26T10:01:11.602877,SAMSUNGSTOCK_USDT,OPEN,SHORT,37.0,185.44,187.11314285714283,182.0937142857143,,,31.37254901960773,37.13420787083762,29.213483146067432,0.010785159620367898,162698803.2905,1.1754440988560846,2.245708841034367,HIGH_EDGE,,,,,,,,,,,,,,,,,,,,,,,,,,,,,,,,,,,,,,,,,,,,,,,,,,,,,,,,,,,,,,,,,
2026-08-26T10:01:11.602950,SKHYNIXSTOCK_USDT,OPEN,SHORT,38.0,1212.05,1224.3534285714286,1187.443142857143,,,30.87576374745457,41.00513130093568,36.68675950945759,0.00412524235798478,113248858.89064,0.1391326256704992,0.3017103242337216,HIGH_EDGE,,,,,,,,,,,,,,,,,,,,,,,,,,,,,,,,,,,,,,,,,,,,,,,,,,,,,,,,,,,,,,,,,
2026-08-26T10:20:59.359839,SAMSUNGSTOCK_USDT,LOSS,SHORT,37.0,185.44,187.11314285714283,182.0937142857143,187.11314285714283,-1.0,,,,,,,,SL,,,,,,,,,,,,,,,,,,,,,,,,,,,,,,,,,,,,,,,,,,,,,,,,,,,,,,,,,,,,,,,,,
2026-08-26T10:20:59.359946,SKHYNIXSTOCK_USDT,LOSS,SHORT,38.0,1212.05,1224.3534285714286,1187.443142857143,1224.3534285714286,-1.0,,,,,,,,SL,,,,,,,,,,,,,,,,,,,,,,,,,,,,,,,,,,,,,,,,,,,,,,,,,,,,,,,,,,,,,,,,,
2026-08-26T10:31:06.432371,SAMSUNGSTOCK_USDT,OPEN,SHORT,38.0,185.74,187.08228571428572,183.0554285714286,,,35.29411764705907,29.072398190045163,36.31336405529954,0.0053838699256976985,171840289.5482,0.6664548764218483,0.9735941387265589,HIGH_EDGE,,,,,,,,,,,,,,,,,,,,,,,,,,,,,,,,,,,,,,,,,,,,,,,,,,,,,,,,,,,,,,,,,
2026-08-26T10:31:06.432502,ENA_USDT,OPEN,SHORT,42.0,0.14161,0.1423977142857143,0.14003457142857145,,,31.696428571428555,40.22770398481975,34.180432020330514,0.007061648188694302,39767619.8023,0.080957116241552,3.0427743185326084,HIGH_EDGE,,,,,,,,,,,,,,,,,,,,,,,,,,,,,,,,,,,,,,,,,,,,,,,,,,,,,,,,,,,,,,,,,
2026-08-26T10:40:52.990694,ENA_USDT,LOSS,SHORT,42.0,0.14161,0.1423977142857143,0.14003457142857145,0.1423977142857143,-1.0,,,,,,,,SL,,,,,,,,,,,,,,,,,,,,,,,,,,,,,,,,,,,,,,,,,,,,,,,,,,,,,,,,,,,,,,,,,
2026-08-26T10:50:56.423892,SNDKSTOCK_USDT,WIN,SHORT,36.0,1511.25,1534.7494285714286,1464.2511428571427,1464.2511428571427,2.0,,,,,,,,TP,,,,,,,,,,,,,,,,,,,,,,,,,,,,,,,,,,,,,,,,,,,,,,,,,,,,,,,,,,,,,,,,,
2026-08-26T10:50:56.424024,SNDKSTOCK_USDT,OPEN,SHORT,37.0,1462.5,1469.6742857142856,1448.1514285714286,,,26.16659398168356,33.97894736842079,35.59565306540918,0.0013675213675201237,267551818.09393,1.243990772945324,1.7024125963359915,HIGH_EDGE,,,,,,,,,,,,,,,,,,,,,,,,,,,,,,,,,,,,,,,,,,,,,,,,,,,,,,,,,,,,,,,,,
2026-08-26T10:50:56.424115,SKHYNIXSTOCK_USDT,OPEN,SHORT,38.0,1209.1,1217.6534285714285,1191.9931428571429,,,34.654731457800764,45.90823084200586,39.39588688946012,0.0008270614506650323,117126368.37332,0.05084593769230124,0.04447009689503078,HIGH_EDGE,,,,,,,,,,,,,,,,,,,,,,,,,,,,,,,,,,,,,,,,,,,,,,,,,,,,,,,,,,,,,,,,,
2026-08-26T11:01:07.291207,SAMSUNGSTOCK_USDT,LOSS,SHORT,38.0,185.74,187.08228571428572,183.0554285714286,187.08228571428572,-1.0,,,,,,,,SL,,,,,,,,,,,,,,,,,,,,,,,,,,,,,,,,,,,,,,,,,,,,,,,,,,,,,,,,,,,,,,,,,
2026-08-26T11:01:07.291276,SNDKSTOCK_USDT,LOSS,SHORT,37.0,1462.5,1469.6742857142856,1448.1514285714286,1469.6742857142856,-1.0,,,,,,,,SL,,,,,,,,,,,,,,,,,,,,,,,,,,,,,,,,,,,,,,,,,,,,,,,,,,,,,,,,,,,,,,,,,
2026-08-26T11:20:54.083350,SKHYNIXSTOCK_USDT,LOSS,SHORT,38.0,1209.1,1217.6534285714285,1191.9931428571429,1217.6534285714285,-1.0,,,,,,,,SL,,,,,,,,,,,,,,,,,,,,,,,,,,,,,,,,,,,,,,,,,,,,,,,,,,,,,,,,,,,,,,,,,
2026-08-26T11:31:03.448221,SKHYNIXSTOCK_USDT,OPEN,LONG,38.0,1234.6,1227.5157142857142,1248.7685714285712,,,75.09842519685058,64.55696202531676,55.70526826899738,0.0008099789405468092,104458397.80598,0.14008676862127198,1.2213952225162896,HIGH_EDGE,,,,,,,,,,,,,,,,,,,,,,,,,,,,,,,,,,,,,,,,,,,,,,,,,,,,,,,,,,,,,,,,,
2026-08-26T11:31:03.448332,TAO_USDT,OPEN,LONG,38.0,233.84,232.87571428571428,235.76857142857142,,,83.48623853211024,65.53966189856938,57.77777777777774,0.004276428327057349,46970711.6814,2.89852326421373,1.775247334838145,HIGH_EDGE,,,,,,,,,,,,,,,,,,,,,,,,,,,,,,,,,,,,,,,,,,,,,,,,,,,,,,,,,,,,,,,,,
2026-08-26T11:31:03.448395,AAVE_USDT,OPEN,LONG,37.0,128.27,127.75314285714288,129.30371428571428,,,90.86294416243626,70.68965517241382,62.33766233766228,0.007796055196063696,30615369.8666,4.489702570384181,2.4250340829010315,HIGH_EDGE,,,,,,,,,,,,,,,,,,,,,,,,,,,,,,,,,,,,,,,,,,,,,,,,,,,,,,,,,,,,,,,,,
2026-08-26T11:41:01.660617,WLD_USDT,OPEN,LONG,36.0,0.3967,0.39467714285714284,0.40074571428571426,,,69.9999999999996,75.97402597402605,66.51376146788985,0.02520796571716385,33683139.9731,7.6022484701864235,3.0034813727149863,HIGH_EDGE,,,,,,,,,,,,,,,,,,,,,,,,,,,,,,,,,,,,,,,,,,,,,,,,,,,,,,,,,,,,,,,,,
2026-08-26T11:50:59.700939,SKHYNIXSTOCK_USDT,WIN,LONG,38.0,1234.6,1227.5157142857142,1248.7685714285712,1248.7685714285712,2.0,,,,,,,,TP,,,,,,,,,,,,,,,,,,,,,,,,,,,,,,,,,,,,,,,,,,,,,,,,,,,,,,,,,,,,,,,,,
2026-08-26T11:50:59.701048,AAVE_USDT,LOSS,LONG,37.0,128.27,127.75314285714288,129.30371428571428,127.75314285714288,-1.0,,,,,,,,SL,,,,,,,,,,,,,,,,,,,,,,,,,,,,,,,,,,,,,,,,,,,,,,,,,,,,,,,,,,,,,,,,,
2026-08-26T12:01:13.723227,LINK_USDT,OPEN,LONG,36.0,11.43,11.389995,11.510009999999998,,,66.66666666666666,59.56284153005451,55.53319919517104,0.008748906386712354,44895065.8292,2.356977314072585,0.2522810932001056,HIGH_EDGE,,,,,,,,,,,,,,,,,,,,,,,,,,,,,,,,,,,,,,,,,,,,,,,,,,,,,,,,,,,,,,,,,
2026-08-26T12:11:01.968644,WLD_USDT,LOSS,LONG,36.0,0.3967,0.39467714285714284,0.40074571428571426,0.39467714285714284,-1.0,,,,,,,,SL,,,,,,,,,,,,,,,,,,,,,,,,,,,,,,,,,,,,,,,,,,,,,,,,,,,,,,,,,,,,,,,,,
2026-08-26T12:41:14.440182,LINK_USDT,LOSS,LONG,36.0,11.43,11.389995,11.510009999999998,11.389995,-1.0,,,,,,,,SL,,,,,,,,,,,,,,,,,,,,,,,,,,,,,,,,,,,,,,,,,,,,,,,,,,,,,,,,,,,,,,,,,
2026-08-26T12:50:56.272058,KORU_USDT,OPEN,LONG,39.0,21.11,20.93342857142857,21.463142857142856,,,66.07142857142848,57.1428571428571,60.984848484848456,0.04737091425863577,38706575.98885,1.718672589739092,0.3907326127093149,HIGH_EDGE,,,,,,,,,,,,,,,,,,,,,,,,,,,,,,,,,,,,,,,,,,,,,,,,,,,,,,,,,,,,,,,,,
2026-08-26T13:01:09.271551,SPCXSTOCK_USDT,OPEN,LONG,37.0,138.21,137.726265,139.17747,,,75.75757575758385,59.99999999999858,67.61904761904721,0.007235366471325755,37506462.9787,2.863967824248103,3.268136075283707,HIGH_EDGE,,,,,,,,,,,,,,,,,,,,,,,,,,,,,,,,,,,,,,,,,,,,,,,,,,,,,,,,,,,,,,,,,
2026-08-26T13:01:09.271702,AAVE_USDT,OPEN,LONG,35.0,128.11,127.66161500000003,129.00677,,,60.13071895424862,60.147601476014934,71.92307692307686,0.007805791897580911,23662453.9122,0.5271331298936829,1.6011690029020795,HIGH_EDGE,,,,,,,,,,,,,,,,,,,,,,,,,,,,,,,,,,,,,,,,,,,,,,,,,,,,,,,,,,,,,,,,,
2026-08-26T13:10:57.708997,ETH_USDT,OPEN,LONG,37.0,2471.51,2462.8597150000005,2488.81057,,,66.90970274817829,62.34567901234509,74.55286393479764,0.0004046109463533742,2107504887.797,4.9903892836964205,1.9958363276299982,HIGH_EDGE,,,,,,,,,,,,,,,,,,,,,,,,,,,,,,,,,,,,,,,,,,,,,,,,,,,,,,,,,,,,,,,,,
2026-08-26T13:20:57.875879,AAVE_USDT,LOSS,LONG,35.0,128.11,127.66161500000003,129.00677,127.66161500000003,-1.0,,,,,,,,SL,,,,,,,,,,,,,,,,,,,,,,,,,,,,,,,,,,,,,,,,,,,,,,,,,,,,,,,,,,,,,,,,,
2026-08-26T13:31:06.880195,ZEC_USDT,OPEN,LONG,36.0,787.44,783.2168571428572,795.8862857142858,,,62.20677671589899,60.84753569783496,63.51274787535416,0.0012699380270231261,213721783.1965,0.12112683770478334,1.039444043014409,HIGH_EDGE,,,,,,,,,,,,,,,,,,,,,,,,,,,,,,,,,,,,,,,,,,,,,,,,,,,,,,,,,,,,,,,,,
2026-08-26T13:40:58.496992,ETH_USDT,LOSS,LONG,37.0,2471.51,2462.8597150000005,2488.81057,2462.8597150000005,-1.0,,,,,,,,SL,,,,,,,,,,,,,,,,,,,,,,,,,,,,,,,,,,,,,,,,,,,,,,,,,,,,,,,,,,,,,,,,,
2026-08-26T14:01:16.888540,TAO_USDT,LOSS,LONG,38.0,233.84,232.87571428571428,235.76857142857142,232.87571428571428,-1.0,,,,,,,,SL,,,,,,,,,,,,,,,,,,,,,,,,,,,,,,,,,,,,,,,,,,,,,,,,,,,,,,,,,,,,,,,,,
2026-08-26T14:01:16.888650,ZEC_USDT,LOSS,LONG,36.0,787.44,783.2168571428572,795.8862857142858,783.2168571428572,-1.0,,,,,,,,SL,,,,,,,,,,,,,,,,,,,,,,,,,,,,,,,,,,,,,,,,,,,,,,,,,,,,,,,,,,,,,,,,,
2026-08-26T14:01:16.888777,ADA_USDT,OPEN,SHORT,39.0,0.2098,0.2107,0.20800000000000002,,,29.999999999998337,40.384615384615344,47.94520547945208,0.04766444232601954,32743637.4192,0.04018603827633197,1.6294098605643923,HIGH_EDGE,,,,,,,,,,,,,,,,,,,,,,,,,,,,,,,,,,,,,,,,,,,,,,,,,,,,,,,,,,,,,,,,,
2026-08-26T14:10:55.999159,KORU_USDT,LOSS,LONG,39.0,21.11,20.93342857142857,21.463142857142856,20.93342857142857,-1.0,,,,,,,,SL,,,,,,,,,,,,,,,,,,,,,,,,,,,,,,,,,,,,,,,,,,,,,,,,,,,,,,,,,,,,,,,,,
2026-08-26T14:21:01.232916,XRP_USDT,OPEN,SHORT,40.0,1.4255,1.4321685714285717,1.412162857142857,,,40.000000000000284,28.809523809523782,34.81308411214937,0.007015082427217748,650110315.47,0.5796863689357217,1.8319950499642874,HIGH_EDGE,,,,,,,,,,,,,,,,,,,,,,,,,,,,,,,,,,,,,,,,,,,,,,,,,,,,,,,,,,,,,,,,,
2026-08-26T14:21:01.233064,PEPE_USDT,OPEN,SHORT,40.5,3.8116e-06,3.8276885714285715e-06,3.7794228571428567e-06,,,40.6947890818863,21.059113300493337,37.96095444685476,0.0026235701542605665,95913734.972,2.1407376006782535,1.8780493628672168,HIGH_EDGE,,,,,,,,,,,,,,,,,,,,,,,,,,,,,,,,,,,,,,,,,,,,,,,,,,,,,,,,,,,,,,,,,
2026-08-26T14:31:11.266825,XRP_USDT,LOSS,SHORT,40.0,1.4255,1.4321685714285717,1.412162857142857,1.4321685714285717,-1.0,,,,,,,,SL,,,,,,,,,,,,,,,,,,,,,,,,,,,,,,,,,,,,,,,,,,,,,,,,,,,,,,,,,,,,,,,,,
2026-08-26T14:31:11.266941,PEPE_USDT,LOSS,SHORT,40.5,3.8116e-06,3.8276885714285715e-06,3.7794228571428567e-06,3.8276885714285715e-06,-1.0,,,,,,,,SL,,,,,,,,,,,,,,,,,,,,,,,,,,,,,,,,,,,,,,,,,,,,,,,,,,,,,,,,,,,,,,,,,
2026-08-26T14:40:58.123972,ADA_USDT,LOSS,SHORT,39.0,0.2098,0.2107,0.20800000000000002,0.2107,-1.0,,,,,,,,SL,,,,,,,,,,,,,,,,,,,,,,,,,,,,,,,,,,,,,,,,,,,,,,,,,,,,,,,,,,,,,,,,,
2026-08-26T14:40:58.124133,HYPE_USDT,OPEN,LONG,39.0,82.696,82.25705714285715,83.57388571428571,,,86.20155038759702,65.86040082930208,62.274368231046736,0.0012092483312430768,264942782.5676,3.2995842124483907,2.8170293891632148,HIGH_EDGE,,,,,,,,,,,,,,,,,,,,,,,,,,,,,,,,,,,,,,,,,,,,,,,,,,,,,,,,,,,,,,,,,
2026-08-26T14:40:58.124229,ZEC_USDT,OPEN,LONG,35.0,791.49,786.7397142857143,800.9905714285716,,,72.43667068757534,60.21150033046937,58.92026062674539,0.001263439841310807,211087695.682,0.8685006318830114,1.2497181883595254,HIGH_EDGE,,,,,,,,,,,,,,,,,,,,,,,,,,,,,,,,,,,,,,,,,,,,,,,,,,,,,,,,,,,,,,,,,
2026-08-26T14:40:58.124303,PUMPFUN_USDT,OPEN,LONG,37.0,0.004817,0.004775,0.004901,,,77.69230769230754,66.78700361010831,61.760242792109224,0.020759809009759864,27310294.3748,3.089061672029481,1.3588991306904805,HIGH_EDGE,,,,,,,,,,,,,,,,,,,,,,,,,,,,,,,,,,,,,,,,,,,,,,,,,,,,,,,,,,,,,,,,,
2026-08-26T14:50:57.559448,AAVE_USDT,OPEN,LONG,41.0,128.91,128.3357142857143,130.05857142857144,,,74.88584474885806,71.67070217917639,62.11512717536811,0.0387867504460344,22386855.2679,6.861792380070955,4.28435606573437,HIGH_EDGE,,,,,,,,,,,,,,,,,,,,,,,,,,,,,,,,,,,,,,,,,,,,,,,,,,,,,,,,,,,,,,,,,
2026-08-26T15:01:14.100145,AAVE_USDT,LOSS,LONG,41.0,128.91,128.3357142857143,130.05857142857144,128.3357142857143,-1.0,,,,,,,,SL,,,,,,,,,,,,,,,,,,,,,,,,,,,,,,,,,,,,,,,,,,,,,,,,,,,,,,,,,,,,,,,,,
2026-08-26T15:11:05.363338,PUMPFUN_USDT,WIN,LONG,37.0,0.004817,0.004775,0.004901,0.004901,2.0,,,,,,,,TP,,,,,,,,,,,,,,,,,,,,,,,,,,,,,,,,,,,,,,,,,,,,,,,,,,,,,,,,,,,,,,,,,
2026-08-26T15:20:58.531285,HYPE_USDT,LOSS,LONG,39.0,82.696,82.25705714285715,83.57388571428571,82.25705714285715,-1.0,,,,,,,,SL,,,,,,,,,,,,,,,,,,,,,,,,,,,,,,,,,,,,,,,,,,,,,,,,,,,,,,,,,,,,,,,,,
2026-08-26T15:20:58.531399,ZEC_USDT,LOSS,LONG,35.0,791.49,786.7397142857143,800.9905714285716,786.7397142857143,-1.0,,,,,,,,SL,,,,,,,,,,,,,,,,,,,,,,,,,,,,,,,,,,,,,,,,,,,,,,,,,,,,,,,,,,,,,,,,,
2026-08-26T15:31:06.059794,XAU_USDT,LOSS,LONG,38.0,4649.91,4633.635315,4682.45937,4633.635315,-1.0,,,,,,,,SL,,,,,,,,,,,,,,,,,,,,,,,,,,,,,,,,,,,,,,,,,,,,,,,,,,,,,,,,,,,,,,,,,
2026-08-26T15:31:06.059905,XAUT_USDT,LOSS,LONG,37.0,4627.9,4611.70235,4660.295299999999,4611.70235,-1.0,,,,,,,,SL,,,,,,,,,,,,,,,,,,,,,,,,,,,,,,,,,,,,,,,,,,,,,,,,,,,,,,,,,,,,,,,,,
2026-08-26T15:40:58.161638,PEPE_USDT,OPEN,SHORT,40.0,3.825e-06,3.84132e-06,3.7923599999999996e-06,,,38.744588744588945,43.54450681635941,32.31534090909109,0.01830065359476708,96319758.665,1.168135270302453,0.5293668357454808,HIGH_EDGE,,,,,,,,,,,,,,,,,,,,,,,,,,,,,,,,,,,,,,,,,,,,,,,,,,,,,,,,,,,,,,,,,
2026-08-26T15:51:01.259104,SOXL_USDT,OPEN,LONG,39.0,116.97,116.50028571428571,117.90942857142856,,,68.00000000000031,52.616279069767565,58.90652557319209,0.017098401299475097,655425618.2049,0.7358772521641211,2.4398505171724585,HIGH_EDGE,,,,,,,,,,,,,,,,,,,,,,,,,,,,,,,,,,,,,,,,,,,,,,,,,,,,,,,,,,,,,,,,,
2026-08-26T16:01:13.780544,SOXL_USDT,LOSS,LONG,39.0,116.97,116.50028571428571,117.90942857142856,116.50028571428571,-1.0,,,,,,,,SL,,,,,,,,,,,,,,,,,,,,,,,,,,,,,,,,,,,,,,,,,,,,,,,,,,,,,,,,,,,,,,,,,
2026-08-26T16:10:54.970952,PEPE_USDT,LOSS,SHORT,40.0,3.825e-06,3.84132e-06,3.7923599999999996e-06,3.84132e-06,-1.0,,,,,,,,SL,,,,,,,,,,,,,,,,,,,,,,,,,,,,,,,,,,,,,,,,,,,,,,,,,,,,,,,,,,,,,,,,,
2026-08-26T16:21:05.874257,SNDKSTOCK_USDT,OPEN,SHORT,40.0,1475.89,1481.0556150000002,1465.55877,,,25.708289611751127,44.564880768039764,42.3190378942591,0.0006775572705276751,222488445.67833,1.5421306330499172,2.477882565353514,HIGH_EDGE,,,,,,,,,,,,,,,,,,,,,,,,,,,,,,,,,,,,,,,,,,,,,,,,,,,,,,,,,,,,,,,,,
2026-08-26T16:31:06.007542,PEPE_USDT,OPEN,SHORT,36.0,3.8202e-06,3.834634285714285e-06,3.791331428571429e-06,,,30.24999999999949,43.32953249714943,37.843406593406755,0.0026176639966329573,94063381.16,2.1502025553131814,0.5471851650925948,HIGH_EDGE,,,,,,,,,,,,,,,,,,,,,,,,,,,,,,,,,,,,,,,,,,,,,,,,,,,,,,,,,,,,,,,,,
2026-08-26T16:50:59.094123,TAO_USDT,OPEN,LONG,40.0,234.37,233.42200000000003,236.266,,,65.78947368420994,65.73875802997883,52.830188679245275,0.004266757690826857,39241974.2947,0.18088719637710993,0.5456136331952556,HIGH_EDGE,,,,,,,,,,,,,,,,,,,,,,,,,,,,,,,,,,,,,,,,,,,,,,,,,,,,,,,,,,,,,,,,,
2026-08-26T17:01:15.852907,XRP_USDT,OPEN,SHORT,44.0,1.4326,1.4376141000000002,1.4225718,,,38.99371069182342,44.82758620689634,39.121338912133886,0.006980315510260294,646412829.57,0.6071677946140616,1.932911015757856,HIGH_EDGE,,,,,,,,,,,,,,,,,,,,,,,,,,,,,,,,,,,,,,,,,,,,,,,,,,,,,,,,,,,,,,,,,
2026-08-26T17:01:15.853033,XAUT_USDT,OPEN,SHORT,42.0,4612.3,4628.443050000001,4580.0139,,,37.398373983737606,37.078651685393034,35.175879396984755,0.006504347071963704,374869581.1872,1.6963169185499694,1.4747930229617245,HIGH_EDGE,,,,,,,,,,,,,,,,,,,,,,,,,,,,,,,,,,,,,,,,,,,,,,,,,,,,,,,,,,,,,,,,,
2026-08-26T17:01:15.853120,SILVER_USDT,OPEN,SHORT,36.0,68.75,68.99062500000001,68.26875,,,38.46153846153993,41.75824175824258,36.70886075949337,0.014545454545461986,192719577.2878,0.7243225229024408,1.07711299873867,HIGH_EDGE,,,,,,,,,,,,,,,,,,,,,,,,,,,,,,,,,,,,,,,,,,,,,,,,,,,,,,,,,,,,,,,,,
2026-08-26T17:01:15.853193,LINK_USDT,OPEN,SHORT,36.0,11.326,11.365641000000002,11.246718000000001,,,42.748091603053304,42.857142857142854,34.848484848484716,0.00882924245099281,32529077.4253,1.4802691545775317,0.854906304538778,HIGH_EDGE,,,,,,,,,,,,,,,,,,,,,,,,,,,,,,,,,,,,,,,,,,,,,,,,,,,,,,,,,,,,,,,,,
2026-08-26T17:01:15.853257,ADA_USDT,OPEN,SHORT,36.0,0.21,0.210735,0.20853,,,45.161290322580754,43.58974358974352,41.07142857142846,0.047619047619055596,31305496.5085,0.171641784686015,0.49705447702584843,HIGH_EDGE,,,,,,,,,,,,,,,,,,,,,,,,,,,,,,,,,,,,,,,,,,,,,,,,,,,,,,,,,,,,,,,,,
2026-08-26T17:01:15.853321,ZRO_USDT,OPEN,SHORT,38.0,1.1902,1.199037142857143,1.1725257142857144,,,32.25806451612844,40.840336134453906,37.91917454858126,0.025205847756676777,19805956.4335,4.445332837486054,0.39837655236104696,HIGH_EDGE,,,,,,,,,,,,,,,,,,,,,,,,,,,,,,,,,,,,,,,,,,,,,,,,,,,,,,,,,,,,,,,,,
2026-08-26T17:10:58.507118,TAO_USDT,LOSS,LONG,40.0,234.37,233.42200000000003,236.266,233.42200000000003,-1.0,,,,,,,,SL,,,,,,,,,,,,,,,,,,,,,,,,,,,,,,,,,,,,,,,,,,,,,,,,,,,,,,,,,,,,,,,,,
2026-08-26T17:10:58.507233,XRP_USDT,LOSS,SHORT,44.0,1.4326,1.4376141000000002,1.4225718,1.4376141000000002,-1.0,,,,,,,,SL,,,,,,,,,,,,,,,,,,,,,,,,,,,,,,,,,,,,,,,,,,,,,,,,,,,,,,,,,,,,,,,,,
2026-08-26T17:10:58.507298,LINK_USDT,LOSS,SHORT,36.0,11.326,11.365641000000002,11.246718000000001,11.365641000000002,-1.0,,,,,,,,SL,,,,,,,,,,,,,,,,,,,,,,,,,,,,,,,,,,,,,,,,,,,,,,,,,,,,,,,,,,,,,,,,,
2026-08-26T17:10:58.507343,ADA_USDT,LOSS,SHORT,36.0,0.21,0.210735,0.20853,0.210735,-1.0,,,,,,,,SL,,,,,,,,,,,,,,,,,,,,,,,,,,,,,,,,,,,,,,,,,,,,,,,,,,,,,,,,,,,,,,,,,
2026-08-26T17:10:58.507382,ZRO_USDT,LOSS,SHORT,38.0,1.1902,1.199037142857143,1.1725257142857144,1.199037142857143,-1.0,,,,,,,,SL,,,,,,,,,,,,,,,,,,,,,,,,,,,,,,,,,,,,,,,,,,,,,,,,,,,,,,,,,,,,,,,,,
2026-08-26T17:20:58.007522,XAU_USDT,OPEN,SHORT,38.0,4628.3,4644.49905,4595.9019,,,38.45185651352855,25.1862197392943,32.695852534562974,0.0006481861590593811,718277831.65394,0.30853936849244956,2.0397886752854486,HIGH_EDGE,,,,,,,,,,,,,,,,,,,,,,,,,,,,,,,,,,,,,,,,,,,,,,,,,,,,,,,,,,,,,,,,,
2026-08-26T17:40:57.874600,USOIL_USDT,OPEN,SHORT,35.0,79.85,80.13028571428572,79.28942857142856,,,31.007751937984438,38.372093023255836,39.591836734693786,0.02504696305572451,79438141.99933,0.16982765844529485,2.6244886474645286,HIGH_EDGE,,,,,,,,,,,,,,,,,,,,,,,,,,,,,,,,,,,,,,,,,,,,,,,,,,,,,,,,,,,,,,,,,
2026-08-26T18:01:18.185040,PEPE_USDT,WIN,SHORT,36.0,3.8202e-06,3.834634285714285e-06,3.791331428571429e-06,3.791331428571429e-06,2.0,,,,,,,,TP,,,,,,,,,,,,,,,,,,,,,,,,,,,,,,,,,,,,,,,,,,,,,,,,,,,,,,,,,,,,,,,,,
2026-08-26T18:01:18.185192,AAVE_USDT,OPEN,SHORT,35.0,125.92,126.36228571428572,125.03542857142858,,,13.076923076923222,24.26035502958564,38.265306122448855,0.007941550190601266,19964794.5109,0.44215455929649644,2.8644208763152674,HIGH_EDGE,,,,,,,,,,,,,,,,,,,,,,,,,,,,,,,,,,,,,,,,,,,,,,,,,,,,,,,,,,,,,,,,,
2026-08-26T18:10:58.940548,AAVE_USDT,LOSS,SHORT,35.0,125.92,126.36228571428572,125.03542857142858,126.36228571428572,-1.0,,,,,,,,SL,,,,,,,,,,,,,,,,,,,,,,,,,,,,,,,,,,,,,,,,,,,,,,,,,,,,,,,,,,,,,,,,,
2026-08-26T18:10:58.940691,KORU_USDT,OPEN,SHORT,35.5,20.5,20.61828571428571,20.26342857142857,,,36.66666666666651,43.03797468354427,35.227272727272876,0.048780487804885676,33654396.58515,0.049477097909313233,4.552810738430472,HIGH_EDGE,,,,,,,,,,,,,,,,,,,,,,,,,,,,,,,,,,,,,,,,,,,,,,,,,,,,,,,,,,,,,,,,,
2026-08-26T18:20:56.548452,MUSTOCK_USDT,OPEN,SHORT,38.0,927.43,930.676005,920.9379899999999,,,41.28440366972513,36.537195523370755,33.91585760517819,0.004312993972599259,666505519.1137,0.5174071072084344,1.3847666921647908,HIGH_EDGE,,,,,,,,,,,,,,,,,,,,,,,,,,,,,,,,,,,,,,,,,,,,,,,,,,,,,,,,,,,,,,,,,
2026-08-26T18:31:07.621491,USOIL_USDT,LOSS,SHORT,35.0,79.85,80.13028571428572,79.28942857142856,80.13028571428572,-1.0,,,,,,,,SL,,,,,,,,,,,,,,,,,,,,,,,,,,,,,,,,,,,,,,,,,,,,,,,,,,,,,,,,,,,,,,,,,
2026-08-26T18:31:07.621643,ZRO_USDT,OPEN,SHORT,37.5,1.1894,1.20218,1.16384,,,9.351432880844627,47.05274043433308,43.471462079749834,0.0168152009416494,20258517.8004,2.828332117614508,0.7464023475312316,HIGH_EDGE,,,,,,,,,,,,,,,,,,,,,,,,,,,,,,,,,,,,,,,,,,,,,,,,,,,,,,,,,,,,,,,,,
2026-08-26T18:41:04.356316,DOGE_USDT,OPEN,SHORT,37.0,0.08586,0.08616051000000001,0.08525898000000001,,,41.176470588235134,27.47252747252746,32.71889400921617,0.011646866992774426,94811206.137,0.46197705081605017,0.8637743876938743,HIGH_EDGE,,,,,,,,,,,,,,,,,,,,,,,,,,,,,,,,,,,,,,,,,,,,,,,,,,,,,,,,,,,,,,,,,
2026-08-26T18:41:04.356467,SUI_USDT,OPEN,SHORT,37.0,0.7524,0.7554171428571429,0.7463657142857143,,,38.67924528301948,25.28089887640448,27.192982456139788,0.013290802764485512,57551653.0797,0.39589350148817437,1.7358231099968606,HIGH_EDGE,,,,,,,,,,,,,,,,,,,,,,,,,,,,,,,,,,,,,,,,,,,,,,,,,,,,,,,,,,,,,,,,,
2026-08-26T18:41:04.356547,ENA_USDT,OPEN,SHORT,35.0,0.14148,0.1422274285714286,0.13998514285714286,,,51.61290322580608,35.454545454545226,41.82561307901896,0.007068136839136274,33966638.41,0.5734138361385638,0.7242086948763132,HIGH_EDGE,,,,,,,,,,,,,,,,,,,,,,,,,,,,,,,,,,,,,,,,,,,,,,,,,,,,,,,,,,,,,,,,,
2026-08-26T18:51:04.019440,ENA_USDT,WIN,SHORT,35.0,0.14148,0.1422274285714286,0.13998514285714286,0.13998514285714286,2.0,,,,,,,,TP,,,,,,,,,,,,,,,,,,,,,,,,,,,,,,,,,,,,,,,,,,,,,,,,,,,,,,,,,,,,,,,,,
2026-08-26T19:11:12.704252,ZRO_USDT,WIN,SHORT,37.5,1.1894,1.20218,1.16384,1.16384,2.0,,,,,,,,TP,,,,,,,,,,,,,,,,,,,,,,,,,,,,,,,,,,,,,,,,,,,,,,,,,,,,,,,,,,,,,,,,,
2026-08-26T19:20:55.095916,DOGE_USDT,LOSS,SHORT,37.0,0.08586,0.08616051000000001,0.08525898000000001,0.08616051000000001,-1.0,,,,,,,,SL,,,,,,,,,,,,,,,,,,,,,,,,,,,,,,,,,,,,,,,,,,,,,,,,,,,,,,,,,,,,,,,,,
2026-08-26T19:20:55.095985,SUI_USDT,LOSS,SHORT,37.0,0.7524,0.7554171428571429,0.7463657142857143,0.7554171428571429,-1.0,,,,,,,,SL,,,,,,,,,,,,,,,,,,,,,,,,,,,,,,,,,,,,,,,,,,,,,,,,,,,,,,,,,,,,,,,,,
2026-08-26T19:31:13.252811,HYPE_USDT,OPEN,LONG,40.0,83.009,82.61771428571429,83.79157142857143,,,86.70520231213946,74.76048893293694,66.55629139072848,0.00120468864822462,261174212.0293,3.742795296342436,3.6062733158064284,HIGH_EDGE,,,,,,,,,,,,,,,,,,,,,,,,,,,,,,,,,,,,,,,,,,,,,,,,,,,,,,,,,,,,,,,,,
2026-08-26T19:41:08.497343,KORU_USDT,LOSS,SHORT,35.5,20.5,20.61828571428571,20.26342857142857,20.61828571428571,-1.0,,,,,,,,SL,,,,,,,,,,,,,,,,,,,,,,,,,,,,,,,,,,,,,,,,,,,,,,,,,,,,,,,,,,,,,,,,,
2026-08-26T19:51:02.744170,WLD_USDT,OPEN,LONG,36.5,0.4004,0.3981628571428571,0.40487428571428574,,,77.49999999999987,84.13793103448266,65.11627906976744,0.024975024975022228,26531493.4817,0.5985978236883067,1.9812700913420427,HIGH_EDGE,,,,,,,,,,,,,,,,,,,,,,,,,,,,,,,,,,,,,,,,,,,,,,,,,,,,,,,,,,,,,,,,,
2026-08-26T20:10:58.543106,SNDKSTOCK_USDT,LOSS,SHORT,40.0,1475.89,1481.0556150000002,1465.55877,1481.0556150000002,-1.0,,,,,,,,SL,,,,,,,,,,,,,,,,,,,,,,,,,,,,,,,,,,,,,,,,,,,,,,,,,,,,,,,,,,,,,,,,,
2026-08-26T20:10:58.543228,MUSTOCK_USDT,LOSS,SHORT,38.0,927.43,930.676005,920.9379899999999,930.676005,-1.0,,,,,,,,SL,,,,,,,,,,,,,,,,,,,,,,,,,,,,,,,,,,,,,,,,,,,,,,,,,,,,,,,,,,,,,,,,,
2026-08-26T20:10:58.543294,WLD_USDT,LOSS,LONG,36.5,0.4004,0.3981628571428571,0.40487428571428574,0.3981628571428571,-1.0,,,,,,,,SL,,,,,,,,,,,,,,,,,,,,,,,,,,,,,,,,,,,,,,,,,,,,,,,,,,,,,,,,,,,,,,,,,
2026-08-26T20:31:09.263179,HYPE_USDT,LOSS,LONG,40.0,83.009,82.61771428571429,83.79157142857143,82.61771428571429,-1.0,,,,,,,,SL,,,,,,,,,,,,,,,,,,,,,,,,,,,,,,,,,,,,,,,,,,,,,,,,,,,,,,,,,,,,,,,,,
2026-08-26T20:31:09.263279,XRP_USDT,OPEN,SHORT,35.0,1.4144,1.4210514285714286,1.401097142857143,,,27.586206896551204,50.97087378640765,37.72290809327848,0.007070135746621254,679840855.9058,2.4232662271558536,1.5337801174305452,HIGH_EDGE,,,,,,,,,,,,,,,,,,,,,,,,,,,,,,,,,,,,,,,,,,,,,,,,,,,,,,,,,,,,,,,,,
2026-08-26T20:50:55.428040,SPCXSTOCK_USDT,LOSS,LONG,37.0,138.21,137.726265,139.17747,137.726265,-1.0,,,,,,,,SL,,,,,,,,,,,,,,,,,,,,,,,,,,,,,,,,,,,,,,,,,,,,,,,,,,,,,,,,,,,,,,,,,
2026-08-26T20:50:55.428185,SPCXSTOCK_USDT,OPEN,SHORT,35.0,137.59,138.07156500000002,136.62687,,,5.882352941176805,33.33333333333333,39.860139860138794,0.0072679700559567595,35643454.8694,0.4370710195952914,1.2038803329595127,HIGH_EDGE,,,,,,,,,,,,,,,,,,,,,,,,,,,,,,,,,,,,,,,,,,,,,,,,,,,,,,,,,,,,,,,,,
2026-08-26T21:01:24.834823,USOIL_USDT,OPEN,LONG,39.0,80.6,80.3179,81.16419999999998,,,73.5849056603773,60.937500000000036,63.21839080459807,0.024813895781632785,64585197.80029,0.12773771308144447,5.0050646646764365,HIGH_EDGE,,,,,,,,,,,,,,,,,,,,,,,,,,,,,,,,,,,,,,,,,,,,,,,,,,,,,,,,,,,,,,,,,
2026-08-26T21:20:57.715086,FARTCOIN_USDT,OPEN,LONG,36.0,0.21401,0.21049314285714288,0.2210437142857143,,,67.62360446570966,58.399004562422256,57.02614379084967,0.01401803654034963,21034594.5995,1.0406714191391175,1.063166267268234,HIGH_EDGE,,,,,,,,,,,,,,,,,,,,,,,,,,,,,,,,,,,,,,,,,,,,,,,,,,,,,,,,,,,,,,,,,
2026-08-26T21:31:09.373814,XRP_USDT,LOSS,SHORT,35.0,1.4144,1.4210514285714286,1.401097142857143,1.4210514285714286,-1.0,,,,,,,,SL,,,,,,,,,,,,,,,,,,,,,,,,,,,,,,,,,,,,,,,,,,,,,,,,,,,,,,,,,,,,,,,,,
2026-08-26T21:31:09.373902,USOIL_USDT,LOSS,LONG,39.0,80.6,80.3179,81.16419999999998,80.3179,-1.0,,,,,,,,SL,,,,,,,,,,,,,,,,,,,,,,,,,,,,,,,,,,,,,,,,,,,,,,,,,,,,,,,,,,,,,,,,,
2026-08-26T21:31:09.373972,DOGE_USDT,OPEN,LONG,37.0,0.08579,0.08548973500000001,0.08639053,,,89.41176470588178,52.0930232558141,57.45257452574524,0.01165637020632941,88599484.313,1.6040225833328479,1.1014926535630636,HIGH_EDGE,,,,,,,,,,,,,,,,,,,,,,,,,,,,,,,,,,,,,,,,,,,,,,,,,,,,,,,,,,,,,,,,,
2026-08-26T21:31:09.374024,ENA_USDT,OPEN,LONG,35.0,0.14246,0.1414382857142857,0.14450342857142856,,,82.5203252032516,58.08383233532933,58.04749340369389,0.02105854274884336,33503008.5,3.1009895799200473,0.8425220209027429,HIGH_EDGE,,,,,,,,,,,,,,,,,,,,,,,,,,,,,,,,,,,,,,,,,,,,,,,,,,,,,,,,,,,,,,,,,
2026-08-26T21:31:09.374067,LINK_USDT,OPEN,LONG,38.0,11.334,11.294331,11.413337999999998,,,85.71428571428508,53.113553113552975,68.06387225548896,0.008823010411147397,33289069.1088,1.8079873438678464,3.6494730654133183,HIGH_EDGE,,,,,,,,,,,,,,,,,,,,,,,,,,,,,,,,,,,,,,,,,,,,,,,,,,,,,,,,,,,,,,,,,
2026-08-26T21:31:09.374105,KORU_USDT,OPEN,LONG,36.0,20.74,20.62342857142857,20.973142857142854,,,64.58333333333344,56.0606060606059,63.55140186915892,0.04821600771456878,32542192.64688,0.38348858943822967,0.1152719326274656,HIGH_EDGE,,,,,,,,,,,,,,,,,,,,,,,,,,,,,,,,,,,,,,,,,,,,,,,,,,,,,,,,,,,,,,,,,
2026-08-26T21:41:04.149348,SILVER_USDT,LOSS,SHORT,36.0,68.75,68.99062500000001,68.26875,68.99062500000001,-1.0,,,,,,,,SL,,,,,,,,,,,,,,,,,,,,,,,,,,,,,,,,,,,,,,,,,,,,,,,,,,,,,,,,,,,,,,,,,
2026-08-26T21:41:04.149447,SPCXSTOCK_USDT,WIN,SHORT,35.0,137.59,138.07156500000002,136.62687,136.62687,2.0,,,,,,,,TP,,,,,,,,,,,,,,,,,,,,,,,,,,,,,,,,,,,,,,,,,,,,,,,,,,,,,,,,,,,,,,,,,
2026-08-26T21:41:04.149493,DOGE_USDT,WIN,LONG,37.0,0.08579,0.08548973500000001,0.08639053,0.08639053,2.0,,,,,,,,TP,,,,,,,,,,,,,,,,,,,,,,,,,,,,,,,,,,,,,,,,,,,,,,,,,,,,,,,,,,,,,,,,,
2026-08-26T21:41:04.149523,LINK_USDT,WIN,LONG,38.0,11.334,11.294331,11.413337999999998,11.413337999999998,2.0,,,,,,,,TP,,,,,,,,,,,,,,,,,,,,,,,,,,,,,,,,,,,,,,,,,,,,,,,,,,,,,,,,,,,,,,,,,
2026-08-26T21:41:04.149547,KORU_USDT,LOSS,LONG,36.0,20.74,20.62342857142857,20.973142857142854,20.62342857142857,-1.0,,,,,,,,SL,,,,,,,,,,,,,,,,,,,,,,,,,,,,,,,,,,,,,,,,,,,,,,,,,,,,,,,,,,,,,,,,,
2026-08-26T21:50:54.278010,ZEC_USDT,OPEN,SHORT,39.0,781.08,785.5354285714285,772.1691428571429,,,28.70036101083035,43.56326078937663,45.995475113122104,0.0012802785886197193,206798774.7667,1.0829950412373783,1.0365479240226751,HIGH_EDGE,,,,,,,,,,,,,,,,,,,,,,,,,,,,,,,,,,,,,,,,,,,,,,,,,,,,,,,,,,,,,,,,,
2026-08-26T22:01:15.403265,SNDKSTOCK_USDT,OPEN,SHORT,41.0,1453.0,1460.3174285714288,1438.365142857143,,,33.67662203913538,32.8072692491632,38.47222222222227,0.0006882312456979288,191553730.35799,0.4186223566717438,1.1129561026202037,HIGH_EDGE,,,,,,,,,,,,,,,,,,,,,,,,,,,,,,,,,,,,,,,,,,,,,,,,,,,,,,,,,,,,,,,,,
2026-08-26T22:01:15.403395,SKHYNIXSTOCK_USDT,OPEN,SHORT,40.0,1208.41,1212.639435,1199.9511300000001,,,43.66812227074219,39.491997216422604,42.229508196721355,0.0024826011039276994,78804570.19869,2.510263655168712,0.7629701869440675,HIGH_EDGE,,,,,,,,,,,,,,,,,,,,,,,,,,,,,,,,,,,,,,,,,,,,,,,,,,,,,,,,,,,,,,,,,
2026-08-26T22:01:15.403465,USOIL_USDT,OPEN,LONG,41.0,80.63,80.347795,81.19440999999999,,,71.28712871287081,56.880733944954365,61.82795698924735,0.024804663276691084,64980997.94153,0.7472830969983559,6.240357500388758,HIGH_EDGE,,,,,,,,,,,,,,,,,,,,,,,,,,,,,,,,,,,,,,,,,,,,,,,,,,,,,,,,,,,,,,,,,
2026-08-26T22:10:54.792474,FARTCOIN_USDT,LOSS,LONG,36.0,0.21401,0.21049314285714288,0.2210437142857143,0.21049314285714288,-1.0,,,,,,,,SL,,,,,,,,,,,,,,,,,,,,,,,,,,,,,,,,,,,,,,,,,,,,,,,,,,,,,,,,,,,,,,,,,
2026-08-26T22:10:54.792596,BTC_USDT,OPEN,SHORT,35.0,78034.8,78307.92180000001,77488.5564,,,31.106612685559682,35.46666666666695,43.80814439307011,0.00012814795449116143,5272864770.6938,1.6426462630034115,1.6628036064990184,HIGH_EDGE,,,,,,,,,,,,,,,,,,,,,,,,,,,,,,,,,,,,,,,,,,,,,,,,,,,,,,,,,,,,,,,,,
2026-08-26T22:10:54.792696,SAMSUNGSTOCK_USDT,OPEN,SHORT,37.0,186.67,187.323345,185.36330999999998,,,38.202247191011594,34.34125269978432,45.03424657534241,0.0053570471955809214,156703774.6875,0.7187054820227724,0.5613216575260301,HIGH_EDGE,,,,,,,,,,,,,,,,,,,,,,,,,,,,,,,,,,,,,,,,,,,,,,,,,,,,,,,,,,,,,,,,,
2026-08-26T22:10:54.792770,SPCXSTOCK_USDT,OPEN,SHORT,36.0,136.54,137.01789,135.58422,,,34.73684210526203,28.98550724637701,19.07216494845295,0.014647722279193082,37431896.3084,2.129026138054814,1.8541478677651084,HIGH_EDGE,,,,,,,,,,,,,,,,,,,,,,,,,,,,,,,,,,,,,,,,,,,,,,,,,,,,,,,,,,,,,,,,,
2026-08-26T22:10:54.792875,KORU_USDT,OPEN,SHORT,38.0,20.3,20.489428571428572,19.921142857142858,,,46.15384615384608,36.13445378151246,46.25850340136055,0.04926108374383256,31247902.01197,0.04293396823373492,0.04936576851994904,HIGH_EDGE,,,,,,,,,,,,,,,,,,,,,,,,,,,,,,,,,,,,,,,,,,,,,,,,,,,,,,,,,,,,,,,,,
2026-08-26T22:21:04.355778,ENA_USDT,LOSS,LONG,35.0,0.14246,0.1414382857142857,0.14450342857142856,0.1414382857142857,-1.0,,,,,,,,SL,,,,,,,,,,,,,,,,,,,,,,,,,,,,,,,,,,,,,,,,,,,,,,,,,,,,,,,,,,,,,,,,,
2026-08-26T22:21:04.355853,SAMSUNGSTOCK_USDT,LOSS,SHORT,37.0,186.67,187.323345,185.36330999999998,187.323345,-1.0,,,,,,,,SL,,,,,,,,,,,,,,,,,,,,,,,,,,,,,,,,,,,,,,,,,,,,,,,,,,,,,,,,,,,,,,,,,
2026-08-26T22:21:04.355896,XRP_USDT,OPEN,SHORT,39.0,1.3882,1.3986828571428573,1.3672342857142858,,,7.766990291262289,26.5082266910418,41.23711340206188,0.007203572972193414,697731651.4193,1.8042479718620976,1.9660596542554614,HIGH_EDGE,,,,,,,,,,,,,,,,,,,,,,,,,,,,,,,,,,,,,,,,,,,,,,,,,,,,,,,,,,,,,,,,,
2026-08-26T22:21:04.355932,DOGE_USDT,OPEN,SHORT,36.0,0.08572,0.08612714285714287,0.08490571428571429,,,28.571428571428086,38.28828828828845,51.17924528301891,0.01166588894073276,86710936.314,1.2023704450888917,1.7490813403089187,HIGH_EDGE,,,,,,,,,,,,,,,,,,,,,,,,,,,,,,,,,,,,,,,,,,,,,,,,,,,,,,,,,,,,,,,,,
2026-08-26T22:21:04.355964,PEPE_USDT,OPEN,SHORT,37.0,3.749e-06,3.7725114285714286e-06,3.701977142857143e-06,,,24.317617866005037,35.974130962004935,45.431726907630505,0.005334755934916379,83132896.497,0.44690070066963483,1.0767299080801946,HIGH_EDGE,,,,,,,,,,,,,,,,,,,,,,,,,,,,,,,,,,,,,,,,,,,,,,,,,,,,,,,,,,,,,,,,,
2026-08-26T22:21:04.355991,TAO_USDT,OPEN,SHORT,37.0,231.39,232.80342857142858,228.56314285714285,,,35.36121673003866,34.79809976247023,51.345755693581836,0.008643415877947107,40901541.1583,0.1288357865735267,1.0576759836808414,HIGH_EDGE,,,,,,,,,,,,,,,,,,,,,,,,,,,,,,,,,,,,,,,,,,,,,,,,,,,,,,,,,,,,,,,,,
2026-08-26T22:31:13.304656,ZEC_USDT,WIN,SHORT,39.0,781.08,785.5354285714285,772.1691428571429,772.1691428571429,2.0,,,,,,,,TP,,,,,,,,,,,,,,,,,,,,,,,,,,,,,,,,,,,,,,,,,,,,,,,,,,,,,,,,,,,,,,,,,
2026-08-26T22:31:13.304760,SKHYNIXSTOCK_USDT,LOSS,SHORT,40.0,1208.41,1212.639435,1199.9511300000001,1212.639435,-1.0,,,,,,,,SL,,,,,,,,,,,,,,,,,,,,,,,,,,,,,,,,,,,,,,,,,,,,,,,,,,,,,,,,,,,,,,,,,
2026-08-26T22:31:13.304826,SPCXSTOCK_USDT,LOSS,SHORT,36.0,136.54,137.01789,135.58422,137.01789,-1.0,,,,,,,,SL,,,,,,,,,,,,,,,,,,,,,,,,,,,,,,,,,,,,,,,,,,,,,,,,,,,,,,,,,,,,,,,,,
2026-08-26T22:31:13.304876,KORU_USDT,LOSS,SHORT,38.0,20.3,20.489428571428572,19.921142857142858,20.489428571428572,-1.0,,,,,,,,SL,,,,,,,,,,,,,,,,,,,,,,,,,,,,,,,,,,,,,,,,,,,,,,,,,,,,,,,,,,,,,,,,,
2026-08-26T22:31:13.304934,SOL_USDT,OPEN,SHORT,39.0,96.18,96.71228571428573,95.11542857142858,,,30.909090909090494,35.01683501683493,48.05725971370145,0.01039717196922969,1364277760.548,1.916057524864101,1.9339604023444306,HIGH_EDGE,,,,,,,,,,,,,,,,,,,,,,,,,,,,,,,,,,,,,,,,,,,,,,,,,,,,,,,,,,,,,,,,,
2026-08-26T22:31:13.305023,ZEC_USDT,OPEN,SHORT,38.0,769.43,775.9391428571428,756.4117142857142,,,35.75311800447723,24.257990867579935,32.11556383970189,0.0012996633871815376,203244751.499,0.6382441695502376,2.872264811900289,HIGH_EDGE,,,,,,,,,,,,,,,,,,,,,,,,,,,,,,,,,,,,,,,,,,,,,,,,,,,,,,,,,,,,,,,,,
2026-08-26T22:31:13.305088,SUI_USDT,OPEN,SHORT,41.0,0.7481,0.7526942857142858,0.7389114285714286,,,33.33333333333333,33.067729083665355,40.18691588785045,0.013367196898808848,59780230.6893,0.25406521865076104,1.567684951597923,HIGH_EDGE,,,,,,,,,,,,,,,,,,,,,,,,,,,,,,,,,,,,,,,,,,,,,,,,,,,,,,,,,,,,,,,,,
2026-08-26T22:31:13.305145,ENA_USDT,OPEN,SHORT,37.0,0.1394,0.14063171428571428,0.13693657142857144,,,36.19909502262456,23.809523809523796,45.125887669464234,0.007173601147783358,33815773.8382,0.8835046645671163,2.683952678754273,HIGH_EDGE,,,,,,,,,,,,,,,,,,,,,,,,,,,,,,,,,,,,,,,,,,,,,,,,,,,,,,,,,,,,,,,,,
2026-08-26T22:41:05.471222,SNDKSTOCK_USDT,LOSS,SHORT,41.0,1453.0,1460.3174285714288,1438.365142857143,1460.3174285714288,-1.0,,,,,,,,SL,,,,,,,,,,,,,,,,,,,,,,,,,,,,,,,,,,,,,,,,,,,,,,,,,,,,,,,,,,,,,,,,,
2026-08-26T22:41:05.471330,USOIL_USDT,WIN,LONG,41.0,80.63,80.347795,81.19440999999999,81.19440999999999,2.0,,,,,,,,TP,,,,,,,,,,,,,,,,,,,,,,,,,,,,,,,,,,,,,,,,,,,,,,,,,,,,,,,,,,,,,,,,,
2026-08-26T22:41:05.471400,BTC_USDT,LOSS,SHORT,35.0,78034.8,78307.92180000001,77488.5564,78307.92180000001,-1.0,,,,,,,,SL,,,,,,,,,,,,,,,,,,,,,,,,,,,,,,,,,,,,,,,,,,,,,,,,,,,,,,,,,,,,,,,,,
2026-08-26T22:41:05.471454,XRP_USDT,LOSS,SHORT,39.0,1.3882,1.3986828571428573,1.3672342857142858,1.3986828571428573,-1.0,,,,,,,,SL,,,,,,,,,,,,,,,,,,,,,,,,,,,,,,,,,,,,,,,,,,,,,,,,,,,,,,,,,,,,,,,,,
2026-08-26T22:41:05.471508,ZEC_USDT,LOSS,SHORT,38.0,769.43,775.9391428571428,756.4117142857142,775.9391428571428,-1.0,,,,,,,,SL,,,,,,,,,,,,,,,,,,,,,,,,,,,,,,,,,,,,,,,,,,,,,,,,,,,,,,,,,,,,,,,,,
2026-08-26T22:41:05.471554,SUI_USDT,LOSS,SHORT,41.0,0.7481,0.7526942857142858,0.7389114285714286,0.7526942857142858,-1.0,,,,,,,,SL,,,,,,,,,,,,,,,,,,,,,,,,,,,,,,,,,,,,,,,,,,,,,,,,,,,,,,,,,,,,,,,,,
2026-08-26T22:41:05.471600,ENA_USDT,LOSS,SHORT,37.0,0.1394,0.14063171428571428,0.13693657142857144,0.14063171428571428,-1.0,,,,,,,,SL,,,,,,,,,,,,,,,,,,,,,,,,,,,,,,,,,,,,,,,,,,,,,,,,,,,,,,,,,,,,,,,,,
2026-08-26T22:50:59.298036,DOGE_USDT,LOSS,SHORT,36.0,0.08572,0.08612714285714287,0.08490571428571429,0.08612714285714287,-1.0,,,,,,,,SL,,,,,,,,,,,,,,,,,,,,,,,,,,,,,,,,,,,,,,,,,,,,,,,,,,,,,,,,,,,,,,,,,
2026-08-26T22:50:59.298134,PEPE_USDT,LOSS,SHORT,37.0,3.749e-06,3.7725114285714286e-06,3.701977142857143e-06,3.7725114285714286e-06,-1.0,,,,,,,,SL,,,,,,,,,,,,,,,,,,,,,,,,,,,,,,,,,,,,,,,,,,,,,,,,,,,,,,,,,,,,,,,,,
2026-08-26T22:50:59.298207,SOL_USDT,LOSS,SHORT,39.0,96.18,96.71228571428573,95.11542857142858,96.71228571428573,-1.0,,,,,,,,SL,,,,,,,,,,,,,,,,,,,,,,,,,,,,,,,,,,,,,,,,,,,,,,,,,,,,,,,,,,,,,,,,,
2026-08-26T23:01:14.803135,NAS100_USDT,LOSS,SHORT,36.0,29148.0,29250.018,28943.964,29250.018,-1.0,,,,,,,,SL,,,,,,,,,,,,,,,,,,,,,,,,,,,,,,,,,,,,,,,,,,,,,,,,,,,,,,,,,,,,,,,,,
2026-08-26T23:31:11.438724,SOXL_USDT,OPEN,SHORT,41.0,113.43,114.888,110.51400000000001,,,32.28571428571442,46.66666666666666,36.97875688434304,0.00881600987392304,541291159.4897,0.902002965182043,1.2579232097332311,HIGH_EDGE,,,,,,,,,,,,,,,,,,,,,,,,,,,,,,,,,,,,,,,,,,,,,,,,,,,,,,,,,,,,,,,,,
2026-08-26T23:31:11.438878,PEPE_USDT,OPEN,SHORT,36.0,3.7245e-06,3.7469400000000003e-06,3.67962e-06,,,24.067796610169793,42.13986849970107,31.299524564183912,0.008054772452673132,79990506.122,1.6598516448517477,2.6427336005062223,HIGH_EDGE,,,,,,,,,,,,,,,,,,,,,,,,,,,,,,,,,,,,,,,,,,,,,,,,,,,,,,,,,,,,,,,,,
2026-08-26T23:31:11.438960,DOGE_USDT,OPEN,SHORT,39.0,0.08533,0.08576800000000001,0.084454,,,18.4466019417482,41.01694915254227,33.80566801619425,0.011719207781565688,78540967.078,2.108016896750886,1.656783657558721,HIGH_EDGE,,,,,,,,,,,,,,,,,,,,,,,,,,,,,,,,,,,,,,,,,,,,,,,,,,,,,,,,,,,,,,,,,
2026-08-26T23:31:11.439023,SUI_USDT,OPEN,SHORT,37.0,0.7464,0.7513542857142856,0.7364914285714286,,,29.411764705881353,45.61403508771925,33.33333333333319,0.013397642015003885,56540892.9715,1.0975684459868893,1.7281940278473484,HIGH_EDGE,,,,,,,,,,,,,,,,,,,,,,,,,,,,,,,,,,,,,,,,,,,,,,,,,,,,,,,,,,,,,,,,,
2026-08-26T23:31:11.439107,SPCXSTOCK_USDT,OPEN,SHORT,36.0,136.42,137.5985714285714,134.06285714285715,,,43.60902255639091,46.123521681997346,34.912280701754284,0.00733030347455718,42008446.9493,0.6126530817848603,0.6677139807264253,HIGH_EDGE,,,,,,,,,,,,,,,,,,,,,,,,,,,,,,,,,,,,,,,,,,,,,,,,,,,,,,,,,,,,,,,,,
2026-08-26T23:41:05.823043,TAO_USDT,WIN,SHORT,37.0,231.39,232.80342857142858,228.56314285714285,228.56314285714285,2.0,,,,,,,,TP,,,,,,,,,,,,,,,,,,,,,,,,,,,,,,,,,,,,,,,,,,,,,,,,,,,,,,,,,,,,,,,,,
2026-08-26T23:41:05.823174,SOL_USDT,OPEN,SHORT,37.0,95.89,96.38971428571428,94.89057142857143,,,33.10344827586228,48.13432835820907,37.627811860940504,0.010428616122645862,1372291377.51,0.7341195748994399,1.5237236206213203,HIGH_EDGE,,,,,,,,,,,,,,,,,,,,,,,,,,,,,,,,,,,,,,,,,,,,,,,,,,,,,,,,,,,,,,,,,
2026-08-26T23:41:05.823248,ADA_USDT,OPEN,SHORT,37.0,0.2064,0.20775428571428572,0.20369142857142855,,,30.232558139535044,44.94382022471918,32.116788321167945,0.04844961240309544,26603552.1031,0.3712949729783585,3.6449536174486936,HIGH_EDGE,,,,,,,,,,,,,,,,,,,,,,,,,,,,,,,,,,,,,,,,,,,,,,,,,,,,,,,,,,,,,,,,,
2026-08-26T23:50:59.767879,SOXL_USDT,LOSS,SHORT,41.0,113.43,114.888,110.51400000000001,114.888,-1.0,,,,,,,,SL,,,,,,,,,,,,,,,,,,,,,,,,,,,,,,,,,,,,,,,,,,,,,,,,,,,,,,,,,,,,,,,,,
2026-08-26T23:50:59.767978,DOGE_USDT,WIN,SHORT,39.0,0.08533,0.08576800000000001,0.084454,0.084454,2.0,,,,,,,,TP,,,,,,,,,,,,,,,,,,,,,,,,,,,,,,,,,,,,,,,,,,,,,,,,,,,,,,,,,,,,,,,,,
2026-08-26T23:50:59.768047,SUI_USDT,WIN,SHORT,37.0,0.7464,0.7513542857142856,0.7364914285714286,0.7364914285714286,2.0,,,,,,,,TP,,,,,,,,,,,,,,,,,,,,,,,,,,,,,,,,,,,,,,,,,,,,,,,,,,,,,,,,,,,,,,,,,
2026-08-26T23:50:59.768120,MUSTOCK_USDT,OPEN,LONG,37.0,939.03,933.0634285714285,950.9631428571428,,,67.58508914100494,50.36311967161354,55.8870782648611,0.001064928703022364,543538494.6446,2.2719673630752735,4.2008913398199965,HIGH_EDGE,,,,,,,,,,,,,,,,,,,,,,,,,,,,,,,,,,,,,,,,,,,,,,,,,,,,,,,,,,,,,,,,,
2026-08-26T23:50:59.768198,DOGE_USDT,OPEN,SHORT,36.0,0.08476,0.08521428571428571,0.08385142857142858,,,33.043478260869264,26.254826254825915,29.666011787819215,0.011798017932982685,81293877.256,1.3276069232464256,2.2565490588976007,HIGH_EDGE,,,,,,,,,,,,,,,,,,,,,,,,,,,,,,,,,,,,,,,,,,,,,,,,,,,,,,,,,,,,,,,,,
2026-08-26T23:50:59.768266,TAO_USDT,OPEN,SHORT,37.0,228.0,229.3525714285714,225.29485714285713,,,33.4319526627218,26.07626076260786,27.694317439582022,0.021929824561396027,42236457.8548,0.3964835279116132,1.6850773589274415,HIGH_EDGE,,,,,,,,,,,,,,,,,,,,,,,,,,,,,,,,,,,,,,,,,,,,,,,,,,,,,,,,,,,,,,,,,
2026-08-26T23:50:59.768328,LINK_USDT,OPEN,SHORT,38.0,11.251,11.297542857142858,11.157914285714284,,,38.728323699422056,31.851851851851805,33.60258481421661,0.017776197671308253,37980649.3832,0.9217957291248718,1.5530715329184401,HIGH_EDGE,,,,,,,,,,,,,,,,,,,,,,,,,,,,,,,,,,,,,,,,,,,,,,,,,,,,,,,,,,,,,,,,,
2026-08-26T23:50:59.768450,PUMPFUN_USDT,OPEN,SHORT,38.0,0.004679,0.0047192,0.0045985999999999996,,,30.769230769230674,35.10204081632641,34.722222222222186,0.021372088053005615,30371678.5946,0.7643236393666623,0.39001576811078204,HIGH_EDGE,,,,,,,,,,,,,,,,,,,,,,,,,,,,,,,,,,,,,,,,,,,,,,,,,,,,,,,,,,,,,,,,,
2026-08-27T00:01:35.732706,PEPE_USDT,WIN,SHORT,36.0,3.7245e-06,3.7469400000000003e-06,3.67962e-06,3.67962e-06,2.0,,,,,,,,TP,,,,,,,,,,,,,,,,,,,,,,,,,,,,,,,,,,,,,,,,,,,,,,,,,,,,,,,,,,,,,,,,,
2026-08-27T00:01:35.732826,TAO_USDT,WIN,SHORT,37.0,228.0,229.3525714285714,225.29485714285713,225.29485714285713,2.0,,,,,,,,TP,,,,,,,,,,,,,,,,,,,,,,,,,,,,,,,,,,,,,,,,,,,,,,,,,,,,,,,,,,,,,,,,,
2026-08-27T00:01:35.732890,LINK_USDT,WIN,SHORT,38.0,11.251,11.297542857142858,11.157914285714284,11.157914285714284,2.0,,,,,,,,TP,,,,,,,,,,,,,,,,,,,,,,,,,,,,,,,,,,,,,,,,,,,,,,,,,,,,,,,,,,,,,,,,,
2026-08-27T00:01:35.732958,SILVER_USDT,OPEN,SHORT,36.0,67.93,68.16775500000001,67.45449,,,15.624999999999446,34.48275862068989,37.19008264462809,0.014721036360967343,179294796.6345,2.3701049787761272,0.7529370846295392,HIGH_EDGE,,,,,,,,,,,,,,,,,,,,,,,,,,,,,,,,,,,,,,,,,,,,,,,,,,,,,,,,,,,,,,,,,
2026-08-27T00:01:35.733026,TAO_USDT,OPEN,SHORT,35.0,226.73,228.21714285714287,223.75571428571428,,,39.09348441926331,23.237885462555113,24.65116279069771,0.022052661756266464,43086880.2337,1.268720108785026,6.822063171307127,HIGH_EDGE,,,,,,,,,,,,,,,,,,,,,,,,,,,,,,,,,,,,,,,,,,,,,,,,,,,,,,,,,,,,,,,,,
2026-08-27T00:31:40.297293,XAUT_USDT,WIN,SHORT,42.0,4612.3,4628.443050000001,4580.0139,4580.0139,2.0,,,,,,,,TP,,,,,,,,,,,,,,,,,,,,,,,,,,,,,,,,,,,,,,,,,,,,,,,,,,,,,,,,,,,,,,,,,
2026-08-27T00:31:40.297373,XAU_USDT,WIN,SHORT,38.0,4628.3,4644.49905,4595.9019,4595.9019,2.0,,,,,,,,TP,,,,,,,,,,,,,,,,,,,,,,,,,,,,,,,,,,,,,,,,,,,,,,,,,,,,,,,,,,,,,,,,,
2026-08-27T00:31:40.297441,PUMPFUN_USDT,LOSS,SHORT,38.0,0.004679,0.0047192,0.0045985999999999996,0.0047192,-1.0,,,,,,,,SL,,,,,,,,,,,,,,,,,,,,,,,,,,,,,,,,,,,,,,,,,,,,,,,,,,,,,,,,,,,,,,,,,
2026-08-27T00:31:40.297473,TAO_USDT,LOSS,SHORT,35.0,226.73,228.21714285714287,223.75571428571428,228.21714285714287,-1.0,,,,,,,,SL,,,,,,,,,,,,,,,,,,,,,,,,,,,,,,,,,,,,,,,,,,,,,,,,,,,,,,,,,,,,,,,,,
2026-08-27T00:45:33.814862,HYPE_USDT,OPEN,SHORT,36.0,80.751,81.24694285714287,79.75911428571429,,,44.24841213832046,32.98392732354979,42.47187293183327,0.0012383747569748669,285150613.8618,1.0806689711550195,0.6249139085069763,HIGH_EDGE,,,,,,,,,,,,,,,,,,,,,,,,,,,,,,,,,,,,,,,,,,,,,,,,,,,,,,,,,,,,,,,,,
2026-08-27T00:51:10.041587,SILVER_USDT,LOSS,SHORT,36.0,67.93,68.16775500000001,67.45449,68.16775500000001,-1.0,,,,,,,,SL,,,,,,,,,,,,,,,,,,,,,,,,,,,,,,,,,,,,,,,,,,,,,,,,,,,,,,,,,,,,,,,,,
2026-08-27T01:31:08.677549,ADA_USDT,WIN,SHORT,37.0,0.2064,0.20775428571428572,0.20369142857142855,0.20369142857142855,2.0,,,,,,,,TP,,,,,,,,,,,,,,,,,,,,,,,,,,,,,,,,,,,,,,,,,,,,,,,,,,,,,,,,,,,,,,,,,
2026-08-27T01:31:08.677650,ENA_USDT,OPEN,SHORT,35.0,0.13588,0.13695657142857143,0.13372685714285715,,,32.2033898305086,26.740506329113913,24.193548387096925,0.007359434795394646,33401294.7781,0.7370936575368862,5.4530358698663495,HIGH_EDGE,,,,,,,,,,,,,,,,,,,,,,,,,,,,,,,,,,,,,,,,,,,,,,,,,,,,,,,,,,,,,,,,,
2026-08-27T01:41:10.006786,HYPE_USDT,WIN,SHORT,36.0,80.751,81.24694285714287,79.75911428571429,79.75911428571429,2.0,,,,,,,,TP,,,,,,,,,,,,,,,,,,,,,,,,,,,,,,,,,,,,,,,,,,,,,,,,,,,,,,,,,,,,,,,,,
2026-08-27T01:41:10.006915,ETH_USDT,OPEN,SHORT,38.0,2438.87,2447.406045,2421.79791,,,32.78846153846203,35.20131857781969,45.70846668606343,0.0004100259546332331,2142977073.6749,2.0659576969322817,1.469113611645655,HIGH_EDGE,,,,,,,,,,,,,,,,,,,,,,,,,,,,,,,,,,,,,,,,,,,,,,,,,,,,,,,,,,,,,,,,,
2026-08-27T01:41:10.006997,XAU_USDT,OPEN,SHORT,35.0,4591.01,4607.078535000001,4558.87293,,,19.51909476662061,40.88693957114952,41.134366222705644,0.0006534509835669022,810925532.67624,1.8442390727477163,0.9062124679169385,HIGH_EDGE,,,,,,,,,,,,,,,,,,,,,,,,,,,,,,,,,,,,,,,,,,,,,,,,,,,,,,,,,,,,,,,,,
2026-08-27T01:41:10.007059,XAUT_USDT,OPEN,SHORT,36.0,4574.5,4590.51075,4542.4785,,,20.754716981136454,38.14713896457843,38.97550111358566,0.008744125040980134,390611372.8265,2.5904527889212208,0.6929136601581146,HIGH_EDGE,,,,,,,,,,,,,,,,,,,,,,,,,,,,,,,,,,,,,,,,,,,,,,,,,,,,,,,,,,,,,,,,,
2026-08-27T01:41:10.007142,ZEC_USDT,OPEN,SHORT,39.0,760.99,767.2548571428572,748.4602857142858,,,33.36974330966703,29.74863954392319,39.29197895072559,0.009198544001898845,193652852.9837,1.9313927368026957,1.523141807755253,HIGH_EDGE,,,,,,,,,,,,,,,,,,,,,,,,,,,,,,,,,,,,,,,,,,,,,,,,,,,,,,,,,,,,,,,,,
2026-08-27T01:50:57.572181,DOGE_USDT,WIN,SHORT,36.0,0.08476,0.08521428571428571,0.08385142857142858,0.08385142857142858,2.0,,,,,,,,TP,,,,,,,,,,,,,,,,,,,,,,,,,,,,,,,,,,,,,,,,,,,,,,,,,,,,,,,,,,,,,,,,,
2026-08-27T01:50:57.572279,ENA_USDT,LOSS,SHORT,35.0,0.13588,0.13695657142857143,0.13372685714285715,0.13695657142857143,-1.0,,,,,,,,SL,,,,,,,,,,,,,,,,,,,,,,,,,,,,,,,,,,,,,,,,,,,,,,,,,,,,,,,,,,,,,,,,,
2026-08-27T01:50:57.572372,ETH_USDT,LOSS,SHORT,38.0,2438.87,2447.406045,2421.79791,2447.406045,-1.0,,,,,,,,SL,,,,,,,,,,,,,,,,,,,,,,,,,,,,,,,,,,,,,,,,,,,,,,,,,,,,,,,,,,,,,,,,,
2026-08-27T01:50:57.572430,ZEC_USDT,LOSS,SHORT,39.0,760.99,767.2548571428572,748.4602857142858,767.2548571428572,-1.0,,,,,,,,SL,,,,,,,,,,,,,,,,,,,,,,,,,,,,,,,,,,,,,,,,,,,,,,,,,,,,,,,,,,,,,,,,,
2026-08-27T02:21:12.477217,SPCXSTOCK_USDT,LOSS,SHORT,36.0,136.42,137.5985714285714,134.06285714285715,137.5985714285714,-1.0,,,,,,,,SL,,,,,,,,,,,,,,,,,,,,,,,,,,,,,,,,,,,,,,,,,,,,,,,,,,,,,,,,,,,,,,,,,
2026-08-27T02:21:12.477318,SOL_USDT,LOSS,SHORT,37.0,95.89,96.38971428571428,94.89057142857143,96.38971428571428,-1.0,,,,,,,,SL,,,,,,,,,,,,,,,,,,,,,,,,,,,,,,,,,,,,,,,,,,,,,,,,,,,,,,,,,,,,,,,,,
2026-08-27T02:41:21.790138,XAUT_USDT,LOSS,SHORT,36.0,4574.5,4590.51075,4542.4785,4590.51075,-1.0,,,,,,,,SL,,,,,,,,,,,,,,,,,,,,,,,,,,,,,,,,,,,,,,,,,,,,,,,,,,,,,,,,,,,,,,,,,
2026-08-27T03:10:56.300041,XAU_USDT,LOSS,SHORT,35.0,4591.01,4607.078535000001,4558.87293,4607.078535000001,-1.0,,,,,,,,SL,,,,,,,,,,,,,,,,,,,,,,,,,,,,,,,,,,,,,,,,,,,,,,,,,,,,,,,,,,,,,,,,,
2026-08-27T03:51:19.672432,SOXL_USDT,OPEN,LONG,36.0,116.67,116.261655,117.48669,,,59.124087591241036,63.15789473684211,60.144927536231954,0.008571183680458477,335788546.1144,0.08886174732548109,0.8157629541032294,HIGH_EDGE,,,,,,,,,,,,,,,,,,,,,,,,,,,,,,,,,,,,,,,,,,,,,,,,,,,,,,,,,,,,,,,,,
2026-08-27T04:01:19.469569,ZEC_USDT,OPEN,LONG,36.0,786.57,782.6022857142858,794.5054285714286,,,77.41071428571384,74.30673457838127,57.23221266614541,0.039411622614636384,188224501.8214,0.5408844547321718,2.3019908058835985,HIGH_EDGE,,,,,,,,,,,,,,,,,,,,,,,,,,,,,,,,,,,,,,,,,,,,,,,,,,,,,,,,,,,,,,,,,
2026-08-27T04:11:04.727191,ZEC_USDT,LOSS,LONG,36.0,786.57,782.6022857142858,794.5054285714286,782.6022857142858,-1.0,,,,,,,,SL,,,,,,,,,,,,,,,,,,,,,,,,,,,,,,,,,,,,,,,,,,,,,,,,,,,,,,,,,,,,,,,,,
2026-08-27T04:31:10.155620,KORU_USDT,OPEN,LONG,36.0,20.74,20.654285714285713,20.91142857142857,,,54.54545454545415,61.53846153846149,55.91397849462363,0.04821600771456878,24554433.69237,1944.96060928957,0.007450843877622346,HIGH_EDGE,,,,,,,,,,,,,,,,,,,,,,,,,,,,,,,,,,,,,,,,,,,,,,,,,,,,,,,,,,,,,,,,,
2026-08-27T04:41:00.854313,SOXL_USDT,LOSS,LONG,36.0,116.67,116.261655,117.48669,116.261655,-1.0,,,,,,,,SL,,,,,,,,,,,,,,,,,,,,,,,,,,,,,,,,,,,,,,,,,,,,,,,,,,,,,,,,,,,,,,,,,
2026-08-27T04:50:56.400025,KORU_USDT,LOSS,LONG,36.0,20.74,20.654285714285713,20.91142857142857,20.654285714285713,-1.0,,,,,,,,SL,,,,,,,,,,,,,,,,,,,,,,,,,,,,,,,,,,,,,,,,,,,,,,,,,,,,,,,,,,,,,,,,,
2026-08-27T05:01:11.980590,SKHYNIXSTOCK_USDT,OPEN,SHORT,36.0,1217.26,1221.52041,1208.73918,,,35.333333333332405,39.31575995513191,35.72744014732946,0.0008215171779234432,63062658.07637,0.06575608003525929,0.583880539826436,HIGH_EDGE,,,,,,,,,,,,,,,,,,,,,,,,,,,,,,,,,,,,,,,,,,,,,,,,,,,,,,,,,,,,,,,,,
2026-08-27T05:21:01.869813,SKHYNIXSTOCK_USDT,LOSS,SHORT,36.0,1217.26,1221.52041,1208.73918,1221.52041,-1.0,,,,,,,,SL,,,,,,,,,,,,,,,,,,,,,,,,,,,,,,,,,,,,,,,,,,,,,,,,,,,,,,,,,,,,,,,,,
2026-08-27T05:21:01.869952,SOXL_USDT,OPEN,LONG,38.0,117.35,116.56228571428571,118.92542857142857,,,59.87261146496808,59.05797101449274,77.08333333333324,0.008521516830000098,329684666.2144,2.093195701124692,1.653897450212701,HIGH_EDGE,,,,,,,,,,,,,,,,,,,,,,,,,,,,,,,,,,,,,,,,,,,,,,,,,,,,,,,,,,,,,,,,,
2026-08-27T05:21:01.870053,SOXS_USDT,OPEN,SHORT,36.0,48.06,48.348000000000006,47.484,,,35.18518518518482,41.121495327102835,22.727272727272776,0.02080732417812134,24129457.28,0.00971045197740113,0.4780612628885377,HIGH_EDGE,,,,,,,,,,,,,,,,,,,,,,,,,,,,,,,,,,,,,,,,,,,,,,,,,,,,,,,,,,,,,,,,,
2026-08-27T05:31:14.599934,SOXL_USDT,LOSS,LONG,38.0,117.35,116.56228571428571,118.92542857142857,116.56228571428571,-1.0,,,,,,,,SL,,,,,,,,,,,,,,,,,,,,,,,,,,,,,,,,,,,,,,,,,,,,,,,,,,,,,,,,,,,,,,,,,
2026-08-27T05:31:14.600071,NVIDIA_USDT,OPEN,SHORT,40.0,206.67,208.128,203.754,,,32.96960249415443,23.264781491002594,33.29341317365272,0.0048386316349692295,27999702.2125,0.6283924210624726,1.7522381942540715,HIGH_EDGE,,,,,,,,,,,,,,,,,,,,,,,,,,,,,,,,,,,,,,,,,,,,,,,,,,,,,,,,,,,,,,,,,
2026-08-27T05:41:07.438117,NVIDIA_USDT,LOSS,SHORT,40.0,206.67,208.128,203.754,208.128,-1.0,,,,,,,,SL,,,,,,,,,,,,,,,,,,,,,,,,,,,,,,,,,,,,,,,,,,,,,,,,,,,,,,,,,,,,,,,,,
2026-08-27T05:51:05.408093,SAMSUNGSTOCK_USDT,OPEN,LONG,40.0,190.96,190.24257142857144,192.39485714285715,,,93.2432432432441,74.24242424242387,54.63917525773188,0.005236698785096002,168295119.0807,2.2130125981650823,1.7839577530612307,HIGH_EDGE,,,,,,,,,,,,,,,,,,,,,,,,,,,,,,,,,,,,,,,,,,,,,,,,,,,,,,,,,,,,,,,,,
2026-08-27T06:01:15.259476,MUSTOCK_USDT,WIN,LONG,37.0,939.03,933.0634285714285,950.9631428571428,950.9631428571428,2.0,,,,,,,,TP,,,,,,,,,,,,,,,,,,,,,,,,,,,,,,,,,,,,,,,,,,,,,,,,,,,,,,,,,,,,,,,,,
2026-08-27T06:01:15.259578,SOXS_USDT,WIN,SHORT,36.0,48.06,48.348000000000006,47.484,47.484,2.0,,,,,,,,TP,,,,,,,,,,,,,,,,,,,,,,,,,,,,,,,,,,,,,,,,,,,,,,,,,,,,,,,,,,,,,,,,,
2026-08-27T06:01:15.259669,SOXL_USDT,OPEN,LONG,35.0,118.96,117.72828571428572,121.42342857142856,,,79.60339943342773,66.40726329442276,73.3142037302726,0.00840618695360215,335957937.2338,1.6503906986262271,1.62853366149065,HIGH_EDGE,,,,,,,,,,,,,,,,,,,,,,,,,,,,,,,,,,,,,,,,,,,,,,,,,,,,,,,,,,,,,,,,,
2026-08-27T06:01:15.259744,PEPE_USDT,OPEN,LONG,39.0,3.7368e-06,3.7237212000000003e-06,3.7629575999999997e-06,,,66.28175519630499,62.98600311041998,50.556242274412895,0.0026760864911212607,80872334.012,2.3061122376425356,2.7637959579533096,HIGH_EDGE,,,,,,,,,,,,,,,,,,,,,,,,,,,,,,,,,,,,,,,,,,,,,,,,,,,,,,,,,,,,,,,,,
2026-08-27T06:11:00.935685,SAMSUNGSTOCK_USDT,WIN,LONG,40.0,190.96,190.24257142857144,192.39485714285715,192.39485714285715,2.0,,,,,,,,TP,,,,,,,,,,,,,,,,,,,,,,,,,,,,,,,,,,,,,,,,,,,,,,,,,,,,,,,,,,,,,,,,,
2026-08-27T06:11:00.935790,SOXL_USDT,WIN,LONG,35.0,118.96,117.72828571428572,121.42342857142856,121.42342857142856,2.0,,,,,,,,TP,,,,,,,,,,,,,,,,,,,,,,,,,,,,,,,,,,,,,,,,,,,,,,,,,,,,,,,,,,,,,,,,,
2026-08-27T06:11:00.935851,PEPE_USDT,WIN,LONG,39.0,3.7368e-06,3.7237212000000003e-06,3.7629575999999997e-06,3.7629575999999997e-06,2.0,,,,,,,,TP,,,,,,,,,,,,,,,,,,,,,,,,,,,,,,,,,,,,,,,,,,,,,,,,,,,,,,,,,,,,,,,,,
2026-08-27T06:11:00.935938,FARTCOIN_USDT,OPEN,LONG,35.0,0.20406,0.20241342857142855,0.20735314285714285,,,77.45241581259141,75.8511480601741,62.30954290296721,0.0049005194550671375,24794124.0336,1.732818250130055,1.6589096360680866,HIGH_EDGE,,,,,,,,,,,,,,,,,,,,,,,,,,,,,,,,,,,,,,,,,,,,,,,,,,,,,,,,,,,,,,,,,
2026-08-27T06:21:04.238989,ZEC_USDT,OPEN,LONG,35.0,790.23,786.6582857142857,797.3734285714286,,,76.96245733788362,66.03015075376885,65.03567787971453,0.0012654543613873056,182560359.9408,0.37978012095956704,2.5073845432211033,HIGH_EDGE,,,,,,,,,,,,,,,,,,,,,,,,,,,,,,,,,,,,,,,,,,,,,,,,,,,,,,,,,,,,,,,,,
2026-08-27T06:31:06.999652,SPCXSTOCK_USDT,OPEN,LONG,38.0,139.92,139.43027999999998,140.89943999999997,,,67.32673267326861,61.261261261260834,63.0555555555558,0.00714694110919876,40340406.028,1.6507035009534126,0.8888855680502111,HIGH_EDGE,,,,,,,,,,,,,,,,,,,,,,,,,,,,,,,,,,,,,,,,,,,,,,,,,,,,,,,,,,,,,,,,,
2026-08-27T06:41:04.973768,PEPE_USDT,OPEN,LONG,35.5,3.7988e-06,3.7811685714285715e-06,3.834062857142857e-06,,,62.14689265536736,90.38304808475955,72.42666666666656,0.0026324102348056163,88125704.365,0.7455783393215157,2.315847269331226,HIGH_EDGE,,,,,,,,,,,,,,,,,,,,,,,,,,,,,,,,,,,,,,,,,,,,,,,,,,,,,,,,,,,,,,,,,
2026-08-27T06:50:59.118351,FARTCOIN_USDT,WIN,LONG,35.0,0.20406,0.20241342857142855,0.20735314285714285,0.20735314285714285,2.0,,,,,,,,TP,,,,,,,,,,,,,,,,,,,,,,,,,,,,,,,,,,,,,,,,,,,,,,,,,,,,,,,,,,,,,,,,,
2026-08-27T06:50:59.118463,ZEC_USDT,LOSS,LONG,35.0,790.23,786.6582857142857,797.3734285714286,786.6582857142857,-1.0,,,,,,,,SL,,,,,,,,,,,,,,,,,,,,,,,,,,,,,,,,,,,,,,,,,,,,,,,,,,,,,,,,,,,,,,,,,
2026-08-27T07:11:05.861268,PEPE_USDT,WIN,LONG,35.5,3.7988e-06,3.7811685714285715e-06,3.834062857142857e-06,3.834062857142857e-06,2.0,,,,,,,,TP,,,,,,,,,,,,,,,,,,,,,,,,,,,,,,,,,,,,,,,,,,,,,,,,,,,,,,,,,,,,,,,,,
2026-08-27T07:21:04.877071,HYPE_USDT,OPEN,LONG,36.5,82.63,82.24454285714286,83.40091428571428,,,65.44546211490436,86.81135225375624,67.96475270039797,0.0012102142079033814,256950236.6681,2.3463400730318247,2.5152168409665188,HIGH_EDGE,,,,,,,,,,,,,,,,,,,,,,,,,,,,,,,,,,,,,,,,,,,,,,,,,,,,,,,,,,,,,,,,,
2026-08-27T07:21:04.877193,SILVER_USDT,OPEN,LONG,36.5,68.8,68.5592,69.28159999999998,,,77.2727272727277,80.19801980198002,65.9340659340661,0.014534883720917014,171795476.6799,0.24638127936453702,2.1302592802689655,HIGH_EDGE,,,,,,,,,,,,,,,,,,,,,,,,,,,,,,,,,,,,,,,,,,,,,,,,,,,,,,,,,,,,,,,,,
2026-08-27T07:31:10.479146,SPX500_USDT,WIN,LONG,35.0,7668.0,7641.162,7721.6759999999995,7721.6759999999995,2.0,,,,,,,,TP,,,,,,,,,,,,,,,,,,,,,,,,,,,,,,,,,,,,,,,,,,,,,,,,,,,,,,,,,,,,,,,,,
2026-08-27T07:31:10.479316,TAO_USDT,OPEN,LONG,36.0,232.3,231.19771428571428,234.50457142857144,,,54.314720812182756,64.19529837251375,69.70998925886153,0.012914334911752532,44731431.9617,0.7823465425842058,0.7361348635462361,HIGH_EDGE,,,,,,,,,,,,,,,,,,,,,,,,,,,,,,,,,,,,,,,,,,,,,,,,,,,,,,,,,,,,,,,,,
2026-08-27T07:31:10.479406,PUMPFUN_USDT,OPEN,LONG,35.5,0.004865,0.004814685714285715,0.004965628571428573,,,64.16184971098264,88.69863013698628,56.04166666666666,0.02055498458376429,32149382.4446,2.187717293894077,2.008200736726356,HIGH_EDGE,,,,,,,,,,,,,,,,,,,,,,,,,,,,,,,,,,,,,,,,,,,,,,,,,,,,,,,,,,,,,,,,,
2026-08-27T07:40:58.597919,HYPE_USDT,LOSS,LONG,36.5,82.63,82.24454285714286,83.40091428571428,82.24454285714286,-1.0,,,,,,,,SL,,,,,,,,,,,,,,,,,,,,,,,,,,,,,,,,,,,,,,,,,,,,,,,,,,,,,,,,,,,,,,,,,
2026-08-27T07:40:58.598037,PUMPFUN_USDT,LOSS,LONG,35.5,0.004865,0.004814685714285715,0.004965628571428573,0.004814685714285715,-1.0,,,,,,,,SL,,,,,,,,,,,,,,,,,,,,,,,,,,,,,,,,,,,,,,,,,,,,,,,,,,,,,,,,,,,,,,,,,
2026-08-27T08:50:55.961431,TAO_USDT,WIN,LONG,36.0,232.3,231.19771428571428,234.50457142857144,234.50457142857144,2.0,,,,,,,,TP,,,,,,,,,,,,,,,,,,,,,,,,,,,,,,,,,,,,,,,,,,,,,,,,,,,,,,,,,,,,,,,,,
2026-08-27T08:50:55.961611,HYPE_USDT,OPEN,LONG,36.0,82.399,81.97308571428572,83.25082857142858,,,67.55447941888663,59.01400233372232,61.23866486590788,0.0012136069612380782,265599764.8423,0.5862424915699131,0.40927971866067225,HIGH_EDGE,,,,,,,,,,,,,,,,,,,,,,,,,,,,,,,,,,,,,,,,,,,,,,,,,,,,,,,,,,,,,,,,,
2026-08-27T09:11:00.740975,HYPE_USDT,LOSS,LONG,36.0,82.399,81.97308571428572,83.25082857142858,81.97308571428572,-1.0,,,,,,,,SL,,,,,,,,,,,,,,,,,,,,,,,,,,,,,,,,,,,,,,,,,,,,,,,,,,,,,,,,,,,,,,,,,
2026-08-27T10:01:19.178381,SILVER_USDT,LOSS,LONG,36.5,68.8,68.5592,69.28159999999998,68.5592,-1.0,,,,,,,,SL,,,,,,,,,,,,,,,,,,,,,,,,,,,,,,,,,,,,,,,,,,,,,,,,,,,,,,,,,,,,,,,,,
2026-08-27T10:01:19.178520,TAO_USDT,OPEN,LONG,35.0,239.11,237.4651428571429,242.39971428571428,,,79.04191616766485,67.86729857819913,79.52548330404197,0.00836435113545306,46390485.7778,0.5494753651474704,3.2152388603599413,HIGH_EDGE,,,,,,,,,,,,,,,,,,,,,,,,,,,,,,,,,,,,,,,,,,,,,,,,,,,,,,,,,,,,,,,,,
2026-08-27T10:20:56.344920,TAO_USDT,LOSS,LONG,35.0,239.11,237.4651428571429,242.39971428571428,237.4651428571429,-1.0,,,,,,,,SL,,,,,,,,,,,,,,,,,,,,,,,,,,,,,,,,,,,,,,,,,,,,,,,,,,,,,,,,,,,,,,,,,
2026-08-27T10:20:56.345046,SILVER_USDT,OPEN,LONG,35.0,69.25,69.007625,69.73474999999999,,,71.0144927536224,61.41732283464595,72.64573991031398,0.014440433213003777,174164085.9693,0.1805928862285382,1.0864348261195897,HIGH_EDGE,,,,,,,,,,,,,,,,,,,,,,,,,,,,,,,,,,,,,,,,,,,,,,,,,,,,,,,,,,,,,,,,,
2026-08-27T10:50:57.351859,XAUT_USDT,OPEN,LONG,39.0,4615.0,4598.8475,4647.304999999999,,,66.3082437276005,63.74807987711229,63.2167832167833,0.0021668472372776554,382891857.7031,1.0079263125049591,1.2733399851425067,HIGH_EDGE,,,,,,,,,,,,,,,,,,,,,,,,,,,,,,,,,,,,,,,,,,,,,,,,,,,,,,,,,,,,,,,,,
2026-08-27T11:21:06.006459,SPCXSTOCK_USDT,WIN,LONG,38.0,139.92,139.43027999999998,140.89943999999997,140.89943999999997,2.0,,,,,,,,TP,,,,,,,,,,,,,,,,,,,,,,,,,,,,,,,,,,,,,,,,,,,,,,,,,,,,,,,,,,,,,,,,,
2026-08-27T12:50:59.714011,PUMPFUN_USDT,OPEN,SHORT,36.0,0.004735,0.004757971428571429,0.004689057142857142,,,28.571428571428925,35.62499999999996,33.25123152709358,0.021119324181610676,30801127.8661,2.3960549746586914,1.4246526844761518,HIGH_EDGE,,,,,,,,,,,,,,,,,,,,,,,,,,,,,,,,,,,,,,,,,,,,,,,,,,,,,,,,,,,,,,,,,
2026-08-27T13:01:19.176213,PUMPFUN_USDT,WIN,SHORT,36.0,0.004735,0.004757971428571429,0.004689057142857142,0.004689057142857142,2.0,,,,,,,,TP,,,,,,,,,,,,,,,,,,,,,,,,,,,,,,,,,,,,,,,,,,,,,,,,,,,,,,,,,,,,,,,,,
2026-08-27T13:41:02.397358,SILVER_USDT,LOSS,LONG,35.0,69.25,69.007625,69.73474999999999,69.007625,-1.0,,,,,,,,SL,,,,,,,,,,,,,,,,,,,,,,,,,,,,,,,,,,,,,,,,,,,,,,,,,,,,,,,,,,,,,,,,,
2026-08-27T14:21:04.414576,SUI_USDT,OPEN,SHORT,37.0,0.7446,0.7472742857142858,0.7392514285714287,,,50.61728395061791,33.14606741573057,38.14814814814828,0.013430029546063522,63856592.0381,0.14501948472066883,1.561286118729464,HIGH_EDGE,,,,,,,,,,,,,,,,,,,,,,,,,,,,,,,,,,,,,,,,,,,,,,,,,,,,,,,,,,,,,,,,,
2026-08-27T14:31:06.824901,SUI_USDT,LOSS,SHORT,37.0,0.7446,0.7472742857142858,0.7392514285714287,0.7472742857142858,-1.0,,,,,,,,SL,,,,,,,,,,,,,,,,,,,,,,,,,,,,,,,,,,,,,,,,,,,,,,,,,,,,,,,,,,,,,,,,,
2026-08-27T14:31:06.825051,ADA_USDT,OPEN,SHORT,36.0,0.2081,0.20884571428571427,0.20660857142857145,,,47.05882352941138,33.33333333333351,33.33333333333333,0.04805382027870686,26903177.5465,0.1824466655297213,0.8710186918179367,HIGH_EDGE,,,,,,,,,,,,,,,,,,,,,,,,,,,,,,,,,,,,,,,,,,,,,,,,,,,,,,,,,,,,,,,,,
2026-08-27T14:40:58.050047,XAUT_USDT,LOSS,LONG,39.0,4615.0,4598.8475,4647.304999999999,4598.8475,-1.0,,,,,,,,SL,,,,,,,,,,,,,,,,,,,,,,,,,,,,,,,,,,,,,,,,,,,,,,,,,,,,,,,,,,,,,,,,,
2026-08-27T14:51:03.352311,ADA_USDT,LOSS,SHORT,36.0,0.2081,0.20884571428571427,0.20660857142857145,0.20884571428571427,-1.0,,,,,,,,SL,,,,,,,,,,,,,,,,,,,,,,,,,,,,,,,,,,,,,,,,,,,,,,,,,,,,,,,,,,,,,,,,,
2026-08-27T15:01:15.808087,USOIL_USDT,OPEN,SHORT,35.5,81.37,81.65479500000001,80.80041,,,23.255813953487447,21.428571428570564,42.97520661157014,0.02457908320019174,34411687.97066,13.227861700586832,7.577405556986085,HIGH_EDGE,,,,,,,,,,,,,,,,,,,,,,,,,,,,,,,,,,,,,,,,,,,,,,,,,,,,,,,,,,,,,,,,,
2026-08-27T16:10:59.632090,USOIL_USDT,WIN,SHORT,35.5,81.37,81.65479500000001,80.80041,80.80041,2.0,,,,,,,,TP,,,,,,,,,,,,,,,,,,,,,,,,,,,,,,,,,,,,,,,,,,,,,,,,,,,,,,,,,,,,,,,,,
2026-08-27T16:21:02.807663,LINK_USDT,OPEN,LONG,37.0,11.656,11.615204,11.737592,,,70.83333333333262,70.28571428571392,67.94425087108004,0.008579272477689135,47568540.9096,3.8371416344210014,2.7886500763931465,HIGH_EDGE,,,,,,,,,,,,,,,,,,,,,,,,,,,,,,,,,,,,,,,,,,,,,,,,,,,,,,,,,,,,,,,,,
2026-08-27T16:31:10.008949,LINK_USDT,LOSS,LONG,37.0,11.656,11.615204,11.737592,11.615204,-1.0,,,,,,,,SL,,,,,,,,,,,,,,,,,,,,,,,,,,,,,,,,,,,,,,,,,,,,,,,,,,,,,,,,,,,,,,,,,
2026-08-27T16:50:54.926521,SUI_USDT,OPEN,LONG,36.0,0.756,0.7533540000000001,0.761292,,,55.05617977528095,66.38655462184846,57.72357723577243,0.01322751322751177,59716334.1403,0.042262658406542176,0.40292218069370217,HIGH_EDGE,,,,,,,,,,,,,,,,,,,,,,,,,,,,,,,,,,,,,,,,,,,,,,,,,,,,,,,,,,,,,,,,,
2026-08-27T17:01:12.752254,BTC_USDT,OPEN,LONG,37.0,79043.6,78766.9474,79596.9052,,,80.09309967141037,75.42328504102119,62.249452243771685,0.00012651245640541277,4200215530.13208,0.8562423752560595,1.9117869249555564,HIGH_EDGE,,,,,,,,,,,,,,,,,,,,,,,,,,,,,,,,,,,,,,,,,,,,,,,,,,,,,,,,,,,,,,,,,
2026-08-27T17:01:12.752376,ETH_USDT,OPEN,LONG,39.0,2497.57,2488.8285050000004,2515.0529899999997,,,70.7200000000001,66.8453976764974,55.856809997881534,0.000400389178290029,2065619941.7098,0.5736421764132624,2.27652697765865,HIGH_EDGE,,,,,,,,,,,,,,,,,,,,,,,,,,,,,,,,,,,,,,,,,,,,,,,,,,,,,,,,,,,,,,,,,
2026-08-27T17:01:12.752502,DOGE_USDT,OPEN,LONG,35.5,0.08713,0.086825045,0.08773990999999999,,,69.23076923076815,60.563380281689916,55.76923076923053,0.01147710317915313,65512519.255,4.240344009718661,1.2238949137862793,HIGH_EDGE,,,,,,,,,,,,,,,,,,,,,,,,,,,,,,,,,,,,,,,,,,,,,,,,,,,,,,,,,,,,,,,,,
2026-08-27T17:10:59.629828,SUI_USDT,WIN,LONG,36.0,0.756,0.7533540000000001,0.761292,0.761292,2.0,,,,,,,,TP,,,,,,,,,,,,,,,,,,,,,,,,,,,,,,,,,,,,,,,,,,,,,,,,,,,,,,,,,,,,,,,,,
2026-08-27T17:10:59.629922,BTC_USDT,WIN,LONG,37.0,79043.6,78766.9474,79596.9052,79596.9052,2.0,,,,,,,,TP,,,,,,,,,,,,,,,,,,,,,,,,,,,,,,,,,,,,,,,,,,,,,,,,,,,,,,,,,,,,,,,,,
2026-08-27T17:10:59.629988,ETH_USDT,WIN,LONG,39.0,2497.57,2488.8285050000004,2515.0529899999997,2515.0529899999997,2.0,,,,,,,,TP,,,,,,,,,,,,,,,,,,,,,,,,,,,,,,,,,,,,,,,,,,,,,,,,,,,,,,,,,,,,,,,,,
2026-08-27T17:10:59.630041,DOGE_USDT,WIN,LONG,35.5,0.08713,0.086825045,0.08773990999999999,0.08773990999999999,2.0,,,,,,,,TP,,,,,,,,,,,,,,,,,,,,,,,,,,,,,,,,,,,,,,,,,,,,,,,,,,,,,,,,,,,,,,,,,
2026-08-27T17:10:59.630100,BTC_USDT,OPEN,LONG,37.5,79800.1,79520.79965000002,80358.7007,,,81.02759622367475,88.18990102331998,62.249452243771685,0.00012531312618132152,4299926031.59715,1.6838375096806957,4.400585417783387,HIGH_EDGE,,,,,,,,,,,,,,,,,,,,,,,,,,,,,,,,,,,,,,,,,,,,,,,,,,,,,,,,,,,,,,,,,
2026-08-27T17:10:59.630167,ETH_USDT,OPEN,LONG,37.5,2524.58,2515.74397,2542.25206,,,82.25364963503628,84.50292397660887,55.856809997881534,0.00039610549080494703,2111399478.5987,3.8511657770324503,4.7378977825280435,HIGH_EDGE,,,,,,,,,,,,,,,,,,,,,,,,,,,,,,,,,,,,,,,,,,,,,,,,,,,,,,,,,,,,,,,,,
2026-08-27T17:10:59.630268,HYPE_USDT,OPEN,LONG,40.0,82.161,81.87343650000001,82.736127,,,78.22497420020724,72.70511779041534,66.38065522620917,0.0012171224790408768,206041619.2873,1.686662526415915,3.148848060245492,HIGH_EDGE,,,,,,,,,,,,,,,,,,,,,,,,,,,,,,,,,,,,,,,,,,,,,,,,,,,,,,,,,,,,,,,,,
2026-08-27T17:10:59.630346,WLD_USDT,OPEN,LONG,36.0,0.4117,0.4095657142857143,0.4159685714285714,,,70.8737864077669,67.2131147540983,65.21739130434779,0.024289531212044933,27789768.113,1.7066932511828201,1.4505358179950278,HIGH_EDGE,,,,,,,,,,,,,,,,,,,,,,,,,,,,,,,,,,,,,,,,,,,,,,,,,,,,,,,,,,,,,,,,,
2026-08-27T17:21:07.099721,BTC_USDT,LOSS,LONG,37.5,79800.1,79520.79965000002,80358.7007,79520.79965000002,-1.0,,,,,,,,SL,,,,,,,,,,,,,,,,,,,,,,,,,,,,,,,,,,,,,,,,,,,,,,,,,,,,,,,,,,,,,,,,,
2026-08-27T17:21:07.099837,ETH_USDT,LOSS,LONG,37.5,2524.58,2515.74397,2542.25206,2515.74397,-1.0,,,,,,,,SL,,,,,,,,,,,,,,,,,,,,,,,,,,,,,,,,,,,,,,,,,,,,,,,,,,,,,,,,,,,,,,,,,
2026-08-27T17:21:07.099920,HYPE_USDT,LOSS,LONG,40.0,82.161,81.87343650000001,82.736127,81.87343650000001,-1.0,,,,,,,,SL,,,,,,,,,,,,,,,,,,,,,,,,,,,,,,,,,,,,,,,,,,,,,,,,,,,,,,,,,,,,,,,,,
2026-08-27T17:21:07.099969,WLD_USDT,LOSS,LONG,36.0,0.4117,0.4095657142857143,0.4159685714285714,0.4095657142857143,-1.0,,,,,,,,SL,,,,,,,,,,,,,,,,,,,,,,,,,,,,,,,,,,,,,,,,,,,,,,,,,,,,,,,,,,,,,,,,,
2026-08-27T17:31:11.714477,ZEC_USDT,OPEN,LONG,35.0,794.96,790.472,803.9360000000001,,,65.21739130434807,65.73705179282865,75.16281823564225,0.00125792492703921,139864097.5571,1.408916318346078,1.6013896972230646,HIGH_EDGE,,,,,,,,,,,,,,,,,,,,,,,,,,,,,,,,,,,,,,,,,,,,,,,,,,,,,,,,,,,,,,,,,
2026-08-27T17:31:11.714599,SPX500_USDT,OPEN,LONG,36.0,7717.9,7690.88735,7771.925299999999,,,61.3636363636373,69.43620178041554,67.74941995359598,0.001295689241885154,56225052.65322,2.585678768021998,3.0847462486206707,HIGH_EDGE,,,,,,,,,,,,,,,,,,,,,,,,,,,,,,,,,,,,,,,,,,,,,,,,,,,,,,,,,,,,,,,,,
2026-08-27T18:11:05.529432,HYPE_USDT,OPEN,LONG,37.0,82.563,82.16408571428572,83.36082857142858,,,71.37150466045246,67.01954397394152,76.97434188603793,0.0012111962985898947,206076222.1289,1.5448646385710298,1.1378319563000827,HIGH_EDGE,,,,,,,,,,,,,,,,,,,,,,,,,,,,,,,,,,,,,,,,,,,,,,,,,,,,,,,,,,,,,,,,,
2026-08-27T18:31:24.320308,ZEC_USDT,WIN,LONG,35.0,794.96,790.472,803.9360000000001,803.9360000000001,2.0,,,,,,,,TP,,,,,,,,,,,,,,,,,,,,,,,,,,,,,,,,,,,,,,,,,,,,,,,,,,,,,,,,,,,,,,,,,
2026-08-27T18:50:59.048583,HYPE_USDT,WIN,LONG,37.0,82.563,82.16408571428572,83.36082857142858,83.36082857142858,2.0,,,,,,,,TP,,,,,,,,,,,,,,,,,,,,,,,,,,,,,,,,,,,,,,,,,,,,,,,,,,,,,,,,,,,,,,,,,
2026-08-27T20:01:22.757247,BICO_USDT,OPEN,LONG,37.0,0.0285,0.02767285714285714,0.03015428571428572,,,52.11267605633806,61.89516129032259,68.43220338983056,0.035087719298256353,28399335.62112,0.8556826370328547,0.5167166239373749,HIGH_EDGE,,,,,,,,,,,,,,,,,,,,,,,,,,,,,,,,,,,,,,,,,,,,,,,,,,,,,,,,,,,,,,,,,
2026-08-27T20:31:07.695412,BICO_USDT,LOSS,LONG,37.0,0.0285,0.02767285714285714,0.03015428571428572,0.02767285714285714,-1.0,,,,,,,,SL,,,,,,,,,,,,,,,,,,,,,,,,,,,,,,,,,,,,,,,,,,,,,,,,,,,,,,,,,,,,,,,,,
2026-08-27T20:41:07.675055,ZEC_USDT,OPEN,SHORT,36.0,779.62,784.5288571428572,769.8022857142857,,,35.04633529907302,41.104294478527486,43.807731782415296,0.0012826761755715484,145873939.7794,1.0101334042528227,0.359526360779185,HIGH_EDGE,,,,,,,,,,,,,,,,,,,,,,,,,,,,,,,,,,,,,,,,,,,,,,,,,,,,,,,,,,,,,,,,,
2026-08-27T20:41:07.675183,SPCXSTOCK_USDT,OPEN,SHORT,35.0,140.2,140.6907,139.21859999999998,,,22.05882352941238,35.294117647058684,42.51968503937023,0.007132667617702801,40487791.1502,0.04734142813308201,1.5262518198701305,HIGH_EDGE,,,,,,,,,,,,,,,,,,,,,,,,,,,,,,,,,,,,,,,,,,,,,,,,,,,,,,,,,,,,,,,,,
2026-08-27T21:10:59.775558,ZEC_USDT,LOSS,SHORT,36.0,779.62,784.5288571428572,769.8022857142857,784.5288571428572,-1.0,,,,,,,,SL,,,,,,,,,,,,,,,,,,,,,,,,,,,,,,,,,,,,,,,,,,,,,,,,,,,,,,,,,,,,,,,,,
2026-08-27T22:01:13.637568,SILVER_USDT,OPEN,SHORT,37.0,67.85,68.087475,67.37504999999999,,,45.76271186440694,37.755102040817,34.78260869565223,0.014738393515114395,143463086.4471,2.244533098508264,2.1539061352354607,HIGH_EDGE,,,,,,,,,,,,,,,,,,,,,,,,,,,,,,,,,,,,,,,,,,,,,,,,,,,,,,,,,,,,,,,,,
2026-08-27T22:01:13.637699,SKHYNIXSTOCK_USDT,OPEN,SHORT,43.0,1252.8,1257.1848,1244.0303999999999,,,31.655480984340784,44.68085106383017,43.87011265738903,0.0007982120051078308,63488994.08426,1.6072787052521187,2.632439892852476,HIGH_EDGE,,,,,,,,,,,,,,,,,,,,,,,,,,,,,,,,,,,,,,,,,,,,,,,,,,,,,,,,,,,,,,,,,
2026-08-27T22:10:56.274622,SILVER_USDT,LOSS,SHORT,37.0,67.85,68.087475,67.37504999999999,68.087475,-1.0,,,,,,,,SL,,,,,,,,,,,,,,,,,,,,,,,,,,,,,,,,,,,,,,,,,,,,,,,,,,,,,,,,,,,,,,,,,
2026-08-27T22:41:06.079667,SPX500_USDT,LOSS,LONG,36.0,7717.9,7690.88735,7771.925299999999,7690.88735,-1.0,,,,,,,,SL,,,,,,,,,,,,,,,,,,,,,,,,,,,,,,,,,,,,,,,,,,,,,,,,,,,,,,,,,,,,,,,,,
2026-08-27T22:41:06.079740,SPCXSTOCK_USDT,WIN,SHORT,35.0,140.2,140.6907,139.21859999999998,139.21859999999998,2.0,,,,,,,,TP,,,,,,,,,,,,,,,,,,,,,,,,,,,,,,,,,,,,,,,,,,,,,,,,,,,,,,,,,,,,,,,,,
2026-08-27T22:41:06.079776,SKHYNIXSTOCK_USDT,WIN,SHORT,43.0,1252.8,1257.1848,1244.0303999999999,1244.0303999999999,2.0,,,,,,,,TP,,,,,,,,,,,,,,,,,,,,,,,,,,,,,,,,,,,,,,,,,,,,,,,,,,,,,,,,,,,,,,,,,
2026-08-27T22:51:13.678421,ETH_USDT,OPEN,SHORT,37.0,2488.25,2496.9588750000003,2470.83225,,,43.251349730054024,34.1920960480238,24.111578142911895,0.003616999899533629,2413516675.6504,1.1045038580157511,2.6745287483431794,HIGH_EDGE,,,,,,,,,,,,,,,,,,,,,,,,,,,,,,,,,,,,,,,,,,,,,,,,,,,,,,,,,,,,,,,,,
2026-08-27T22:51:13.678501,XAUT_USDT,OPEN,SHORT,40.0,4566.1,4582.08135,4534.1373,,,47.076023391812775,32.978723404254836,47.744360902255934,0.006570158340800079,337780853.6806,1.2043094386323048,3.9359174111292843,HIGH_EDGE,,,,,,,,,,,,,,,,,,,,,,,,,,,,,,,,,,,,,,,,,,,,,,,,,,,,,,,,,,,,,,,,,
2026-08-27T22:51:13.678543,SKHYNIXSTOCK_USDT,OPEN,SHORT,36.5,1236.89,1243.0940000000003,1224.482,,,29.675884626821173,21.934572840668352,35.34230544177916,0.004850875987350971,73768040.8902,0.6422461510582608,2.249190282046475,HIGH_EDGE,,,,,,,,,,,,,,,,,,,,,,,,,,,,,,,,,,,,,,,,,,,,,,,,,,,,,,,,,,,,,,,,,
2026-08-27T23:01:15.519042,ETH_USDT,LOSS,SHORT,37.0,2488.25,2496.9588750000003,2470.83225,2496.9588750000003,-1.0,,,,,,,,SL,,,,,,,,,,,,,,,,,,,,,,,,,,,,,,,,,,,,,,,,,,,,,,,,,,,,,,,,,,,,,,,,,
2026-08-27T23:01:15.519151,SKHYNIXSTOCK_USDT,WIN,SHORT,36.5,1236.89,1243.0940000000003,1224.482,1224.482,2.0,,,,,,,,TP,,,,,,,,,,,,,,,,,,,,,,,,,,,,,,,,,,,,,,,,,,,,,,,,,,,,,,,,,,,,,,,,,
2026-08-27T23:01:15.519262,XRP_USDT,OPEN,LONG,39.0,1.436,1.4286714285714286,1.4506571428571426,,,67.18146718146713,66.04651162790721,59.05923344947737,0.006963788300834888,489971807.6713,3.2182891532161486,2.759206891070995,HIGH_EDGE,,,,,,,,,,,,,,,,,,,,,,,,,,,,,,,,,,,,,,,,,,,,,,,,,,,,,,,,,,,,,,,,,
2026-08-27T23:01:15.519341,HYPE_USDT,OPEN,LONG,36.0,82.828,82.41965714285715,83.64468571428571,,,62.26040978188996,61.92517537022579,57.359050445103804,0.001207321195736677,191859576.3203,1.7798136636685975,2.578972210749897,HIGH_EDGE,,,,,,,,,,,,,,,,,,,,,,,,,,,,,,,,,,,,,,,,,,,,,,,,,,,,,,,,,,,,,,,,,
2026-08-27T23:01:15.519411,ZEC_USDT,OPEN,LONG,40.0,793.12,787.936,803.488,,,52.340211373930664,64.45609436435146,57.53293870536562,0.002521686503931537,136612587.4056,0.6063299426845014,0.9385917107029078,HIGH_EDGE,,,,,,,,,,,,,,,,,,,,,,,,,,,,,,,,,,,,,,,,,,,,,,,,,,,,,,,,,,,,,,,,,
2026-08-27T23:01:15.519496,SPCXSTOCK_USDT,OPEN,SHORT,37.0,138.98,139.7085714285714,137.52285714285713,,,35.37906137184132,38.972162740899314,22.33333333333313,0.007195279896381426,36253265.8956,0.37007815097316954,2.050361672831377,HIGH_EDGE,,,,,,,,,,,,,,,,,,,,,,,,,,,,,,,,,,,,,,,,,,,,,,,,,,,,,,,,,,,,,,,,,
2026-08-27T23:01:15.519569,PUMPFUN_USDT,OPEN,LONG,36.0,0.004922,0.004874942857142857,0.005016114285714286,,,71.63120567375915,64.18338108882527,72.29299363057316,0.02031694433157523,23964430.0651,0.6997953925649903,2.543025845854731,HIGH_EDGE,,,,,,,,,,,,,,,,,,,,,,,,,,,,,,,,,,,,,,,,,,,,,,,,,,,,,,,,,,,,,,,,,
2026-08-27T23:20:59.126800,XRP_USDT,WIN,LONG,39.0,1.436,1.4286714285714286,1.4506571428571426,1.4506571428571426,2.0,,,,,,,,TP,,,,,,,,,,,,,,,,,,,,,,,,,,,,,,,,,,,,,,,,,,,,,,,,,,,,,,,,,,,,,,,,,
2026-08-27T23:20:59.126892,HYPE_USDT,LOSS,LONG,36.0,82.828,82.41965714285715,83.64468571428571,82.41965714285715,-1.0,,,,,,,,SL,,,,,,,,,,,,,,,,,,,,,,,,,,,,,,,,,,,,,,,,,,,,,,,,,,,,,,,,,,,,,,,,,
2026-08-27T23:20:59.126940,SPCXSTOCK_USDT,LOSS,SHORT,37.0,138.98,139.7085714285714,137.52285714285713,139.7085714285714,-1.0,,,,,,,,SL,,,,,,,,,,,,,,,,,,,,,,,,,,,,,,,,,,,,,,,,,,,,,,,,,,,,,,,,,,,,,,,,,
2026-08-27T23:20:59.126990,XRP_USDT,OPEN,LONG,41.0,1.4551,1.4462628571428573,1.4727742857142856,,,64.8401826484014,75.60073937153433,67.85714285714297,0.0068723799051604,505103572.0399,1.1675392097127189,1.9651193632481336,HIGH_EDGE,,,,,,,,,,,,,,,,,,,,,,,,,,,,,,,,,,,,,,,,,,,,,,,,,,,,,,,,,,,,,,,,,
2026-08-27T23:31:16.643252,HYPE_USDT,OPEN,LONG,41.0,83.299,82.7841142857143,84.32877142857143,,,79.54665260938258,64.66472303206982,61.832536879285215,0.014405935245321617,201664796.6674,0.9690568104265501,2.734319403509579,HIGH_EDGE,,,,,,,,,,,,,,,,,,,,,,,,,,,,,,,,,,,,,,,,,,,,,,,,,,,,,,,,,,,,,,,,,
2026-08-27T23:51:01.464530,XAUT_USDT,LOSS,SHORT,40.0,4566.1,4582.08135,4534.1373,4582.08135,-1.0,,,,,,,,SL,,,,,,,,,,,,,,,,,,,,,,,,,,,,,,,,,,,,,,,,,,,,,,,,,,,,,,,,,,,,,,,,,
2026-08-27T23:51:01.464659,HYPE_USDT,WIN,LONG,41.0,83.299,82.7841142857143,84.32877142857143,84.32877142857143,2.0,,,,,,,,TP,,,,,,,,,,,,,,,,,,,,,,,,,,,,,,,,,,,,,,,,,,,,,,,,,,,,,,,,,,,,,,,,,
2026-08-28T00:01:19.005373,PUMPFUN_USDT,LOSS,LONG,36.0,0.004922,0.004874942857142857,0.005016114285714286,0.004874942857142857,-1.0,,,,,,,,SL,,,,,,,,,,,,,,,,,,,,,,,,,,,,,,,,,,,,,,,,,,,,,,,,,,,,,,,,,,,,,,,,,
2026-08-28T00:01:19.005519,SPX500_USDT,OPEN,LONG,36.0,7718.8,7691.784200000001,7772.8315999999995,,,61.56716417910563,70.64579256360099,60.93457943925339,0.0012955381665590998,60029810.21149,3.8705753054064336,0.5399912174635286,HIGH_EDGE,,,,,,,,,,,,,,,,,,,,,,,,,,,,,,,,,,,,,,,,,,,,,,,,,,,,,,,,,,,,,,,,,
2026-08-28T00:20:58.447680,PEPE_USDT,OPEN,LONG,37.0,3.9828e-06,3.953794285714286e-06,4.0408114285714295e-06,,,53.439153439153316,67.5707547169813,60.55143160127243,0.002510796424631397,84884672.032,0.1566876881825127,1.4084687220161187,HIGH_EDGE,,,,,,,,,,,,,,,,,,,,,,,,,,,,,,,,,,,,,,,,,,,,,,,,,,,,,,,,,,,,,,,,,
2026-08-28T00:20:58.447788,ADA_USDT,OPEN,LONG,41.0,0.2154,0.21405428571428572,0.21809142857142857,,,57.500000000000256,65.06024096385548,63.84615384615381,0.04642525533889925,35625847.1553,0.5048113343606828,0.6106657820239683,HIGH_EDGE,,,,,,,,,,,,,,,,,,,,,,,,,,,,,,,,,,,,,,,,,,,,,,,,,,,,,,,,,,,,,,,,,
2026-08-28T00:20:58.447872,WLD_USDT,OPEN,LONG,35.0,0.4101,0.4077428571428572,0.4148142857142857,,,54.545454545454376,74.75728155339809,66.6666666666666,0.02438429651304291,29586138.7894,2.95902531419224,0.777935547546568,HIGH_EDGE,,,,,,,,,,,,,,,,,,,,,,,,,,,,,,,,,,,,,,,,,,,,,,,,,,,,,,,,,,,,,,,,,
2026-08-28T00:31:05.899057,ZEC_USDT,WIN,LONG,40.0,793.12,787.936,803.488,803.488,2.0,,,,,,,,TP,,,,,,,,,,,,,,,,,,,,,,,,,,,,,,,,,,,,,,,,,,,,,,,,,,,,,,,,,,,,,,,,,
2026-08-28T00:31:05.899212,ZEC_USDT,OPEN,LONG,38.0,803.45,798.1948571428571,813.9602857142858,,,67.6084099868593,64.92424242424244,65.4281098546041,0.011201692700220069,139819291.6056,1.877498605307201,1.3436742066203882,HIGH_EDGE,,,,,,,,,,,,,,,,,,,,,,,,,,,,,,,,,,,,,,,,,,,,,,,,,,,,,,,,,,,,,,,,,
2026-08-28T00:41:16.359166,ADA_USDT,LOSS,LONG,41.0,0.2154,0.21405428571428572,0.21809142857142857,0.21405428571428572,-1.0,,,,,,,,SL,,,,,,,,,,,,,,,,,,,,,,,,,,,,,,,,,,,,,,,,,,,,,,,,,,,,,,,,,,,,,,,,,
2026-08-28T00:41:16.359271,WLD_USDT,LOSS,LONG,35.0,0.4101,0.4077428571428572,0.4148142857142857,0.4077428571428572,-1.0,,,,,,,,SL,,,,,,,,,,,,,,,,,,,,,,,,,,,,,,,,,,,,,,,,,,,,,,,,,,,,,,,,,,,,,,,,,
2026-08-28T00:41:16.359340,ZEC_USDT,LOSS,LONG,38.0,803.45,798.1948571428571,813.9602857142858,798.1948571428571,-1.0,,,,,,,,SL,,,,,,,,,,,,,,,,,,,,,,,,,,,,,,,,,,,,,,,,,,,,,,,,,,,,,,,,,,,,,,,,,
2026-08-28T00:41:16.359429,LINK_USDT,OPEN,LONG,37.0,11.902,11.85442857142857,11.997142857142856,,,71.24999999999963,63.69636963696361,61.17850953206235,0.00840194925222186,49617939.3715,1.5887468424506614,1.9790814684939684,HIGH_EDGE,,,,,,,,,,,,,,,,,,,,,,,,,,,,,,,,,,,,,,,,,,,,,,,,,,,,,,,,,,,,,,,,,
2026-08-28T00:50:56.688926,SOXL_USDT,OPEN,SHORT,37.0,120.17,121.18571428571428,118.13857142857144,,,25.896414342629512,43.20987654320981,34.28225317989097,0.008321544478659496,333518534.6919,0.49134997351294574,0.5141524957643946,HIGH_EDGE,,,,,,,,,,,,,,,,,,,,,,,,,,,,,,,,,,,,,,,,,,,,,,,,,,,,,,,,,,,,,,,,,
2026-08-28T00:50:56.689058,ENA_USDT,OPEN,LONG,37.0,0.15881,0.15626685714285715,0.1638962857142857,,,65.24064171122984,61.49779735682817,68.86291179596174,0.01889049807946744,42544235.7342,0.3257006529999877,0.7164920954150362,HIGH_EDGE,,,,,,,,,,,,,,,,,,,,,,,,,,,,,,,,,,,,,,,,,,,,,,,,,,,,,,,,,,,,,,,,,
2026-08-28T01:01:25.440711,PEPE_USDT,LOSS,LONG,37.0,3.9828e-06,3.953794285714286e-06,4.0408114285714295e-06,3.953794285714286e-06,-1.0,,,,,,,,SL,,,,,,,,,,,,,,,,,,,,,,,,,,,,,,,,,,,,,,,,,,,,,,,,,,,,,,,,,,,,,,,,,
2026-08-28T01:01:25.440836,SOXL_USDT,LOSS,SHORT,37.0,120.17,121.18571428571428,118.13857142857144,121.18571428571428,-1.0,,,,,,,,SL,,,,,,,,,,,,,,,,,,,,,,,,,,,,,,,,,,,,,,,,,,,,,,,,,,,,,,,,,,,,,,,,,
2026-08-28T01:11:04.550529,ENA_USDT,WIN,LONG,37.0,0.15881,0.15626685714285715,0.1638962857142857,0.1638962857142857,2.0,,,,,,,,TP,,,,,,,,,,,,,,,,,,,,,,,,,,,,,,,,,,,,,,,,,,,,,,,,,,,,,,,,,,,,,,,,,
2026-08-28T01:11:04.550673,NVIDIA_USDT,OPEN,LONG,39.0,227.31,226.4082857142857,229.11342857142856,,,70.0,53.18181818181812,61.19027661357922,0.004399278518331497,60065480.778,1.1815045136508069,0.6014304540945505,HIGH_EDGE,,,,,,,,,,,,,,,,,,,,,,,,,,,,,,,,,,,,,,,,,,,,,,,,,,,,,,,,,,,,,,,,,
2026-08-28T01:20:56.018518,ZEC_USDT,OPEN,LONG,38.0,808.5,801.1962857142856,823.1074285714287,,,61.03368176538907,63.55119339727864,69.28247616070033,0.0012368583797143977,140782436.7312,1.6983362457598496,0.6971843966085413,HIGH_EDGE,,,,,,,,,,,,,,,,,,,,,,,,,,,,,,,,,,,,,,,,,,,,,,,,,,,,,,,,,,,,,,,,,
2026-08-28T01:31:07.732237,XRP_USDT,WIN,LONG,41.0,1.4551,1.4462628571428573,1.4727742857142856,1.4727742857142856,2.0,,,,,,,,TP,,,,,,,,,,,,,,,,,,,,,,,,,,,,,,,,,,,,,,,,,,,,,,,,,,,,,,,,,,,,,,,,,
2026-08-28T01:31:07.732348,LINK_USDT,LOSS,LONG,37.0,11.902,11.85442857142857,11.997142857142856,11.85442857142857,-1.0,,,,,,,,SL,,,,,,,,,,,,,,,,,,,,,,,,,,,,,,,,,,,,,,,,,,,,,,,,,,,,,,,,,,,,,,,,,
2026-08-28T01:31:07.732453,WLD_USDT,OPEN,LONG,36.0,0.4131,0.41052,0.4182600000000001,,,70.3703703703704,59.740259740259766,70.9803921568627,0.024207213749694742,28489129.8106,1.0255550041279944,6.1299451824351765,HIGH_EDGE,,,,,,,,,,,,,,,,,,,,,,,,,,,,,,,,,,,,,,,,,,,,,,,,,,,,,,,,,,,,,,,,,
2026-08-28T01:40:59.866424,NVIDIA_USDT,WIN,LONG,39.0,227.31,226.4082857142857,229.11342857142856,229.11342857142856,2.0,,,,,,,,TP,,,,,,,,,,,,,,,,,,,,,,,,,,,,,,,,,,,,,,,,,,,,,,,,,,,,,,,,,,,,,,,,,
2026-08-28T01:40:59.866533,WLD_USDT,WIN,LONG,36.0,0.4131,0.41052,0.4182600000000001,0.4182600000000001,2.0,,,,,,,,TP,,,,,,,,,,,,,,,,,,,,,,,,,,,,,,,,,,,,,,,,,,,,,,,,,,,,,,,,,,,,,,,,,
2026-08-28T01:40:59.866614,SOL_USDT,OPEN,LONG,37.0,108.4,107.686,109.828,,,61.739130434782524,59.311740890688256,74.4444444444444,0.009225092250914118,1688037453.656,0.288932335890293,1.247466504100356,HIGH_EDGE,,,,,,,,,,,,,,,,,,,,,,,,,,,,,,,,,,,,,,,,,,,,,,,,,,,,,,,,,,,,,,,,,
2026-08-28T01:40:59.866683,XAU_USDT,OPEN,LONG,36.0,4613.08,4596.93422,4645.37156,,,67.34006734006667,75.63559322033836,63.60880453407138,0.0006503247288090678,644643758.62888,2.2925994273641788,1.232163283846532,HIGH_EDGE,,,,,,,,,,,,,,,,,,,,,,,,,,,,,,,,,,,,,,,,,,,,,,,,,,,,,,,,,,,,,,,,,
2026-08-28T01:40:59.866766,DOGE_USDT,OPEN,LONG,36.0,0.08945,0.08900685714285715,0.0903362857142857,,,56.06060606060621,54.06360424028282,66.39839034205232,0.011179429849073363,77668557.587,0.9915702243177597,0.5305984237202805,HIGH_EDGE,,,,,,,,,,,,,,,,,,,,,,,,,,,,,,,,,,,,,,,,,,,,,,,,,,,,,,,,,,,,,,,,,
2026-08-28T01:40:59.866838,ADA_USDT,OPEN,LONG,36.0,0.2163,0.2150742857142857,0.21875142857142857,,,60.00000000000028,59.210526315789565,63.9705882352942,0.046232085067031435,37841143.432,0.03808609090688649,0.06065870701759997,HIGH_EDGE,,,,,,,,,,,,,,,,,,,,,,,,,,,,,,,,,,,,,,,,,,,,,,,,,,,,,,,,,,,,,,,,,
2026-08-28T02:01:22.783384,TRUMPOFFICIAL_USDT,LOSS,SHORT,35.0,2.386,2.407171428571429,2.343657142857143,2.407171428571429,-1.0,,,,,,,,SL,,,,,,,,,,,,,,,,,,,,,,,,,,,,,,,,,,,,,,,,,,,,,,,,,,,,,,,,,,,,,,,,,
2026-08-28T02:10:58.323635,ADA_USDT,LOSS,LONG,36.0,0.2163,0.2150742857142857,0.21875142857142857,0.2150742857142857,-1.0,,,,,,,,SL,,,,,,,,,,,,,,,,,,,,,,,,,,,,,,,,,,,,,,,,,,,,,,,,,,,,,,,,,,,,,,,,,
2026-08-28T02:21:06.237258,ZEC_USDT,WIN,LONG,38.0,808.5,801.1962857142856,823.1074285714287,823.1074285714287,2.0,,,,,,,,TP,,,,,,,,,,,,,,,,,,,,,,,,,,,,,,,,,,,,,,,,,,,,,,,,,,,,,,,,,,,,,,,,,
2026-08-28T02:21:06.237447,ONG_USDT,OPEN,LONG,37.0,0.12706,0.12525057142857143,0.13067885714285715,,,67.81609195402308,64.86486486486507,66.17546264564771,0.023610892491737954,32851016.9256,0.5336205570087705,0.4571291916990467,HIGH_EDGE,,,,,,,,,,,,,,,,,,,,,,,,,,,,,,,,,,,,,,,,,,,,,,,,,,,,,,,,,,,,,,,,,
2026-08-28T02:41:07.081184,ONG_USDT,LOSS,LONG,37.0,0.12706,0.12525057142857143,0.13067885714285715,0.12525057142857143,-1.0,,,,,,,,SL,,,,,,,,,,,,,,,,,,,,,,,,,,,,,,,,,,,,,,,,,,,,,,,,,,,,,,,,,,,,,,,,,
2026-08-28T02:41:07.081315,TAO_USDT,OPEN,SHORT,36.0,252.35,253.80628571428574,249.43742857142857,,,33.0275229357798,33.37091319052995,37.197802197802176,0.03566475133742952,65403699.247,1.1487537500893612,0.8152643663420925,HIGH_EDGE,,,,,,,,,,,,,,,,,,,,,,,,,,,,,,,,,,,,,,,,,,,,,,,,,,,,,,,,,,,,,,,,,
2026-08-28T02:50:55.142847,SOL_USDT,LOSS,LONG,37.0,108.4,107.686,109.828,107.686,-1.0,,,,,,,,SL,,,,,,,,,,,,,,,,,,,,,,,,,,,,,,,,,,,,,,,,,,,,,,,,,,,,,,,,,,,,,,,,,
2026-08-28T02:50:55.142953,DOGE_USDT,LOSS,LONG,36.0,0.08945,0.08900685714285715,0.0903362857142857,0.08900685714285715,-1.0,,,,,,,,SL,,,,,,,,,,,,,,,,,,,,,,,,,,,,,,,,,,,,,,,,,,,,,,,,,,,,,,,,,,,,,,,,,
2026-08-28T03:20:59.464171,TAO_USDT,WIN,SHORT,36.0,252.35,253.80628571428574,249.43742857142857,249.43742857142857,2.0,,,,,,,,TP,,,,,,,,,,,,,,,,,,,,,,,,,,,,,,,,,,,,,,,,,,,,,,,,,,,,,,,,,,,,,,,,,
2026-08-28T03:20:59.464322,PEPE_USDT,OPEN,SHORT,35.0,3.8622e-06,3.88446e-06,3.81768e-06,,,27.281368821292574,27.261064785118734,28.84144207210352,0.0025891978665066352,86597814.213,0.7818397580676033,2.6413867175845813,HIGH_EDGE,,,,,,,,,,,,,,,,,,,,,,,,,,,,,,,,,,,,,,,,,,,,,,,,,,,,,,,,,,,,,,,,,
2026-08-28T04:01:26.026780,PEPE_USDT,LOSS,SHORT,35.0,3.8622e-06,3.88446e-06,3.81768e-06,3.88446e-06,-1.0,,,,,,,,SL,,,,,,,,,,,,,,,,,,,,,,,,,,,,,,,,,,,,,,,,,,,,,,,,,,,,,,,,,,,,,,,,,
2026-08-28T04:31:03.920021,ONG_USDT,OPEN,LONG,35.0,0.1301,0.12821171428571426,0.13387657142857146,,,54.025423728813465,62.814943527367426,62.4089635854341,0.015372790161408337,32291203.8761,0.7718670020540648,0.6336075090597307,HIGH_EDGE,,,,,,,,,,,,,,,,,,,,,,,,,,,,,,,,,,,,,,,,,,,,,,,,,,,,,,,,,,,,,,,,,
2026-08-28T05:01:09.556252,BTC_USDT,OPEN,SHORT,36.0,79869.5,80149.04325,79310.4135,,,34.25834970530477,45.20205179532093,37.759234860684046,0.00012520423942283444,4359992629.19325,2.140076885519976,0.8499451267641807,HIGH_EDGE,2026-08-28 05:00:43.513,2026-08-28 05:00:39.660,79869.5,79869.5,79869.6,548321610.0,-0.005,9e-05,585550223.0,0.018892640094610065,79939.51601093561,79969.37588227878,79999.41528573117,80069.21199249978,80074.21777110593,80096.49990912399,-31.064130779064726,-26.297985269820828,-4.7661455092438985,-74.29415808577323,-68.38331123071832,-5.910846855054913,40.11480807363114,121.70410786114974,-81.5892997875186,0.6973381576723463,0.05344432391051851,0.1425539697345594,0.35471255342420205,0.0,36.0,SHORT,,,,,,,,,,,,,,,,,,,,,,,,,,,,,,,,,
2026-08-28T05:10:58.159195,ONG_USDT,LOSS,LONG,35.0,0.1301,0.12821171428571426,0.13387657142857146,0.12821171428571426,-1.0,,,,,,,,SL,,,,,,,,,,,,,,,,,,,,,,,,,,,,,,,,,,,,,,,,,,,,,,,,,,,,,,,,,,,,,,,,,
2026-08-28T05:10:58.159339,TAO_USDT,OPEN,SHORT,36.0,247.94,249.15285714285716,245.51428571428573,,,28.240740740741032,31.088825214899714,30.931677018633465,0.004033233846894775,66405312.6546,2.209969960835013,1.6573693414884265,HIGH_EDGE,2026-08-28 05:10:46.320,2026-08-28 05:10:28.883,247.94,247.97,247.98,26819362.0,-0.0239,5e-05,23764609.0,0.6432251828950203,248.5905209524578,249.16102540673006,249.66643060919557,250.4344731034734,250.9427940082224,252.141154877539,-0.6153897979561407,-0.5721494974022245,-0.043240300553916144,-0.7461577499538237,-0.5236302248698717,-0.22252752508395202,-1.0089179634333334,-0.6701811701353146,-0.33873679329801876,1.5664479844813965,0.21491374641330463,0.4076447066686634,0.8798211548877022,0.0,36.0,SHORT,,,,,,,,,,,,,,,,,,,,,,,,,,,,,,,,,
2026-08-28T05:16:10.338472,DOGE_USDT,OPEN,SHORT,36.0,0.08836,0.08866926,0.08774148,,,39.7435897435895,32.85714285714238,34.80278422273777,0.0226346763241355,81490279.875,0.1292550283428769,0.7310840191692564,HIGH_EDGE,2026-08-28 05:15:52.536,2026-08-28 05:15:28.077,0.08836,0.08835,0.08837,9261011.0,-0.0032,8.6e-05,9265272.0,0.23758802446439378,0.08840736808707653,0.08844942552543927,0.08849744496521267,0.08858031792254484,0.0886067347059078,0.088685291057561,-4.426524324295522e-05,-3.910936508210583e-05,-5.155878160849391e-06,-9.302502993874251e-05,-8.753751030403241e-05,-5.487519634710095e-06,-1.1924230349125153e-05,7.84059376568283e-05,-9.033016800595345e-05,0.6360111533616741,0.11155661902606609,0.23362219491689873,0.5771842462652791,0.0,36.0,SHORT,79921.9,-0.009758575348090773,-0.08413635840838878,0.06548173522840775,-0.3125312031951999,57.37107623318258,33.55643044619322,34.03837203288997,63.439947423188585,79940.66921935984,79943.68710530487,79965.53342629268,80034.13251298264,80043.75421688452,80080.62621008507,79938.38813557368,79556.62013816128,-8.214702469325857,-13.201237869288196,-75.36356285559305,-72.4132812231544,22.719969418860273,101.914043611202,380.61784012905264,321.4475935080271,0.2938874498118869,0.47633935525898025,0.6061120326616639,0.9490620203944217,0.05184525678908112,0.132343486042535,0.33728463126412955,0.7912814170548269
2026-08-28T05:16:10.338665,ADA_USDT,OPEN,SHORT,35.0,0.2132,0.2139462,0.2117076,,,44.99999999999966,35.1351351351352,33.33333333333326,0.04690431519699296,38797414.5726,0.013154060867619052,0.07924306424791594,HIGH_EDGE,2026-08-28 05:16:00.799,2026-08-28 05:15:28.098,0.2132,0.2131,0.2132,182706472.0,-0.0055,4.4e-05,134499909.0,0.18870051703736077,0.21335327577774477,0.2135162668133182,0.21366224020163826,0.2139327403819291,0.21392684100608267,0.2141351012165397,-0.0001695031254626278,-0.00014685731970432033,-2.2645805758307472e-05,-0.00028283703189330156,-0.00024136043800490476,-4.14765938883968e-05,-1.581714566717407e-05,0.0002515493691870893,-0.0002673665148542634,0.19286463841948148,0.12396140444920775,0.29147681586705737,0.7102653444116839,0.0,35.0,SHORT,79921.9,-0.009758575348090773,-0.08413635840838878,0.06548173522840775,-0.3125312031951999,57.37107623318258,33.55643044619322,34.03837203288997,63.439947423188585,79940.66921935984,79943.68710530487,79965.53342629268,80034.13251298264,80043.75421688452,80080.62621008507,79938.38813557368,79556.62013816128,-8.214702469325857,-13.201237869288196,-75.36356285559305,-72.4132812231544,22.719969418860273,101.914043611202,380.61784012905264,321.4475935080271,0.2938874498118869,0.47633935525898025,0.6061120326616639,0.9490620203944217,0.05184525678908112,0.132343486042535,0.33728463126412955,0.7912814170548269
2026-08-28T05:21:02.037514,TAO_USDT,LOSS,SHORT,36.0,247.94,249.15285714285716,245.51428571428573,249.15285714285716,-1.0,,,,,,,,SL,,,,,,,,,,,,,,,,,,,,,,,,,,,,,,,,,,,,,,,,,,,,,,,,,,,,,,,,,,,,,,,,,
2026-08-28T05:31:08.649811,DOGE_USDT,LOSS,SHORT,36.0,0.08836,0.08866926,0.08774148,0.08866926,-1.0,,,,,,,,SL,,,,,,,,,,,,,,,,,,,,,,,,,,,,,,,,,,,,,,,,,,,,,,,,,,,,,,,,,,,,,,,,,
2026-08-28T05:31:08.649931,ADA_USDT,LOSS,SHORT,35.0,0.2132,0.2139462,0.2117076,0.2139462,-1.0,,,,,,,,SL,,,,,,,,,,,,,,,,,,,,,,,,,,,,,,,,,,,,,,,,,,,,,,,,,,,,,,,,,,,,,,,,,
2026-08-28T06:41:00.742708,ETH_USDT,OPEN,SHORT,36.0,2498.6,2507.3451,2481.1097999999997,,,36.483931947069834,43.66464339908939,39.36627982787828,0.00040022412550082167,2408762042.414,1.1508134296577657,0.989164546566591,HIGH_EDGE,2026-08-28 06:40:30.870,2026-08-28 06:40:24.782,2498.6,2498.59,2498.6,96081018.0,-0.0087,2.4e-05,94623716.0,0.1988628945185877,2500.4174614378285,2501.4177648166947,2501.6524705615006,2502.6315369285276,2503.708884683632,2506.3949417371396,-0.9585467461520238,-0.7121701389178867,-0.24637660723413712,-1.099451192118977,-0.9360189762434351,-0.1634322158755418,-2.5095227248893934,-2.0101270871782324,-0.499395637711161,0.6081819590307539,0.04625447393397269,0.14359469874558328,0.37137940103600575,0.0,36.0,SHORT,80023.7,0.0028742311431728396,-0.047088859300483246,-0.07481916619721805,0.24427316525936182,48.69791666666675,56.87877018875306,34.19128845568051,66.66843613971756,80035.29040199121,80036.74915454448,80021.10596356787,80016.81114204078,80026.23274178735,80055.55769872273,79963.6505084606,79602.80782220492,0.9402422748098616,4.174625985376913,-6.7926974828587845,-19.571164720782,1.8112173322151648,36.863027656277175,371.170632222289,331.4111478486184,0.49614325863691744,0.9810841971712674,0.7551005866651581,0.6670698222372742,0.031097930095350293,0.10070230979786368,0.26925059165507936,0.7851959571262718
2026-08-28T06:41:00.742950,DOGE_USDT,OPEN,SHORT,40.0,0.08833,0.08863915500000001,0.08771169000000001,,,33.80281690140829,45.255474452555106,39.35483870967749,0.011321181931404958,82420681.236,0.5661762844048313,1.614454192504981,HIGH_EDGE,2026-08-28 06:40:44.862,2026-08-28 06:40:24.813,0.08833,0.08832,0.08833,9357174.0,-0.0036,8.2e-05,9416011.0,1.0786830502110134,0.08843873504445876,0.08850556244111368,0.08851059879753614,0.0885461967954471,0.08856987722842787,0.08863599346431435,-6.065645220323934e-05,-4.121893690823492e-05,-1.9437515295004424e-05,-3.707700030203265e-05,-2.6654983413368824e-05,-1.0422016888663824e-05,-3.2455412708326525e-05,8.875090479646347e-06,-4.133050318797287e-05,0.5144257723896798,0.08571752033769399,0.22480632692338606,0.4851935113454409,0.0,40.0,SHORT,80023.7,0.0028742311431728396,-0.047088859300483246,-0.07481916619721805,0.24427316525936182,48.69791666666675,56.87877018875306,34.19128845568051,66.66843613971756,80035.29040199121,80036.74915454448,80021.10596356787,80016.81114204078,80026.23274178735,80055.55769872273,79963.6505084606,79602.80782220492,0.9402422748098616,4.174625985376913,-6.7926974828587845,-19.571164720782,1.8112173322151648,36.863027656277175,371.170632222289,331.4111478486184,0.49614325863691744,0.9810841971712674,0.7551005866651581,0.6670698222372742,0.031097930095350293,0.10070230979786368,0.26925059165507936,0.7851959571262718
2026-08-28T06:41:00.743132,SUI_USDT,OPEN,SHORT,36.0,0.7744,0.7775628571428572,0.7680742857142857,,,39.99999999999999,45.76271186440697,42.21698113207544,0.012913223140494446,62232666.2367,0.9884101463536263,1.4388914023495512,HIGH_EDGE,2026-08-28 06:40:46.969,2026-08-28 06:40:24.808,0.7744,0.7741,0.7742,81173704.0,-0.0155,0.0001,87684767.0,0.4500013930264728,0.7755129539046431,0.7763150029360919,0.7764157035455516,0.7768755769203415,0.7772308819172934,0.7780787114154238,-0.0007086482657817639,-0.0004520904135495991,-0.00025655785223216475,-0.0005433203582868584,-0.0005038577029523938,-3.946265533446463e-05,-0.00014509438894361182,0.0006921038348918873,-0.0008371982238354991,0.8160161665321866,0.13282172373081538,0.34035566706021086,0.7240628689492308,0.0,36.0,SHORT,80023.7,0.0028742311431728396,-0.047088859300483246,-0.07481916619721805,0.24427316525936182,48.69791666666675,56.87877018875306,34.19128845568051,66.66843613971756,80035.29040199121,80036.74915454448,80021.10596356787,80016.81114204078,80026.23274178735,80055.55769872273,79963.6505084606,79602.80782220492,0.9402422748098616,4.174625985376913,-6.7926974828587845,-19.571164720782,1.8112173322151648,36.863027656277175,371.170632222289,331.4111478486184,0.49614325863691744,0.9810841971712674,0.7551005866651581,0.6670698222372742,0.031097930095350293,0.10070230979786368,0.26925059165507936,0.7851959571262718
2026-08-28T06:41:00.743299,ADA_USDT,OPEN,SHORT,38.0,0.2129,0.2136714285714286,0.21135714285714285,,,40.90909090909131,34.146341463414984,36.26373626373625,0.04697040864256305,39078412.2905,2.4199550222631694,0.6668831724332196,HIGH_EDGE,2026-08-28 06:40:52.317,2026-08-28 06:40:24.829,0.2129,0.2128,0.2129,183830179.0,-0.0069,6.6e-05,137931447.0,-0.216124268535364,0.21308634620602837,0.213274066728405,0.2134248329617323,0.21366507851636882,0.21378537126086286,0.2139993110085143,-0.0001951651257702247,-0.00017298538263552338,-2.2179743134701337e-05,-0.00022875976716810187,-0.00015696060248485084,-7.179916468325103e-05,-0.0001000881777304119,5.437543172988857e-05,-0.00015446360946030045,0.20041234033880534,0.12413607998389894,0.30195262698785597,0.6408105750520003,0.0,38.0,SHORT,80023.7,0.0028742311431728396,-0.047088859300483246,-0.07481916619721805,0.24427316525936182,48.69791666666675,56.87877018875306,34.19128845568051,66.66843613971756,80035.29040199121,80036.74915454448,80021.10596356787,80016.81114204078,80026.23274178735,80055.55769872273,79963.6505084606,79602.80782220492,0.9402422748098616,4.174625985376913,-6.7926974828587845,-19.571164720782,1.8112173322151648,36.863027656277175,371.170632222289,331.4111478486184,0.49614325863691744,0.9810841971712674,0.7551005866651581,0.6670698222372742,0.031097930095350293,0.10070230979786368,0.26925059165507936,0.7851959571262718
2026-08-28T07:01:15.547956,BTC_USDT,LOSS,SHORT,36.0,79869.5,80149.04325,79310.4135,80149.04325,-1.0,,,,,,,,SL,,,,,,,,,,,,,,,,,,,,,,,,,,,,,,,,,,,,,,,,,,,,,,,,,,,,,,,,,,,,,,,,,
2026-08-28T07:01:15.548079,DOGE_USDT,LOSS,SHORT,40.0,0.08833,0.08863915500000001,0.08771169000000001,0.08863915500000001,-1.0,,,,,,,,SL,,,,,,,,,,,,,,,,,,,,,,,,,,,,,,,,,,,,,,,,,,,,,,,,,,,,,,,,,,,,,,,,,
2026-08-28T07:01:15.548132,SUI_USDT,LOSS,SHORT,36.0,0.7744,0.7775628571428572,0.7680742857142857,0.7775628571428572,-1.0,,,,,,,,SL,,,,,,,,,,,,,,,,,,,,,,,,,,,,,,,,,,,,,,,,,,,,,,,,,,,,,,,,,,,,,,,,,
2026-08-28T07:01:15.548166,ADA_USDT,LOSS,SHORT,38.0,0.2129,0.2136714285714286,0.21135714285714285,0.2136714285714286,-1.0,,,,,,,,SL,,,,,,,,,,,,,,,,,,,,,,,,,,,,,,,,,,,,,,,,,,,,,,,,,,,,,,,,,,,,,,,,,
2026-08-28T07:11:09.896424,ETH_USDT,LOSS,SHORT,36.0,2498.6,2507.3451,2481.1097999999997,2507.3451,-1.0,,,,,,,,SL,,,,,,,,,,,,,,,,,,,,,,,,,,,,,,,,,,,,,,,,,,,,,,,,,,,,,,,,,,,,,,,,,
2026-08-28T07:20:59.231569,DOGE_USDT,OPEN,LONG,39.0,0.08923,0.088917695,0.08985460999999999,,,59.99999999999969,63.679245283019334,64.56692913385835,0.011206993163729825,81527818.706,0.1078591971215541,2.914645449809549,HIGH_EDGE,2026-08-28 07:20:45.397,2026-08-28 07:20:26.906,0.08923,0.08928,0.08929,9246009.0,0.0065,8.6e-05,9366390.0,0.37675617179892823,0.08913926216052,0.08900372529579083,0.08885943424715596,0.08871423462564548,0.08865737714095565,0.08865717981235102,0.00014141682424523294,0.00012390752929702088,1.7509294948212065e-05,0.00010779464832898211,3.13203866991444e-05,7.647426162983771e-05,4.953707076718605e-06,-5.914231888566265e-06,1.0867938965284871e-05,1.038491662400511,0.12247642528937974,0.25535934423079876,0.4122572485230785,39.0,0.0,LONG,80331.8,-0.0439234462858594,0.15534764958757546,0.079607303907749,0.0982955035115314,60.14282526221943,69.8894282632153,64.38284518828496,65.12247958673552,80294.9268606453,80238.57245460001,80172.26631636095,80102.53091761985,80077.50796379539,80072.24824831061,79999.6004067696,79651.95078127064,57.970055750760366,49.07672770072837,53.50250293069985,20.946645270373523,18.817145367735066,23.49763662535029,365.8207389144518,338.3136292506998,0.6826723256716212,2.5008750443708263,1.2569982860543885,0.7128558047260675,0.05760927979774999,0.12651990156539855,0.21361403578657595,0.7697271992980539
2026-08-28T07:31:09.677284,DOGE_USDT,LOSS,LONG,39.0,0.08923,0.088917695,0.08985460999999999,0.088917695,-1.0,,,,,,,,SL,,,,,,,,,,,,,,,,,,,,,,,,,,,,,,,,,,,,,,,,,,,,,,,,,,,,,,,,,,,,,,,,,
2026-08-28T07:50:59.806133,LINK_USDT,OPEN,LONG,37.0,11.94,11.89821,12.023579999999999,,,63.01369863013732,68.8073394495409,53.31230283911659,0.008375209380229865,40832851.4107,0.6064121557301341,2.022872336346318,HIGH_EDGE,2026-08-28 07:50:49.858,2026-08-28 07:50:23.919,11.94,11.939,11.94,34810938.0,0.0015,7.1e-05,25918838.0,1.0505793689833562,11.924104122835754,11.919266390946456,11.91632206822727,11.90121293004376,11.891777261043336,11.878053813457793,0.004656357556100943,0.0032469910323665446,0.0014093665237343983,0.014028877429565156,0.00998713708225071,0.0040417403473144466,0.016346725858031874,0.01545973840146058,0.0008869874565712935,0.6885011771147548,0.07597511366355522,0.2303182579564488,0.38406317300789955,37.0,0.0,LONG,80200.1,-0.04225141461225189,-0.059440881868408964,0.059101949616222275,0.0982955035115314,48.931771192282426,62.86089238845148,57.64117575314099,65.12247958673552,80214.79246518102,80216.21501304452,80214.04237643609,80158.79858298258,80131.22909683059,80098.80045289839,79999.6004067696,79651.95078127064,-2.1580639224266633,-4.191725743746141,55.16872163594235,48.614863259339444,37.537073297135066,26.90376202299425,365.8207389144518,338.3136292506998,0.5742766358222823,0.6965944607301285,1.0134016321424615,0.7128558047260675,0.052894483387710384,0.133710200218847,0.21104355587728973,0.7709912011153527
2026-08-28T07:50:59.806314,ONG_USDT,OPEN,SHORT,35.0,0.12511,0.12621228571428572,0.12290542857142857,,,43.32344213649839,37.91348600508902,38.72870249017038,0.015985932379499836,27052212.4941,2.1296296296296298,0.23267124704409123,HIGH_EDGE,2026-08-28 07:50:57.246,2026-08-28 07:50:23.904,0.12511,0.12509,0.12511,18811182.0,-0.0017,-0.001496,5783426.0,-0.10127323061605664,0.12536922733631578,0.12558267496569117,0.1257156408405632,0.12609482443639797,0.12637175598354847,0.12644576257745463,-0.00020213172043909156,-0.0001421702375048861,-5.996148293420546e-05,-0.00039926370253584587,-0.00034718753455940563,-5.207616797644023e-05,0.0002778378323539388,0.0007294323027554783,-0.0004515944704015395,0.15986129157355652,0.2506365826643985,0.7342110371444596,1.77900590337646,1.0,36.0,SHORT,80200.1,-0.04225141461225189,-0.059440881868408964,0.059101949616222275,0.0982955035115314,48.931771192282426,62.86089238845148,57.64117575314099,65.12247958673552,80214.79246518102,80216.21501304452,80214.04237643609,80158.79858298258,80131.22909683059,80098.80045289839,79999.6004067696,79651.95078127064,-2.1580639224266633,-4.191725743746141,55.16872163594235,48.614863259339444,37.537073297135066,26.90376202299425,365.8207389144518,338.3136292506998,0.5742766358222823,0.6965944607301285,1.0134016321424615,0.7128558047260675,0.052894483387710384,0.133710200218847,0.21104355587728973,0.7709912011153527
2026-08-28T08:01:13.016966,BTC_USDT,OPEN,LONG,36.0,80236.0,79955.174,80797.65199999999,,,63.93046837276862,64.8241206030136,57.46478873239428,0.00012463233462014654,4304875568.65741,0.283179833736146,0.458168915615,HIGH_EDGE,2026-08-28 08:00:46.025,2026-08-28 08:00:41.998,80236.0,80236.0,80236.1,540231655.0,-0.0004,7.8e-05,578853616.0,0.021397378126641185,80231.3363179591,80222.64332454451,80221.59912091977,80171.65577591627,80157.96327746497,80113.90077769198,5.92930116361822,0.0512768963367396,5.87802426728148,52.467607229264104,49.79334095400162,2.6742662752624824,46.448732883349294,30.81411097777357,15.634621905575724,0.5566035653721889,0.02986724875901545,0.1261546295570928,0.20079159337098285,36.0,0.0,LONG,80264.9,0.0033639745733322654,0.08379292672981531,0.02130899538677854,0.15160325117227372,63.93046837276862,64.8241206030136,57.46478873239428,58.87746414303485,80231.3363179591,80222.64332454451,80221.59912091977,80171.65577591627,80157.96327746497,80113.90077769198,80052.66032541521,79707.67114711324,5.92930116361822,0.0512768963367396,52.467607229264104,49.79334095400162,46.448732883349294,30.81411097777357,367.13446544595354,344.07210499175017,0.283179833736146,0.458168915615,0.5566035653721889,1.0222135322813288,0.02985649482436736,0.126109206603919,0.2007192967998986,0.7090539308856405
2026-08-28T08:31:06.825170,SUI_USDT,OPEN,LONG,35.0,0.7816,0.7788644,0.7870711999999999,,,65.62499999999937,41.21621621621652,56.896551724137964,0.012794268167859389,59100901.2157,2.207755509303649,1.9599033732946929,HIGH_EDGE,2026-08-28 08:30:55.898,2026-08-28 08:30:35.079,0.7816,0.7813,0.7814,76844084.0,-0.0063,9.1e-05,84497974.0,-0.9645777430941033,0.7804248361520075,0.7797341402024888,0.779434464492802,0.7791218018442879,0.7790710317499655,0.7787249595639383,0.0006007884178800271,0.00038327263708743715,0.00021751578079258997,0.0003448316214781366,0.0003308312224277141,1.4000399050422495e-05,0.00046010758006997943,0.0003560665482741569,0.00010404103179582251,1.3915664068692266,0.13068431057172386,0.24766047667787802,0.5337037578593332,38.0,3.0,LONG,80281.4,0.01856316146835128,-0.060873667843900414,0.18719253625919427,0.15160325117227372,62.82143715453098,46.448703494926356,74.90926687636099,58.87746414303485,80277.06059112777,80257.62356746965,80238.90471675294,80198.70342144158,80178.40049757736,80130.573335133,80052.66032541521,79707.67114711324,20.41828826071287,19.328411484120572,44.22522907660459,42.810204873587836,50.45938591384038,36.589449082393685,367.13446544595354,344.07210499175017,0.5514234806575438,0.59970747206276,1.1529046385876747,1.0222135322813288,0.05817038566841034,0.12716875533168986,0.19937904136485318,0.708908201116857
2026-08-28T08:51:00.873923,SUI_USDT,LOSS,LONG,35.0,0.7816,0.7788644,0.7870711999999999,0.7788644,-1.0,,,,,,,,SL,,,,,,,,,,,,,,,,,,,,,,,,,,,,,,,,,,,,,,,,,,,,,,,,,,,,,,,,,,,,,,,,,
2026-08-28T09:01:16.785303,XAU_USDT,LOSS,LONG,36.0,4613.08,4596.93422,4645.37156,4596.93422,-1.0,,,,,,,,SL,,,,,,,,,,,,,,,,,,,,,,,,,,,,,,,,,,,,,,,,,,,,,,,,,,,,,,,,,,,,,,,,,
2026-08-28T09:11:01.818963,LINK_USDT,LOSS,LONG,37.0,11.94,11.89821,12.023579999999999,11.89821,-1.0,,,,,,,,SL,,,,,,,,,,,,,,,,,,,,,,,,,,,,,,,,,,,,,,,,,,,,,,,,,,,,,,,,,,,,,,,,,
2026-08-28T09:41:06.843980,ETH_USDT,OPEN,LONG,37.0,2517.08,2508.27022,2534.6995599999996,,,72.45744216499317,58.983050847457065,56.05911330049264,0.00039728574380704145,2187038546.0597,0.6332727794062032,1.6216678764431287,HIGH_EDGE,2026-08-28 09:40:35.530,2026-08-28 09:40:27.048,2517.08,2517.08,2517.09,87169493.0,-0.0013,2.1e-05,94082642.0,-0.07002018565020084,2514.41604890088,2512.6269510228017,2512.14642438395,2510.897755821131,2509.58226335248,2508.6047151971043,1.6490958196291103,1.149438508102641,0.4996573115264693,1.1440348653100045,0.650451772928157,0.4935830923818475,0.6320080401983432,0.012849548559173446,0.6191584916391698,0.7615425965173597,0.10570638540349733,0.14237018404546137,0.23096490491249463,37.0,0.0,LONG,80464.2,0.019764246105876918,0.08707095785516866,0.25330790692336436,-0.06989356493310435,65.55796103129245,65.37685060565278,66.94417760700244,54.3655210797273,80413.10407483295,80375.34198330432,80331.64013822793,80270.57443017178,80227.74068380785,80169.65350163823,80083.88826033077,79753.22355681879,41.79649280013109,39.88872706230855,55.62820419544005,34.71258168098567,60.14625613401586,46.37105179519361,359.526811556163,347.18637989385775,0.6889668055121817,0.8255517870232854,1.4349271439378395,0.6094131248907396,0.07567695589200418,0.11916568397586977,0.20113647702065415,0.6548697610685418
2026-08-28T09:41:06.844236,XAUT_USDT,OPEN,SHORT,38.0,4578.1,4594.123350000001,4546.0533000000005,,,32.0754716981145,26.88172043010701,42.079207920792456,0.006552936807850022,315518663.2894,0.7052885902491101,1.6288047491167186,HIGH_EDGE,2026-08-28 09:40:43.426,2026-08-28 09:40:27.098,4578.1,4578.0,4578.3,68758251.0,-0.0042,2.2e-05,48939302.0,-0.30795990774667703,4577.429381201003,4579.293923694977,4581.557390845691,4584.9513449673495,4587.218492599481,4588.94287328562,-1.9901623578589351,-1.8295212702769743,-0.16064108758196083,-3.104590393104445,-2.1209083339222046,-0.9836820591822404,-1.1091452157670574,-0.010209712964180967,-1.0989355028028764,1.7481030564376818,0.02589970262149017,0.07099014875166838,0.11077583651358938,1.0,39.0,SHORT,80464.2,0.019764246105876918,0.08707095785516866,0.25330790692336436,-0.06989356493310435,65.55796103129245,65.37685060565278,66.94417760700244,54.3655210797273,80413.10407483295,80375.34198330432,80331.64013822793,80270.57443017178,80227.74068380785,80169.65350163823,80083.88826033077,79753.22355681879,41.79649280013109,39.88872706230855,55.62820419544005,34.71258168098567,60.14625613401586,46.37105179519361,359.526811556163,347.18637989385775,0.6889668055121817,0.8255517870232854,1.4349271439378395,0.6094131248907396,0.07567695589200418,0.11916568397586977,0.20113647702065415,0.6548697610685418
2026-08-28T09:51:05.668461,SKHYNIXSTOCK_USDT,OPEN,LONG,36.0,1247.83,1239.3357142857142,1264.8185714285714,,,57.85714285714298,60.86099244166937,67.3652694610779,0.0032055648605950828,91831834.39107,1.009903893672985,0.9374626020582748,HIGH_EDGE,2026-08-28 09:50:45.448,2026-08-28 09:50:25.922,1247.83,1247.7,1247.74,73708828.0,0.0098,0.0,17383536.0,-3.1354440459082493,1246.3771789375317,1243.619224875291,1240.6848829828907,1237.2318731254015,1237.9062930496204,1235.8910861687614,2.9984248964403832,2.7813324514981255,0.21709244494225777,2.700095956289715,0.983269519372939,1.716826436916776,1.2811260872308594,0.07977212550878429,1.2013539617220752,0.9514295856204291,0.20698790242718546,0.5672704958665408,0.4961184044071929,36.0,0.0,LONG,80372.9,0.005101482167198302,-0.013684332310325825,0.0021148960839552657,-0.06989356493310435,48.020257826886294,59.42654539848822,67.36289631533901,54.3655210797273,80364.16743207637,80365.9796894592,80348.25368846716,80289.24525479818,80258.97254704553,80189.13042345965,80083.88826033077,79753.22355681879,6.245386917915312,15.876801569288938,57.212217217704165,42.813087111067624,69.67805833141028,51.03423725813133,359.526811556163,347.18637989385775,0.7605225831525729,0.789578420357302,1.0949597704808938,0.6094131248907396,0.057979741927934,0.13085434091768136,0.20185375205536987,0.6556136636673726
2026-08-28T10:01:10.426643,SKHYNIXSTOCK_USDT,LOSS,LONG,36.0,1247.83,1239.3357142857142,1264.8185714285714,1239.3357142857142,-1.0,,,,,,,,SL,,,,,,,,,,,,,,,,,,,,,,,,,,,,,,,,,,,,,,,,,,,,,,,,,,,,,,,,,,,,,,,,,
2026-08-28T10:11:07.543198,PUMPFUN_USDT,OPEN,SHORT,35.0,0.0048,0.004830085714285714,0.004739828571428571,,,44.30379746835454,25.624999999999815,42.016806722689104,0.0208333333333361,24100013.4934,23.83788680339155,1.3156239879904348,HIGH_EDGE,2026-08-28 10:11:07.489,2026-08-28 10:10:27.940,0.0048,0.004801,0.004802,49960447.0,-0.022,5e-05,55499125.0,-0.33021927104826837,0.0047986274354766545,0.00481015551717654,0.004825870594036503,0.00484937335321302,0.004859926365566172,0.004871228664766151,-1.2189237358034392e-05,-1.0513107187366571e-05,-1.676130170667821e-06,-2.1515626677327815e-05,-1.486572267580325e-05,-6.649904001524564e-06,-6.426914998033419e-06,2.1769128328339317e-06,-8.60382783086735e-06,0.39033797932401504,0.3244047619047637,0.5223214285714295,0.9999999999999999,0.0,35.0,SHORT,80757.8,0.052034422009073815,0.018082018052301394,0.18996341307153752,0.40868333649176014,68.75643666323427,80.065717415115,76.1496492595486,66.47329747213743,80694.88277896828,80609.44474112974,80524.39991079754,80396.60054333805,80314.4980376361,80220.71879974853,80174.43060826264,79824.43634879701,90.4840698606713,82.69450365569705,114.36497151192452,70.87310477866843,88.5233031437383,58.52106272670001,375.60301351219823,352.8697531968008,1.2238636585359999,1.3097371760977181,1.2044000795766838,0.8486298704372964,0.10751725706814073,0.1747022755519752,0.22039445636918212,0.6295809374273614
2026-08-28T10:21:07.073709,BTC_USDT,WIN,LONG,36.0,80236.0,79955.174,80797.65199999999,80797.65199999999,2.0,,,,,,,,TP,,,,,,,,,,,,,,,,,,,,,,,,,,,,,,,,,,,,,,,,,,,,,,,,,,,,,,,,,,,,,,,,,
2026-08-28T10:21:07.073839,PUMPFUN_USDT,LOSS,SHORT,35.0,0.0048,0.004830085714285714,0.004739828571428571,0.004830085714285714,-1.0,,,,,,,,SL,,,,,,,,,,,,,,,,,,,,,,,,,,,,,,,,,,,,,,,,,,,,,,,,,,,,,,,,,,,,,,,,,
2026-08-28T10:21:07.073940,SILVER_USDT,OPEN,LONG,35.0,69.58,69.33647,70.06706,,,63.99999999999985,59.66386554621902,56.77419354838742,0.014371945961470114,189939624.1071,0.20847161032028086,2.2264368256950955,HIGH_EDGE,2026-08-28 10:20:42.744,2026-08-28 10:20:25.956,69.58,69.59,69.6,275517837.0,0.0011,0.000159,134214432.0,-4.059860209803241,69.55665672316752,69.46243125584887,69.40231106071292,69.34684587444568,69.33192136369378,69.32597528104475,0.10011547566743673,0.09401915111344228,0.006096324553994448,0.03060787654889907,-0.015985763992542888,0.04659364054144196,0.028024075349563304,0.048497134635792666,-0.02047305928622936,1.799938281666711,0.14063975690880168,0.22584486510902174,0.2720404056995037,38.0,3.0,LONG,80950.3,0.005065092617078776,0.29661421195899035,0.21642334044395758,0.40868333649176014,69.89533439772862,87.30479514973277,79.75803087192348,66.47329747213743,80809.29300729277,80724.07994401747,80639.41994291032,80472.91060567638,80393.77843010845,80265.28066672127,80174.43060826264,79824.43634879701,90.29184915614314,79.27335755433234,149.79538439270982,95.23267335461559,116.19104078607052,70.0552694373409,375.60301351219823,352.8697531968008,1.9127731336800102,2.520291318906464,1.7864096942940495,0.8486298704372964,0.09745838760678857,0.2048346772208198,0.2329912833641626,0.6280837925069007
2026-08-28T10:21:07.074117,WLD_USDT,OPEN,LONG,35.0,0.4183,0.41621714285714284,0.42246571428571433,,,80.70175438596503,77.41935483870962,63.36633663366337,0.023906287353571358,27056501.5822,1.5600199267180974,1.904190435379783,HIGH_EDGE,2026-08-28 10:21:01.981,2026-08-28 10:20:25.967,0.4183,0.4182,0.4183,66350487.0,0.0224,3.4e-05,61730075.0,0.995153629181095,0.41555619781533293,0.41464413745635886,0.4142745768144761,0.41350746456697046,0.41321013353179914,0.41290069652357575,0.0007776289645254897,0.0004158728376806258,0.0003617561268448639,0.0005839080073980485,0.0001819619435914481,0.0004019460638066004,0.00040393088052848025,0.0003958533003955308,8.077580132949435e-06,0.9157603253577669,0.17075919538267245,0.4149448447798903,0.6079027355623103,36.0,1.0,LONG,80950.3,0.005065092617078776,0.29661421195899035,0.21642334044395758,0.40868333649176014,69.89533439772862,87.30479514973277,79.75803087192348,66.47329747213743,80809.29300729277,80724.07994401747,80639.41994291032,80472.91060567638,80393.77843010845,80265.28066672127,80174.43060826264,79824.43634879701,90.29184915614314,79.27335755433234,149.79538439270982,95.23267335461559,116.19104078607052,70.0552694373409,375.60301351219823,352.8697531968008,1.9127731336800102,2.520291318906464,1.7864096942940495,0.8486298704372964,0.09745838760678857,0.2048346772208198,0.2329912833641626,0.6280837925069007
2026-08-28T10:31:07.804004,SILVER_USDT,LOSS,LONG,35.0,69.58,69.33647,70.06706,69.33647,-1.0,,,,,,,,SL,,,,,,,,,,,,,,,,,,,,,,,,,,,,,,,,,,,,,,,,,,,,,,,,,,,,,,,,,,,,,,,,,
2026-08-28T10:31:07.804151,ZEC_USDT,OPEN,LONG,36.0,821.4,817.1845714285713,829.8308571428572,,,80.51330798479106,66.73136645962742,65.2799178222907,0.0012174336498649752,141054984.1635,2.187420441970846,1.3446966347508575,HIGH_EDGE,2026-08-28 10:30:46.718,2026-08-28 10:30:30.712,821.4,821.17,821.18,17600752.0,0.0225,7.7e-05,8593040.0,1.3612398451974659,819.452810910163,817.7057191217552,816.0653778518767,813.995272559737,813.4621671515096,812.5770432696004,1.8554141110977298,1.6990063446083195,0.15640776648941035,1.5907108339639535,0.5565271195538783,1.0341837144100752,1.0638540242151748,0.8580756442694706,0.20577837994570425,1.2881195918770911,0.16913631778496485,0.42766704928867244,0.6234999478242735,37.0,1.0,LONG,81097.1,0.039351040890553204,0.09503814485541241,0.47849794761303827,0.40868333649176014,79.82594936708723,86.62796323173606,83.1398985336026,66.47329747213743,81025.82714084494,80919.01714686207,80791.86476346194,80574.87447761814,80534.44274408664,80340.9017885444,80174.43060826264,79824.43634879701,117.97521183024219,112.1957360461331,196.43842127069365,128.02287088546765,167.3477358672244,89.50864349512435,375.60301351219823,352.8697531968008,1.4104499778087685,1.4171612104455706,2.155030125194191,0.8486298704372964,0.11263393776455431,0.20691245432943936,0.26050781805302825,0.6269468504862857
2026-08-28T10:31:07.804326,PEPE_USDT,OPEN,LONG,35.0,3.9513e-06,3.932417142857143e-06,3.989065714285714e-06,,,94.26751592356888,75.4545454545455,67.65779864371424,0.0025308126439455188,86039277.627,0.7921577107435037,6.0530642791200755,HIGH_EDGE,2026-08-28 10:30:48.848,2026-08-28 10:30:30.732,3.9513e-06,3.9498e-06,3.9499e-06,2205386.0,0.0083,0.0001,1713508.0,-1.8808328666467395,3.933976481002553e-06,3.920419677799184e-06,3.910246327947219e-06,3.89803049202495e-06,3.899247432499276e-06,3.898114836834832e-06,1.3391951973034047e-08,1.0695472673150415e-08,2.6964792998836326e-09,8.512278216807261e-09,1.1340545051288e-09,7.378223711678461e-09,-1.6187581608352299e-09,-5.911662880955149e-09,4.292904720119919e-09,2.752416417671449,0.20228423918348704,0.3982414467571256,0.6757269759319712,36.0,1.0,LONG,81097.1,0.039351040890553204,0.09503814485541241,0.47849794761303827,0.40868333649176014,79.82594936708723,86.62796323173606,83.1398985336026,66.47329747213743,81025.82714084494,80919.01714686207,80791.86476346194,80574.87447761814,80534.44274408664,80340.9017885444,80174.43060826264,79824.43634879701,117.97521183024219,112.1957360461331,196.43842127069365,128.02287088546765,167.3477358672244,89.50864349512435,375.60301351219823,352.8697531968008,1.4104499778087685,1.4171612104455706,2.155030125194191,0.8486298704372964,0.11263393776455431,0.20691245432943936,0.26050781805302825,0.6269468504862857
2026-08-28T10:41:11.448794,WLD_USDT,WIN,LONG,35.0,0.4183,0.41621714285714284,0.42246571428571433,0.42246571428571433,2.0,,,,,,,,TP,,,,,,,,,,,,,,,,,,,,,,,,,,,,,,,,,,,,,,,,,,,,,,,,,,,,,,,,,,,,,,,,,
2026-08-28T10:41:11.448870,ZEC_USDT,LOSS,LONG,36.0,821.4,817.1845714285713,829.8308571428572,817.1845714285713,-1.0,,,,,,,,SL,,,,,,,,,,,,,,,,,,,,,,,,,,,,,,,,,,,,,,,,,,,,,,,,,,,,,,,,,,,,,,,,,
2026-08-28T10:41:11.448907,PEPE_USDT,LOSS,LONG,35.0,3.9513e-06,3.932417142857143e-06,3.989065714285714e-06,3.932417142857143e-06,-1.0,,,,,,,,SL,,,,,,,,,,,,,,,,,,,,,,,,,,,,,,,,,,,,,,,,,,,,,,,,,,,,,,,,,,,,,,,,,
2026-08-28T10:41:11.448951,SILVER_USDT,OPEN,SHORT,44.0,68.72,68.98228571428572,68.19542857142856,,,22.916666666665563,36.263736263736,41.70616113744083,0.014551804423735309,195141416.9397,2.072837674925151,3.1118404394923767,HIGH_EDGE,2026-08-28 10:40:48.884,2026-08-28 10:40:31.916,68.72,68.7,68.71,283052797.0,-0.0112,0.000153,147131600.0,8.925868908487155,68.94876764686715,69.09422844619549,69.16288261047065,69.2453733832762,69.26153709095463,69.29452382280252,-0.13869810583270237,-0.10848962546132615,-0.030208480371376217,-0.0643828950893095,-0.02037315663260221,-0.04400973845670729,-0.002375978005531465,0.03834022085121461,-0.04071619885674607,1.612737076736574,0.19229170131381945,0.3180608681190771,0.3440462331614837,0.0,44.0,SHORT,80896.3,0.10233426056999945,-0.27183024971399267,0.47849794761303827,0.40868333649176014,44.13244413244394,70.87291920422223,83.1398985336026,66.47329747213743,80980.1297507062,80975.79583423401,80864.74144861512,80648.8798902172,80534.44274408664,80340.9017885444,80174.43060826264,79824.43634879701,38.501018100214424,82.43598957601897,207.11272830764938,157.54150384814477,167.3477358672244,89.50864349512435,375.60301351219823,352.8697531968008,0.5409278865621102,1.3975306724636618,2.155030125194191,0.8486298704372964,0.14950357079725274,0.2540024345100718,0.2611544479961165,0.6285030517906427
2026-08-28T11:01:08.117866,ETH_USDT,LOSS,LONG,37.0,2517.08,2508.27022,2534.6995599999996,2508.27022,-1.0,,,,,,,,SL,,,,,,,,,,,,,,,,,,,,,,,,,,,,,,,,,,,,,,,,,,,,,,,,,,,,,,,,,,,,,,,,,
2026-08-28T11:01:08.118001,HYPE_USDT,OPEN,SHORT,37.0,83.867,84.25460000000001,83.0918,,,39.421157684631694,47.5045537340622,40.01503382610882,0.0011923641002904168,206069730.4687,0.8488908981760778,1.627051538335008,HIGH_EDGE,2026-08-28 11:00:49.990,2026-08-28 11:00:36.848,83.867,83.861,83.862,24604689.0,-0.009,0.0,9069989.0,0.13808473480819503,83.94777058743762,84.07314951508089,84.20168728328453,84.31880135138306,84.33141790692108,84.54715472685622,-0.13536207271434364,-0.13011441061841492,-0.0052476620959287235,-0.12015078183404171,-0.09428619137324158,-0.025864590460800127,-0.17106205178563982,-0.09656532625730879,-0.07449672552833103,0.7814782678601624,0.14103963929282273,0.38513360439743805,0.5462730956667774,1.0,38.0,SHORT,80474.0,0.024485950409110627,-0.1439384539024693,-0.41529719241278984,-0.07772863517954051,30.02157497303159,53.414387031408445,56.8695390177766,68.81528662420371,80526.70221555307,80647.38239335272,80713.34113735263,80641.43165944009,80566.37935621534,80391.73859718253,80234.34448660722,79883.48449544747,-117.06389161471452,-95.43684014082632,108.48719965596683,150.11951687297108,165.66189711728657,119.61059304200828,378.92021527803445,358.0747971789559,0.5543070746066625,0.7787991325695113,1.2645783914658195,1.5052621923713407,0.1034495613490097,0.2848213620015687,0.32850006568225737,0.6702519713554322
2026-08-28T11:01:08.118186,ZEC_USDT,OPEN,SHORT,40.0,801.24,806.6288571428572,790.4622857142857,,,26.393270241851056,38.94436519258201,40.12077750518973,0.001248065498476225,140832048.7688,0.5057746351192095,2.260024940886859,HIGH_EDGE,2026-08-28 11:00:51.689,2026-08-28 11:00:36.853,801.24,801.24,801.25,17567554.0,-0.0025,7.4e-05,8943280.0,3.791190222416988,803.7351243262417,807.1021342829258,809.676279531582,811.6062437018134,810.753386976918,811.4712176594046,-3.4437919634623313,-3.003447216801984,-0.4403447466603474,-1.2352362943771595,0.1786296689999883,-1.4138659633771478,-0.11827932399728525,0.648583274127827,-0.7668625981251123,1.8361646163989456,0.2659270987112846,0.5604705563519413,0.7479478237303615,1.0,41.0,SHORT,80474.0,0.024485950409110627,-0.1439384539024693,-0.41529719241278984,-0.07772863517954051,30.02157497303159,53.414387031408445,56.8695390177766,68.81528662420371,80526.70221555307,80647.38239335272,80713.34113735263,80641.43165944009,80566.37935621534,80391.73859718253,80234.34448660722,79883.48449544747,-117.06389161471452,-95.43684014082632,108.48719965596683,150.11951687297108,165.66189711728657,119.61059304200828,378.92021527803445,358.0747971789559,0.5543070746066625,0.7787991325695113,1.2645783914658195,1.5052621923713407,0.1034495613490097,0.2848213620015687,0.32850006568225737,0.6702519713554322
2026-08-28T11:11:02.388671,SPCXSTOCK_USDT,OPEN,LONG,39.0,140.68,140.18762,141.66476,,,67.56756756756674,59.78260869565238,58.59374999999957,0.007108330963903417,30112972.1902,2.0705860731327905,1.4101164296095354,HIGH_EDGE,2026-08-28 11:10:57.497,2026-08-28 11:10:25.770,140.68,140.67,140.68,21458741.0,-0.0029,0.0,27170286.0,2.1963290803006443,140.6085689776766,140.55464158726627,140.53464963638217,140.47943022358513,140.420066427177,140.35898990796952,0.049779103130674685,0.03595647347999306,0.013822629650681623,0.05935401705792742,0.053864898101290026,0.0054891189566373955,0.050161494605589496,0.025513200617412177,0.02464829398817732,0.07158725738688218,0.025894634225606308,0.06448271660100263,0.10408627482838516,39.0,0.0,LONG,80397.9,0.0733143305243956,0.00833424553930914,-0.41529719241278984,-0.07772863517954051,36.52408016751345,45.06861978240738,56.8695390177766,68.81528662420371,80382.37206297323,80473.20044138553,80598.71032790621,80598.6140127883,80566.37935621534,80391.73859718253,80234.34448660722,79883.48449544747,-108.15765177231515,-116.98448243063604,48.573829052751535,117.75740682254506,165.66189711728657,119.61059304200828,378.92021527803445,358.0747971789559,0.7585995443872825,0.6065542387312778,1.2645783914658195,1.5052621923713407,0.08975003433814029,0.277557000866936,0.3288110048361211,0.6708863930880914
2026-08-28T11:21:04.898887,ZEC_USDT,WIN,SHORT,40.0,801.24,806.6288571428572,790.4622857142857,790.4622857142857,2.0,,,,,,,,TP,,,,,,,,,,,,,,,,,,,,,,,,,,,,,,,,,,,,,,,,,,,,,,,,,,,,,,,,,,,,,,,,,
2026-08-28T11:21:04.899042,TAO_USDT,OPEN,SHORT,35.0,246.98,248.52971428571428,243.88057142857144,,,16.617210682492626,28.012358393408817,32.37629810629194,0.004048910842979555,65555832.4308,0.3157035738523804,1.987530405793967,HIGH_EDGE,2026-08-28 11:20:50.402,2026-08-28 11:20:23.921,246.98,247.0,247.01,26086537.0,-0.0277,5e-05,23595016.0,-12.778987834756384,247.443110631948,248.37143553179507,249.51003160222922,251.04961476518423,251.37054139332685,251.97208273543802,-1.0143593345666773,-0.9505289582296994,-0.06383037633697786,-1.3023360849590802,-0.7166036795828845,-0.5857324053761956,-0.34795865646171364,0.1651820583051672,-0.5131407147668808,2.936417082666146,0.2357044526450958,0.5228879145795483,0.7397938525965108,2.0,37.0,SHORT,80091.9,0.03247325016018056,-0.13491254998436616,-0.34035837661852797,-0.07772863517954051,23.075460938982772,27.670847025685745,48.92465846070613,68.81528662420371,80162.74235557947,80284.99182706347,80433.57060985973,80519.61553558592,80493.12348497279,80374.31851091955,80234.34448660722,79883.48449544747,-132.122263623256,-120.68057240381121,-26.345169508786057,71.89992817068172,128.66491767497791,121.40685555844573,378.92021527803445,358.0747971789559,0.9782089313512338,1.0390876748999986,0.9917747593747454,1.5052621923713407,0.09589876486528984,0.29105850368674496,0.3419375563749681,0.6734495890702688
2026-08-28T11:40:56.958230,SILVER_USDT,LOSS,SHORT,44.0,68.72,68.98228571428572,68.19542857142856,68.98228571428572,-1.0,,,,,,,,SL,,,,,,,,,,,,,,,,,,,,,,,,,,,,,,,,,,,,,,,,,,,,,,,,,,,,,,,,,,,,,,,,,
2026-08-28T12:11:04.196423,HYPE_USDT,WIN,SHORT,37.0,83.867,84.25460000000001,83.0918,83.0918,2.0,,,,,,,,TP,,,,,,,,,,,,,,,,,,,,,,,,,,,,,,,,,,,,,,,,,,,,,,,,,,,,,,,,,,,,,,,,,
2026-08-28T12:11:04.196552,TAO_USDT,WIN,SHORT,35.0,246.98,248.52971428571428,243.88057142857144,243.88057142857144,2.0,,,,,,,,TP,,,,,,,,,,,,,,,,,,,,,,,,,,,,,,,,,,,,,,,,,,,,,,,,,,,,,,,,,,,,,,,,,
2026-08-28T12:11:04.196643,ETH_USDT,OPEN,SHORT,35.5,2486.26,2494.9619100000004,2468.85618,,,38.02816901408465,14.883720930231746,33.60667958848927,0.0004022105491870632,2147393452.6885,0.6001762206150757,0.5391089837819311,HIGH_EDGE,2026-08-28 12:10:37.764,2026-08-28 12:10:32.851,2486.26,2486.25,2486.26,85546450.0,-0.0136,2.4e-05,96123104.0,-0.08519925197289499,2487.7934329994787,2489.438041624677,2492.6245405526292,2499.8983095946423,2503.0672681521037,2506.978021637356,-1.8565508852702806,-1.7295014046251602,-0.12704948064512034,-6.896733344789482,-5.285221294625356,-1.6115120501641256,-2.5989365668920072,0.08894244341848434,-2.6878790103104917,1.6600491498151313,0.07213933492761708,0.2342301862464657,0.37661272065557927,1.5,37.0,SHORT,79777.5,-0.03395794227401155,-0.10092902285429507,-0.14611605039190623,-0.7281855009071253,43.608675588372456,16.40783254557769,42.03837124585125,60.198038716250764,79823.92975782658,79858.41926589895,79945.36016917725,80145.88594556942,80216.05362430669,80262.76358166199,80165.07558928353,79883.89285795442,-41.076051368785556,-40.32204481261667,-183.18652244836267,-132.71685635657903,1.1872584003140219,77.84153987414683,330.457083093861,352.5502080260001,1.0590443889143248,0.6109181136275411,0.9297322794919435,0.886774550879456,0.07027581174427298,0.2290208929298906,0.3890373673207158,0.7166270475474193
2026-08-28T12:51:04.662098,XAU_USDT,OPEN,SHORT,35.0,4582.32,4598.35812,4550.243759999999,,,32.36409608091216,33.61998361998123,32.45738636363609,0.000654690200611368,593374370.15595,0.42593055208593555,0.8479066393562561,HIGH_EDGE,2026-08-28 12:50:37.525,2026-08-28 12:50:29.837,4582.32,4582.32,4582.35,128984903.0,-0.0067,4e-05,63739269.0,2.226659793312452,4582.993161567233,4584.493188941601,4586.01174762484,4587.19235760784,4587.5397078255955,4592.083691434365,-1.5452104300075007,-1.3729860215443297,-0.172224408463171,-1.323437466242467,-1.0846933800212977,-0.23874408622116938,-4.890724650607808,-4.711916560979035,-0.17880808962877293,0.5882106402566785,0.018643082855099205,0.07259267295668168,0.17608048823677594,1.0,36.0,SHORT,79800.0,-0.014659504809441587,0.022812220330949023,-0.11230539053354086,-0.7281855009071253,37.08726415094298,35.00183576061657,42.11174204820699,60.198038716250764,79810.92532606727,79839.17930543718,79867.61193074487,79997.3168964921,80027.16825564459,80155.6641197264,80165.07558928353,79883.89285795442,-29.350465740266372,-26.626708953373626,-145.30525096874044,-147.4137510301729,-78.53259531247022,11.556923607239362,330.457083093861,352.5502080260001,0.604754620939924,0.5312654655037691,0.6010162644504266,0.886774550879456,0.04392230576440947,0.1697278911564623,0.40952380952380796,0.7164249910490507
2026-08-28T13:10:58.551997,BTC_USDT,OPEN,SHORT,35.0,79591.6,79870.17060000001,79034.45880000001,,,24.444444444442937,34.43277790458778,37.074286700910804,0.00012564139933267938,4636255483.66117,2.4975127338467864,2.5110444749498115,HIGH_EDGE,2026-08-28 13:10:31.515,2026-08-28 13:10:27.702,79591.6,79591.6,79591.7,580056616.0,-0.0084,8.7e-05,560425178.0,0.04939940315966373,79698.13351018657,79747.29852389486,79781.60616683098,79913.38452391762,79978.39460451565,80121.81259299902,-46.17821559717413,-32.08526625104504,-14.092949346129089,-146.83283045361168,-144.0178999134063,-2.8149305402053812,-96.78507126834302,-10.1126275414636,-86.67244372687942,0.5057303511187737,0.05573990938024771,0.14762864422878666,0.3949627132224277,2.0,37.0,SHORT,79615.2,-0.03415266240092851,-0.16226804072000953,0.0018801280492543413,-0.13105848187462082,24.444444444442937,34.43277790458778,37.074286700910804,54.8384946164873,79698.13351018657,79747.29852389486,79781.60616683098,79913.38452391762,79978.39460451565,80121.81259299902,80088.72047142497,79874.75054340727,-46.17821559717413,-32.08526625104504,-146.83283045361168,-144.0178999134063,-96.78507126834302,-10.1126275414636,280.3676906683395,338.11069414418876,2.4975127338467864,2.5110444749498115,0.5057303511187737,0.49691994386818256,0.055723386632564195,0.14758488328861696,0.3948456360809768,0.6838518272892615
2026-08-28T13:10:58.552260,XRP_USDT,OPEN,SHORT,36.0,1.4222,1.4271776999999999,1.4122446,,,26.24113475177289,31.835205992509557,36.982643524699505,0.0070313598649971165,492380508.1275,5.832943007310292,2.1953260181461345,HIGH_EDGE,2026-08-28 13:10:35.271,2026-08-28 13:10:27.718,1.4222,1.4222,1.4223,341612269.0,-0.0292,1e-05,135743212.0,0.4737342159713159,1.4264215569337575,1.428190521941881,1.4288162376892928,1.4324242633245663,1.4348928380803758,1.4411276510127426,-0.001576244850847841,-0.0009735325113487199,-0.0006027123394991211,-0.004162332905584876,-0.004155079004820427,-7.253900764448741e-06,-0.005519203948649132,-0.0035750689472924257,-0.001944135001356706,0.25784919787087196,0.12606223757960566,0.2747252747252768,0.6755127870301515,0.0,36.0,SHORT,79615.2,-0.03415266240092851,-0.16226804072000953,0.0018801280492543413,-0.13105848187462082,24.444444444442937,34.43277790458778,37.074286700910804,54.8384946164873,79698.13351018657,79747.29852389486,79781.60616683098,79913.38452391762,79978.39460451565,80121.81259299902,80088.72047142497,79874.75054340727,-46.17821559717413,-32.08526625104504,-146.83283045361168,-144.0178999134063,-96.78507126834302,-10.1126275414636,280.3676906683395,338.11069414418876,2.4975127338467864,2.5110444749498115,0.5057303511187737,0.49691994386818256,0.055723386632564195,0.14758488328861696,0.3948456360809768,0.6838518272892615
2026-08-28T13:20:58.287320,ETH_USDT,LOSS,SHORT,35.5,2486.26,2494.9619100000004,2468.85618,2494.9619100000004,-1.0,,,,,,,,SL,,,,,,,,,,,,,,,,,,,,,,,,,,,,,,,,,,,,,,,,,,,,,,,,,,,,,,,,,,,,,,,,,
2026-08-28T13:20:58.287432,BTC_USDT,LOSS,SHORT,35.0,79591.6,79870.17060000001,79034.45880000001,79870.17060000001,-1.0,,,,,,,,SL,,,,,,,,,,,,,,,,,,,,,,,,,,,,,,,,,,,,,,,,,,,,,,,,,,,,,,,,,,,,,,,,,
2026-08-28T13:20:58.287526,XRP_USDT,LOSS,SHORT,36.0,1.4222,1.4271776999999999,1.4122446,1.4271776999999999,-1.0,,,,,,,,SL,,,,,,,,,,,,,,,,,,,,,,,,,,,,,,,,,,,,,,,,,,,,,,,,,,,,,,,,,,,,,,,,,
2026-08-28T13:20:58.287620,ENA_USDT,OPEN,SHORT,42.0,0.15863,0.161546,0.152798,,,34.36563436563429,28.879037365421155,37.56676557863502,0.006303977810004413,75078058.5761,2.2174922491885494,1.8241144950389074,HIGH_EDGE,2026-08-28 13:20:43.806,2026-08-28 13:20:25.730,0.15863,0.15855,0.15856,45779856.0,-0.0225,-4.9e-05,20568344.0,-12.313594900017513,0.1603134843419214,0.16118895230452762,0.16196105808630357,0.16585093829242692,0.16758136764207765,0.17048458969275018,-0.0009059273302282067,-0.0007680944620398015,-0.00013783286818840523,-0.0040903999462907625,-0.0037702343495542383,-0.0003201655967365242,-0.001498576457700601,0.0008729067692856422,-0.0023714832269862434,2.042977295772632,0.6610171017912277,1.5318666078295402,3.404598301528268,0.0,42.0,SHORT,79877.7,-0.07180825444643057,0.06940416399927611,0.04888241022870701,-0.13105848187462082,69.81903093987094,54.87259288076237,38.07136788445211,54.8384946164873,79852.21502825229,79810.52521289681,79807.33594677135,79902.61429487563,79947.17568361251,80094.58388030124,80088.72047142497,79874.75054340727,27.933597142633516,2.70209483333369,-120.35102227680909,-137.90395140552135,-106.8715141681896,-29.465564656093896,280.3676906683395,338.11069414418876,0.7927127666737358,1.6111908929641645,1.0930159569496052,0.49691994386818256,0.07656347498380851,0.1545308819429097,0.4034113579706395,0.6816045028837838
2026-08-28T13:50:57.740331,SKHYNIXSTOCK_USDT,OPEN,SHORT,38.0,1222.24,1226.51784,1213.68432,,,44.73358116480734,47.47081712062257,34.590616375344894,0.0008181699175277283,81924917.6578,0.4840649107007587,1.393284054182691,HIGH_EDGE,2026-08-28 13:50:44.079,2026-08-28 13:50:25.856,1222.24,1222.03,1222.04,66183883.0,-0.0108,5e-05,17404634.0,1.9341660699151306,1223.234072236842,1223.7403032919624,1224.5797211311185,1226.8655737046458,1228.217821826654,1231.4471131819212,-0.6258507562690738,-0.6849459790808069,0.05909522281173307,-2.5482233238180925,-2.453049787728326,-0.09517353608976631,-2.7490491125083736,-1.4858739775714167,-1.2631751349369569,1.7479480635362197,0.08713509621678278,0.2839049613823795,0.5486413704112362,1.0,39.0,SHORT,79604.9,-0.008164659835149237,-0.10014469528027703,-0.1258380324145846,-0.13105848187462082,38.55376545522658,37.98577466240571,26.295851427515444,54.8384946164873,79654.11756756222,79687.72853872733,79710.3525976317,79810.00451686083,79868.74843751329,80031.74531527204,80088.72047142497,79874.75054340727,-35.853160083832336,-32.797682386679135,-117.35510907246498,-119.68064795421608,-130.78090164820605,-63.677188807582226,280.3676906683395,338.11069414418876,1.0487943952389316,1.074169946867606,0.8608602823717315,0.49691994386818256,0.04254942669537724,0.14266889170318223,0.37748035251957573,0.6839403102070352
2026-08-28T14:51:03.104860,ENA_USDT,LOSS,SHORT,42.0,0.15863,0.161546,0.152798,0.161546,-1.0,,,,,,,,SL,,,,,,,,,,,,,,,,,,,,,,,,,,,,,,,,,,,,,,,,,,,,,,,,,,,,,,,,,,,,,,,,,
2026-08-28T15:10:59.737085,USOIL_USDT,OPEN,SHORT,39.0,82.88,83.17008,82.29983999999999,,,29.78723404255338,35.51401869158897,35.16483516483501,0.02413127413128648,25641917.13393,5.7359938522433,1.8572454118161794,HIGH_EDGE,2026-08-28 15:10:56.688,2026-08-28 15:10:25.731,82.88,82.88,82.9,31025171.0,0.0043,0.0,68039911.0,0.42284952835440803,82.996610298631,83.02875570073107,83.03833247689971,83.07722295792335,83.11638510597825,83.15698133377568,-0.02536794670005804,-0.008559507607383688,-0.016808439092674356,-0.034038979884016385,-0.01921621723715984,-0.014822762646856544,-0.04146003487126393,-0.04074322463752145,-0.000716810233742482,1.442685015775334,0.07670297848869405,0.16288610038609924,0.18787920573634917,0.0,39.0,SHORT,79858.7,-0.024161846816398644,0.06641129643621947,-0.16105542061158445,0.05199940213247058,70.50522156364687,63.15389624484457,37.93397231096843,37.351282367955086,79812.75699414156,79782.29069703534,79766.26952548287,79752.20313606119,79744.83638400394,79898.111882646,79926.92910171337,79833.6667050728,25.94014528475236,12.57699474101258,-11.552724401801242,-43.32641303653609,-148.22388782804774,-121.89553686026697,181.6093014224316,288.57797994191026,0.7176467165534338,0.6413768994625908,0.5718514878482158,0.6091052890912751,0.04680588518041576,0.12575783406012037,0.2468467072824496,0.5866880234356793
2026-08-28T15:21:01.040047,SKHYNIXSTOCK_USDT,WIN,SHORT,38.0,1222.24,1226.51784,1213.68432,1213.68432,2.0,,,,,,,,TP,,,,,,,,,,,,,,,,,,,,,,,,,,,,,,,,,,,,,,,,,,,,,,,,,,,,,,,,,,,,,,,,,
2026-08-28T15:51:02.791890,XAU_USDT,LOSS,SHORT,35.0,4582.32,4598.35812,4550.243759999999,4598.35812,-1.0,,,,,,,,SL,,,,,,,,,,,,,,,,,,,,,,,,,,,,,,,,,,,,,,,,,,,,,,,,,,,,,,,,,,,,,,,,,
2026-08-28T16:01:15.959353,XAUT_USDT,LOSS,SHORT,38.0,4578.1,4594.123350000001,4546.0533000000005,4594.123350000001,-1.0,,,,,,,,SL,,,,,,,,,,,,,,,,,,,,,,,,,,,,,,,,,,,,,,,,,,,,,,,,,,,,,,,,,,,,,,,,,
2026-08-28T16:01:15.959498,XAU_USDT,OPEN,LONG,36.5,4612.38,4596.23667,4644.66666,,,92.70302079246859,90.36144578313176,65.22010225713944,0.000650423425644577,558955976.59855,1.747437790319548,3.217962797472831,HIGH_EDGE,2026-08-28 16:00:50.059,2026-08-28 16:00:43.708,4612.38,4612.38,4612.41,121615729.0,-0.0002,2.8e-05,66041893.0,4.948430941184209,4608.918949486701,4602.222473652551,4596.724381605512,4589.96271839908,4590.578534693472,4588.964768294025,6.686470072589145,5.482062927643883,1.2044071449452627,5.190132652929606,1.8019678909129477,3.388164762016658,-0.32451499082435475,-3.3249045436099087,3.000389552785554,3.695501928739254,0.06680777757748775,0.11933721233475013,0.17962526938369616,39.0,2.5,LONG,79864.5,-0.041928458784950814,-0.06831908767742106,0.03732712717653215,0.259610809752231,53.55236139630472,52.18558854244389,49.65048931495906,40.83663789751968,79902.11631865389,79889.39552821696,79855.11714398756,79816.53195464464,79803.8262628883,79881.05434781413,79914.44328137187,79836.47565112512,19.24108557861473,26.584914635365937,27.684075511671836,11.281331523533876,-96.44509744372044,-115.44717965997825,162.37124822218902,263.30584803926087,0.8876625200068844,0.8881325538462063,0.7666268931557568,0.463277065376011,0.028745115610991568,0.09771013940575875,0.20383631919420322,0.575295835893474
2026-08-28T16:11:00.645852,USOIL_USDT,LOSS,SHORT,39.0,82.88,83.17008,82.29983999999999,83.17008,-1.0,,,,,,,,SL,,,,,,,,,,,,,,,,,,,,,,,,,,,,,,,,,,,,,,,,,,,,,,,,,,,,,,,,,,,,,,,,,
2026-08-28T17:11:00.472096,NVIDIA_USDT,OPEN,SHORT,40.5,225.77,226.56019500000002,224.18961000000002,,,33.333333333332746,7.7419354838712025,43.8818565400845,0.004429286441950173,46515705.3136,2.7988490329598448,4.6562304130145025,HIGH_EDGE,2026-08-28 17:10:52.205,2026-08-28 17:10:32.718,225.77,225.78,225.79,20590236.0,-0.0015,0.0,11283107.0,0.5886380937497185,226.00707722753566,226.16180455594937,226.25412322545418,226.39125645407475,226.47173825053608,226.49229267253173,-0.1481593607485081,-0.10910967683133113,-0.039049683917176975,-0.09786018272990304,-0.014910115347156255,-0.0829500673827468,-0.015252992177238411,-0.007451556729542433,-0.007801435447695978,6.107675116427215,0.06897031745328795,0.08921848404507546,0.12243813235973412,1.5,42.0,SHORT,79785.2,0.028584897144522874,0.0519162618284985,0.10444855311731271,-0.27634305605118303,72.67002518891688,45.48148148148139,45.1205193728848,35.7911415727024,79735.86300676753,79699.90578541765,79697.9268236618,79717.76383291122,79714.79507727851,79810.13088453341,79860.31462509866,79818.96303317245,29.357542453406495,15.488486356990833,-25.58035847095016,-30.23143562688431,-107.41182405689324,-108.32218247545013,127.85140796545602,236.20008009285073,0.7771777492482265,1.3673524596177842,1.0427042182357114,0.6347184491046935,0.05063595754600766,0.11443225059284022,0.2064292625699981,0.5484189334076297
2026-08-28T17:20:57.099697,SPCXSTOCK_USDT,LOSS,LONG,39.0,140.68,140.18762,141.66476,140.18762,-1.0,,,,,,,,SL,,,,,,,,,,,,,,,,,,,,,,,,,,,,,,,,,,,,,,,,,,,,,,,,,,,,,,,,,,,,,,,,,
2026-08-28T17:51:03.732249,SOL_USDT,OPEN,SHORT,35.0,105.77,106.140195,105.02960999999999,,,9.99999999999983,28.260869565217334,40.836012861736485,0.009454476694719785,1991165226.849,2.4413071591055657,2.8517689579936136,HIGH_EDGE,2026-08-28 17:50:34.797,2026-08-28 17:50:28.726,105.77,105.85,105.86,186259422.0,-0.0127,-9e-06,32619669.0,-4.28591033517554,106.17941232461921,106.33260917277924,106.39917782137236,106.58755529132156,106.64998132611008,106.95176410670209,-0.12690616295543578,-0.06137110164794303,-0.06553506130749275,-0.19039087809042599,-0.1591023562546789,-0.031288521835747096,-0.3247703199875076,-0.2976670799043305,-0.027103240083177105,0.3427574149385136,0.1067005226974962,0.22555680114534257,0.39236078283067044,1.0,36.0,SHORT,79479.9,-0.058596819927955866,-0.2542590907664868,-0.08125666950480193,-0.27634305605118303,14.436983471072978,40.91760299625421,52.406343051035236,35.7911415727024,79596.29242438232,79663.2544800763,79676.30121015145,79705.3730540668,79712.87187956729,79785.77847129303,79860.31462509866,79818.96303317245,-55.324033505501575,-27.795141281481357,-26.263198129687225,-14.869950292209854,-90.264046866243,-101.32206502354992,127.85140796545602,236.20008009285073,3.204634590505813,2.48473403214072,0.7956085519686714,0.6347184491046935,0.05273570514593612,0.12053361919176632,0.19559302774303988,0.5505255326908365
2026-08-28T17:51:03.732513,LINK_USDT,OPEN,SHORT,38.0,11.644,11.684754000000002,11.562492,,,15.18987341772197,32.91139240506354,44.8548812664908,0.008588114050149826,38707157.8693,2.1395666376409865,3.9854157289443015,HIGH_EDGE,2026-08-28 17:50:56.219,2026-08-28 17:50:28.757,11.644,11.646,11.647,32743933.0,-0.0232,4.2e-05,23049719.0,-2.1613230463235067,11.669375839880175,11.684373815262639,11.690850036669048,11.71182495147206,11.71792572847852,11.748042228328758,-0.01347215645427724,-0.008797604343949429,-0.004674552110327811,-0.02121088620826761,-0.017864514647354873,-0.003346371560912737,-0.031426559695699297,-0.02686340828446917,-0.004563151411230128,0.9980310644159464,0.08220052019433588,0.17114884428522348,0.3674485940030449,1.0,39.0,SHORT,79479.9,-0.058596819927955866,-0.2542590907664868,-0.08125666950480193,-0.27634305605118303,14.436983471072978,40.91760299625421,52.406343051035236,35.7911415727024,79596.29242438232,79663.2544800763,79676.30121015145,79705.3730540668,79712.87187956729,79785.77847129303,79860.31462509866,79818.96303317245,-55.324033505501575,-27.795141281481357,-26.263198129687225,-14.869950292209854,-90.264046866243,-101.32206502354992,127.85140796545602,236.20008009285073,3.204634590505813,2.48473403214072,0.7956085519686714,0.6347184491046935,0.05273570514593612,0.12053361919176632,0.19559302774303988,0.5505255326908365
2026-08-28T18:01:20.885442,SOL_USDT,LOSS,SHORT,35.0,105.77,106.140195,105.02960999999999,106.140195,-1.0,,,,,,,,SL,,,,,,,,,,,,,,,,,,,,,,,,,,,,,,,,,,,,,,,,,,,,,,,,,,,,,,,,,,,,,,,,,
2026-08-28T18:01:20.885553,BTC_USDT,OPEN,SHORT,38.0,79461.3,79739.41455,78905.0709,,,34.634529735393784,41.62584679520586,43.06466126751503,0.00012584742510608405,4475334023.2195,0.30383009012313456,1.2758409048885209,HIGH_EDGE,2026-08-28 18:00:55.100,2026-08-28 18:00:49.898,79461.3,79461.2,79461.3,559217265.0,-0.0101,0.0001,565965576.0,0.5417862014227862,79503.79535556518,79562.8966237762,79620.83277449703,79674.05979178852,79667.09750365438,79758.34132652727,-62.83131246553967,-58.515143104255564,-4.3161693612841034,-45.915249108555145,-24.06317140082175,-21.852077707733393,-102.95488260386628,-101.62090438204093,-1.3339782218253475,1.8168118831334414,0.057125741893042405,0.12537999180553114,0.20394474147432898,1.0,39.0,SHORT,79484.0,0.007675089553203874,-0.10808093502576348,-0.24911366987732564,-0.20064336458079962,34.634529735393784,41.62584679520586,43.06466126751503,37.66772667338855,79503.79535556518,79562.8966237762,79620.83277449703,79674.05979178852,79667.09750365438,79758.34132652727,79785.05170008,79788.5140033503,-62.83131246553967,-58.515143104255564,-45.915249108555145,-24.06317140082175,-102.95488260386628,-101.62090438204093,86.62139442459738,206.29718856965548,0.30383009012313456,1.2758409048885209,1.8168118831334414,0.762763074915523,0.05710942723423092,0.12534418427427976,0.20388649647368148,0.520059742481867
2026-08-28T18:01:20.885756,SOL_USDT,OPEN,SHORT,39.0,106.01,106.38103500000001,105.26793,,,38.53211009174316,36.0000000000001,37.573964497041615,0.009433072351669763,1875532867.744,0.4710144354059821,1.3926872689401397,HIGH_EDGE,2026-08-28 18:00:57.013,2026-08-28 18:00:49.899,106.01,106.0,106.01,175091170.0,-0.0105,-6e-06,33882359.0,3.8709466978343645,106.04867569128561,106.15640456601488,106.29427380568005,106.50550145295463,106.521985060889,106.86613996653627,-0.11793908642657414,-0.1137469173122341,-0.004192169114340033,-0.21250660617072015,-0.17543350628766524,-0.037073099883054905,-0.3582514191379573,-0.30971961704995643,-0.0485318020880009,1.9932929897950054,0.13408438557009603,0.2621046531998329,0.4170765561200434,1.0,40.0,SHORT,79484.0,0.007675089553203874,-0.10808093502576348,-0.24911366987732564,-0.20064336458079962,34.634529735393784,41.62584679520586,43.06466126751503,37.66772667338855,79503.79535556518,79562.8966237762,79620.83277449703,79674.05979178852,79667.09750365438,79758.34132652727,79785.05170008,79788.5140033503,-62.83131246553967,-58.515143104255564,-45.915249108555145,-24.06317140082175,-102.95488260386628,-101.62090438204093,86.62139442459738,206.29718856965548,0.30383009012313456,1.2758409048885209,1.8168118831334414,0.762763074915523,0.05710942723423092,0.12534418427427976,0.20388649647368148,0.520059742481867
2026-08-28T18:01:20.885904,ZEC_USDT,OPEN,SHORT,37.0,786.34,789.0921900000001,780.8356200000001,,,34.67406380027769,38.08995002776221,47.97979797979784,0.002543429051044308,141126383.8623,0.3589835350990153,1.898556547456784,HIGH_EDGE,2026-08-28 18:01:03.996,2026-08-28 18:00:49.916,786.34,786.34,786.36,17587627.0,-0.0211,2.2e-05,8335448.0,-1.252959734578431,786.701831502198,787.9249573208735,788.9862756735658,789.9249450933999,789.5668431069145,790.9825575123446,-1.2842004995580965,-1.1729827302971019,-0.11121776926099458,-0.647576601448236,-0.06634460842846442,-0.5812319930197716,-2.1061375839113907,-2.605591168417718,0.49945358450632726,2.009430732561219,0.15069817127451154,0.2852274007245127,0.44382836940763654,2.0,39.0,SHORT,79484.0,0.007675089553203874,-0.10808093502576348,-0.24911366987732564,-0.20064336458079962,34.634529735393784,41.62584679520586,43.06466126751503,37.66772667338855,79503.79535556518,79562.8966237762,79620.83277449703,79674.05979178852,79667.09750365438,79758.34132652727,79785.05170008,79788.5140033503,-62.83131246553967,-58.515143104255564,-45.915249108555145,-24.06317140082175,-102.95488260386628,-101.62090438204093,86.62139442459738,206.29718856965548,0.30383009012313456,1.2758409048885209,1.8168118831334414,0.762763074915523,0.05710942723423092,0.12534418427427976,0.20388649647368148,0.520059742481867
2026-08-28T18:01:20.886046,DOGE_USDT,OPEN,SHORT,43.0,0.08711,0.08741488500000001,0.08650023000000001,,,36.03603603603593,35.36585365853641,39.91416309012891,0.011479738261963177,78062475.946,0.5658263777173227,4.264935243987557,HIGH_EDGE,2026-08-28 18:01:08.543,2026-08-28 18:00:49.932,0.08711,0.08711,0.08712,8819574.0,-0.0173,5.7e-05,9728471.0,-1.7639425488255915,0.08717611194755519,0.0873156189893809,0.08746332156929662,0.08757311552431388,0.08753781332762416,0.08774425725762364,-0.00013377538323962324,-0.00010273104104172806,-3.104434219789518e-05,-0.00010395714802549638,-7.396286010753652e-05,-2.9994287917959857e-05,-0.0002266886255462286,-0.00021062107884391558,-1.6067546702313012e-05,2.703987701992936,0.13693687783917996,0.2222149334995131,0.35833183003427277,0.0,43.0,SHORT,79484.0,0.007675089553203874,-0.10808093502576348,-0.24911366987732564,-0.20064336458079962,34.634529735393784,41.62584679520586,43.06466126751503,37.66772667338855,79503.79535556518,79562.8966237762,79620.83277449703,79674.05979178852,79667.09750365438,79758.34132652727,79785.05170008,79788.5140033503,-62.83131246553967,-58.515143104255564,-45.915249108555145,-24.06317140082175,-102.95488260386628,-101.62090438204093,86.62139442459738,206.29718856965548,0.30383009012313456,1.2758409048885209,1.8168118831334414,0.762763074915523,0.05710942723423092,0.12534418427427976,0.20388649647368148,0.520059742481867
2026-08-28T18:11:04.269608,ZEC_USDT,LOSS,SHORT,37.0,786.34,789.0921900000001,780.8356200000001,789.0921900000001,-1.0,,,,,,,,SL,,,,,,,,,,,,,,,,,,,,,,,,,,,,,,,,,,,,,,,,,,,,,,,,,,,,,,,,,,,,,,,,,
2026-08-28T18:21:07.173159,LINK_USDT,LOSS,SHORT,38.0,11.644,11.684754000000002,11.562492,11.684754000000002,-1.0,,,,,,,,SL,,,,,,,,,,,,,,,,,,,,,,,,,,,,,,,,,,,,,,,,,,,,,,,,,,,,,,,,,,,,,,,,,
2026-08-28T18:21:07.173277,SOL_USDT,LOSS,SHORT,39.0,106.01,106.38103500000001,105.26793,106.38103500000001,-1.0,,,,,,,,SL,,,,,,,,,,,,,,,,,,,,,,,,,,,,,,,,,,,,,,,,,,,,,,,,,,,,,,,,,,,,,,,,,
2026-08-28T18:51:11.335450,DOGE_USDT,WIN,SHORT,43.0,0.08711,0.08741488500000001,0.08650023000000001,0.08650023000000001,2.0,,,,,,,,TP,,,,,,,,,,,,,,,,,,,,,,,,,,,,,,,,,,,,,,,,,,,,,,,,,,,,,,,,,,,,,,,,,
2026-08-28T19:01:16.167091,SUI_USDT,OPEN,SHORT,38.0,0.7546,0.7583628571428572,0.7470742857142858,,,38.14432989690743,41.73553719008264,35.58282208588966,0.013252054068393852,59136091.2664,0.16675735216819215,0.23895134789580863,HIGH_EDGE,2026-08-28 19:01:04.995,2026-08-28 19:00:46.817,0.7546,0.7545,0.7546,76681312.0,-0.0406,5.2e-05,94289266.0,3.9559212878312806,0.7552346008180074,0.7560584082280547,0.7574577471766801,0.7593538736347548,0.7592071152473591,0.7616725520609682,-0.0010352530339975408,-0.0011559010846853438,0.00012064805068780302,-0.001636938216854844,-0.0009170705864751815,-0.0007198676303796625,-0.0028126221341706614,-0.0026856814725232108,-0.00012694066164745067,3.457820673420376,0.15713149823936945,0.41554655257279316,0.542387641513004,1.0,39.0,SHORT,79254.5,-0.0010093962170389997,-0.04262924037973183,0.02006597794508507,-0.2887373559458507,35.084241823588656,37.045977011494585,29.115667074663122,37.97552488563924,79268.92604654611,79287.20486572557,79320.84117174373,79429.62285528195,79443.56585749648,79611.37647352689,79678.94136006487,79739.96936464624,-22.297028240951477,-23.260240283505574,-113.33050747211382,-100.64989825616927,-165.48004981859413,-129.2759941606568,35.04826765568578,172.08930345271236,0.9491247330523426,0.45819330070295744,0.7178765220309907,0.8190694891627964,0.027938927307413486,0.13805435112742348,0.19803291926641023,0.5096871471020589
2026-08-28T19:41:00.312886,NVIDIA_USDT,LOSS,SHORT,40.5,225.77,226.56019500000002,224.18961000000002,226.56019500000002,-1.0,,,,,,,,SL,,,,,,,,,,,,,,,,,,,,,,,,,,,,,,,,,,,,,,,,,,,,,,,,,,,,,,,,,,,,,,,,,
2026-08-28T19:41:00.313056,USOIL_USDT,OPEN,LONG,38.0,83.38,83.08817,83.96365999999999,,,66.66666666666666,60.64516129032196,61.497326203208715,0.011993283761099925,23453430.69291,1.55827649027666,1.7297337548634937,HIGH_EDGE,2026-08-28 19:40:57.348,2026-08-28 19:40:27.786,83.38,83.38,83.39,28247484.0,0.0104,0.0,66387425.0,-0.35288066169454435,83.26747838196238,83.21099613152627,83.15339298821421,83.0938575563104,83.06520242595214,83.04254531877343,0.05750752817127136,0.048880035101206865,0.008627493070064496,0.053983975271961526,0.03409114981127754,0.019892825460683987,0.0018495977952710518,-0.029946305321532248,0.031795903116803304,0.8878355603535725,0.07024637631497489,0.2193057602028568,0.4034883322482275,38.0,0.0,LONG,79312.4,0.015636822194191904,0.015510699229872795,0.10646506922755729,-0.2887373559458507,81.4970269324914,47.7022580279132,28.613232460209602,37.97552488563924,79288.82349401795,79251.99688643707,79244.63897761516,79311.04995674118,79365.86614879724,79544.3250169274,79678.94136006487,79739.96936464624,34.23185198449937,26.54255868967277,-90.45957315458509,-111.8056740170698,-179.62676417350303,-147.1992008702958,35.04826765568578,172.08930345271236,0.5904318929884944,0.5275076206836637,0.8985902950682843,0.8190694891627964,0.0401666610229232,0.13439620682624195,0.2217271736287665,0.509315062966196
2026-08-28T19:51:03.440550,SUI_USDT,LOSS,SHORT,38.0,0.7546,0.7583628571428572,0.7470742857142858,0.7583628571428572,-1.0,,,,,,,,SL,,,,,,,,,,,,,,,,,,,,,,,,,,,,,,,,,,,,,,,,,,,,,,,,,,,,,,,,,,,,,,,,,
2026-08-28T20:01:15.546313,ZEC_USDT,OPEN,LONG,37.0,797.32,794.2582857142858,803.4434285714286,,,83.57963875205138,68.90080428954403,62.4590760276463,0.0012542015752760379,134101753.929,2.0954880075256606,1.7174856449809546,HIGH_EDGE,2026-08-28 20:00:59.126,2026-08-28 20:00:45.706,797.32,797.28,797.29,16700232.0,-0.0074,8.7e-05,8131854.0,-1.0641633293066424,795.6946030661406,794.505636500564,793.3815070116915,791.5138287871345,791.3257853692033,790.993129412908,1.2575432572198224,1.1019986697893307,0.1555445874304917,1.4505675375177134,0.5414034574841686,0.9091640800335448,-0.4856769263988099,-1.5185181366280278,1.032841210229218,1.5060429886433133,0.13572252761034959,0.3200005733492918,0.48967612931893345,38.0,1.0,LONG,79528.1,0.017481154309555692,0.1400205749657965,0.29548337953282966,0.3452169908333354,86.20886981401785,64.55102040816429,40.820413915881645,39.82247173962537,79450.52927856645,79386.78010940217,79347.83564523334,79341.53358682168,79386.78233523018,79522.14603359389,79648.77308805162,79720.70967427292,61.54984534512914,46.36756457441422,-28.705867751079495,-76.60004428046842,-153.05570399136923,-153.066718514675,16.06728433506214,140.91918487002823,1.9092530942097308,1.9078263919493046,1.463374052400257,0.9474410778122369,0.051679846494506354,0.13242399317258338,0.217784657246933,0.5372853835849952
2026-08-28T20:01:15.546549,NVIDIA_USDT,OPEN,LONG,39.5,226.79,225.996235,228.37752999999998,,,69.38775510204248,80.72289156626543,54.54545454545455,0.0044093654923016475,42160566.6922,11.171226251393719,10.366407011696282,HIGH_EDGE,2026-08-28 20:01:07.779,2026-08-28 20:00:45.690,226.79,226.78,226.79,18647190.0,0.003,0.0,10757664.0,1.612129908903269,226.8585513250464,226.79550304896867,226.63600123297982,226.34094965467378,226.3111573991602,226.22281844452732,0.07596850268285493,0.07452279507829698,0.0014457076045579498,0.26270840613628366,0.17855683313264697,0.08415157300363668,0.014340124780204633,-0.11314980279121865,0.1274899275714233,5.257846707698067,0.029605739734051305,0.09417144872852737,0.1776344384043123,41.0,1.5,LONG,79528.1,0.017481154309555692,0.1400205749657965,0.29548337953282966,0.3452169908333354,86.20886981401785,64.55102040816429,40.820413915881645,39.82247173962537,79450.52927856645,79386.78010940217,79347.83564523334,79341.53358682168,79386.78233523018,79522.14603359389,79648.77308805162,79720.70967427292,61.54984534512914,46.36756457441422,-28.705867751079495,-76.60004428046842,-153.05570399136923,-153.066718514675,16.06728433506214,140.91918487002823,1.9092530942097308,1.9078263919493046,1.463374052400257,0.9474410778122369,0.051679846494506354,0.13242399317258338,0.217784657246933,0.5372853835849952
2026-08-28T20:11:00.206144,USOIL_USDT,LOSS,LONG,38.0,83.38,83.08817,83.96365999999999,83.08817,-1.0,,,,,,,,SL,,,,,,,,,,,,,,,,,,,,,,,,,,,,,,,,,,,,,,,,,,,,,,,,,,,,,,,,,,,,,,,,,
2026-08-28T20:21:02.954079,ZEC_USDT,WIN,LONG,37.0,797.32,794.2582857142858,803.4434285714286,803.4434285714286,2.0,,,,,,,,TP,,,,,,,,,,,,,,,,,,,,,,,,,,,,,,,,,,,,,,,,,,,,,,,,,,,,,,,,,,,,,,,,,
2026-08-28T20:41:01.956862,XAU_USDT,LOSS,LONG,36.5,4612.38,4596.23667,4644.66666,4596.23667,-1.0,,,,,,,,SL,,,,,,,,,,,,,,,,,,,,,,,,,,,,,,,,,,,,,,,,,,,,,,,,,,,,,,,,,,,,,,,,,
2026-08-28T21:01:15.982143,AKE_USDT,OPEN,SHORT,35.0,0.007923,0.007989942857142857,0.007789114285714285,,,45.91836734693908,38.24175824175823,33.922651933701616,0.037864445285892535,19049009.607,0.25022456050301556,2.3045689084344274,HIGH_EDGE,2026-08-28 21:01:15.046,2026-08-28 21:00:44.917,0.007923,0.007921,0.007924,2505392.0,0.1093,5e-05,1087674.0,0.3709671168103472,0.00793251338306606,0.007945768784160017,0.007956862145195448,0.008004643047821015,0.008005156865440963,0.008033674422644478,-1.3584041797172139e-05,-1.1262439335140897e-05,-2.3216024620312417e-06,-5.314239821055215e-05,-5.156677014785528e-05,-1.5756280626968728e-06,2.0449255827318172e-05,8.314643914170634e-05,-6.269718331438816e-05,0.8044953098443778,0.27136185788211464,0.7040983754349908,1.7958565478444322,1.0,36.0,SHORT,79563.2,-0.008168938678919237,0.010433046864495978,-0.02714086106895515,0.04413534335661391,42.4833247819368,63.76754558572776,42.15460666496175,38.81046054154133,79558.09614504853,79569.300758784,79578.00455036928,79525.51085693888,79512.47404450753,79548.34813293602,79631.65847044045,79706.39011355393,-13.102569771857816,-14.896049434181018,52.027435671319836,49.074267485527415,-72.99036725354381,-116.21736460321485,3.8369947879982647,113.56219379181694,0.7810936327406538,0.4564776134714528,0.6764438348395179,0.9116332864904559,0.02505645108003909,0.1104871886212993,0.2137025301000601,0.5377306522182556
2026-08-28T21:10:59.367223,AKE_USDT,LOSS,SHORT,35.0,0.007923,0.007989942857142857,0.007789114285714285,0.007989942857142857,-1.0,,,,,,,,SL,,,,,,,,,,,,,,,,,,,,,,,,,,,,,,,,,,,,,,,,,,,,,,,,,,,,,,,,,,,,,,,,,
2026-08-28T21:10:59.367364,ZEC_USDT,OPEN,LONG,38.0,805.66,801.6605714285714,813.6588571428571,,,91.65751920965869,66.0390047074645,63.20438623210452,0.003723655139896036,135815224.476,7.7592306741174175,2.499186685394419,HIGH_EDGE,2026-08-28 21:10:43.207,2026-08-28 21:10:28.788,805.66,805.66,805.69,16901634.0,0.0029,8.1e-05,8124583.0,-0.8225255872706472,802.6068300200136,801.1501056041025,801.1539647211076,798.5953523402097,796.6163376872113,793.9894012601235,1.184702195633804,0.5474288207924115,0.6372733748413925,2.763223224800754,2.591593155192445,0.17163006960830884,1.7009853769960728,0.13424493268453697,1.5667404443115358,0.4375621658732891,0.16144704785074004,0.41368035435011447,0.5564204680457203,39.0,1.0,LONG,79543.0,-0.009427973425685571,-0.038957448412798155,-0.02714086106895515,0.04413534335661391,49.97984683595208,51.183855077069374,42.15460666496175,38.81046054154133,79564.90668945329,79568.61255271411,79570.36291223574,79531.10631905339,79512.47404450753,79548.34813293602,79631.65847044045,79706.39011355393,-4.95796180612524,-5.6367979579577066,43.35177128389478,47.918840129184865,-72.99036725354381,-116.21736460321485,3.8369947879982647,113.56219379181694,1.5976555771823098,1.3825619412200703,0.6764438348395179,0.9116332864904559,0.03487781092347124,0.1039689224696066,0.2137568000057466,0.5378672092902143
2026-08-28T21:31:11.888983,ZEC_USDT,LOSS,LONG,38.0,805.66,801.6605714285714,813.6588571428571,801.6605714285714,-1.0,,,,,,,,SL,,,,,,,,,,,,,,,,,,,,,,,,,,,,,,,,,,,,,,,,,,,,,,,,,,,,,,,,,,,,,,,,,
2026-08-28T22:10:59.019929,NVIDIA_USDT,WIN,LONG,39.5,226.79,225.996235,228.37752999999998,228.37752999999998,2.0,,,,,,,,TP,,,,,,,,,,,,,,,,,,,,,,,,,,,,,,,,,,,,,,,,,,,,,,,,,,,,,,,,,,,,,,,,,
2026-08-28T22:31:05.947084,PEPE_USDT,OPEN,SHORT,35.0,3.7884e-06,3.8016594e-06,3.7618812e-06,,,36.627906976744754,38.742690058479624,45.12711864406785,0.0026396367859840373,83019953.985,1.8173602267592326,2.1118188787824295,HIGH_EDGE,2026-08-28 22:30:53.103,2026-08-28 22:30:33.931,3.7884e-06,3.7872e-06,3.7873e-06,2144726.0,-0.0331,0.0001,1698521.0,0.3763846273857195,3.7849865307219315e-06,3.788326754120826e-06,3.7893643591925667e-06,3.7929788577818087e-06,3.792601000011413e-06,3.7977641617747567e-06,-3.0666851606565066e-09,-2.174954454124386e-09,-8.917307065321208e-10,-3.277167985608709e-09,-2.198520977838516e-09,-1.0786470077701931e-09,-6.5392726046345746e-09,-6.581447280328686e-09,4.217467569411156e-11,0.4928667099733806,0.11256165437350193,0.2601927689035699,0.4604280736684897,2.0,37.0,SHORT,79160.2,-0.013388774649246716,-0.09881560100204183,-0.22888313600145926,-0.22560681320007242,26.063625910309597,22.329015183173283,45.55146711953948,33.3773485248623,79221.41761122501,79267.1600312043,79306.6224685979,79383.56661889573,79380.98613032456,79465.00709873607,79582.06677635161,79677.05289487571,-44.02610360618564,-32.58018811901595,-66.01405731488194,-38.239173568213076,-95.29691943625221,-88.60605584145216,-20.10924001202511,86.87657777631675,0.828868418043663,2.3674773604781167,1.3574270071233838,1.180291726136809,0.05856117450075152,0.1387692299918401,0.23968574395430475,0.5525774676812719
2026-08-28T22:31:05.947322,SUI_USDT,OPEN,SHORT,40.0,0.7567,0.7593484500000001,0.7514031,,,36.363636363636104,33.03571428571466,49.122807017543714,0.013215276860063433,60589533.9211,0.1693161822704933,6.976940779960048,HIGH_EDGE,2026-08-28 22:30:54.863,2026-08-28 22:30:33.906,0.7567,0.7565,0.7566,78702214.0,-0.038,3e-05,91645741.0,3.177526901567724,0.7553454578882915,0.7560277714209378,0.7565102931282449,0.7576441527501029,0.7576520640720424,0.7591271130178621,-0.0006664378438006047,-0.0005294083753530921,-0.00013702946844751254,-0.001051301508580127,-0.0007462437745181411,-0.00030505773406198586,-0.001729866440364325,-0.0016459658467422645,-8.39005936220604e-05,1.9160510842906222,0.15103173554343016,0.2737450206724701,0.5116200041533749,0.0,40.0,SHORT,79160.2,-0.013388774649246716,-0.09881560100204183,-0.22888313600145926,-0.22560681320007242,26.063625910309597,22.329015183173283,45.55146711953948,33.3773485248623,79221.41761122501,79267.1600312043,79306.6224685979,79383.56661889573,79380.98613032456,79465.00709873607,79582.06677635161,79677.05289487571,-44.02610360618564,-32.58018811901595,-66.01405731488194,-38.239173568213076,-95.29691943625221,-88.60605584145216,-20.10924001202511,86.87657777631675,0.828868418043663,2.3674773604781167,1.3574270071233838,1.180291726136809,0.05856117450075152,0.1387692299918401,0.23968574395430475,0.5525774676812719
2026-08-28T22:31:05.947505,WLD_USDT,OPEN,SHORT,37.0,0.3956,0.39711714285714284,0.3925657142857143,,,46.15384615384599,30.882352941176208,44.36090225563911,0.025278058645107307,25343028.9798,0.6845332642244478,4.119095869415369,HIGH_EDGE,2026-08-28 22:31:01.672,2026-08-28 22:30:33.933,0.3956,0.3954,0.3955,62312403.0,-0.0329,8e-06,64019521.0,1.4194472310446078,0.3951771509879727,0.3954959653739966,0.3959360032969276,0.3968416898357889,0.39689765667333304,0.39824970303297436,-0.00035414650299964157,-0.00034936101778871263,-4.785485210928933e-06,-0.0008985383337796748,-0.0007375685697249933,-0.00016096976405468157,-0.0015517062716345897,-0.0014585614059005778,-9.31448657340119e-05,1.6478273876109466,0.20944677163079387,0.3195868842987133,0.5488949877220834,1.0,38.0,SHORT,79160.2,-0.013388774649246716,-0.09881560100204183,-0.22888313600145926,-0.22560681320007242,26.063625910309597,22.329015183173283,45.55146711953948,33.3773485248623,79221.41761122501,79267.1600312043,79306.6224685979,79383.56661889573,79380.98613032456,79465.00709873607,79582.06677635161,79677.05289487571,-44.02610360618564,-32.58018811901595,-66.01405731488194,-38.239173568213076,-95.29691943625221,-88.60605584145216,-20.10924001202511,86.87657777631675,0.828868418043663,2.3674773604781167,1.3574270071233838,1.180291726136809,0.05856117450075152,0.1387692299918401,0.23968574395430475,0.5525774676812719
2026-08-28T22:41:03.751292,MRVLSTOCK_USDT,OPEN,LONG,38.0,228.53,226.35542857142858,232.87914285714288,,,56.19469026548674,63.74452097683159,67.12734452122405,0.04813372423751158,35160270.0418,11.213162732972267,7.018138712604638,HIGH_EDGE,2026-08-28 22:40:56.257,2026-08-28 22:40:26.161,228.53,228.4,228.51,14783972.0,-0.064,0.00028,6907609.0,45.145767546864064,224.54320575474347,224.30352530126848,225.14918583021978,224.3177489470948,223.99222029760236,223.19536019732678,0.03665172030864028,-0.34953242670269086,0.38618414701133114,0.8031969737260454,0.6218751573592152,0.1813218163668302,0.5611888803217937,0.16694011641885045,0.3942487639029433,1.4573568731651425,0.7073157009708025,0.7929562233154752,0.6638703264966769,40.0,2.0,LONG,79119.4,-0.06113596689564284,-0.20496481542445374,-0.22888313600145926,-0.22560681320007242,32.87970838396066,30.456852791877893,45.55146711953948,33.3773485248623,79202.77408715853,79234.28667630206,79265.22237990252,79351.14881765695,79380.98613032456,79465.00709873607,79582.06677635161,79677.05289487571,-33.16103352868231,-28.21301039249521,-76.83173987765622,-50.264042461404486,-95.29691943625221,-88.60605584145216,-20.10924001202511,86.87657777631675,0.7661749145291338,1.6868149357723714,1.3574270071233838,1.180291726136809,0.10935551656285158,0.15287021893492647,0.2398093442135754,0.5528624187891089
2026-08-28T22:51:01.739463,PEPE_USDT,LOSS,SHORT,35.0,3.7884e-06,3.8016594e-06,3.7618812e-06,3.8016594e-06,-1.0,,,,,,,,SL,,,,,,,,,,,,,,,,,,,,,,,,,,,,,,,,,,,,,,,,,,,,,,,,,,,,,,,,,,,,,,,,,
2026-08-28T22:51:01.739575,MRVLSTOCK_USDT,LOSS,LONG,38.0,228.53,226.35542857142858,232.87914285714288,226.35542857142858,-1.0,,,,,,,,SL,,,,,,,,,,,,,,,,,,,,,,,,,,,,,,,,,,,,,,,,,,,,,,,,,,,,,,,,,,,,,,,,,
2026-08-28T22:51:01.739684,SNDKSTOCK_USDT,OPEN,LONG,35.0,1483.67,1470.6765714285716,1509.6568571428572,,,72.92594091460951,64.57193883245903,71.17233462476688,0.000674004327107167,127360981.53287,0.7020873108769402,3.2815888956247505,HIGH_EDGE,2026-08-28 22:50:44.877,2026-08-28 22:50:29.691,1483.67,1483.08,1483.09,86252275.0,0.0037,0.000212,20506249.0,-9.240377830914744,1480.8588674529337,1473.2688489586603,1466.6908937169333,1460.978242909094,1458.4321895805795,1455.2733914851785,7.766468818032763,6.917766720535264,0.8487020974974993,4.767616534050376,2.2810049795512684,2.4866115544991074,2.1710427460507162,0.45183328749202156,1.7192094585586948,12.393812367221814,0.5566312878585817,0.7298022567590605,0.6620166787185081,36.0,1.0,LONG,79156.1,-0.1439380750899976,0.13143214230598102,-0.13643219698788028,-0.22560681320007242,42.000740101147315,40.15608740894931,44.11952846568597,33.3773485248623,79156.6300725365,79171.22239649398,79209.31432313792,79308.70908813686,79315.2289042614,79427.48292714721,79582.06677635161,79677.05289487571,-26.640383406207548,-40.513546316783724,-91.7267851569195,-64.97182758570493,-116.34625136115937,-94.16471188012817,-20.10924001202511,86.87657777631675,0.9257167346487369,1.784015948843978,2.210203141391462,1.180291726136809,0.11636139584585492,0.17174923979326817,0.24134048328014424,0.552606089197712
2026-08-28T23:01:21.036279,SUI_USDT,LOSS,SHORT,40.0,0.7567,0.7593484500000001,0.7514031,0.7593484500000001,-1.0,,,,,,,,SL,,,,,,,,,,,,,,,,,,,,,,,,,,,,,,,,,,,,,,,,,,,,,,,,,,,,,,,,,,,,,,,,,
2026-08-28T23:01:21.036409,WLD_USDT,LOSS,SHORT,37.0,0.3956,0.39711714285714284,0.3925657142857143,0.39711714285714284,-1.0,,,,,,,,SL,,,,,,,,,,,,,,,,,,,,,,,,,,,,,,,,,,,,,,,,,,,,,,,,,,,,,,,,,,,,,,,,,
2026-08-28T23:01:21.036540,KORU_USDT,OPEN,LONG,40.0,21.82,21.602285714285713,22.255428571428574,,,61.15702479338844,62.393162393162335,78.5714285714286,0.045829514207140286,17561734.37956,9.820941395601292,4.325543137871338,HIGH_EDGE,2026-08-28 23:01:20.931,2026-08-28 23:00:41.227,21.82,21.82,21.83,829648057.0,0.0302,0.0,594443184.0,88.94647852028656,21.551589129971607,21.478526138966412,21.3637247568214,21.260925317738028,21.258367499740544,21.162344277676567,0.07255218738417568,0.05717921074634077,0.015372976637834913,0.10121540794744632,0.08156561375766931,0.019649794189777012,0.06861351147757944,0.013727575269718248,0.05488593620786119,13.239072817849971,0.5695953908602849,0.8314783291868556,0.8249312557286902,42.0,2.0,LONG,79318.2,-0.22679673201381526,-0.07886037933606845,0.33648652409420615,-0.08251064135332568,62.47998169755234,48.23175319789306,52.076802507836994,33.25939849624049,79337.84944852396,79274.31061321021,79258.52916680857,79315.52844524219,79315.82312341048,79417.54968371622,79529.29342108105,79644.42635123833,50.17463373999635,23.204668605008802,-63.8825205967878,-66.15086242710773,-110.26690047974989,-97.36143415025637,-43.874367214535596,60.757500346100485,1.8145684478614281,1.8496001363908843,2.1901315684356097,1.8496035365480081,0.12531802284973742,0.19471301308256606,0.2694751735955389,0.5758721561652066
2026-08-28T23:11:06.969667,BTC_USDT,WIN,SHORT,38.0,79461.3,79739.41455,78905.0709,78905.0709,2.0,,,,,,,,TP,,,,,,,,,,,,,,,,,,,,,,,,,,,,,,,,,,,,,,,,,,,,,,,,,,,,,,,,,,,,,,,,,
2026-08-28T23:11:06.969776,KORU_USDT,LOSS,LONG,40.0,21.82,21.602285714285713,22.255428571428574,21.602285714285713,-1.0,,,,,,,,SL,,,,,,,,,,,,,,,,,,,,,,,,,,,,,,,,,,,,,,,,,,,,,,,,,,,,,,,,,,,,,,,,,
2026-08-28T23:21:09.699389,SPCXSTOCK_USDT,OPEN,LONG,39.0,142.94,141.86942857142859,145.08114285714285,,,61.38888888888872,73.75201288244756,65.77669902912655,0.006995942353448529,28280233.7962,1.305059794848279,1.8936139727124006,HIGH_EDGE,2026-08-28 23:21:04.246,2026-08-28 23:20:28.742,142.94,142.95,142.96,20112386.0,0.013,0.0,26533441.0,4.9142408641946025,142.40434294703184,142.06209053786057,141.73116281311286,141.13638020184789,140.93189384429547,140.63923253518757,0.3333193526456171,0.2444072533431813,0.08891209930243577,0.5173848902661291,0.31040491142678334,0.20697997883934577,0.2143287441447228,0.04622076666460151,0.1681079774801213,2.8104166931979258,0.2808371144736027,0.6241379999600208,0.44624118011553193,40.0,1.0,LONG,78850.0,0.10308650125430005,0.315768850077221,-0.9031975006997061,-0.08251064135332568,58.19372952737532,39.42798273155428,32.38109787147357,33.25939849624049,78713.3373131341,78800.18942357424,78963.19082672463,79138.26156584464,79173.01849872957,79343.39206258055,79529.29342108105,79644.42635123833,-112.31390266022936,-134.75359599913062,-160.90551208566467,-110.25045983110203,-161.3959808826039,-110.14826268100475,-43.874367214535596,60.757500346100485,0.41158851763642623,1.237473902951676,5.302008034799413,1.8496035365480081,0.19460096023190215,0.3574055620980143,0.37885678050548033,0.5792916025002294
2026-08-28T23:31:07.467887,SNDKSTOCK_USDT,WIN,LONG,35.0,1483.67,1470.6765714285716,1509.6568571428572,1509.6568571428572,2.0,,,,,,,,TP,,,,,,,,,,,,,,,,,,,,,,,,,,,,,,,,,,,,,,,,,,,,,,,,,,,,,,,,,,,,,,,,,
2026-08-28T23:31:07.467997,SPCXSTOCK_USDT,LOSS,LONG,39.0,142.94,141.86942857142859,145.08114285714285,141.86942857142859,-1.0,,,,,,,,SL,,,,,,,,,,,,,,,,,,,,,,,,,,,,,,,,,,,,,,,,,,,,,,,,,,,,,,,,,,,,,,,,,
2026-08-28T23:31:07.468135,SKHYNIXSTOCK_USDT,OPEN,LONG,38.0,1225.81,1216.8057142857142,1243.8185714285714,,,76.28424657534303,65.46985054114393,71.991525423729,0.0008157871121944597,95908856.70019,1.2635190221339725,1.5062290212569238,HIGH_EDGE,2026-08-28 23:30:52.496,2026-08-28 23:30:35.906,1225.81,1225.77,1225.78,78315771.0,-0.0079,0.000285,19094042.0,3.8898654500251073,1225.116287852225,1222.6178426237066,1220.4860061719983,1216.6872041643046,1216.6848814904533,1214.0018542951275,2.298021780736917,1.545213570249001,0.7528082104879161,3.5048255354772664,2.427692737992086,1.0771327974851803,1.3124051973552469,-0.8768666306340346,2.1892718279892813,1.6263809775746123,0.21548433863556252,0.612131686686472,0.5788009561024977,38.0,0.0,LONG,78910.3,0.237540855121673,0.1713735142868386,0.3924846504787422,-0.08251064135332568,67.39789548778288,40.48607268031753,34.842983316977254,33.25939849624049,78770.44425956941,78789.4141172381,78922.55012910347,79087.53956586118,79120.47479898436,79304.01950623165,79529.29342108105,79644.42635123833,-40.848682717216434,-63.43427816490341,-161.8702239315753,-129.89640597454567,-174.9856721272081,-123.07366160766719,-43.874367214535596,60.757500346100485,0.6991663669490302,0.9815381858897453,1.8507314864324722,1.8496035365480081,0.1782584601937705,0.4054784809008275,0.4015409177979843,0.5788489317255553
2026-08-28T23:41:07.469325,KORU_USDT,OPEN,LONG,38.0,21.68,21.313142857142857,22.413714285714285,,,72.36842105263173,58.62068965517248,67.29559748427675,0.046125461254619755,23634246.5642,4.045385007978132,1.051953221700746,HIGH_EDGE,2026-08-28 23:41:06.388,2026-08-28 23:40:29.034,21.68,21.68,21.69,1111909126.0,0.0236,0.0,471725529.0,23.85112935825262,21.694850919681517,21.584107222851998,21.48463241129769,21.37092289797331,21.280555199833458,21.187226692415035,0.10916087230272353,0.09103530464549023,0.018125567657233305,0.1117591669585245,0.08632422953142774,0.025434937427096765,0.07369638515218568,0.031780305843233846,0.04191607930895184,3.4685231085029304,0.49420137058513436,1.4101212440695805,1.1893779652082244,39.5,1.5,LONG,79418.9,-0.1980484188171204,0.23361242298109047,0.3924846504787422,-0.08251064135332568,75.37821482602061,55.14457304219856,34.842983316977254,33.25939849624049,79286.75319664841,79093.89828468923,79071.62008262594,79129.75071222737,79120.47479898436,79304.01950623165,79529.29342108105,79644.42635123833,159.3740092775697,84.77486861179105,-86.9691039347963,-121.15760666099877,-174.9856721272081,-123.07366160766719,-43.874367214535596,60.757500346100485,1.6172156066949515,1.6273565930185048,1.8507314864324722,1.8496035365480081,0.18384432780754373,0.44767141610588196,0.3989694428620175,0.575141973222282
2026-08-28T23:51:01.229357,SPCXSTOCK_USDT,OPEN,LONG,37.0,142.39,141.2662857142857,144.63742857142856,,,64.28571428571348,57.60000000000003,67.61710794297383,0.007022965095877047,31639073.3498,0.21956710298222237,0.1963143910628379,HIGH_EDGE,2026-08-28 23:50:56.317,2026-08-28 23:50:24.924,142.39,142.39,142.4,22477162.0,0.0091,0.0,26337525.0,-3.1949691350752993,142.09983808253313,142.00057204094244,141.93556370448078,141.5093720415697,141.294012060349,140.8608586497547,0.08184958390995689,0.035426597184172376,0.046422986725784515,0.45440985085423335,0.42854130643828725,0.025868544415946104,0.34413485605321625,0.13978296870183554,0.2043518873513807,2.97301448505261,0.1484855477411167,0.6576505171912159,0.5733749360408524,38.5,1.5,LONG,79144.7,-0.007959469874041909,-0.30295319530592607,0.6018225757600645,-0.08251064135332568,43.957675886393346,50.50513117438013,44.252728799328196,33.25939849624049,79254.41473538338,79210.70773664246,79136.40885288015,79152.22150519218,79173.41983918817,79311.39978701355,79529.29342108105,79644.42635123833,73.2313539544557,110.99446622765397,-49.8582121678337,-96.44088897560927,-145.75826523106662,-127.57916438904563,-43.874367214535596,60.757500346100485,0.9777360507610283,0.9547756302156024,2.142300810433535,1.8496035365480081,0.15734290663629294,0.47581924536414333,0.4627780327858789,0.5771345757472464
2026-08-29T00:01:24.557838,ETH_USDT,OPEN,LONG,40.0,2517.47,2499.2411428571427,2553.927714285714,,,64.31209602954797,55.12233161126825,53.880501807357085,0.00039722419731787385,1851622791.49,0.5771709682858974,0.8939503418283893,HIGH_EDGE,2026-08-29 00:00:52.319,2026-08-29 00:00:44.648,2517.47,2517.31,2517.32,73953042.0,-0.0012,8.1e-05,97500568.0,0.08188395422266925,2510.3969215949755,2507.3152465474072,2503.6593515590453,2500.3382588155264,2500.5077845812198,2498.718627409588,3.5131407928374756,3.4481108445933346,0.06502994824414099,2.2837696061324095,0.1518301647143636,2.131939441418046,1.452639900659051,0.6822380301717965,0.7704018704872544,1.6672315697313551,0.12906949096853979,0.6034119288696295,0.6069869466454154,40.0,0.0,LONG,79510.4,0.0317040153387009,0.05499158767131024,0.15771201684948466,0.24231513070139904,60.23325808878827,56.5637852458407,47.629240710823716,29.67437807003617,79455.13429597953,79362.45255398432,79264.05366584288,79210.7729202755,79240.81587135137,79329.48859717342,79525.51473686508,79632.23655122166,102.17859925150697,96.03238204944884,8.907502256159205,-62.99249007115262,-111.20807680411963,-124.2749377239125,-46.671508214072674,39.28541387623074,0.3025197552065273,0.4729055834878263,1.2486525723860211,3.48991549628073,0.1192656198793766,0.4816081562016712,0.4942300450183696,0.6382992485439485
2026-08-29T00:01:24.558079,XRP_USDT,OPEN,LONG,39.0,1.434,1.4183571428571429,1.465285714285714,,,58.56164383561617,57.31958762886596,52.974828375285966,0.006973500697349301,432776660.6189,0.727804290388453,0.9357061992306107,HIGH_EDGE,2026-08-29 00:00:55.597,2026-08-29 00:00:44.664,1.434,1.4338,1.4339,301066188.0,-0.0212,-4.8e-05,125292689.0,1.5332348244114435,1.42801507609376,1.4248386011718228,1.4207372514645908,1.4174196815053475,1.4182606624765839,1.4181533279930911,0.0035564188342260827,0.003365167583129485,0.00019125125109659786,0.001995389533755443,-0.0005142014357361247,0.0025095909694915677,-0.0008116105892854719,-0.001955431049454045,0.0011438204601685732,1.5064286206616733,0.2505479179119336,0.9090456266188478,0.8811516238294462,39.0,0.0,LONG,79510.4,0.0317040153387009,0.05499158767131024,0.15771201684948466,0.24231513070139904,60.23325808878827,56.5637852458407,47.629240710823716,29.67437807003617,79455.13429597953,79362.45255398432,79264.05366584288,79210.7729202755,79240.81587135137,79329.48859717342,79525.51473686508,79632.23655122166,102.17859925150697,96.03238204944884,8.907502256159205,-62.99249007115262,-111.20807680411963,-124.2749377239125,-46.671508214072674,39.28541387623074,0.3025197552065273,0.4729055834878263,1.2486525723860211,3.48991549628073,0.1192656198793766,0.4816081562016712,0.4942300450183696,0.6382992485439485
2026-08-29T00:01:24.558261,HYPE_USDT,OPEN,LONG,38.0,84.856,83.96851428571428,86.63097142857141,,,72.99760191846471,59.40916938423163,59.75946692670238,0.0011784670500669073,191080041.002,0.9479948026688136,1.2506212776917445,HIGH_EDGE,2026-08-29 00:01:01.978,2026-08-29 00:00:44.649,84.856,84.854,84.855,22654713.0,0.0026,2e-05,9850483.0,-0.1762385697263666,84.64239710072758,84.36978396196317,84.05458066427514,83.76225672472094,83.74144537143941,83.49391984428728,0.27317813731836793,0.21889248850759926,0.054285648810768666,0.2595028498737122,0.1567265252051835,0.1027763246685287,0.1694639759229517,0.022094108448078985,0.1473698674748727,1.7424241519392365,0.29512181982248803,0.8715605597381783,0.9591038263141572,38.0,0.0,LONG,79510.4,0.0317040153387009,0.05499158767131024,0.15771201684948466,0.24231513070139904,60.23325808878827,56.5637852458407,47.629240710823716,29.67437807003617,79455.13429597953,79362.45255398432,79264.05366584288,79210.7729202755,79240.81587135137,79329.48859717342,79525.51473686508,79632.23655122166,102.17859925150697,96.03238204944884,8.907502256159205,-62.99249007115262,-111.20807680411963,-124.2749377239125,-46.671508214072674,39.28541387623074,0.3025197552065273,0.4729055834878263,1.2486525723860211,3.48991549628073,0.1192656198793766,0.4816081562016712,0.4942300450183696,0.6382992485439485
2026-08-29T00:01:24.558414,TRUMPOFFICIAL_USDT,OPEN,LONG,37.0,2.861,2.8070857142857144,2.9688285714285714,,,68.33333333333327,67.41573033707868,59.24999999999997,0.03495281370151464,51370307.1163,3.12083429716444,1.0335917507773178,HIGH_EDGE,2026-08-29 00:01:12.550,2026-08-29 00:00:44.675,2.861,2.864,2.865,188744931.0,0.0944,5e-05,80072949.0,12.017118136943166,2.8312216595701654,2.8154278597561118,2.7898396429710517,2.7593167450456013,2.755678971147591,2.7451700145656464,0.018324918852686167,0.017992925641206428,0.00033199321147973915,0.024430080395403397,0.010712937159489282,0.013717143235914116,0.006338377193069622,-0.003074417946753644,0.009412795139823266,1.2276091859248113,0.5068157986717949,1.5703799870175272,1.962350826384381,37.0,0.0,LONG,79510.4,0.0317040153387009,0.05499158767131024,0.15771201684948466,0.24231513070139904,60.23325808878827,56.5637852458407,47.629240710823716,29.67437807003617,79455.13429597953,79362.45255398432,79264.05366584288,79210.7729202755,79240.81587135137,79329.48859717342,79525.51473686508,79632.23655122166,102.17859925150697,96.03238204944884,8.907502256159205,-62.99249007115262,-111.20807680411963,-124.2749377239125,-46.671508214072674,39.28541387623074,0.3025197552065273,0.4729055834878263,1.2486525723860211,3.48991549628073,0.1192656198793766,0.4816081562016712,0.4942300450183696,0.6382992485439485
2026-08-29T00:01:24.558587,LINK_USDT,OPEN,LONG,35.0,11.862,11.767542857142857,12.050914285714285,,,74.09638554216839,59.73377703826952,55.46751188589533,0.008430281571399812,33578577.741,3.122371684479769,0.921172534040655,HIGH_EDGE,2026-08-29 00:01:16.905,2026-08-29 00:00:44.680,11.862,11.864,11.865,28450261.0,-0.0049,-3.8e-05,20471264.0,1.7764992835814366,11.831148195854123,11.803413959232543,11.762051816608707,11.731418990164402,11.73096797794949,11.724950744861715,0.031132606537022767,0.030034551899557276,0.0010980546374654912,0.020695186186591386,0.0011279038999982335,0.01956728228659315,-0.0003127771844031457,-0.009800726643722883,0.009487949459319737,1.098273712616258,0.18185321675458435,0.6635835922634103,0.7424669412529833,35.0,0.0,LONG,79510.4,0.0317040153387009,0.05499158767131024,0.15771201684948466,0.24231513070139904,60.23325808878827,56.5637852458407,47.629240710823716,29.67437807003617,79455.13429597953,79362.45255398432,79264.05366584288,79210.7729202755,79240.81587135137,79329.48859717342,79525.51473686508,79632.23655122166,102.17859925150697,96.03238204944884,8.907502256159205,-62.99249007115262,-111.20807680411963,-124.2749377239125,-46.671508214072674,39.28541387623074,0.3025197552065273,0.4729055834878263,1.2486525723860211,3.48991549628073,0.1192656198793766,0.4816081562016712,0.4942300450183696,0.6382992485439485
2026-08-29T00:11:02.644109,HYPE_USDT,LOSS,LONG,38.0,84.856,83.96851428571428,86.63097142857141,83.96851428571428,-1.0,,,,,,,,SL,,,,,,,,,,,,,,,,,,,,,,,,,,,,,,,,,,,,,,,,,,,,,,,,,,,,,,,,,,,,,,,,,
2026-08-29T00:11:02.644250,LINK_USDT,LOSS,LONG,35.0,11.862,11.767542857142857,12.050914285714285,11.767542857142857,-1.0,,,,,,,,SL,,,,,,,,,,,,,,,,,,,,,,,,,,,,,,,,,,,,,,,,,,,,,,,,,,,,,,,,,,,,,,,,,
2026-08-29T00:11:02.644350,SOXL_USDT,OPEN,SHORT,35.0,118.4,119.87514285714288,115.4497142857143,,,24.609375000000497,43.109151047409036,46.49621212121208,0.008445945945938263,278396364.7686,1.2356293734207413,1.162731262482918,HIGH_EDGE,2026-08-29 00:10:39.497,2026-08-29 00:10:28.758,118.4,118.37,118.38,231134490.0,-0.0245,0.000173,10993416.0,4.962054974815502,118.65854744095773,118.97391824733103,119.02138493972882,119.21039053097181,119.45899702112217,119.5780779527093,-0.2693726088326258,-0.1547909436995367,-0.11458166513308912,-0.17656414264489229,-0.12080151543081194,-0.055762627214080346,-0.14216126444735266,-0.13510749498437527,-0.007053769462977394,2.1890149327273307,0.2503619691119703,1.0382480694980691,1.324203667953669,0.0,35.0,SHORT,79308.2,-0.03516684082026811,-0.1845074180540456,0.15771201684948466,0.24231513070139904,38.36711711711679,49.80870762873977,47.629240710823716,29.67437807003617,79394.17920595358,79395.53482055877,79303.40234614,79239.79817108315,79240.81587135137,79329.48859717342,79525.51473686508,79632.23655122166,26.59450380259659,62.25751991021828,27.78913650996401,-30.58053850305229,-111.20807680411963,-124.2749377239125,-46.671508214072674,39.28541387623074,0.7294918364949515,0.35027018570665974,1.2486525723860211,3.48991549628073,0.11599413067357324,0.49574228858338487,0.4954901078504943,0.6399266226118959
2026-08-29T00:21:04.277615,TRUMPOFFICIAL_USDT,LOSS,LONG,37.0,2.861,2.8070857142857144,2.9688285714285714,2.8070857142857144,-1.0,,,,,,,,SL,,,,,,,,,,,,,,,,,,,,,,,,,,,,,,,,,,,,,,,,,,,,,,,,,,,,,,,,,,,,,,,,,
2026-08-29T00:21:04.277767,NVIDIA_USDT,OPEN,SHORT,37.0,223.84,224.84199999999998,221.83599999999998,,,15.564202334631375,46.952908587257625,41.36690647482013,0.004467476769116738,40329504.2449,0.07228023360338307,0.5128591043334357,HIGH_EDGE,2026-08-29 00:20:54.790,2026-08-29 00:20:24.668,223.84,223.84,223.85,17789176.0,-0.01,0.0,8590279.0,-0.9555918437561216,224.30337014241758,224.87297174119593,225.1042025764238,225.581826007404,225.83937661401052,226.2715180833678,-0.525495263261746,-0.3846668441767564,-0.1408284190849896,-0.4904584677667003,-0.41878696019695455,-0.07167150756974577,-0.29970101895017365,-0.03406222896776907,-0.2656387899824046,1.5084939488730233,0.11902634534872088,0.37303431022158856,0.7020320637189839,1.0,38.0,SHORT,79422.0,0.052910052910052914,0.19174971615995964,-0.3023503843522284,0.24231513070139904,49.70760233918074,63.949004128669316,44.11236627515513,29.67437807003617,79366.1999138676,79369.27222068797,79321.77750152984,79258.86026043026,79246.65269708043,79324.07414261985,79525.51473686508,79632.23655122166,3.1110368266963633,6.266645093225679,35.81496144802077,-8.318392971477916,-102.03315149836999,-119.78140870365735,-46.671508214072674,39.28541387623074,0.8534551834308913,0.4473398395341122,1.0908276769620002,3.48991549628073,0.09064598869690736,0.40985405267342634,0.529666123456258,0.6390097022415547
2026-08-29T00:31:10.691405,ENA_USDT,OPEN,LONG,39.5,0.17272,0.16987085714285716,0.17841828571428575,,,74.73118279569921,83.44370860927151,65.48632900044817,0.017369152385364895,92162087.5331,1.9403432133085183,1.5541926919094804,HIGH_EDGE,2026-08-29 00:30:53.054,2026-08-29 00:30:32.667,0.17272,0.17239,0.17242,55018011.0,0.0642,-3e-06,24611323.0,9.05842616279567,0.17185211127958405,0.1706272207351631,0.1692377212227423,0.1669650055172968,0.1669992038940501,0.16590135450337407,0.0013117551118367876,0.0012077208488204612,0.00010403426301632641,0.0019618054547713704,0.0011741169224411508,0.0007876885323302195,0.0005830302553199163,-0.000358083582442146,0.0009411138377620622,2.589007436764746,0.6314927545821435,1.374644345927347,1.8084596043141696,41.0,1.5,LONG,79309.2,0.029134993397318405,-0.08377878872249316,0.049451242588617494,0.24231513070139904,50.45468798996576,62.32156273478593,45.28056484578219,29.67437807003617,79350.04425323408,79361.44101567542,79327.88960097906,79273.09417096063,79259.1621576637,79322.7171345143,79525.51473686508,79632.23655122166,-5.784365380182862,1.7679209349622298,36.93730904099357,8.397302393998476,-90.55340844068269,-113.89558475144331,-46.671508214072674,39.28541387623074,0.645921051621455,0.5585344507529137,0.7533298896438765,3.48991549628073,0.1158845920235543,0.3790498814405297,0.5494048249491512,0.639918553855401
2026-08-29T00:41:15.634792,XRP_USDT,LOSS,LONG,39.0,1.434,1.4183571428571429,1.465285714285714,1.4183571428571429,-1.0,,,,,,,,SL,,,,,,,,,,,,,,,,,,,,,,,,,,,,,,,,,,,,,,,,,,,,,,,,,,,,,,,,,,,,,,,,,
2026-08-29T00:51:00.739183,SKHYNIXSTOCK_USDT,LOSS,LONG,38.0,1225.81,1216.8057142857142,1243.8185714285714,1216.8057142857142,-1.0,,,,,,,,SL,,,,,,,,,,,,,,,,,,,,,,,,,,,,,,,,,,,,,,,,,,,,,,,,,,,,,,,,,,,,,,,,,
2026-08-29T00:51:00.739299,KORU_USDT,LOSS,LONG,38.0,21.68,21.313142857142857,22.413714285714285,21.313142857142857,-1.0,,,,,,,,SL,,,,,,,,,,,,,,,,,,,,,,,,,,,,,,,,,,,,,,,,,,,,,,,,,,,,,,,,,,,,,,,,,
2026-08-29T00:51:00.739363,SPCXSTOCK_USDT,LOSS,LONG,37.0,142.39,141.2662857142857,144.63742857142856,141.2662857142857,-1.0,,,,,,,,SL,,,,,,,,,,,,,,,,,,,,,,,,,,,,,,,,,,,,,,,,,,,,,,,,,,,,,,,,,,,,,,,,,
2026-08-29T00:51:00.739406,ETH_USDT,LOSS,LONG,40.0,2517.47,2499.2411428571427,2553.927714285714,2499.2411428571427,-1.0,,,,,,,,SL,,,,,,,,,,,,,,,,,,,,,,,,,,,,,,,,,,,,,,,,,,,,,,,,,,,,,,,,,,,,,,,,,
2026-08-29T00:51:00.739444,SOXL_USDT,WIN,SHORT,35.0,118.4,119.87514285714288,115.4497142857143,115.4497142857143,2.0,,,,,,,,TP,,,,,,,,,,,,,,,,,,,,,,,,,,,,,,,,,,,,,,,,,,,,,,,,,,,,,,,,,,,,,,,,,
2026-08-29T00:51:00.739492,ENA_USDT,LOSS,LONG,39.5,0.17272,0.16987085714285716,0.17841828571428575,0.16987085714285716,-1.0,,,,,,,,SL,,,,,,,,,,,,,,,,,,,,,,,,,,,,,,,,,,,,,,,,,,,,,,,,,,,,,,,,,,,,,,,,,
2026-08-29T01:01:21.610909,NVIDIA_USDT,WIN,SHORT,37.0,223.84,224.84199999999998,221.83599999999998,221.83599999999998,2.0,,,,,,,,TP,,,,,,,,,,,,,,,,,,,,,,,,,,,,,,,,,,,,,,,,,,,,,,,,,,,,,,,,,,,,,,,,,
2026-08-29T01:01:21.611062,ETH_USDT,OPEN,SHORT,35.0,2471.46,2482.3834285714283,2449.613142857143,,,26.8292682926824,26.16067184281424,39.27180966113913,0.00040461913201986997,1896838675.9816,1.0851256883138596,1.1406638817773482,HIGH_EDGE,2026-08-29 01:00:48.925,2026-08-29 01:00:41.864,2471.46,2471.45,2471.46,75818720.0,0.0004,5.7e-05,98158214.0,0.7289911069131269,2476.7533564754067,2483.5534529978304,2489.4422548752023,2495.50207749075,2493.381156564333,2496.057489602352,-7.04367128388958,-6.160493419553799,-0.8831778643357815,-4.2735891428651485,-0.5624511968164085,-3.7111379460487397,-1.631838136989245,0.4748724123083062,-2.106710549297551,1.5767197421190102,0.17161631470582223,0.36831901559633096,0.7627937679405254,0.0,35.0,SHORT,78309.0,-0.02642675766662848,-0.26707013743222585,-0.5785586690484407,-1.510997303497397,19.52986196528599,27.668216557105424,33.76000886598493,20.449333915701985,78473.14753117744,78657.97108744438,78822.49408035919,79025.41051596096,78990.01578090376,79184.43408583426,79282.21178949342,79511.93859626686,-195.69629594308208,-176.4664949795016,-160.8502640775405,-58.91944859544766,-185.07927743979963,-129.68809157011725,-144.15845319959044,2.6220372484535694,1.3092209646170763,1.463025523857156,1.5965658941251089,1.7368870604820401,0.0982554459166327,0.30272929767241114,0.6283441239193461,0.6919930750524962
2026-08-29T01:01:21.611237,XAU_USDT,OPEN,SHORT,40.0,4527.76,4543.6071600000005,4496.065680000001,,,32.33850382878434,36.15855329253803,28.17505075569585,0.0006625792886492514,648704740.4791,0.5628513147292489,6.518063380785113,HIGH_EDGE,2026-08-29 01:00:51.234,2026-08-29 01:00:41.865,4527.76,4527.76,4527.79,141371274.0,0.0001,6.2e-05,52767148.0,6.136482561106953,4534.524637322409,4541.022107787431,4547.584846113641,4560.260030659485,4560.30665520279,4576.829349036776,-6.847570491193437,-6.010228568880169,-0.8373419223132679,-12.468495549332147,-9.679434499371915,-2.7890610499602317,-14.180005248571433,-8.110435369690478,-6.069569878880955,3.2916634041570374,0.1296446808134711,0.28732277581598376,0.5554465279583207,0.0,40.0,SHORT,78309.0,-0.02642675766662848,-0.26707013743222585,-0.5785586690484407,-1.510997303497397,19.52986196528599,27.668216557105424,33.76000886598493,20.449333915701985,78473.14753117744,78657.97108744438,78822.49408035919,79025.41051596096,78990.01578090376,79184.43408583426,79282.21178949342,79511.93859626686,-195.69629594308208,-176.4664949795016,-160.8502640775405,-58.91944859544766,-185.07927743979963,-129.68809157011725,-144.15845319959044,2.6220372484535694,1.3092209646170763,1.463025523857156,1.5965658941251089,1.7368870604820401,0.0982554459166327,0.30272929767241114,0.6283441239193461,0.6919930750524962
2026-08-29T01:01:21.611390,XAUT_USDT,OPEN,SHORT,37.0,4514.9,4530.70215,4483.2957,,,31.707317073171012,36.0701107011074,28.891441700172138,0.006644665441078926,428723562.0864,1.2666299809436852,1.5685206691421498,HIGH_EDGE,2026-08-29 01:00:52.316,2026-08-29 01:00:41.909,4514.9,4515.1,4515.4,93780987.0,0.0003,5e-05,38729036.0,-8.340799614250239,4520.9609384352225,4527.549277446471,4534.055486548269,4546.309920939116,4546.2172774768005,4561.734416696657,-6.884128801910265,-5.953740030263496,-0.9303887716467685,-11.893409675003568,-8.977710877774864,-2.9156987972287034,-13.307541978691916,-7.569861429479776,-5.73768054921214,1.7748657690828338,0.11042801137819884,0.265786617643806,0.525877807766667,0.0,37.0,SHORT,78309.0,-0.02642675766662848,-0.26707013743222585,-0.5785586690484407,-1.510997303497397,19.52986196528599,27.668216557105424,33.76000886598493,20.449333915701985,78473.14753117744,78657.97108744438,78822.49408035919,79025.41051596096,78990.01578090376,79184.43408583426,79282.21178949342,79511.93859626686,-195.69629594308208,-176.4664949795016,-160.8502640775405,-58.91944859544766,-185.07927743979963,-129.68809157011725,-144.15845319959044,2.6220372484535694,1.3092209646170763,1.463025523857156,1.5965658941251089,1.7368870604820401,0.0982554459166327,0.30272929767241114,0.6283441239193461,0.6919930750524962
2026-08-29T01:01:21.611585,XRP_USDT,OPEN,SHORT,36.0,1.4044,1.4136228571428573,1.3859542857142857,,,34.693877551020535,35.802469135802454,44.00000000000001,0.007120478496154157,426842106.6219,0.6508703671412833,0.7658929098880213,HIGH_EDGE,2026-08-29 01:00:53.468,2026-08-29 01:00:41.880,1.4044,1.4043,1.4044,297520448.0,0.0009,-5.9e-05,127518484.0,0.2950859338229237,1.4058603124046827,1.4093811916610033,1.4132533866728254,1.416276780806862,1.4151656473503333,1.4168612184380083,-0.0038870434128444042,-0.0037470479092953373,-0.000139995503549067,-0.0018972191925128445,0.0003583428470426105,-0.0022555620395554553,-0.0017753864297223032,-0.0013155830068619493,-0.0004598034228603539,1.1440061433725124,0.20344224274728534,0.5472596329901948,1.0909590267323102,0.0,36.0,SHORT,78309.0,-0.02642675766662848,-0.26707013743222585,-0.5785586690484407,-1.510997303497397,19.52986196528599,27.668216557105424,33.76000886598493,20.449333915701985,78473.14753117744,78657.97108744438,78822.49408035919,79025.41051596096,78990.01578090376,79184.43408583426,79282.21178949342,79511.93859626686,-195.69629594308208,-176.4664949795016,-160.8502640775405,-58.91944859544766,-185.07927743979963,-129.68809157011725,-144.15845319959044,2.6220372484535694,1.3092209646170763,1.463025523857156,1.5965658941251089,1.7368870604820401,0.0982554459166327,0.30272929767241114,0.6283441239193461,0.6919930750524962
2026-08-29T01:01:21.611740,PEPE_USDT,OPEN,SHORT,36.0,3.7335e-06,3.758922857142857e-06,3.6826542857142855e-06,,,26.403641881638876,29.76121141525924,39.7838899803536,0.008035355564478661,107389703.299,0.3376601565434914,0.33619224382143204,HIGH_EDGE,2026-08-29 01:01:01.296,2026-08-29 01:00:41.908,3.7335e-06,3.7334e-06,3.7337e-06,2801915.0,0.0013,0.0001,1664685.0,1.3677801370459433,3.7404251769861683e-06,3.754228880631511e-06,3.767454218097114e-06,3.78174234396711e-06,3.7770543204238236e-06,3.787027291634694e-06,-1.4825984574246488e-08,-1.3774213260116277e-08,-1.0517713141302102e-09,-1.0459973953784626e-08,-2.2170148067914674e-09,-8.242959146993158e-09,-9.327707122963652e-09,-5.79034209599266e-09,-3.5373650269709925e-09,1.7643711249629759,0.20356234096692186,0.5674491572442563,1.1029482102202053,0.0,36.0,SHORT,78309.0,-0.02642675766662848,-0.26707013743222585,-0.5785586690484407,-1.510997303497397,19.52986196528599,27.668216557105424,33.76000886598493,20.449333915701985,78473.14753117744,78657.97108744438,78822.49408035919,79025.41051596096,78990.01578090376,79184.43408583426,79282.21178949342,79511.93859626686,-195.69629594308208,-176.4664949795016,-160.8502640775405,-58.91944859544766,-185.07927743979963,-129.68809157011725,-144.15845319959044,2.6220372484535694,1.3092209646170763,1.463025523857156,1.5965658941251089,1.7368870604820401,0.0982554459166327,0.30272929767241114,0.6283441239193461,0.6919930750524962
2026-08-29T01:01:21.611886,DOGE_USDT,OPEN,SHORT,40.0,0.08588,0.08637285714285714,0.08489428571428571,,,30.147058823529264,28.739002932551315,41.16638078902227,0.01164415463436903,69347572.06,3.024151299936923,1.51324888664075,HIGH_EDGE,2026-08-29 01:01:04.907,2026-08-29 01:00:41.898,0.08588,0.08587,0.08588,7888569.0,0.0009,5e-06,9684427.0,-0.2973856602788359,0.08606748218543117,0.08628864358574846,0.086512977347415,0.08674998976102646,0.08667098475403232,0.08681773147511335,-0.0002443306894727437,-0.00023482238500752796,-9.508304465215766e-06,-0.0001571740757614487,2.4062688328601448e-06,-0.00015958034459430886,-0.00015958847221525518,-0.00013021354507837432,-2.9374927136880866e-05,1.7951066697743707,0.1705036928604729,0.4782420653403424,0.9082440614811376,0.0,40.0,SHORT,78309.0,-0.02642675766662848,-0.26707013743222585,-0.5785586690484407,-1.510997303497397,19.52986196528599,27.668216557105424,33.76000886598493,20.449333915701985,78473.14753117744,78657.97108744438,78822.49408035919,79025.41051596096,78990.01578090376,79184.43408583426,79282.21178949342,79511.93859626686,-195.69629594308208,-176.4664949795016,-160.8502640775405,-58.91944859544766,-185.07927743979963,-129.68809157011725,-144.15845319959044,2.6220372484535694,1.3092209646170763,1.463025523857156,1.5965658941251089,1.7368870604820401,0.0982554459166327,0.30272929767241114,0.6283441239193461,0.6919930750524962
2026-08-29T01:01:21.612034,LINK_USDT,OPEN,SHORT,36.0,11.564,11.634457142857142,11.423085714285714,,,13.609467455620305,30.53892215568861,40.92276830491474,0.00864752680732831,34001092.5451,3.1554488960240943,1.3536551802113412,HIGH_EDGE,2026-08-29 01:01:13.688,2026-08-29 01:00:41.907,11.564,11.57,11.571,28843211.0,-0.0004,-4.8e-05,20260350.0,-0.9546370785896713,11.59955838696619,11.64045913759547,11.679640444155863,11.709288094546986,11.692788483767465,11.709261587478226,-0.04198533332687582,-0.036246754110727274,-0.005738579216148544,-0.01957144033465852,0.0008768892250327776,-0.020448329559691295,-0.01443790633391906,-0.0070439764128930145,-0.007393929921026045,1.7474618310791712,0.18777486781637612,0.5077333596877003,1.0037307901368802,1.0,37.0,SHORT,78309.0,-0.02642675766662848,-0.26707013743222585,-0.5785586690484407,-1.510997303497397,19.52986196528599,27.668216557105424,33.76000886598493,20.449333915701985,78473.14753117744,78657.97108744438,78822.49408035919,79025.41051596096,78990.01578090376,79184.43408583426,79282.21178949342,79511.93859626686,-195.69629594308208,-176.4664949795016,-160.8502640775405,-58.91944859544766,-185.07927743979963,-129.68809157011725,-144.15845319959044,2.6220372484535694,1.3092209646170763,1.463025523857156,1.5965658941251089,1.7368870604820401,0.0982554459166327,0.30272929767241114,0.6283441239193461,0.6919930750524962
2026-08-29T01:01:21.612175,WLD_USDT,OPEN,SHORT,35.0,0.3902,0.39331142857142853,0.3839771428571428,,,12.658227848101248,35.91836734693881,43.540669856459374,0.025627883136850077,28356770.3826,4.431617059350436,0.6218522859691149,HIGH_EDGE,2026-08-29 01:01:17.059,2026-08-29 01:00:41.910,0.3902,0.3902,0.3903,70168535.0,-0.0005,-6.5e-05,61516020.0,-1.1304023769197586,0.3915461157337122,0.3932588651532879,0.3948679952329953,0.395890742680142,0.39525262938559025,0.396424735111377,-0.001755942776630215,-0.001525976134916234,-0.00022996664171398085,-0.0006556099972924168,0.00011680483126396953,-0.0007724148285563863,-0.0013574053503243588,-0.001296825496982153,-6.057985334220577e-05,0.6775139231569841,0.2416343267188996,0.6644943984769734,1.3143442923043125,1.0,36.0,SHORT,78309.0,-0.02642675766662848,-0.26707013743222585,-0.5785586690484407,-1.510997303497397,19.52986196528599,27.668216557105424,33.76000886598493,20.449333915701985,78473.14753117744,78657.97108744438,78822.49408035919,79025.41051596096,78990.01578090376,79184.43408583426,79282.21178949342,79511.93859626686,-195.69629594308208,-176.4664949795016,-160.8502640775405,-58.91944859544766,-185.07927743979963,-129.68809157011725,-144.15845319959044,2.6220372484535694,1.3092209646170763,1.463025523857156,1.5965658941251089,1.7368870604820401,0.0982554459166327,0.30272929767241114,0.6283441239193461,0.6919930750524962
2026-08-29T01:21:05.386026,ETH_USDT,WIN,SHORT,35.0,2471.46,2482.3834285714283,2449.613142857143,2449.613142857143,2.0,,,,,,,,TP,,,,,,,,,,,,,,,,,,,,,,,,,,,,,,,,,,,,,,,,,,,,,,,,,,,,,,,,,,,,,,,,,
2026-08-29T01:21:05.386149,XAU_USDT,WIN,SHORT,40.0,4527.76,4543.6071600000005,4496.065680000001,4496.065680000001,2.0,,,,,,,,TP,,,,,,,,,,,,,,,,,,,,,,,,,,,,,,,,,,,,,,,,,,,,,,,,,,,,,,,,,,,,,,,,,
2026-08-29T01:21:05.386230,XAUT_USDT,WIN,SHORT,37.0,4514.9,4530.70215,4483.2957,4483.2957,2.0,,,,,,,,TP,,,,,,,,,,,,,,,,,,,,,,,,,,,,,,,,,,,,,,,,,,,,,,,,,,,,,,,,,,,,,,,,,
2026-08-29T01:21:05.386296,PEPE_USDT,WIN,SHORT,36.0,3.7335e-06,3.758922857142857e-06,3.6826542857142855e-06,3.6826542857142855e-06,2.0,,,,,,,,TP,,,,,,,,,,,,,,,,,,,,,,,,,,,,,,,,,,,,,,,,,,,,,,,,,,,,,,,,,,,,,,,,,
2026-08-29T01:21:05.386362,LINK_USDT,WIN,SHORT,36.0,11.564,11.634457142857142,11.423085714285714,11.423085714285714,2.0,,,,,,,,TP,,,,,,,,,,,,,,,,,,,,,,,,,,,,,,,,,,,,,,,,,,,,,,,,,,,,,,,,,,,,,,,,,
2026-08-29T01:21:05.386513,TAO_USDT,OPEN,SHORT,38.0,239.88,241.83257142857144,235.97485714285713,,,37.619961612284165,31.319086219602156,41.13192506974894,0.012506253126563754,47969415.1434,0.4441941811211149,1.33214961067787,HIGH_EDGE,2026-08-29 01:20:54.252,2026-08-29 01:20:26.639,239.88,239.89,239.92,19398016.0,-0.0062,5e-05,29170944.0,1.7992691558510334,240.05929510127433,240.711779820497,241.60828510531692,243.06105020897508,243.19593609185586,243.912955209734,-0.7284080295045214,-0.676461029981776,-0.051946999522745396,-1.1872878130837705,-0.5676370982336888,-0.6196507148500817,-0.6060789261615582,-0.2530473245236185,-0.35303160163793973,3.3975506387032066,0.3156340074799303,0.6783153481502656,1.267002548893494,0.0,38.0,SHORT,77627.8,0.09761179903574124,-0.22274749328737373,-0.648584453894181,-1.510997303497397,18.12524824572968,9.320228527161845,30.349448305063547,20.449333915701985,77738.22753197642,77962.70111368403,78244.22317531558,78658.37226714163,78752.23262472337,79058.67343449588,79282.21178949342,79511.93859626686,-247.53553040699626,-232.3845694285878,-356.23002260754583,-199.73205738034704,-271.37766266212566,-158.0131163761405,-144.15845319959044,2.6220372484535694,0.8363082866383225,1.9004470987411075,2.1083378685559424,1.7368870604820401,0.13651221414419704,0.327211569640186,0.6659893197319231,0.6980654574042536
2026-08-29T01:31:08.214416,XRP_USDT,WIN,SHORT,36.0,1.4044,1.4136228571428573,1.3859542857142857,1.3859542857142857,2.0,,,,,,,,TP,,,,,,,,,,,,,,,,,,,,,,,,,,,,,,,,,,,,,,,,,,,,,,,,,,,,,,,,,,,,,,,,,
2026-08-29T01:31:08.214556,DOGE_USDT,WIN,SHORT,40.0,0.08588,0.08637285714285714,0.08489428571428571,0.08489428571428571,2.0,,,,,,,,TP,,,,,,,,,,,,,,,,,,,,,,,,,,,,,,,,,,,,,,,,,,,,,,,,,,,,,,,,,,,,,,,,,
2026-08-29T01:31:08.214653,WLD_USDT,WIN,SHORT,35.0,0.3902,0.39331142857142853,0.3839771428571428,0.3839771428571428,2.0,,,,,,,,TP,,,,,,,,,,,,,,,,,,,,,,,,,,,,,,,,,,,,,,,,,,,,,,,,,,,,,,,,,,,,,,,,,
2026-08-29T01:31:08.214720,TAO_USDT,WIN,SHORT,38.0,239.88,241.83257142857144,235.97485714285713,235.97485714285713,2.0,,,,,,,,TP,,,,,,,,,,,,,,,,,,,,,,,,,,,,,,,,,,,,,,,,,,,,,,,,,,,,,,,,,,,,,,,,,
2026-08-29T01:41:03.835966,USOIL_USDT,OPEN,LONG,35.0,83.26,82.96859,83.84282,,,63.636363636362226,60.39603960396033,64.21568627450952,0.024021138601964954,25692136.55469,0.26608185260891576,1.7993231812527344,HIGH_EDGE,2026-08-29 01:41:02.104,2026-08-29 01:40:32.069,83.26,83.25,83.27,30912039.0,0.0034,-5.3e-05,64645971.0,-1.0289906220157579,83.18411500712253,83.13228911693568,83.10048701671268,83.02456105508615,82.94465092564941,82.89399404242184,0.045040921485025365,0.02517081809214422,0.019870103392881144,0.08406528587237005,0.08154638828040663,0.0025188975919634288,0.020153517341000793,-0.02920782459243153,0.04936134193343232,0.26976011848654,0.07978449607083106,0.1801585395147737,0.36374867025839713,37.0,2.0,LONG,77838.3,-0.0630397214440221,0.25127763925238245,-0.37672989199382245,-1.510997303497397,82.47613997879176,25.678759218228166,28.206260311853597,20.449333915701985,77752.34087169319,77705.01994752655,77855.70533260956,78307.20917460171,78503.38609977899,78917.7013864003,79282.21178949342,79511.93859626686,-7.730924930932815,-79.23465843429346,-437.6927741770196,-345.08002944186825,-359.2733900517778,-198.24722375531798,-144.15845319959044,2.6220372484535694,0.7516441164954651,0.8401908803643762,3.0725263732549664,1.7368870604820401,0.18976152210048577,0.44386889230623106,0.7452078769155326,0.6961776620800547
2026-08-29T02:01:15.469602,TAO_USDT,OPEN,SHORT,37.0,238.62,240.82028571428575,234.21942857142858,,,28.66817155756226,37.142857142857245,40.24058983313931,0.0041907635571282065,49395298.8757,8.471870435143865,0.43915043889956534,HIGH_EDGE,2026-08-29 02:01:06.638,2026-08-29 02:00:45.928,238.62,238.54,238.55,20055696.0,-0.0114,5e-05,27873098.0,2.1219625710931855,239.23099533980377,239.43888077957016,239.6941090628131,241.0139721194568,241.22111927903336,242.72825125115074,-0.1556776238060138,-0.02503566686843747,-0.13064195693757633,-1.4052670909467793,-1.3269804993541996,-0.07828659159257967,-1.2966711657766439,-0.6861218698383238,-0.6105492959383201,0.6156873179306578,0.24575834859968565,0.7684064322233801,1.413784020019875,0.0,37.0,SHORT,77756.1,-0.10303675791372031,0.00771703187520016,-0.012216198421924345,-0.7060491131287516,37.084468664850995,33.73013044408006,33.8494099243139,20.6357951571581,77825.68555853449,77820.61697261783,77819.10634423647,78145.6945113016,78235.88310385797,78716.8822790906,78976.98943159531,79352.3111142101,9.711717644313467,20.11143760087479,-366.07587782618066,-369.3461198242243,-434.2964621136198,-278.2678548586929,-263.0124462284439,-50.49884670488972,1.0993254393237526,0.3971328418996765,0.6914535341568123,3.0899745436009125,0.10879256694054798,0.42372422044242186,0.7564036776535865,0.7645702395053275
2026-08-29T02:40:59.720829,XRP_USDT,OPEN,SHORT,37.0,1.3838,1.3906914285714287,1.3700171428571428,,,41.44144144144164,43.29608938547507,37.72835583796662,0.0072264778147123135,439511559.7452,1.4260784989054733,0.935494708553658,HIGH_EDGE,2026-08-29 02:40:38.037,2026-08-29 02:40:29.041,1.3838,1.3837,1.3838,307712478.0,-0.0136,-2.5e-05,119078558.0,1.3371232809797244,1.3844085835509965,1.3864432883776252,1.3885907233560126,1.394018819622247,1.3973570490589848,1.4057604294942267,-0.002004345424763576,-0.0015717996797872194,-0.00043254574497635675,-0.006124014288910962,-0.006058127043666798,-6.588724524416324e-05,-0.007677389667739343,-0.005047995993966202,-0.0026293936737731404,0.5389029441613042,0.18272665331488797,0.41500629735923983,1.3043792455557157,0.0,37.0,SHORT,77701.8,-0.023417395779718336,-0.22087017713274554,-0.07374300243031286,-0.7060491131287516,37.9521862220827,56.390977443609124,33.494985639625156,20.6357951571581,77785.98566802786,77840.4109915654,77847.81479724991,77994.03357118793,78129.92518646877,78582.63676093624,78976.98943159531,79352.3111142101,-39.223773302932386,-9.49490840799184,-210.328702509898,-265.2768783673945,-437.23111382173374,-335.33995190540804,-263.0124462284439,-50.49884670488972,0.8494990570065281,0.515351212030353,0.5739354999192398,3.0899745436009125,0.08737617036266487,0.27063171546311066,0.7430513652377243,0.7651045406927537
2026-08-29T02:40:59.721052,TRUMPOFFICIAL_USDT,OPEN,SHORT,37.0,2.67,2.703857142857143,2.6022857142857143,,,45.28301886792446,38.02083333333327,43.866943866943856,0.037453183520611756,52108875.2091,0.1916681386187202,0.43506425662686693,HIGH_EDGE,2026-08-29 02:40:50.381,2026-08-29 02:40:29.053,2.67,2.667,2.668,190743198.0,-0.0198,5e-05,77926062.0,4.074876903502555,2.6712993958187377,2.6747951983844023,2.679810138367679,2.7006320526551515,2.711513824240614,2.7299050564095215,-0.0037265859880144525,-0.0031299658686048965,-0.000596620119409556,-0.02234936577071389,-0.021267644329534718,-0.0010817214411791738,-0.013409394193898194,-0.0032361774604983975,-0.010173216733399796,0.3957599559545187,0.3023006955591201,1.0567148207597636,2.755484216158373,0.0,37.0,SHORT,77701.8,-0.023417395779718336,-0.22087017713274554,-0.07374300243031286,-0.7060491131287516,37.9521862220827,56.390977443609124,33.494985639625156,20.6357951571581,77785.98566802786,77840.4109915654,77847.81479724991,77994.03357118793,78129.92518646877,78582.63676093624,78976.98943159531,79352.3111142101,-39.223773302932386,-9.49490840799184,-210.328702509898,-265.2768783673945,-437.23111382173374,-335.33995190540804,-263.0124462284439,-50.49884670488972,0.8494990570065281,0.515351212030353,0.5739354999192398,3.0899745436009125,0.08737617036266487,0.27063171546311066,0.7430513652377243,0.7651045406927537
2026-08-29T02:51:05.926263,XRP_USDT,LOSS,SHORT,37.0,1.3838,1.3906914285714287,1.3700171428571428,1.3906914285714287,-1.0,,,,,,,,SL,,,,,,,,,,,,,,,,,,,,,,,,,,,,,,,,,,,,,,,,,,,,,,,,,,,,,,,,,,,,,,,,,
2026-08-29T02:51:05.926398,TRUMPOFFICIAL_USDT,LOSS,SHORT,37.0,2.67,2.703857142857143,2.6022857142857143,2.703857142857143,-1.0,,,,,,,,SL,,,,,,,,,,,,,,,,,,,,,,,,,,,,,,,,,,,,,,,,,,,,,,,,,,,,,,,,,,,,,,,,,
2026-08-29T03:01:13.637810,HYPE_USDT,OPEN,SHORT,37.0,80.862,81.37397142857142,79.83805714285714,,,42.797783933518,35.458167330677284,34.373452204061394,0.004946699314888191,191178670.0917,0.28469766953719133,0.9922342543466409,HIGH_EDGE,2026-08-29 03:00:55.193,2026-08-29 03:00:41.759,80.862,80.863,80.867,22856775.0,-0.0103,5e-05,11407335.0,1.0485013247444186,80.89800016606378,81.03203642610144,81.17492687388696,81.49959197535982,81.55868149087505,82.22194811393568,-0.14244011958568592,-0.1263428113580169,-0.016097308227669027,-0.37520424991650714,-0.36914483409936816,-0.00605941581713898,-0.6055489790738449,-0.41092172637141916,-0.1946272527024257,0.9149825116231227,0.19804464042795805,0.5276184822819817,1.4041559340958332,0.0,37.0,SHORT,77877.1,0.028386102369797474,-0.002696483785132961,0.1536827268331327,0.15561480063943536,62.5076640098115,47.91068580542288,35.243372943327174,23.86189118034214,77874.07303409961,77867.17446326872,77861.48558095466,77953.84187050968,78019.78811933851,78450.31057382505,78757.01154527764,79218.19704385006,7.941802089088014,9.262833510696158,-153.52627635005047,-210.0892140528956,-437.7951061687345,-373.5381467303116,-343.475457481225,-109.08082398283946,0.8176433845346149,0.2658474208043216,0.30446540280627943,0.9150008956012144,0.055086797017352224,0.21568783194472954,0.623464040501913,0.7789196053782197
2026-08-29T03:01:13.638033,ENA_USDT,OPEN,SHORT,35.0,0.16146,0.16339800000000002,0.15758399999999997,,,26.399999999999395,32.905138339920896,47.46166950596249,0.0061934844543602135,91726096.2338,0.37363786611449795,0.5567697394868294,HIGH_EDGE,2026-08-29 03:01:00.815,2026-08-29 03:00:41.763,0.16146,0.16144,0.16145,54635652.0,-0.0464,0.0,24403571.0,1.4806690772561164,0.16218972733633152,0.16293139065580517,0.16373419470558503,0.16490708113034921,0.16479678297211453,0.16544527301492903,-0.0007767664735852109,-0.0006831487118746375,-9.361776171057335e-05,-0.0010086552520358338,-0.0005910081918431844,-0.0004176470601926494,-0.00043180602569084514,4.140644299018784e-05,-0.000473212468681033,0.5618373033516104,0.328697067827501,1.0002477393781775,2.53800145104493,0.0,35.0,SHORT,77877.1,0.028386102369797474,-0.002696483785132961,0.1536827268331327,0.15561480063943536,62.5076640098115,47.91068580542288,35.243372943327174,23.86189118034214,77874.07303409961,77867.17446326872,77861.48558095466,77953.84187050968,78019.78811933851,78450.31057382505,78757.01154527764,79218.19704385006,7.941802089088014,9.262833510696158,-153.52627635005047,-210.0892140528956,-437.7951061687345,-373.5381467303116,-343.475457481225,-109.08082398283946,0.8176433845346149,0.2658474208043216,0.30446540280627943,0.9150008956012144,0.055086797017352224,0.21568783194472954,0.623464040501913,0.7789196053782197
2026-08-29T03:10:59.614588,TAO_USDT,WIN,SHORT,37.0,238.62,240.82028571428575,234.21942857142858,234.21942857142858,2.0,,,,,,,,TP,,,,,,,,,,,,,,,,,,,,,,,,,,,,,,,,,,,,,,,,,,,,,,,,,,,,,,,,,,,,,,,,,
2026-08-29T03:10:59.614756,TAO_USDT,OPEN,SHORT,35.0,234.51,235.99885714285716,231.5322857142857,,,12.648221343874226,23.449131513647743,33.995157384987934,0.004264210481437604,50082929.8671,14.66376171387215,2.6806179309311013,HIGH_EDGE,2026-08-29 03:10:50.453,2026-08-29 03:10:26.986,234.51,234.51,234.52,20403207.0,-0.0285,5e-05,28619954.0,0.49113629534301134,235.48871541664388,236.08182483264932,236.6700811278349,238.18456786186715,238.94570645668205,241.08770237198928,-0.6153799922204257,-0.5224391786878372,-0.09294081353258854,-1.5911890218268923,-1.389678508187665,-0.20151051363922723,-1.9516994235217169,-1.286840855562057,-0.6648585679596599,0.5702801550471106,0.24245082451555375,0.5290666861602021,1.2421035959477829,1.0,36.0,SHORT,77770.2,-0.0030859197198097156,-0.11302598827098495,0.1536827268331327,0.15561480063943536,27.34157034675306,50.59974478945092,35.243372943327174,23.86189118034214,77809.82222241846,77836.03542463075,77842.70277181146,77929.24267383465,78019.78811933851,78450.31057382505,78757.01154527764,79218.19704385006,-19.784968737891177,-6.075585441732425,-140.11593474054825,-185.3552988971246,-437.7951061687345,-373.5381467303116,-343.475457481225,-109.08082398283946,1.222786204075871,0.729817425934098,0.30446540280627943,0.9150008956012144,0.05558500740460005,0.20582617579925033,0.6243210307877765,0.7799902790529042
2026-08-29T03:21:17.948307,SOL_USDT,OPEN,SHORT,36.0,103.67,104.10885714285716,102.79228571428571,,,26.845637583892838,27.816901408450676,34.104046242774416,0.009645992090291421,1779745028.465,3.2833397610001995,1.8080959384272157,HIGH_EDGE,2026-08-29 03:20:48.905,2026-08-29 03:20:39.868,103.67,103.66,103.67,166789411.0,-0.0144,-3.1e-05,29396477.0,-0.17205743864523632,103.88136489203448,104.11174530826536,104.27804703642161,104.57557971877333,104.66094326915326,104.99082815927912,-0.22471647216917745,-0.1769450955221687,-0.047771376647008756,-0.28009577837950417,-0.19723206960977863,-0.08286370876972554,-0.34479874745304073,-0.2845814853140949,-0.06021726213894585,0.5191823218264694,0.1708718598850771,0.35276771073047847,1.0638151276715972,0.0,36.0,SHORT,77650.0,-0.08453890269275975,-0.0791388661909756,-0.2126427409341203,0.15561480063943536,30.71895424836734,44.05471764293202,23.77878740404192,23.86189118034214,77722.08347220784,77765.4624772587,77783.16977395976,77885.86187027824,77958.13049546875,78383.14624706822,78757.01154527764,79218.19704385006,-41.6474310765625,-32.15619088513414,-144.89597244879405,-170.13869528163238,-439.7892710752494,-386.80470098178483,-343.475457481225,-109.08082398283946,1.6380162981741169,0.9358013284749318,0.39134835268860285,0.9150008956012144,0.0662864501885743,0.19144512924294102,0.5655505473277547,0.7811976819059905
2026-08-29T03:31:07.798222,HYPE_USDT,WIN,SHORT,37.0,80.862,81.37397142857142,79.83805714285714,79.83805714285714,2.0,,,,,,,,TP,,,,,,,,,,,,,,,,,,,,,,,,,,,,,,,,,,,,,,,,,,,,,,,,,,,,,,,,,,,,,,,,,
2026-08-29T03:41:02.838210,PUMPFUN_USDT,OPEN,SHORT,41.0,0.00463,0.0046726,0.0045448,,,32.27848101265808,45.547945205479465,34.58262350936964,0.021598272138213078,28412462.0704,5.3897943192948095,2.7386534994540503,HIGH_EDGE,2026-08-29 03:40:59.210,2026-08-29 03:40:32.796,0.00463,0.004629,0.00463,59761050.0,-0.0309,2.5e-05,52940140.0,-2.302897678426612,0.00465486733546063,0.004669251251266635,0.004675892248912367,0.00468567926513498,0.004689888336976492,0.004709198418006646,-1.4116428590181355e-05,-1.1433556366012841e-05,-2.682872224168514e-06,-1.010655358448919e-05,-7.292938239898052e-06,-2.8136153445911386e-06,-1.6965178830622915e-05,-1.101375760470341e-05,-5.951421225919506e-06,0.8501163655733793,0.38722616476396093,0.7667386609071289,1.6460968836778778,0.0,41.0,SHORT,77413.6,0.050662751504388585,-0.17163850944010678,-0.19482316002135358,0.15561480063943536,34.96149614961577,27.213352685050936,19.69419150324768,23.86189118034214,77464.48823316567,77533.80773329148,77613.88137941295,77764.07299738293,77878.52439637434,78308.32581958197,78757.01154527764,79218.19704385006,-74.92754708959546,-68.56272960988535,-174.99861304365913,-167.93054333283033,-448.4288141545985,-399.1579688851127,-343.475457481225,-109.08082398283946,1.3768072721381641,1.761205482542778,0.5615145717656994,0.9150008956012144,0.07783792880985024,0.18038543246000333,0.5479472783667401,0.7835832463546476
2026-08-29T03:50:59.496675,SOL_USDT,WIN,SHORT,36.0,103.67,104.10885714285716,102.79228571428571,102.79228571428571,2.0,,,,,,,,TP,,,,,,,,,,,,,,,,,,,,,,,,,,,,,,,,,,,,,,,,,,,,,,,,,,,,,,,,,,,,,,,,,
2026-08-29T04:32:27.228677,SPCXSTOCK_USDT,OPEN,LONG,36.0,140.92,140.42678,141.90643999999998,,,77.09923664122222,62.86764705882373,60.51587301587312,0.007096224808415645,34825010.2319,0.16008829028054125,2.3753951281281807,HIGH_EDGE,2026-08-29 04:32:21.382,2026-08-29 04:31:54.872,140.92,140.92,140.93,24760218.0,0.0074,0.0,24416837.0,8.129571773126463,140.82919414723244,140.68789479904632,140.5216422607508,140.35879395809843,140.41053405472002,140.40065650798934,0.13880836425383336,0.11067021736684796,0.028138146886985405,0.13740752799634492,0.08209785823179486,0.05530966976455007,-0.040427079937984445,-0.12649797056961587,0.08607089063163142,1.05387818067752,0.08616844410202432,0.2250517010664597,0.5048457077977377,36.0,0.0,LONG,77639.1,-0.04055588601092305,-0.03577937254819708,0.03825303416113368,-0.44133641340010304,52.45222196638333,51.01698262243315,36.65774954021076,22.759017551201723,77684.1672183717,77662.38810436371,77616.31573531652,77652.31059951331,77704.52423275568,78074.13244915954,78512.28923622341,79065.03058033889,31.81381829267775,41.7439671880248,-81.11539394402644,-127.59011212196796,-420.26935370019055,-424.539395010334,-430.0202029448992,-173.25805689042605,3.7434561234463493,0.7116534459534504,0.4811656523203793,1.063148156303931,0.05386645204726424,0.18549195664849588,0.4508037831453454,0.8084751847237526
2026-08-29T04:40:59.005678,PUMPFUN_USDT,LOSS,SHORT,41.0,0.00463,0.0046726,0.0045448,0.0046726,-1.0,,,,,,,,SL,,,,,,,,,,,,,,,,,,,,,,,,,,,,,,,,,,,,,,,,,,,,,,,,,,,,,,,,,,,,,,,,,
2026-08-29T05:02:47.595948,MUSTOCK_USDT,OPEN,LONG,36.0,931.76,928.4988400000001,938.2823199999999,,,58.2758620689655,62.97803091944721,73.39160839160817,0.0010732377436239917,129434608.9341,2.148889077405971,4.089204205922366,HIGH_EDGE,2026-08-29 05:02:28.896,2026-08-29 05:02:13.847,931.76,931.73,931.74,13994925.0,0.0108,0.0,1779591.0,-2.8114693531818262,932.5185109470424,931.7646934484826,930.69883392321,929.8886991528211,930.0464575526353,928.553107809492,0.8530490981484036,0.8784844968133326,-0.025435398664929054,0.7912986304610286,0.5890396788881227,0.20225895157290585,1.6035499371330388,1.364569962722205,0.23897997441083385,3.0664001479182814,0.18689668706840418,0.2647064234812142,0.4838002428583686,37.0,1.0,LONG,77582.2,0.006187369001800668,0.16536164462490682,0.031092762224236643,0.0009028367129671104,67.69494430162698,63.78962994380258,50.73475592590523,21.92787648054164,77524.68421470538,77516.16004598662,77524.02048971772,77585.68805224361,77639.3155089662,77978.42332210905,78316.65138897915,78925.85343812288,-6.204108118370641,-28.817168271953086,-84.53259971324587,-94.09392350478791,-398.4007760774548,-417.3257199344668,-492.8764337277971,-237.18146034722204,0.747461091462096,0.9354552000410357,0.6976624576319816,0.8950123317038415,0.06876577359239701,0.15666332888582107,0.3420059166738157,0.8205030093427197
2026-08-29T06:41:24.715847,TAO_USDT,LOSS,SHORT,35.0,234.51,235.99885714285716,231.5322857142857,235.99885714285716,-1.0,,,,,,,,SL,,,,,,,,,,,,,,,,,,,,,,,,,,,,,,,,,,,,,,,,,,,,,,,,,,,,,,,,,,,,,,,,,
2026-08-29T07:51:01.605900,USOIL_USDT,LOSS,LONG,35.0,83.26,82.96859,83.84282,82.96859,-1.0,,,,,,,,SL,,,,,,,,,,,,,,,,,,,,,,,,,,,,,,,,,,,,,,,,,,,,,,,,,,,,,,,,,,,,,,,,,
2026-08-29T08:41:02.378350,ENA_USDT,LOSS,SHORT,35.0,0.16146,0.16339800000000002,0.15758399999999997,0.16339800000000002,-1.0,,,,,,,,SL,,,,,,,,,,,,,,,,,,,,,,,,,,,,,,,,,,,,,,,,,,,,,,,,,,,,,,,,,,,,,,,,,
2026-08-29T09:10:58.360719,DOGE_USDT,OPEN,LONG,36.0,0.0853,0.08500145,0.08589709999999999,,,63.636363636364784,64.06250000000085,65.77181208053725,0.011723329425552313,67276807.023,3.4956551664802546,1.2420483818035506,HIGH_EDGE,2026-08-29 09:10:44.622,2026-08-29 09:10:26.905,0.0853,0.0853,0.08531,7773319.0,-0.0058,5.2e-05,9683432.0,0.29594424941886777,0.08525332079835854,0.08521010751150376,0.08517944279493879,0.0850887660077831,0.08504541861576236,0.08502733000117561,4.400801658219211e-05,3.7430196511711965e-05,6.577820070480146e-06,9.776882963680178e-05,9.070154823520079e-05,7.0672814016009875e-06,-7.777802545191892e-05,-0.00018959374952998221,0.0001118157240780633,0.23339204967706012,0.046055937028974106,0.10885948752302993,0.28805895159939815,36.0,0.0,LONG,77839.4,0.030070936568307522,0.08254559293964797,0.18528986468302322,0.10550151819257887,61.64383561643779,59.04105296145306,67.24528301886761,30.008005079084725,77804.30818784967,77769.42061674695,77736.33289025647,77670.25524981463,77650.76360740933,77673.56286889348,77898.63672892243,78499.87666685856,36.882705175623414,33.79021512469494,67.45467410200217,58.239853849397484,-102.42990045252373,-190.84567790151823,-566.6047741866205,-435.4904648001805,0.5178748482271023,0.9175273211779239,0.47587260047344193,0.3729413425468439,0.04137640174146055,0.08360620897459622,0.1805640845124703,0.8134055504024974
2026-08-29T09:21:01.721201,SOL_USDT,OPEN,LONG,37.0,104.29,103.924985,105.02002999999999,,,60.909090909091375,55.90062111801241,60.60606060606078,0.009588647041907292,1553258650.328,1.6502412241367386,1.4290055454381565,HIGH_EDGE,2026-08-29 09:20:32.871,2026-08-29 09:20:24.056,104.29,104.28,104.29,147050943.0,-0.0085,6e-05,27809699.0,1.5459284315829733,104.31334940461812,104.25477106866718,104.2063214425018,104.08125460869678,104.03623851676917,103.99673418998673,0.06562701623204248,0.06541274417142724,0.00021427206061523651,0.12874314723167402,0.1099532565807729,0.018789890650901114,-0.056203271583697756,-0.17224195227932226,0.11603868069562451,0.9534789795826477,0.11026944098187937,0.17670506691505816,0.3493007136693009,37.0,0.0,LONG,77863.8,0.029675992122380476,0.1077397788634648,-0.03341644603243966,0.10550151819257887,66.11851431811843,62.76439482961184,73.28163553049036,30.008005079084725,77825.59959959348,77800.90853333169,77768.81304976546,77696.92978322704,77676.61088592772,77683.23915755523,77898.63672892243,78499.87666685856,28.164968995348318,27.53327837785613,73.25903868964815,62.62917102324178,-83.06711968858144,-169.28338524205256,-566.6047741866205,-435.4904648001805,0.5219042677587535,0.7550705886201642,0.6323644927597795,0.3729413425468439,0.04073963584031083,0.08500190625902633,0.1714715769257158,0.8131506553751569
2026-08-29T09:21:01.721475,ZEC_USDT,OPEN,LONG,36.0,805.68,802.5539999999999,811.932,,,66.91973969631255,61.315583398590405,65.3387810691182,0.0012411875682641874,153018463.6065,0.44363761254078454,0.5793002405197056,HIGH_EDGE,2026-08-29 09:20:40.447,2026-08-29 09:20:24.062,805.68,805.64,805.65,19208836.0,-0.0005,0.0001,7955981.0,-0.791314605508614,805.0312678112107,804.1821382351181,803.4179742208348,801.685896988176,801.2389749288769,798.8792568726309,0.8822514773877401,0.7925222352046462,0.08972924218309397,1.8479866929133095,1.6639914954513468,0.1839951974619627,2.0796655101481747,1.316093539515692,0.7635719706324826,0.49430025466897043,0.12509397563016977,0.3233293615331162,0.6216576591911713,36.0,0.0,LONG,77863.8,0.029675992122380476,0.1077397788634648,-0.03341644603243966,0.10550151819257887,66.11851431811843,62.76439482961184,73.28163553049036,30.008005079084725,77825.59959959348,77800.90853333169,77768.81304976546,77696.92978322704,77676.61088592772,77683.23915755523,77898.63672892243,78499.87666685856,28.164968995348318,27.53327837785613,73.25903868964815,62.62917102324178,-83.06711968858144,-169.28338524205256,-566.6047741866205,-435.4904648001805,0.5219042677587535,0.7550705886201642,0.6323644927597795,0.3729413425468439,0.04073963584031083,0.08500190625902633,0.1714715769257158,0.8131506553751569
2026-08-29T09:21:01.721662,SUI_USDT,OPEN,LONG,36.0,0.7452,0.7425918,0.7504163999999999,,,55.172413793103715,66.17647058823509,63.541666666666465,0.013419216317765565,61335745.9275,0.08259581749219298,0.546379930657504,HIGH_EDGE,2026-08-29 09:20:47.446,2026-08-29 09:20:24.069,0.7452,0.7452,0.7453,81148321.0,-0.0095,4.7e-05,81038369.0,1.448861358828189,0.7449429996509076,0.7445765482387184,0.7438140488076276,0.7421173966562105,0.7414995751309871,0.7412402942938603,0.0005184877758793727,0.0006411272720451818,-0.00012263949616580908,0.0016733589682099703,0.0013552482433036451,0.0003181107249063252,-0.0008478191386556144,-0.0022300634233787067,0.0013822442847230922,2.6866591750263513,0.09010045241929479,0.19170309025381402,0.40641055133808535,37.0,1.0,LONG,77863.8,0.029675992122380476,0.1077397788634648,-0.03341644603243966,0.10550151819257887,66.11851431811843,62.76439482961184,73.28163553049036,30.008005079084725,77825.59959959348,77800.90853333169,77768.81304976546,77696.92978322704,77676.61088592772,77683.23915755523,77898.63672892243,78499.87666685856,28.164968995348318,27.53327837785613,73.25903868964815,62.62917102324178,-83.06711968858144,-169.28338524205256,-566.6047741866205,-435.4904648001805,0.5219042677587535,0.7550705886201642,0.6323644927597795,0.3729413425468439,0.04073963584031083,0.08500190625902633,0.1714715769257158,0.8131506553751569
2026-08-29T09:21:01.721821,UNI_USDT,OPEN,LONG,35.0,4.45,4.434425,4.4811499999999995,,,65.8536585365851,64.63414634146346,66.66666666666666,0.022471910112347095,15688276.4925,0.014692043250302484,0.18623939034407228,HIGH_EDGE,2026-08-29 09:21:01.637,2026-08-29 09:20:24.124,4.45,4.45,4.451,34141102.0,-0.0073,8.7e-05,48649342.0,0.1056689814881023,4.450572297403409,4.447288047925217,4.44198269607984,4.429347211022613,4.423445169895727,4.419482828558493,0.004169011826386182,0.004758009519898145,-0.0005889976935119631,0.012952021632162136,0.01128439537906596,0.0016676262530961761,-0.004945939223339302,-0.01606017292639783,0.01111423370305853,2.1077870245525845,0.10914927768860576,0.24879614767255115,0.414125200642056,36.0,1.0,LONG,77863.8,0.029675992122380476,0.1077397788634648,-0.03341644603243966,0.10550151819257887,66.11851431811843,62.76439482961184,73.28163553049036,30.008005079084725,77825.59959959348,77800.90853333169,77768.81304976546,77696.92978322704,77676.61088592772,77683.23915755523,77898.63672892243,78499.87666685856,28.164968995348318,27.53327837785613,73.25903868964815,62.62917102324178,-83.06711968858144,-169.28338524205256,-566.6047741866205,-435.4904648001805,0.5219042677587535,0.7550705886201642,0.6323644927597795,0.3729413425468439,0.04073963584031083,0.08500190625902633,0.1714715769257158,0.8131506553751569
2026-08-29T09:41:01.563079,SUI_USDT,LOSS,LONG,36.0,0.7452,0.7425918,0.7504163999999999,0.7425918,-1.0,,,,,,,,SL,,,,,,,,,,,,,,,,,,,,,,,,,,,,,,,,,,,,,,,,,,,,,,,,,,,,,,,,,,,,,,,,,
2026-08-29T09:41:01.563188,UNI_USDT,LOSS,LONG,35.0,4.45,4.434425,4.4811499999999995,4.434425,-1.0,,,,,,,,SL,,,,,,,,,,,,,,,,,,,,,,,,,,,,,,,,,,,,,,,,,,,,,,,,,,,,,,,,,,,,,,,,,
2026-08-29T09:51:04.237056,SOL_USDT,LOSS,LONG,37.0,104.29,103.924985,105.02002999999999,103.924985,-1.0,,,,,,,,SL,,,,,,,,,,,,,,,,,,,,,,,,,,,,,,,,,,,,,,,,,,,,,,,,,,,,,,,,,,,,,,,,,
2026-08-29T09:51:04.237171,ZEC_USDT,LOSS,LONG,36.0,805.68,802.5539999999999,811.932,802.5539999999999,-1.0,,,,,,,,SL,,,,,,,,,,,,,,,,,,,,,,,,,,,,,,,,,,,,,,,,,,,,,,,,,,,,,,,,,,,,,,,,,
2026-08-29T10:21:11.146821,DOGE_USDT,LOSS,LONG,36.0,0.0853,0.08500145,0.08589709999999999,0.08500145,-1.0,,,,,,,,SL,,,,,,,,,,,,,,,,,,,,,,,,,,,,,,,,,,,,,,,,,,,,,,,,,,,,,,,,,,,,,,,,,
2026-08-29T11:31:12.912811,SUI_USDT,OPEN,SHORT,35.0,0.7372,0.7397802,0.7320396,,,25.806451612902706,34.090909090909406,39.15343915343925,0.013564839934887276,60645672.8272,0.20599919752024937,1.546863080808937,HIGH_EDGE,2026-08-29 11:30:58.865,2026-08-29 11:30:32.886,0.7372,0.737,0.7371,80473398.0,-0.0202,-1.9e-05,79408593.0,0.5554746879302864,0.7372308718651673,0.7382810121633627,0.7392993657742718,0.7403734973782783,0.7404547414134367,0.7409807462344722,-0.0010945789420218066,-0.0009877445520109665,-0.00010683439001084013,-0.0008525808716101091,-0.0003810262042593967,-0.0004715546673507124,-0.0007560234919034015,-0.0007329167615073592,-2.310673039604221e-05,1.0760847689843431,0.09495387954422276,0.20250368188512763,0.35268583830710787,1.0,36.0,SHORT,77604.4,0.00682997612084207,0.06356770863552282,-0.13447623116528482,0.07541468424284278,30.77981651375694,43.498773353462205,44.04501095399318,24.087024087024346,77594.24279855368,77634.53714679368,77673.95663629613,77704.58188208587,77704.57713258479,77705.0608175891,77840.17950650751,78367.02717576355,-43.97232917963993,-43.06376915909316,-17.167522173389443,5.52547558005641,-29.532530776879867,-51.09079658059489,-534.2268149990414,-474.26112138001855,0.6984707750830389,1.0018033624767921,0.8183022530722986,0.28776373125606686,0.027842677550681125,0.0751706272913844,0.1489606259438906,0.7835711818991141
2026-08-29T12:01:18.864613,SUI_USDT,LOSS,SHORT,35.0,0.7372,0.7397802,0.7320396,0.7397802,-1.0,,,,,,,,SL,,,,,,,,,,,,,,,,,,,,,,,,,,,,,,,,,,,,,,,,,,,,,,,,,,,,,,,,,,,,,,,,,
2026-08-29T12:01:18.864730,ZEC_USDT,OPEN,LONG,40.0,808.47,805.1931428571429,815.0237142857142,,,76.27264883520208,58.628519527701904,53.909355950172205,0.001236904275976957,144291978.806,0.48972556790620386,3.2060568370769813,HIGH_EDGE,2026-08-29 12:00:55.640,2026-08-29 12:00:41.921,808.47,808.75,808.76,18121468.0,0.0029,0.0001,8239313.0,2.8618965145511157,806.9675117291456,805.1887051425732,804.030098709317,803.2840218251021,803.4138972464884,801.71363601496,1.6372606401705525,1.159980461936627,0.47728017823392554,0.6562243358954447,0.32016360637737296,0.33606072951807175,1.8430329921332032,1.7338149544325012,0.10921803770070193,1.653413690023001,0.15196252533445048,0.33776321764744155,0.5915936451392316,41.0,1.0,LONG,77643.2,0.0011591619516606016,-0.02871287766125617,0.07191889404723308,-0.15315905007954475,62.868852459014015,37.86251342642281,49.65404965404952,24.51310587201661,77642.21944074394,77632.82391117894,77639.44332686599,77668.65926840137,77673.5533648543,77689.7171685945,77800.78360520364,78301.22479479258,6.56540205537749,2.3936474135574386,-26.040811610771925,-19.252261666289062,-36.97226963622961,-45.960539802001136,-521.6716364019958,-483.73482618256907,0.20452618101398426,0.6636981181135633,0.6007659140013827,0.2631407405503196,0.01809559626599464,0.07739616237204967,0.14638389821277803,0.7670987285428739
2026-08-29T12:21:07.816815,TRUMPOFFICIAL_USDT,OPEN,LONG,37.0,2.839,2.806257142857143,2.904485714285714,,,55.05617977528084,69.23076923076927,62.385321100917416,0.03522367030644205,51421674.3572,0.6545701711686638,2.454076099186318,HIGH_EDGE,2026-08-29 12:20:55.611,2026-08-29 12:20:27.090,2.839,2.838,2.839,187667598.0,0.0422,5e-05,79976121.0,-1.2110643489939918,2.8339599925494845,2.8281803845255555,2.8124345103074364,2.7895615566866017,2.779770797017688,2.7469717770235036,0.007138650361527166,0.007347259802985093,-0.00020860944145792773,0.021947046419795946,0.01606963857706975,0.0058774078427261955,0.032654496682201994,0.027558922742303506,0.005095573939898488,1.500887337916098,0.39752427917274563,0.9611030040758821,1.6429326221506568,38.0,1.0,LONG,77628.3,0.008373936188029651,-0.03193690915108722,0.012750633667866254,-0.15315905007954475,27.894002789401412,37.96616022099523,49.541097287375095,24.51310587201661,77643.20139284743,77649.7928643878,77645.91262668406,77663.54547326332,77669.46269188373,77686.39081216151,77800.78360520364,78301.22479479258,-2.9866175132628996,3.229515531087,-18.794991453250987,-19.350861567395206,-36.18994428376027,-44.0308747333336,-521.6716364019958,-483.73482618256907,0.6535287703209451,0.7348188728252839,0.5823705578071818,0.2631407405503196,0.01199856974103931,0.07498185952434919,0.14765417840069847,0.7672459657109592
2026-08-29T12:21:07.816992,LINK_USDT,OPEN,SHORT,35.0,11.361,11.400763500000002,11.281473,,,24.999999999998607,37.57575757575767,38.2456140350877,0.00880204207377187,32303277.4387,0.16887756731154718,1.5491847263984364,HIGH_EDGE,2026-08-29 12:20:59.767,2026-08-29 12:20:27.102,11.361,11.36,11.361,27884562.0,-0.0179,-2e-05,18098641.0,-0.6955945477458512,11.35958450298788,11.366390038210396,11.370072343761178,11.381272210993053,11.384639607464232,11.399333658061906,-0.0061337367696499,-0.00415884212030763,-0.0019748946493422705,-0.011998393425891152,-0.011311202938710697,-0.0006871904871804547,-0.016466106222363663,-0.013390738964064855,-0.0030753672582988084,1.059564239977316,0.04086662391388833,0.16095162649162967,0.31247249361852053,1.0,36.0,SHORT,77628.3,0.008373936188029651,-0.03193690915108722,0.012750633667866254,-0.15315905007954475,27.894002789401412,37.96616022099523,49.541097287375095,24.51310587201661,77643.20139284743,77649.7928643878,77645.91262668406,77663.54547326332,77669.46269188373,77686.39081216151,77800.78360520364,78301.22479479258,-2.9866175132628996,3.229515531087,-18.794991453250987,-19.350861567395206,-36.18994428376027,-44.0308747333336,-521.6716364019958,-483.73482618256907,0.6535287703209451,0.7348188728252839,0.5823705578071818,0.2631407405503196,0.01199856974103931,0.07498185952434919,0.14765417840069847,0.7672459657109592
2026-08-29T12:31:08.099686,ZEC_USDT,LOSS,LONG,40.0,808.47,805.1931428571429,815.0237142857142,805.1931428571429,-1.0,,,,,,,,SL,,,,,,,,,,,,,,,,,,,,,,,,,,,,,,,,,,,,,,,,,,,,,,,,,,,,,,,,,,,,,,,,,
2026-08-29T12:31:08.099803,SNDKSTOCK_USDT,OPEN,LONG,35.0,1486.38,1481.1776700000003,1496.78466,,,62.87878787879179,67.32495511669595,64.04145077720081,0.0006727754679300231,119523126.65847,0.0007480096877362801,0.7373587632529147,HIGH_EDGE,2026-08-29 12:30:50.680,2026-08-29 12:30:32.788,1486.38,1486.37,1486.38,81046885.0,0.0022,0.0,13344743.0,1.727588016449923,1486.4175927267622,1486.3122251626514,1486.1886433197396,1485.5875107236175,1485.4481789533734,1484.2821553246831,0.10562398710681009,0.0792983436468984,0.026325643459911688,0.6781814483767903,0.6602482046612586,0.017933243715531733,1.238570241586558,1.0436374606207608,0.19493278096579725,2.455870610366549,0.01235023537530159,0.04670983962954855,0.09341967925909928,36.5,1.5,LONG,77657.2,0.006696543553285285,0.01584134952843382,0.005279892238675942,-0.15315905007954475,51.473759884971784,52.82377919320493,41.15128449096115,24.51310587201661,77652.46584448089,77651.39593161692,77648.00808107806,77661.42576590803,77667.0101535074,77683.74003452183,77800.78360520364,78301.22479479258,0.8628980525536463,0.012425776730982024,-15.800409470597515,-18.379028684811725,-34.83898893422156,-42.215049620529335,-521.6716364019958,-483.73482618256907,0.8748921901792946,1.1512743600553965,0.7487144897171505,0.2631407405503196,0.023482322676727174,0.07035498870125602,0.13599143782822956,0.7669604363793706
2026-08-29T12:51:00.260373,XRP_USDT,OPEN,SHORT,35.0,1.3787,1.38352545,1.3690491,,,39.74358974358977,37.93103448275857,36.47058823529434,0.007253209545222962,378756438.7381,3.2673075621590577,1.5016982760694062,HIGH_EDGE,2026-08-29 12:50:35.768,2026-08-29 12:50:23.881,1.3787,1.3787,1.3788,269962030.0,-0.0173,6e-05,133149214.0,0.4902526860621974,1.3801130267571784,1.380559360437814,1.380911174527665,1.381571813896036,1.3818004397372863,1.3821808574797732,-0.0004807847061045756,-0.00044267167872587125,-3.811302737870433e-05,-0.0005231636839977405,-0.00021829811910338171,-0.0003048655648943588,-0.0008359696871516054,-0.0010872543686304,0.0002512846814787947,0.8192105453037137,0.07305018184832503,0.16319721476753507,0.30411671450331274,2.0,37.0,SHORT,77558.6,-0.022558494175396803,-0.042788026569814196,-0.08421627357153513,-0.15315905007954475,39.862542955327214,40.01091703056832,39.30924789820544,24.51310587201661,77575.52139568514,77594.3551641106,77608.38251001037,77636.60042937715,77651.96812280617,77675.38427680901,77800.78360520364,78301.22479479258,-19.417317560262745,-16.98310333298764,-27.226540840405505,-21.32540445176579,-38.59962173583335,-41.50978308418853,-521.6716364019958,-483.73482618256907,0.8886971892877044,1.0029504518160417,0.8086950146617976,0.2631407405503196,0.027831490364333543,0.06460552776499552,0.13842989135219838,0.7679354707279407
2026-08-29T12:51:00.260603,PEPE_USDT,OPEN,SHORT,35.0,3.6393e-06,3.6520375500000004e-06,3.6138249e-06,,,24.961715160796075,28.400597907324254,27.405857740585617,0.013738905833534631,105654044.58,0.25445130621166784,2.147742706799938,HIGH_EDGE,2026-08-29 12:50:42.695,2026-08-29 12:50:23.910,3.6393e-06,3.6388e-06,3.6393e-06,2817355.0,-0.0239,0.0001,1849259.0,5.54848129074163,3.650855695590992e-06,3.6586358706735478e-06,3.6622960994024863e-06,3.6678535348478506e-06,3.669876347527827e-06,3.6759993820917554e-06,-7.1636026600800796e-09,-5.0413711729423575e-09,-2.122231487137722e-09,-5.100095251622347e-09,-3.2345087426802906e-09,-1.865586508942056e-09,-6.683450063258299e-09,-5.50711124543059e-09,-1.176338817827709e-09,4.944282427024304,0.1807647467527113,0.23120615817013712,0.35681901150535333,0.0,35.0,SHORT,77558.6,-0.022558494175396803,-0.042788026569814196,-0.08421627357153513,-0.15315905007954475,39.862542955327214,40.01091703056832,39.30924789820544,24.51310587201661,77575.52139568514,77594.3551641106,77608.38251001037,77636.60042937715,77651.96812280617,77675.38427680901,77800.78360520364,78301.22479479258,-19.417317560262745,-16.98310333298764,-27.226540840405505,-21.32540445176579,-38.59962173583335,-41.50978308418853,-521.6716364019958,-483.73482618256907,0.8886971892877044,1.0029504518160417,0.8086950146617976,0.2631407405503196,0.027831490364333543,0.06460552776499552,0.13842989135219838,0.7679354707279407
2026-08-29T12:51:00.260803,DOGE_USDT,OPEN,SHORT,40.0,0.08486,0.08515701,0.08426598,,,38.46153846153846,35.48387096774107,36.538461538461235,0.02356823002593227,61311877.642,0.004880259350925507,0.47239758643689217,HIGH_EDGE,2026-08-29 12:50:47.003,2026-08-29 12:50:23.909,0.08486,0.08485,0.08487,7114474.0,-0.0109,8.1e-05,9663159.0,0.13850036591454698,0.0849294664668023,0.0849483357680085,0.0849587273413065,0.0850095103596803,0.08503319180675058,0.08506113486322373,-2.0018309861535855e-05,-1.82612630486776e-05,-1.7570468128582539e-06,-5.036453967942334e-05,-4.2447930945896504e-05,-7.916608733526832e-06,-3.642370384493443e-05,-2.6872646376544228e-05,-9.551057468390202e-06,1.6338409409879857,0.06144574256759102,0.12373320763610879,0.20874718022962274,0.0,40.0,SHORT,77558.6,-0.022558494175396803,-0.042788026569814196,-0.08421627357153513,-0.15315905007954475,39.862542955327214,40.01091703056832,39.30924789820544,24.51310587201661,77575.52139568514,77594.3551641106,77608.38251001037,77636.60042937715,77651.96812280617,77675.38427680901,77800.78360520364,78301.22479479258,-19.417317560262745,-16.98310333298764,-27.226540840405505,-21.32540445176579,-38.59962173583335,-41.50978308418853,-521.6716364019958,-483.73482618256907,0.8886971892877044,1.0029504518160417,0.8086950146617976,0.2631407405503196,0.027831490364333543,0.06460552776499552,0.13842989135219838,0.7679354707279407
2026-08-29T12:51:00.260969,SUI_USDT,OPEN,SHORT,38.0,0.7368,0.7393788,0.7316424,,,33.33333333333333,43.56435643564365,34.61538461538488,0.013572204125948558,59135532.525,4.2153905173766715,1.1294924148283423,HIGH_EDGE,2026-08-29 12:50:48.281,2026-08-29 12:50:23.895,0.7368,0.7366,0.7367,78577066.0,-0.0207,-1.9e-05,81431080.0,-0.00282316665258358,0.7380130824760255,0.7385548186098772,0.7386818906467223,0.7391745967159973,0.7396002096663736,0.7402805503759625,-0.0005099587632317881,-0.0003791273962782552,-0.00013083136695353292,-0.0005182761620432519,-0.0004453467830521908,-7.292937899106109e-05,-0.0008643792760536506,-0.0008347756538996247,-2.9603622154025897e-05,0.7185282374684331,0.0930665425779416,0.2161858228633493,0.3693578408562124,0.0,38.0,SHORT,77558.6,-0.022558494175396803,-0.042788026569814196,-0.08421627357153513,-0.15315905007954475,39.862542955327214,40.01091703056832,39.30924789820544,24.51310587201661,77575.52139568514,77594.3551641106,77608.38251001037,77636.60042937715,77651.96812280617,77675.38427680901,77800.78360520364,78301.22479479258,-19.417317560262745,-16.98310333298764,-27.226540840405505,-21.32540445176579,-38.59962173583335,-41.50978308418853,-521.6716364019958,-483.73482618256907,0.8886971892877044,1.0029504518160417,0.8086950146617976,0.2631407405503196,0.027831490364333543,0.06460552776499552,0.13842989135219838,0.7679354707279407
2026-08-29T12:51:00.261149,TAO_USDT,OPEN,SHORT,36.0,234.38,235.20033,232.73934,,,28.061224489796388,32.460732984293244,42.75286757038574,0.00426657564638233,47423823.1165,2.361346141612062,0.8352219028277853,HIGH_EDGE,2026-08-29 12:50:50.230,2026-08-29 12:50:23.897,234.38,234.34,234.35,19734357.0,-0.029,5e-05,30798916.0,0.20030029265048196,234.77111818079973,234.9626409845044,235.0677197677876,235.39550537500327,235.61724995978955,235.91191678023108,-0.17566451793743454,-0.11782660917230359,-0.05783790876513095,-0.32586562661023777,-0.2685547967663402,-0.05731082984389757,-0.34853579112206035,-0.2973913993347125,-0.051144391787347865,0.5992396657284663,0.09020759938073726,0.22856655248497557,0.5333219557982763,0.0,36.0,SHORT,77558.6,-0.022558494175396803,-0.042788026569814196,-0.08421627357153513,-0.15315905007954475,39.862542955327214,40.01091703056832,39.30924789820544,24.51310587201661,77575.52139568514,77594.3551641106,77608.38251001037,77636.60042937715,77651.96812280617,77675.38427680901,77800.78360520364,78301.22479479258,-19.417317560262745,-16.98310333298764,-27.226540840405505,-21.32540445176579,-38.59962173583335,-41.50978308418853,-521.6716364019958,-483.73482618256907,0.8886971892877044,1.0029504518160417,0.8086950146617976,0.2631407405503196,0.027831490364333543,0.06460552776499552,0.13842989135219838,0.7679354707279407
2026-08-29T13:20:59.947523,TRUMPOFFICIAL_USDT,WIN,LONG,37.0,2.839,2.806257142857143,2.904485714285714,2.904485714285714,2.0,,,,,,,,TP,,,,,,,,,,,,,,,,,,,,,,,,,,,,,,,,,,,,,,,,,,,,,,,,,,,,,,,,,,,,,,,,,
2026-08-29T13:31:04.993107,SUI_USDT,LOSS,SHORT,38.0,0.7368,0.7393788,0.7316424,0.7393788,-1.0,,,,,,,,SL,,,,,,,,,,,,,,,,,,,,,,,,,,,,,,,,,,,,,,,,,,,,,,,,,,,,,,,,,,,,,,,,,
2026-08-29T13:31:04.993212,TAO_USDT,LOSS,SHORT,36.0,234.38,235.20033,232.73934,235.20033,-1.0,,,,,,,,SL,,,,,,,,,,,,,,,,,,,,,,,,,,,,,,,,,,,,,,,,,,,,,,,,,,,,,,,,,,,,,,,,,
2026-08-29T14:01:16.973892,XRP_USDT,LOSS,SHORT,35.0,1.3787,1.38352545,1.3690491,1.38352545,-1.0,,,,,,,,SL,,,,,,,,,,,,,,,,,,,,,,,,,,,,,,,,,,,,,,,,,,,,,,,,,,,,,,,,,,,,,,,,,
2026-08-29T14:01:16.974002,PEPE_USDT,LOSS,SHORT,35.0,3.6393e-06,3.6520375500000004e-06,3.6138249e-06,3.6520375500000004e-06,-1.0,,,,,,,,SL,,,,,,,,,,,,,,,,,,,,,,,,,,,,,,,,,,,,,,,,,,,,,,,,,,,,,,,,,,,,,,,,,
2026-08-29T14:11:01.913273,DOGE_USDT,LOSS,SHORT,40.0,0.08486,0.08515701,0.08426598,0.08515701,-1.0,,,,,,,,SL,,,,,,,,,,,,,,,,,,,,,,,,,,,,,,,,,,,,,,,,,,,,,,,,,,,,,,,,,,,,,,,,,
2026-08-29T15:01:11.981930,ENA_USDT,OPEN,LONG,36.0,0.16384,0.16236057142857144,0.16679885714285717,,,72.56944444444507,66.35593220338984,63.80157170923374,0.0061035156250061045,70539364.6864,3.0689911878256955,0.5412304370689818,HIGH_EDGE,2026-08-29 15:00:58.571,2026-08-29 15:00:41.921,0.16384,0.16379,0.1638,42958150.0,-0.0323,5e-05,23230350.0,-0.5500743808307955,0.16324294118721283,0.16320340341875628,0.16326399238385295,0.16263568546667928,0.16257894892855518,0.16192270098353578,7.1684557821083406e-06,-6.220398262229184e-05,6.937243840440018e-05,0.0006453705741358284,0.0005717264190792967,7.364415505653173e-05,0.000462980144732561,9.536210252967373e-05,0.00036761804220288724,0.5302459063046976,0.20533970424106984,0.7524762834821462,1.2704031808035703,36.0,0.0,LONG,77607.0,0.004252374564618582,0.023585908772801853,-0.06580124932235763,-0.016233013311078414,30.18575851393703,50.29876977152848,50.22727272727323,34.51151707704555,77606.82740381485,77621.8811540844,77629.23602266508,77625.15893011836,77623.01408531977,77637.28168867338,77692.27160586242,78120.25108130237,-13.73961250067805,-9.811827351223993,4.4481934101640945,6.031857849096592,-27.8839537048043,-37.27546811273493,-479.91556735816994,-490.05728287631047,0.32091137684062787,0.7698159897022361,1.3021698942806403,0.4022216293092548,0.01402671703031421,0.053502169355121025,0.10648892128655686,0.5080635215159168
2026-08-29T15:11:02.005755,ENA_USDT,LOSS,LONG,36.0,0.16384,0.16236057142857144,0.16679885714285717,0.16236057142857144,-1.0,,,,,,,,SL,,,,,,,,,,,,,,,,,,,,,,,,,,,,,,,,,,,,,,,,,,,,,,,,,,,,,,,,,,,,,,,,,
2026-08-29T15:20:55.930618,XAUT_USDT,OPEN,SHORT,37.0,4451.5,4467.08025,4420.3395,,,26.315789473694295,44.444444444446695,43.22033898304888,0.0022464337863723196,403999613.6274,23.020856010798102,4.998112281496583,HIGH_EDGE,2026-08-29 15:20:34.831,2026-08-29 15:20:25.759,4451.5,4451.4,4451.5,89104992.0,-0.0137,-6e-06,44136119.0,0.1744150431170301,4451.537319265609,4451.859309713164,4452.095886870577,4452.37036033014,4452.492687853359,4453.577381277261,-0.3267944366862139,-0.292093547846846,-0.034700888839367894,-0.28375993688950985,-0.2312140630921192,-0.052545873797390646,-2.0681815058942448,-2.6788810962709717,0.6106995903767269,1.5562655331169448,0.00818343736461867,0.014120440942862102,0.028240881885721287,2.0,39.0,SHORT,77430.6,-0.0691753931769203,-0.02892076485093435,-0.19843570811911299,-0.016233013311078414,26.176470588233613,22.44183137353241,40.52186177715133,34.51151707704555,77480.49599082032,77516.15314312119,77542.08227488349,77581.84251259893,77589.01126825705,77620.52873672901,77692.27160586242,78120.25108130237,-37.3979269231786,-33.22139990396581,-30.118340658504167,-7.940402502708434,-39.51051720468968,-37.71505695094558,-479.91556735816994,-490.05728287631047,1.605097825557581,1.2548614326562464,1.4690763273514362,0.4022216293092548,0.029906965537064994,0.06307030332415618,0.11406527725657506,0.5092209761294082
2026-08-29T15:20:55.930832,ZEC_USDT,OPEN,SHORT,38.0,794.05,797.1082857142857,787.9334285714285,,,29.633027522936004,38.50238980350482,40.43236926672517,0.0012593665386299233,142722077.0964,1.3377680466647726,2.155833807450171,HIGH_EDGE,2026-08-29 15:20:39.042,2026-08-29 15:20:25.745,794.05,793.99,794.0,17904619.0,-0.0149,0.0001,8062153.0,1.444110414194155,795.9152372732987,797.0880199549764,797.7944059916452,798.895816298184,799.4002319980259,800.3245162026233,-1.1368240764404618,-0.883278435416663,-0.25354564102379884,-0.9977314146649405,-0.5884483844996977,-0.4092830301652428,-0.5214610942283571,0.1222888498351988,-0.6437499440635559,0.7909642160460019,0.16263819298892795,0.32095855784540334,0.5927118659314353,0.0,38.0,SHORT,77430.6,-0.0691753931769203,-0.02892076485093435,-0.19843570811911299,-0.016233013311078414,26.176470588233613,22.44183137353241,40.52186177715133,34.51151707704555,77480.49599082032,77516.15314312119,77542.08227488349,77581.84251259893,77589.01126825705,77620.52873672901,77692.27160586242,78120.25108130237,-37.3979269231786,-33.22139990396581,-30.118340658504167,-7.940402502708434,-39.51051720468968,-37.71505695094558,-479.91556735816994,-490.05728287631047,1.605097825557581,1.2548614326562464,1.4690763273514362,0.4022216293092548,0.029906965537064994,0.06307030332415618,0.11406527725657506,0.5092209761294082
2026-08-29T15:20:55.931044,PEPE_USDT,OPEN,SHORT,35.0,3.6296e-06,3.6423036e-06,3.6041928e-06,,,26.993865030675295,32.95269168026087,36.69291338582671,0.0027551245316232023,101551718.562,0.2152052776532377,0.9827083773820796,HIGH_EDGE,2026-08-29 15:20:41.570,2026-08-29 15:20:25.762,3.6296e-06,3.6304e-06,3.6305e-06,2713926.0,-0.0265,0.0001,1880576.0,0.03713006907895087,3.634148821558836e-06,3.6395654286916246e-06,3.6433220988897177e-06,3.6483588127326545e-06,3.6500080274419744e-06,3.65868989914925e-06,-5.580528038530348e-09,-4.875617226008745e-09,-7.049108125216029e-10,-4.410889388611007e-09,-2.2115193800884185e-09,-2.1993700085225883e-09,-9.682382821183543e-09,-9.118031207727944e-09,-5.643516134555987e-10,1.807448057954746,0.09642935860700796,0.21588368651405815,0.4465269687332739,1.5,36.5,SHORT,77430.6,-0.0691753931769203,-0.02892076485093435,-0.19843570811911299,-0.016233013311078414,26.176470588233613,22.44183137353241,40.52186177715133,34.51151707704555,77480.49599082032,77516.15314312119,77542.08227488349,77581.84251259893,77589.01126825705,77620.52873672901,77692.27160586242,78120.25108130237,-37.3979269231786,-33.22139990396581,-30.118340658504167,-7.940402502708434,-39.51051720468968,-37.71505695094558,-479.91556735816994,-490.05728287631047,1.605097825557581,1.2548614326562464,1.4690763273514362,0.4022216293092548,0.029906965537064994,0.06307030332415618,0.11406527725657506,0.5092209761294082
2026-08-29T15:20:55.931222,ONDO_USDT,OPEN,SHORT,37.0,0.3489,0.35012115,0.3464577,,,27.02702702702787,34.61538461538447,44.64285714285701,0.028661507595296357,14525684.631,8.146940395848693,3.490391993600104,HIGH_EDGE,2026-08-29 15:20:55.850,2026-08-29 15:20:25.775,0.3489,0.3488,0.3489,4020386.0,-0.0332,-3.6e-05,7793725.0,-1.3016384835374721,0.34952621766064934,0.3500406862237682,0.3502671821520474,0.35063429819255154,0.35087847750026124,0.3515866344599314,-0.0004984526014255031,-0.00038814586852314496,-0.00011030673290235812,-0.0003007716682889572,-0.00010352958499561722,-0.00019724208329333998,-0.0009160388647635465,-0.0010226885150263164,0.00010664965026276996,1.5432732329675232,0.12078778200876371,0.24771731564508867,0.3725995987388924,2.0,39.0,SHORT,77430.6,-0.0691753931769203,-0.02892076485093435,-0.19843570811911299,-0.016233013311078414,26.176470588233613,22.44183137353241,40.52186177715133,34.51151707704555,77480.49599082032,77516.15314312119,77542.08227488349,77581.84251259893,77589.01126825705,77620.52873672901,77692.27160586242,78120.25108130237,-37.3979269231786,-33.22139990396581,-30.118340658504167,-7.940402502708434,-39.51051720468968,-37.71505695094558,-479.91556735816994,-490.05728287631047,1.605097825557581,1.2548614326562464,1.4690763273514362,0.4022216293092548,0.029906965537064994,0.06307030332415618,0.11406527725657506,0.5092209761294082
2026-08-29T15:50:57.115699,SOXL_USDT,OPEN,LONG,35.0,112.29,111.89698500000002,113.07602999999999,,,88.46153846153825,65.71428571428658,55.08982035928157,0.008905512512249636,265916734.2459,1.6740837696335078,0.692052102656094,HIGH_EDGE,2026-08-29 15:50:36.515,2026-08-29 15:50:27.902,112.29,112.28,112.29,231360424.0,0.0003,0.0,8659706.0,0.1420307365522958,112.23033220321912,112.17131564671239,112.13815937437917,112.1006518059417,112.08516648508554,112.03999644402201,0.055889350181658415,0.04104119964374678,0.014848150537911636,0.030411085988234277,0.010052320968166484,0.020358765020067792,0.00556787274906867,-0.025397717542277626,0.030965590291346295,0.03372558197193281,0.02226378128061234,0.07506074831749196,0.13994376804956662,36.0,1.0,LONG,77432.2,-0.01639875576054342,0.020021519904620064,0.03889562275638323,-0.016233013311078414,52.270703472839756,23.842049092848896,34.02270884022593,34.51151707704555,77433.69149954885,77431.12394108265,77447.74092786646,77507.67015265889,77522.16321168629,77582.66449985784,77692.27160586242,78120.25108130237,-2.438618732703617,-7.793619371892858,-56.53855286218459,-41.95202243085964,-61.38647783147462,-44.954986725004,-479.91556735816994,-490.05728287631047,0.4599933008605207,0.8152838706559737,1.901092700344302,0.4022216293092548,0.021382761767253247,0.07082693910654397,0.12042793566500892,0.5092104539750356
2026-08-29T16:11:01.037147,ZEC_USDT,LOSS,SHORT,38.0,794.05,797.1082857142857,787.9334285714285,797.1082857142857,-1.0,,,,,,,,SL,,,,,,,,,,,,,,,,,,,,,,,,,,,,,,,,,,,,,,,,,,,,,,,,,,,,,,,,,,,,,,,,,
2026-08-29T16:31:09.944742,ENA_USDT,OPEN,SHORT,35.0,0.15925,0.16019714285714287,0.1573557142857143,,,43.57976653696495,32.02725724020455,48.5549132947977,0.006279434850852274,68764994.9464,1.4971995528722646,2.4284084172262106,HIGH_EDGE,2026-08-29 16:30:52.500,2026-08-29 16:30:33.848,0.15925,0.15928,0.15929,41917071.0,-0.0594,-1.8e-05,23086437.0,0.5838992649924727,0.15959766789409582,0.15985888579723342,0.1601154654974211,0.16077527192537405,0.16088517854799106,0.16127892450674092,-0.0002698939240645126,-0.00022971540600134346,-4.017851806316917e-05,-0.0006112282137623326,-0.0004518331504010968,-0.0001593950633612358,-0.0002653333380847611,2.024019314893628e-05,-0.0002855735312336974,1.4904529521518406,0.17761830006728052,0.49562682215743453,1.318681318681319,0.0,35.0,SHORT,77491.2,-0.0001290467446098088,0.02801102369319163,0.07050929405473802,-0.21840813328694578,80.84358523724839,56.66813380281581,50.69847747606298,41.53919694072663,77484.97426938685,77472.53046811243,77460.31418636473,77480.64642061245,77491.4435643812,77551.36212936178,77641.31728469074,78058.18350088331,12.398938180907862,10.300643401372989,-30.32041730733181,-40.95654813699596,-64.23857051983941,-54.9520444992005,-472.5779060535715,-486.6283520796748,0.14704219647814237,0.2515632059202335,1.4302037939599817,0.5395553427825939,0.012517550379915717,0.06553739558261362,0.10962535100759856,0.3923026098447308
2026-08-29T16:31:09.945017,PUMPFUN_USDT,OPEN,LONG,37.0,0.004649,0.004621914285714287,0.004703171428571428,,,56.578947368421304,64.64646464646495,62.23776223776228,0.021510002150984413,25227869.1651,0.006524797931002851,0.5788641915355456,HIGH_EDGE,2026-08-29 16:31:05.871,2026-08-29 16:30:30.866,0.004649,0.004649,0.00465,53949897.0,-0.0269,5e-05,52457344.0,-0.6366734853135045,0.004647763628209857,0.004642085914926282,0.004631341945865477,0.004620779346526413,0.004619964640048449,0.004617080397487256,7.0422640223496286e-06,7.654412699780578e-06,-6.121486774309491e-07,8.170287977188155e-06,2.8907162778070426e-06,5.2795716993811125e-06,6.00591741979975e-07,-2.83680090993506e-06,3.437392651915035e-06,1.770762258475983,0.17822573210828446,0.4855114771225714,0.7374857880342923,38.0,1.0,LONG,77491.2,-0.0001290467446098088,0.02801102369319163,0.07050929405473802,-0.21840813328694578,80.84358523724839,56.66813380281581,50.69847747606298,41.53919694072663,77484.97426938685,77472.53046811243,77460.31418636473,77480.64642061245,77491.4435643812,77551.36212936178,77641.31728469074,78058.18350088331,12.398938180907862,10.300643401372989,-30.32041730733181,-40.95654813699596,-64.23857051983941,-54.9520444992005,-472.5779060535715,-486.6283520796748,0.14704219647814237,0.2515632059202335,1.4302037939599817,0.5395553427825939,0.012517550379915717,0.06553739558261362,0.10962535100759856,0.3923026098447308
2026-08-29T16:40:59.003661,PUMPFUN_USDT,LOSS,LONG,37.0,0.004649,0.004621914285714287,0.004703171428571428,0.004621914285714287,-1.0,,,,,,,,SL,,,,,,,,,,,,,,,,,,,,,,,,,,,,,,,,,,,,,,,,,,,,,,,,,,,,,,,,,,,,,,,,,
2026-08-29T16:51:00.331057,SUI_USDT,OPEN,SHORT,40.0,0.7366,0.7391781000000001,0.7314438,,,32.835820895522446,42.85714285714311,46.45161290322578,0.013575889220742463,58274678.7505,0.606125655798937,1.0921705678593348,HIGH_EDGE,2026-08-29 16:50:50.100,2026-08-29 16:50:28.915,0.7366,0.7366,0.7367,77646349.0,-0.0209,3.4e-05,80949214.0,0.21371788704102104,0.7376030853602623,0.7380845716195822,0.738184625403536,0.7388493460235205,0.7388628663408376,0.7395333516322941,-0.00039820172863769265,-0.00018798148950174956,-0.0002102202391359431,-0.0006324570408634544,-0.0004843407148895295,-0.00014811632597392494,-0.0006459229637630903,-0.0004074390161426356,-0.0002384839476204547,1.9677773648564645,0.09794034366393854,0.22885070400682625,0.3878825491641156,0.0,40.0,SHORT,77595.1,0.00012887428314430153,-0.034526338571960184,0.16866431285100386,-0.21840813328694578,77.63082231167597,71.30416312659418,54.39895470383229,41.53919694072663,77597.90022737034,77567.59871725155,77533.1358907341,77511.8970647079,77517.53485150404,77557.77274142961,77641.31728469074,78058.18350088331,33.83826513936219,33.60339559569972,5.21699662024912,-20.37299755082144,-50.49080442839477,-54.03692865389131,-472.5779060535715,-486.6283520796748,0.21353968164038695,0.8791574685379869,1.385708853672833,0.5395553427825939,0.022930387541044053,0.06491573381750698,0.11462432182297333,0.39177731583566483
2026-08-29T17:01:20.277424,TAO_USDT,OPEN,SHORT,35.0,232.31,233.123085,230.68383,,,12.63157894736868,39.062500000000064,31.871345029239848,0.0043045930007278655,46649862.0421,2.4771143391516466,0.5128546582246811,HIGH_EDGE,2026-08-29 17:01:08.912,2026-08-29 17:00:42.097,232.31,232.22,232.23,19513660.0,-0.0376,5e-05,30422887.0,0.577123018117008,232.64022978384423,233.0369831429261,233.39345588184725,233.83732113307028,233.83502248824018,234.57535580257309,-0.3816166607596756,-0.2974576551637456,-0.08415900559592998,-0.45977120995669907,-0.39149692702681765,-0.06827428292988141,-0.7136113196797851,-0.5199431782552391,-0.19366814142454603,2.2534066170697185,0.1245257260925983,0.290560027549394,0.4762724684381094,1.0,36.0,SHORT,77586.9,-0.030021827027894413,-0.01597952558851527,-0.04509036753802729,0.19292978208231693,31.648616125151705,67.20035579275051,50.43305409626519,42.40791125994126,77600.50236122255,77587.65838628935,77554.47497006961,77525.94066315156,77531.40788120271,77560.41915759351,77630.43382775542,78015.3411494692,18.751760501167155,23.743850643112047,14.63560110218532,-8.339297672872782,-41.94201474443253,-51.60574058171793,-449.54262920602923,-479.2895212014292,1.6092868303661787,0.5821693302528371,0.8723565402655495,0.548383441347155,0.012686235875979668,0.06145183198268057,0.11621070788275589,0.37069954556025075
2026-08-29T17:21:03.001611,ENA_USDT,WIN,SHORT,35.0,0.15925,0.16019714285714287,0.1573557142857143,0.1573557142857143,2.0,,,,,,,,TP,,,,,,,,,,,,,,,,,,,,,,,,,,,,,,,,,,,,,,,,,,,,,,,,,,,,,,,,,,,,,,,,,
2026-08-29T17:21:03.001788,ENA_USDT,OPEN,SHORT,35.0,0.15704,0.15799057142857142,0.15513885714285716,,,21.48437499999912,24.50450450450451,42.35832856325126,0.006367804381055783,66904062.7358,1.4691511653928835,5.074573240691444,HIGH_EDGE,2026-08-29 17:20:46.725,2026-08-29 17:20:27.041,0.15704,0.15703,0.15704,40856371.0,-0.0725,-8.4e-05,23245145.0,-1.6686404024094312,0.15719163539325054,0.15774103166887515,0.15837087787206874,0.15935408126775935,0.15966625141653495,0.1605799999646367,-0.0005663642197847596,-0.00048741409260833195,-7.895012717642764e-05,-0.0009587366160558053,-0.000750619097678735,-0.00020811751837707029,-0.0007187961185587954,-0.0002626309244695367,-0.00045616519408925874,1.564791152040477,0.2619896659631753,0.5044210756131293,1.3149516046867047,2.0,37.0,SHORT,77511.5,0.03626583242346854,0.02839094328909078,-0.12553665631697383,0.19292978208231693,60.8465608465619,60.64724919093853,43.78698224852069,42.40791125994126,77488.33493795652,77500.87252688449,77515.0686277413,77512.91371003038,77523.02630496242,77553.97242092094,77630.43382775542,78015.3411494692,-16.019250023848144,-19.789616986293098,-0.8113926049263682,-2.7462889182810883,-42.54841741779819,-49.799631513338944,-449.54262920602923,-479.2895212014292,0.7310596097708871,0.5770641695372436,1.5734810170434068,0.548383441347155,0.018430444883291135,0.06462635498326869,0.12411061584409948,0.37106014683535493
2026-08-29T17:50:57.969407,LINK_USDT,WIN,SHORT,35.0,11.361,11.400763500000002,11.281473,11.281473,2.0,,,,,,,,TP,,,,,,,,,,,,,,,,,,,,,,,,,,,,,,,,,,,,,,,,,,,,,,,,,,,,,,,,,,,,,,,,,
2026-08-29T17:50:57.969514,SNDKSTOCK_USDT,LOSS,LONG,35.0,1486.38,1481.1776700000003,1496.78466,1481.1776700000003,-1.0,,,,,,,,SL,,,,,,,,,,,,,,,,,,,,,,,,,,,,,,,,,,,,,,,,,,,,,,,,,,,,,,,,,,,,,,,,,
2026-08-29T17:50:57.969597,PEPE_USDT,WIN,SHORT,35.0,3.6296e-06,3.6423036e-06,3.6041928e-06,3.6041928e-06,2.0,,,,,,,,TP,,,,,,,,,,,,,,,,,,,,,,,,,,,,,,,,,,,,,,,,,,,,,,,,,,,,,,,,,,,,,,,,,
2026-08-29T17:50:57.969665,SUI_USDT,WIN,SHORT,40.0,0.7366,0.7391781000000001,0.7314438,0.7314438,2.0,,,,,,,,TP,,,,,,,,,,,,,,,,,,,,,,,,,,,,,,,,,,,,,,,,,,,,,,,,,,,,,,,,,,,,,,,,,
2026-08-29T17:50:57.969724,ENA_USDT,WIN,SHORT,35.0,0.15704,0.15799057142857142,0.15513885714285716,0.15513885714285716,2.0,,,,,,,,TP,,,,,,,,,,,,,,,,,,,,,,,,,,,,,,,,,,,,,,,,,,,,,,,,,,,,,,,,,,,,,,,,,
2026-08-29T17:50:57.969796,ETH_USDT,OPEN,SHORT,36.0,2430.77,2439.277695,2413.75461,,,36.84210526315749,27.15654952076588,34.68620819240877,0.00041139227488484216,1812815953.4872,1.4241511148524302,1.5949054287551074,HIGH_EDGE,2026-08-29 17:50:32.730,2026-08-29 17:50:26.732,2430.77,2430.77,2430.78,73532916.0,-0.016,1.7e-05,103686951.0,0.23257657623309874,2431.8864489369507,2432.299520350411,2432.6510260889886,2433.3956431621,2433.870515420119,2435.1884724064485,-0.38901843604935493,-0.2779015562382129,-0.11111687981114204,-0.7548770251437418,-0.5915943411016782,-0.16328268404206359,-1.5043763548137576,-1.4283993453772394,-0.0759770094365182,0.9522011890611066,0.027269430791772038,0.07837022836385334,0.14169525353224421,0.0,36.0,SHORT,77541.6,-0.047049360579854364,-0.012249987427644481,-0.0109593138695919,0.19292978208231693,55.89717741935678,44.88343558282262,42.390478602177694,42.40791125994126,77548.81766101524,77537.34456495127,77530.8608447509,77522.85651973076,77534.49283517603,77554.17555901255,77630.43382775542,78015.3411494692,10.525103220774326,7.449282200281431,5.387490229026298,1.9572780375040932,-32.81695765367476,-44.356872299337,-449.54262920602923,-479.2895212014292,2.0240296481005036,1.2352852059243786,0.9893952098690948,0.548383441347155,0.023913431168374806,0.06820302171442666,0.12492833339965558,0.37091610917789436
2026-08-29T17:50:57.970008,SUI_USDT,OPEN,SHORT,36.0,0.7327,0.7352644500000001,0.7275711,,,35.29411764705934,22.400000000000077,25.77319587628871,0.027296301351163912,57167806.1264,0.6343634190110801,1.8120063046359653,HIGH_EDGE,2026-08-29 17:50:47.321,2026-08-29 17:50:26.759,0.7327,0.7326,0.7328,76292850.0,-0.0261,6e-05,83945801.0,-0.6264434080009174,0.7332880037095825,0.7336088925259077,0.733959391835242,0.7354361884981521,0.7360875100531963,0.7378559988433213,-0.00033162035474143536,-0.00028149703687562855,-5.012331786580682e-05,-0.00155267145198823,-0.001402087306601209,-0.00015058414538702105,-0.001581560978984764,-0.0009464433066984118,-0.0006351176722863522,1.702337391009282,0.10138626216147678,0.26613893817387846,0.41919319932149446,0.0,36.0,SHORT,77541.6,-0.047049360579854364,-0.012249987427644481,-0.0109593138695919,0.19292978208231693,55.89717741935678,44.88343558282262,42.390478602177694,42.40791125994126,77548.81766101524,77537.34456495127,77530.8608447509,77522.85651973076,77534.49283517603,77554.17555901255,77630.43382775542,78015.3411494692,10.525103220774326,7.449282200281431,5.387490229026298,1.9572780375040932,-32.81695765367476,-44.356872299337,-449.54262920602923,-479.2895212014292,2.0240296481005036,1.2352852059243786,0.9893952098690948,0.548383441347155,0.023913431168374806,0.06820302171442666,0.12492833339965558,0.37091610917789436
2026-08-29T18:20:59.388699,SUI_USDT,LOSS,SHORT,36.0,0.7327,0.7352644500000001,0.7275711,0.7352644500000001,-1.0,,,,,,,,SL,,,,,,,,,,,,,,,,,,,,,,,,,,,,,,,,,,,,,,,,,,,,,,,,,,,,,,,,,,,,,,,,,
2026-08-29T18:31:11.257474,SNDKSTOCK_USDT,OPEN,SHORT,36.0,1483.56,1488.75246,1473.17508,,,37.261146496814575,34.0386940749696,33.33333333333515,0.0006740543018139411,107733958.90128,0.7283914069411335,0.577093766793066,HIGH_EDGE,2026-08-29 18:30:51.166,2026-08-29 18:30:34.760,1483.56,1483.53,1483.54,72795048.0,0.0003,0.0,13488458.0,-0.8722257126275514,1484.3463045044882,1484.5851330221444,1484.8375021881732,1486.1411385773063,1486.4889806738802,1487.290310587769,-0.22556887129235292,-0.12876008069762507,-0.09680879059472786,-1.2943422557409576,-1.0872766179689828,-0.20706563777197484,-0.2397622703322213,0.6268122140233906,-0.8665744843556119,1.3582259623990844,0.03071761746840445,0.1196927853079257,0.1410699360226172,0.0,36.0,SHORT,77600.0,0.010568127044348874,-0.01108124615056298,-0.017909163178237635,0.025261996548393895,38.39285714285588,63.0108791531889,49.530327428878124,52.302942473694294,77600.6505034884,77601.26692994859,77591.09445509472,77564.1872074387,77569.51633160976,77567.20862918592,77625.64706220641,77978.17524017658,2.582936298495042,6.448532359605152,24.48799026205961,17.521692088846994,-12.932688783897902,-31.316767899881697,-424.81256998069875,-468.4655398987497,1.4763781002269933,0.5375765285253424,0.8131158805738752,0.4973933832374561,0.013521723122239392,0.06487481590574268,0.1280099410898364,0.3240795287187042
2026-08-29T19:02:26.804921,PUMPFUN_USDT,OPEN,LONG,38.0,0.004706,0.004682857142857143,0.004752285714285714,,,85.55555555555485,75.58139534883676,59.6045197740112,0.02124946876328374,24399364.2823,1.0449286827158597,12.804376529093567,HIGH_EDGE,2026-08-29 19:02:22.574,2026-08-29 19:01:50.940,0.004706,0.004704,0.004705,52212786.0,-0.015,5e-05,53815080.0,5.036120739109674,0.004675840276918256,0.004654616557719916,0.004633266269769774,0.004619897086967969,0.004624617914204257,0.004618137978764852,2.0181986162143457e-05,1.4848384707810985e-05,5.333601454332473e-06,9.575011654603012e-06,1.7150134128994908e-06,7.859998241703522e-06,3.6664726257929284e-06,-1.4473179159739915e-06,5.11379054176692e-06,3.07415525495513,0.21704814522494198,0.4098111832918467,0.816586728188936,39.0,1.0,LONG,77607.2,-0.015073648299572773,-0.030138210743381803,-0.010820935418349898,0.015978043076281215,40.270551508845585,59.34251873338001,70.7225691347012,52.651988991743416,77630.34027145244,77634.97603339511,77625.43673523719,77597.43243236006,77588.6384522295,77576.87588638513,77624.29764976805,77945.51954014342,-1.856682922123582,2.201898011254085,29.456638372241287,27.54605829772383,-2.80562358883617,-21.72087288797215,-399.6209404132969,-454.7749764057691,2.0780523880076607,0.7503350078265085,0.7987885369407861,0.5321051082983758,0.010004594566331975,0.06167505813157167,0.11359402588566865,0.30076369939166203
2026-08-29T19:11:00.731160,PUMPFUN_USDT,LOSS,LONG,38.0,0.004706,0.004682857142857143,0.004752285714285714,0.004682857142857143,-1.0,,,,,,,,SL,,,,,,,,,,,,,,,,,,,,,,,,,,,,,,,,,,,,,,,,,,,,,,,,,,,,,,,,,,,,,,,,,
2026-08-29T19:20:59.152824,TAO_USDT,LOSS,SHORT,35.0,232.31,233.123085,230.68383,233.123085,-1.0,,,,,,,,SL,,,,,,,,,,,,,,,,,,,,,,,,,,,,,,,,,,,,,,,,,,,,,,,,,,,,,,,,,,,,,,,,,
2026-08-29T19:20:59.152957,XRP_USDT,OPEN,LONG,35.0,1.3876,1.3827434,1.3973131999999997,,,96.00000000000047,63.749999999999865,57.485029940119524,0.007206687806283438,354760819.734,2.2234139355532414,2.283316875431748,HIGH_EDGE,2026-08-29 19:20:38.213,2026-08-29 19:20:29.753,1.3876,1.3875,1.3876,254229446.0,-0.0109,3.3e-05,144649103.0,1.635027904345732,1.3846177084230349,1.3835143444515463,1.3834113014906273,1.3828916229047716,1.382837764131639,1.3825599834858517,0.0007486686267621501,5.546798930900877e-05,0.0006932006374531413,0.0005129337841744963,0.00042364792964423895,8.928585453025736e-05,0.00011407216210645998,-0.00011711262434266477,0.00023118478644912474,1.3987873134415607,0.06331590001235421,0.1477371000288253,0.266132685417779,38.0,3.0,LONG,77664.6,-0.03256536563953404,0.14919618460095713,-0.09018422059575697,0.015978043076281215,85.92870544090623,58.27219369038974,61.00932711525663,52.651988991743416,77618.3745332783,77596.09133406977,77600.02816675327,77590.66831338183,77580.69076178325,77574.33382831473,77624.29764976805,77945.51954014342,11.129276006351574,-8.790838476256056,14.199235101608792,19.518058297570516,-5.124742275977042,-18.396636638625235,-399.6209404132969,-454.7749764057691,0.9778746725044889,1.6657059634333067,1.2287729952977025,0.5321051082983758,0.023268552946164006,0.06601647156031032,0.1190007140594675,0.3005414123220694
2026-08-29T19:31:10.100075,SILVER_USDT,OPEN,LONG,35.0,66.58,66.34697,67.04606,,,57.14285714286004,61.538461538464894,75.00000000000666,0.015019525383005581,202398264.5962,6.115190440627334,1.847029470625486,HIGH_EDGE,2026-08-29 19:30:46.465,2026-08-29 19:30:32.930,66.58,66.58,66.59,295395793.0,-0.0224,0.0,163422187.0,-0.01930760277589478,66.58112717080515,66.5768947391685,66.57283961042067,66.56565519110073,66.56495706722355,66.56156974427796,0.0035769969502013055,0.0018927527204152584,0.001684244229786047,0.006979205261217203,0.005543452402718314,0.0014357528584988885,-0.006464542888480196,-0.015100146742360578,0.008635603853880382,0.53084040074971,0.024674934557782687,0.03647599021585088,0.06544221774020201,35.0,0.0,LONG,77639.1,0.0,-0.019445181329524056,0.11631370657741327,0.015978043076281215,57.32133933033589,51.10166215693936,65.0492684383405,52.651988991743416,77641.48443497534,77627.25797484217,77616.51002672201,77600.32172056621,77592.37260942644,77580.2230180569,77624.29764976805,77945.51954014342,14.654053232850856,14.034374741943296,18.714445188626996,19.037173122399594,0.313928523028153,-14.647995209990748,-399.6209404132969,-454.7749764057691,0.5500333638423612,0.6940198825818827,1.1958833979162844,0.5321051082983758,0.026781424749717033,0.06773096839828652,0.12776147217427689,0.30064012297191217
2026-08-29T19:51:03.374655,WLD_USDT,OPEN,LONG,36.0,0.3773,0.37597945000000005,0.3799411,,,55.55555555555487,59.740259740259624,57.60869565217395,0.02650410813675828,28437153.3364,0.13260228555915915,2.506197264896086,HIGH_EDGE,2026-08-29 19:50:58.250,2026-08-29 19:50:23.990,0.3773,0.3773,0.3774,73824433.0,-0.0335,-0.000242,58799097.0,1.3553556621806522,0.3770789861420132,0.37693375658914224,0.3766624281364745,0.37600509387877845,0.3758135222111685,0.3757542339477149,0.00015660475187051492,0.00013066084813062362,2.5943903739891305e-05,0.0006114490865196109,0.0004646644043238997,0.00014678468219571123,-0.00025359186143186774,-0.0006517262725807244,0.0003981344111488567,1.0151366611787789,0.0700465715043013,0.24043012381204779,0.45246298890613607,37.0,1.0,LONG,77692.4,-0.004118637348848122,0.05060969877569389,0.018032151325813924,0.015978043076281215,70.2068965517191,49.16446789797647,65.85151559525566,52.651988991743416,77677.4254052314,77663.23241817454,77645.98042694468,77620.57029149043,77604.51808754166,77586.84995641444,77624.29764976805,77945.51954014342,14.72187126724748,12.460493396098357,25.91294666568865,21.412665548527116,5.686159073811723,-10.578267704765848,-399.6209404132969,-454.7749764057691,0.9537393273430275,0.8583008131063562,0.5278008766968912,0.5321051082983758,0.015114550641838644,0.06390586466629995,0.12483294927910006,0.30043387218606443
2026-08-29T20:20:55.935042,SNDKSTOCK_USDT,LOSS,SHORT,36.0,1483.56,1488.75246,1473.17508,1488.75246,-1.0,,,,,,,,SL,,,,,,,,,,,,,,,,,,,,,,,,,,,,,,,,,,,,,,,,,,,,,,,,,,,,,,,,,,,,,,,,,
2026-08-29T20:31:12.588882,WLD_USDT,LOSS,LONG,36.0,0.3773,0.37597945000000005,0.3799411,0.37597945000000005,-1.0,,,,,,,,SL,,,,,,,,,,,,,,,,,,,,,,,,,,,,,,,,,,,,,,,,,,,,,,,,,,,,,,,,,,,,,,,,,
2026-08-29T20:41:09.546313,XRP_USDT,LOSS,LONG,35.0,1.3876,1.3827434,1.3973131999999997,1.3827434,-1.0,,,,,,,,SL,,,,,,,,,,,,,,,,,,,,,,,,,,,,,,,,,,,,,,,,,,,,,,,,,,,,,,,,,,,,,,,,,
2026-08-29T21:10:59.450159,TAO_USDT,OPEN,LONG,39.0,234.5,233.67925000000002,236.14149999999998,,,54.91329479768827,60.4651162790699,65.91591591591576,0.029850746268653805,46625837.1252,2.998385016200624,1.7212051138407678,HIGH_EDGE,2026-08-29 21:10:50.545,2026-08-29 21:10:27.936,234.5,234.43,234.5,19605819.0,-0.0285,5e-05,29156688.0,0.3911326105062302,234.47065279414068,234.37755054567458,234.24604439117695,233.9378740965251,233.67104220545562,233.5735854597707,0.10043700557127977,0.09241686246171961,0.00802014310956016,0.3364348684858669,0.3217194405993123,0.01471542788655461,-0.12139774802281522,-0.4158924613801667,0.2944947133573515,0.5763368123150994,0.09351203167834277,0.20255863539445731,0.39872068230277197,39.0,0.0,LONG,77551.3,0.00038684220706749155,-0.0315820139785861,-0.06596909502514639,-0.053606520408499496,36.151279199107975,42.68989149057717,50.116466583048584,57.492145881709895,77566.45013356766,77579.76786351601,77598.49551163329,77615.31398875733,77612.75104692607,77600.1033960166,77608.13049585198,77882.20990942126,-15.798881263617659,-16.58083269038363,-8.67739618611813,4.873175517093524,8.502747612845269,4.285475219903507,-357.62327046609425,-422.90785338841647,0.7173322394679087,0.586228223515226,0.8083744244394184,0.46579238247419474,0.011549958359357435,0.047130093241505674,0.11669694769785045,0.2805608306096388
2026-08-29T22:42:30.258506,HYPE_USDT,OPEN,LONG,37.0,81.508,81.222722,82.07855599999999,,,49.12280701754282,62.31647634584027,52.87958115183247,0.0012268734357247927,176294121.5934,0.45070943346712866,2.317668754088122,HIGH_EDGE,2026-08-29 22:42:11.031,2026-08-29 22:41:57.776,81.508,81.507,81.508,21655757.0,-0.0024,2e-06,9412216.0,2.3947440021522857,81.50676085964015,81.47873792626287,81.4090306685817,81.32849182591741,81.29616302593101,81.26986130581774,0.034025249001203406,0.03643826018297786,-0.0024130111817744562,0.0678618831977218,0.03783556783450523,0.030026315363216566,0.020362591336777314,-2.5920155253710518e-05,0.020388511492031025,1.59820428876882,0.05775068529644572,0.20287228598069232,0.36026262102230144,38.0,1.0,LONG,77635.4,-0.0002576137751387785,0.026283545341040822,-0.009145984075671127,-0.0023207569793392787,45.18923848609053,59.56716811823715,50.334357491416185,42.39040147669616,77643.64834894166,77639.03331279916,77611.40547753335,77598.2373050108,77597.25205044649,77594.07815928121,77598.32439668289,77852.84081105482,7.929166112255189,10.933445099800013,7.555406621351722,-2.854724805766815,1.5825906760583166,0.796517151487752,-338.80815880144655,-406.11646110907145,0.49370731667819734,1.28483447666826,1.1409415108087313,0.4701844551487911,0.022283648953954967,0.0626187096534392,0.11698455675043808,0.25453226602444884
2026-08-29T22:51:29.738339,TAO_USDT,WIN,LONG,39.0,234.5,233.67925000000002,236.14149999999998,236.14149999999998,2.0,,,,,,,,TP,,,,,,,,,,,,,,,,,,,,,,,,,,,,,,,,,,,,,,,,,,,,,,,,,,,,,,,,,,,,,,,,,
2026-08-29T23:03:08.544872,HYPE_USDT,WIN,LONG,37.0,81.508,81.222722,82.07855599999999,82.07855599999999,2.0,,,,,,,,TP,,,,,,,,,,,,,,,,,,,,,,,,,,,,,,,,,,,,,,,,,,,,,,,,,,,,,,,,,,,,,,,,,
2026-08-29T23:03:08.544980,XAU_USDT,OPEN,LONG,37.0,4465.29,4449.6614850000005,4496.54703,,,76.8041237113448,66.75603217158374,61.14551083591562,0.0008957984811728605,492670004.08173,1.8500179126443905,1.514409260655661,HIGH_EDGE,2026-08-29 23:02:40.485,2026-08-29 23:02:31.809,4465.29,4465.25,4465.29,109247791.0,-0.0136,0.0,72528461.0,0.07964869793862596,4464.997138257422,4464.869439574399,4464.729325508113,4464.437761045166,4464.404159939994,4464.161063312004,0.09488257360226271,0.01832736365166415,0.07655520995059856,0.30580901445227937,0.2823819119479838,0.023427102504295583,-0.0007187620240074466,-0.27347862062839307,0.2727598586043856,1.2114573475036312,0.006942438229097671,0.01246119672917938,0.02543427830475344,37.0,0.0,LONG,77674.9,0.009399028681185409,-0.001673717739075591,0.04675798428004672,0.14311666845025275,61.160714285726854,66.44213104715573,53.517930095324516,43.89213483146094,77671.91339706902,77664.05711968141,77643.29200359774,77619.08109939852,77617.66931228567,77604.27190425055,77612.67951734498,77836.2296595964,9.559832935308805,10.154990228727808,19.10819387320953,8.082465038023965,9.522340123396134,3.1301061318983088,-311.33869891177164,-387.1691692877939,1.0970974857495068,0.7149739359375666,0.7111284703441338,0.6337267096434577,0.009149857749595789,0.05771307259947654,0.10491530358308242,0.24975893113477082
2026-08-29T23:03:08.545122,XRP_USDT,OPEN,LONG,36.0,1.3869,1.3820458500000001,1.3966082999999998,,,66.66666666666666,60.000000000001265,57.599999999999945,0.00721032518566508,319161068.5504,0.7493564069780012,1.4806330800753613,HIGH_EDGE,2026-08-29 23:02:41.530,2026-08-29 23:02:31.823,1.3869,1.3868,1.3869,229646089.0,-0.0114,2.4e-05,145173567.0,0.9236234665705855,1.3858769354930756,1.3854250624092033,1.38492068730005,1.3843050206031924,1.384321657550453,1.3837516727127934,0.0004032494592056679,0.0002464532335050552,0.00015679622570061272,0.000537672037295156,0.00032315709437016925,0.00021451494292498675,0.0005064574180813075,0.00032635058242972683,0.00018010683565158067,0.9902353967123761,0.045322044024185076,0.11897036556348525,0.2044642213363872,36.0,0.0,LONG,77674.9,0.009399028681185409,-0.001673717739075591,0.04675798428004672,0.14311666845025275,61.160714285726854,66.44213104715573,53.517930095324516,43.89213483146094,77671.91339706902,77664.05711968141,77643.29200359774,77619.08109939852,77617.66931228567,77604.27190425055,77612.67951734498,77836.2296595964,9.559832935308805,10.154990228727808,19.10819387320953,8.082465038023965,9.522340123396134,3.1301061318983088,-311.33869891177164,-387.1691692877939,1.0970974857495068,0.7149739359375666,0.7111284703441338,0.6337267096434577,0.009149857749595789,0.05771307259947654,0.10491530358308242,0.24975893113477082
2026-08-29T23:03:08.545252,HYPE_USDT,OPEN,LONG,38.0,81.846,81.559539,82.418922,,,61.69405815423423,74.09587888982296,64.78555304740439,0.0012218068078960046,167671381.8334,0.7056349005136295,1.729544403596128,HIGH_EDGE,2026-08-29 23:02:44.643,2026-08-29 23:02:31.826,81.846,81.846,81.847,20634381.0,0.0017,-2e-06,9474817.0,0.5772449221575472,81.80306961048018,81.71695038664012,81.62751336185043,81.46819996800221,81.45930433659412,81.35169069328218,0.09024591834970863,0.07948917810433918,0.010756740245369448,0.13934761824043562,0.08489333303527924,0.05445428520515638,0.08384440390048553,0.024073574911150655,0.059770828989334876,3.0772153019101034,0.11170805100869012,0.22760515393020378,0.3617420870554814,39.0,1.0,LONG,77674.9,0.009399028681185409,-0.001673717739075591,0.04675798428004672,0.14311666845025275,61.160714285726854,66.44213104715573,53.517930095324516,43.89213483146094,77671.91339706902,77664.05711968141,77643.29200359774,77619.08109939852,77617.66931228567,77604.27190425055,77612.67951734498,77836.2296595964,9.559832935308805,10.154990228727808,19.10819387320953,8.082465038023965,9.522340123396134,3.1301061318983088,-311.33869891177164,-387.1691692877939,1.0970974857495068,0.7149739359375666,0.7111284703441338,0.6337267096434577,0.009149857749595789,0.05771307259947654,0.10491530358308242,0.24975893113477082
2026-08-29T23:31:10.798028,SUI_USDT,OPEN,LONG,35.0,0.7409,0.7383068500000001,0.7460863,,,60.78431372549097,75.72815533980685,67.42424242424262,0.013497098123901874,43690217.5158,0.22868462472741036,0.8923258374599211,HIGH_EDGE,2026-08-29 23:30:59.844,2026-08-29 23:30:32.935,0.7409,0.7408,0.7409,58703022.0,-0.0152,5.7e-05,86709892.0,2.9394893955157952,0.7403449162570079,0.7397043930683627,0.7388541555772484,0.7375024185567769,0.7374187963148269,0.7367280914439996,0.0007136880646938515,0.0006867122287178046,2.6975835976046896e-05,0.0011745905555672342,0.0007036170363167231,0.00047097351925051115,0.000284762203788258,-0.0003684468551328657,0.0006532090589211237,2.04448833785076,0.08387482405568449,0.1995642365462827,0.2959720802884507,36.5,1.5,LONG,77668.3,-0.002317494119362419,-0.04594358076803908,0.014808748235827382,0.14311666845025275,51.47569444444501,56.85802681334058,58.208582834331644,43.89213483146094,77687.26323319509,77680.81601173535,77662.89858219105,77640.75448045161,77634.05635986113,77614.43302975614,77612.67951734498,77836.2296595964,7.440966755020781,7.746249720652981,21.538751993502956,17.559190572661976,15.335231801873306,7.07219279921548,-311.33869891177164,-387.1691692877939,0.9637065146524412,1.768119310697935,1.2504522808179916,0.6337267096434577,0.026936895195891028,0.05108721502668181,0.10407813005526322,0.2497801548379481
2026-08-29T23:41:07.556023,HYPE_USDT,WIN,LONG,38.0,81.846,81.559539,82.418922,82.418922,2.0,,,,,,,,TP,,,,,,,,,,,,,,,,,,,,,,,,,,,,,,,,,,,,,,,,,,,,,,,,,,,,,,,,,,,,,,,,,
2026-08-29T23:41:07.556169,BTC_USDT,OPEN,LONG,36.0,77749.6,77477.47640000001,78293.8472,,,54.07569141193463,67.70717205499943,58.208582834331644,0.000128618025033272,3700444531.78281,0.7770866468311827,1.429082538009634,HIGH_EDGE,2026-08-29 23:40:33.946,2026-08-29 23:40:28.829,77749.6,77749.6,77749.7,474832539.0,-0.0071,0.0001,554556854.0,-0.350770834447983,77691.95174853745,77684.2940558604,77674.57109260246,77649.94664201369,77634.05635986113,77614.43302975614,6.8854922093159985,3.9413450141818336,2.944147195134165,24.0148652420321,19.35968829329358,4.6551769487385215,15.335231801873306,7.07219279921548,8.263039002657827,1.2504522808179916,0.02014709492304259,0.05010590775661781,0.103969299244899,36.0,0.0,LONG,77717.9,0.01376963781991513,0.06540736038810302,0.014808748235827382,0.14311666845025275,54.07569141193463,67.70717205499943,58.208582834331644,43.89213483146094,77691.95174853745,77684.2940558604,77674.57109260246,77649.94664201369,77634.05635986113,77614.43302975614,77612.67951734498,77836.2296595964,6.8854922093159985,3.9413450141818336,24.0148652420321,19.35968829329358,15.335231801873306,7.07219279921548,-311.33869891177164,-387.1691692877939,0.7770866468311827,1.429082538009634,1.2504522808179916,0.6337267096434577,0.020155312629762157,0.050126345226954576,0.10401170680848558,0.24962074374114854
2026-08-29T23:41:07.556372,PUMPFUN_USDT,OPEN,LONG,36.0,0.004689,0.0046699714285714285,0.004727057142857143,,,71.92982456140335,71.18644067796649,56.28742514970063,0.021326508850504005,21227372.747,1.5051373201391332,6.2243492863140215,HIGH_EDGE,2026-08-29 23:41:04.240,2026-08-29 23:40:28.895,0.004689,0.004689,0.00469,45608227.0,-0.0186,5e-05,52904247.0,-0.5134766150218233,0.004680910923078807,0.004666775526198339,0.004655386036062741,0.004644757333092499,0.004636917240363431,0.004632504577856,1.318881716151285e-05,9.374161494534324e-06,3.8146556669785263e-06,8.706286963070312e-06,4.0212300349394375e-06,4.685056928130874e-06,4.402148580212074e-06,3.5086387888079977e-06,8.935097914040767e-07,0.45693769231041603,0.2254516649910159,0.33817749748651993,0.48136977119703095,36.0,0.0,LONG,77717.9,0.01376963781991513,0.06540736038810302,0.014808748235827382,0.14311666845025275,54.07569141193463,67.70717205499943,58.208582834331644,43.89213483146094,77691.95174853745,77684.2940558604,77674.57109260246,77649.94664201369,77634.05635986113,77614.43302975614,77612.67951734498,77836.2296595964,6.8854922093159985,3.9413450141818336,24.0148652420321,19.35968829329358,15.335231801873306,7.07219279921548,-311.33869891177164,-387.1691692877939,0.7770866468311827,1.429082538009634,1.2504522808179916,0.6337267096434577,0.020155312629762157,0.050126345226954576,0.10401170680848558,0.24962074374114854
2026-08-29T23:51:05.672080,ETH_USDT,LOSS,SHORT,36.0,2430.77,2439.277695,2413.75461,2439.277695,-1.0,,,,,,,,SL,,,,,,,,,,,,,,,,,,,,,,,,,,,,,,,,,,,,,,,,,,,,,,,,,,,,,,,,,,,,,,,,,
2026-08-29T23:51:05.672179,XRP_USDT,WIN,LONG,36.0,1.3869,1.3820458500000001,1.3966082999999998,1.3966082999999998,2.0,,,,,,,,TP,,,,,,,,,,,,,,,,,,,,,,,,,,,,,,,,,,,,,,,,,,,,,,,,,,,,,,,,,,,,,,,,,
2026-08-29T23:51:05.672231,SUI_USDT,WIN,LONG,35.0,0.7409,0.7383068500000001,0.7460863,0.7460863,2.0,,,,,,,,TP,,,,,,,,,,,,,,,,,,,,,,,,,,,,,,,,,,,,,,,,,,,,,,,,,,,,,,,,,,,,,,,,,
2026-08-29T23:51:05.672266,PUMPFUN_USDT,WIN,LONG,36.0,0.004689,0.0046699714285714285,0.004727057142857143,0.004727057142857143,2.0,,,,,,,,TP,,,,,,,,,,,,,,,,,,,,,,,,,,,,,,,,,,,,,,,,,,,,,,,,,,,,,,,,,,,,,,,,,
2026-08-29T23:51:05.672315,PEPE_USDT,OPEN,LONG,36.5,3.668e-06,3.655162e-06,3.6936759999999996e-06,,,74.8447204968944,79.0094339622635,66.31736526946095,0.010905125408943022,86364343.342,1.0713670056886744,2.118851846314845,HIGH_EDGE,2026-08-29 23:50:43.811,2026-08-29 23:50:27.760,3.668e-06,3.6677e-06,3.6681e-06,2329136.0,-0.0162,0.0001,1950179.0,0.8429698476169891,3.6618507614899883e-06,3.652581942091984e-06,3.6460072813345708e-06,3.6359693318152394e-06,3.632822914747201e-06,3.628628405286088e-06,8.39698912037162e-09,5.429643244838831e-09,2.9673458755327887e-09,8.597150822465864e-09,4.84687400024257e-09,3.750276822223294e-09,1.4368554882857661e-09,-2.738549019559302e-09,4.175404507845068e-09,2.3109520926720766,0.17039258451472114,0.27068079140053025,0.3639585605234458,38.0,1.5,LONG,78006.3,-0.006024791375571509,0.11653650428990754,0.31827656843267726,0.14311666845025275,80.44380299476882,85.0075528700934,70.22751510842548,43.89213483146094,77948.32845424366,77851.72483684255,77779.46549926563,77704.28987574803,77690.3450878879,77641.80528446221,77612.67951734498,77836.2296595964,89.6328786778613,63.59015396598738,62.916788305476075,31.698121060656604,37.21675098068954,13.10596234689771,-311.33869891177164,-387.1691692877939,0.9960895566716615,4.086193870924582,2.792327294312307,0.6337267096434577,0.08050631807943957,0.08604616367066163,0.1256858191490373,0.24869786158297735
2026-08-29T23:51:05.672467,PUMPFUN_USDT,OPEN,LONG,37.5,0.004789,0.004762514285714285,0.004841971428571429,,,94.21487603305846,89.42307692307713,63.861386138613774,0.02088118605137049,21379213.6762,1.5122465036889572,4.586083027275193,HIGH_EDGE,2026-08-29 23:51:02.896,2026-08-29 23:50:27.772,0.004789,0.00479,0.004791,45928655.0,0.0023,5e-05,52586055.0,-0.6014488780078469,0.004747763058491219,0.004715695719808916,0.004690007063080273,0.004662890482982601,0.004651733792290699,0.004639641127031643,3.050268266724214e-05,2.252026643941433e-05,7.982416227827811e-06,2.1714810767693368e-05,8.967461986558205e-06,1.2747348781135163e-05,1.0094471866781314e-05,4.827032401525343e-06,5.267439465255971e-06,1.611739085462534,0.25355725919517946,0.46087760641947484,0.5503684037824822,40.0,2.5,LONG,78006.3,-0.006024791375571509,0.11653650428990754,0.31827656843267726,0.14311666845025275,80.44380299476882,85.0075528700934,70.22751510842548,43.89213483146094,77948.32845424366,77851.72483684255,77779.46549926563,77704.28987574803,77690.3450878879,77641.80528446221,77612.67951734498,77836.2296595964,89.6328786778613,63.59015396598738,62.916788305476075,31.698121060656604,37.21675098068954,13.10596234689771,-311.33869891177164,-387.1691692877939,0.9960895566716615,4.086193870924582,2.792327294312307,0.6337267096434577,0.08050631807943957,0.08604616367066163,0.1256858191490373,0.24869786158297735
2026-08-30T00:01:16.528289,PUMPFUN_USDT,WIN,LONG,37.5,0.004789,0.004762514285714285,0.004841971428571429,0.004841971428571429,2.0,,,,,,,,TP,,,,,,,,,,,,,,,,,,,,,,,,,,,,,,,,,,,,,,,,,,,,,,,,,,,,,,,,,,,,,,,,,
2026-08-30T00:10:57.669519,PEPE_USDT,LOSS,LONG,36.5,3.668e-06,3.655162e-06,3.6936759999999996e-06,3.655162e-06,-1.0,,,,,,,,SL,,,,,,,,,,,,,,,,,,,,,,,,,,,,,,,,,,,,,,,,,,,,,,,,,,,,,,,,,,,,,,,,,
2026-08-30T00:31:06.724563,SOXL_USDT,LOSS,LONG,35.0,112.29,111.89698500000002,113.07602999999999,111.89698500000002,-1.0,,,,,,,,SL,,,,,,,,,,,,,,,,,,,,,,,,,,,,,,,,,,,,,,,,,,,,,,,,,,,,,,,,,,,,,,,,,
2026-08-30T01:41:00.280172,LINK_USDT,OPEN,LONG,36.0,11.416,11.376044,11.495911999999999,,,67.4418604651163,62.30769230769208,65.354330708661,0.00875963559915422,25483571.3315,2.233993279618818,1.8986085393397323,HIGH_EDGE,2026-08-30 01:40:53.419,2026-08-30 01:40:28.115,11.416,11.414,11.415,22392990.0,0.0028,3.5e-05,20820096.0,-2.2508905715033554,11.411219441347926,11.402744104148395,11.400752444902427,11.39395926505892,11.388105271266355,11.367587476402385,0.00827161323996961,0.006719803315624025,0.0015518099243455857,0.008061696637533089,0.007417255810648412,0.0006444408268846766,0.019640675113548056,0.016146603297855236,0.00349407181569282,2.8411080147500454,0.10448993893282489,0.19146060666733575,0.3291120232255491,40.5,4.5,LONG,77936.3,0.01142088662012172,-0.018601476828974173,-0.03963865962320719,-0.1987712092086213,57.559362789300835,56.26481853000152,72.2834067547723,52.18282000565143,77934.9555048715,77929.48979307443,77923.60914128248,77883.8290493543,77851.95660825726,77764.4559135989,77713.59089109734,77846.94306070267,6.436759640404489,5.85895653339701,47.645754444936756,49.358860701071585,82.43043823572225,61.81307058138899,-232.0745140936051,-336.1063609482524,0.41885624717656345,1.0084148608853576,2.0595565530781768,1.6097385871529404,0.040775057872353464,0.10167644235466236,0.1748680836602626,0.2739233377588063
2026-08-30T01:51:09.617084,XRP_USDT,OPEN,LONG,35.5,1.3946,1.3897189,1.4043622,,,65.68627450980405,56.06936416185053,61.81318681318688,0.007170514842964935,300029346.1252,0.8035207029558523,1.1327240409374053,HIGH_EDGE,2026-08-30 01:50:42.632,2026-08-30 01:50:32.760,1.3946,1.3946,1.3947,216683480.0,0.0015,7e-06,142849349.0,-1.686868323636467,1.3927346050088412,1.3921686771107702,1.392435822365138,1.392201322436665,1.3918067222374788,1.3894097568860455,0.0004163099812686255,0.00013143095110517761,0.0002848790301634479,0.0005310066453356743,0.0007856584243021138,-0.0002546517789664395,0.0025086410476349297,0.002297054615854139,0.00021158643178079053,1.995207753925263,0.10141156706480116,0.21460326565733162,0.38464690336195023,37.0,1.5,LONG,77997.6,-0.02858245140020477,0.022441622926874932,0.0728921901408217,-0.1987712092086213,62.223291626566244,64.1206211628754,71.80731889469784,52.18282000565143,77986.84795583245,77966.5275464029,77947.44585042063,77902.12873927556,77877.58528660613,77784.06441305368,77713.59089109734,77846.94306070267,20.301992851498653,16.306990898482624,51.56313146700268,49.80213758399179,88.69172251781856,67.17226938483822,-232.0745140936051,-336.1063609482524,1.6776359244350316,1.087968418020059,1.4465430507651227,1.6097385871529404,0.03159437872813669,0.10002139259962417,0.17769777531616168,0.2737080554859593
2026-08-30T01:51:09.617271,TAO_USDT,OPEN,LONG,35.0,238.7,237.81371428571427,240.47257142857143,,,75.97765363128443,61.2132352941177,71.22093023255844,0.012568077084206594,41208039.2881,12.414160322808769,1.6048580201535032,HIGH_EDGE,2026-08-30 01:50:57.830,2026-08-30 01:50:32.785,238.7,238.7,238.73,17472688.0,0.0047,5e-05,29221148.0,0.9732164034324845,238.43726723873513,238.20065964209005,238.10316070883562,237.82346412755138,237.6080600835844,236.60840809030518,0.21136147197520927,0.13529555448111893,0.07606591749409033,0.34302108266274445,0.34213856559556827,0.0008825170671761806,1.0289444244342576,0.9272151654369458,0.10172925899731178,0.33630616807131675,0.09815069722903913,0.3094140882159308,0.5030223232988202,35.0,0.0,LONG,77997.6,-0.02858245140020477,0.022441622926874932,0.0728921901408217,-0.1987712092086213,62.223291626566244,64.1206211628754,71.80731889469784,52.18282000565143,77986.84795583245,77966.5275464029,77947.44585042063,77902.12873927556,77877.58528660613,77784.06441305368,77713.59089109734,77846.94306070267,20.301992851498653,16.306990898482624,51.56313146700268,49.80213758399179,88.69172251781856,67.17226938483822,-232.0745140936051,-336.1063609482524,1.6776359244350316,1.087968418020059,1.4465430507651227,1.6097385871529404,0.03159437872813669,0.10002139259962417,0.17769777531616168,0.2737080554859593
2026-08-30T02:01:15.947075,TAO_USDT,LOSS,LONG,35.0,238.7,237.81371428571427,240.47257142857143,237.81371428571427,-1.0,,,,,,,,SL,,,,,,,,,,,,,,,,,,,,,,,,,,,,,,,,,,,,,,,,,,,,,,,,,,,,,,,,,,,,,,,,,
2026-08-30T02:31:06.728602,XRP_USDT,LOSS,LONG,35.5,1.3946,1.3897189,1.4043622,1.3897189,-1.0,,,,,,,,SL,,,,,,,,,,,,,,,,,,,,,,,,,,,,,,,,,,,,,,,,,,,,,,,,,,,,,,,,,,,,,,,,,
2026-08-30T02:40:57.407674,LINK_USDT,LOSS,LONG,36.0,11.416,11.376044,11.495911999999999,11.376044,-1.0,,,,,,,,SL,,,,,,,,,,,,,,,,,,,,,,,,,,,,,,,,,,,,,,,,,,,,,,,,,,,,,,,,,,,,,,,,,
2026-08-30T03:01:23.294278,SKHYNIXSTOCK_USDT,OPEN,LONG,38.0,1215.02,1210.76743,1223.52514,,,64.788732394368,67.27941176470526,63.09751434034469,0.0008230317196417265,66734102.8765,4.454618376644015,1.0661007141984253,HIGH_EDGE,2026-08-30 03:01:00.077,2026-08-30 03:00:43.853,1215.02,1215.01,1215.02,55202269.0,0.0,0.0,16945225.0,0.6401089191253282,1214.8836837984102,1214.7678173599825,1214.6293733525083,1214.4508894234511,1214.3876353757069,1214.0985516750127,0.10690085101782643,0.0714453578548327,0.03545549316299372,0.18410442425692963,0.15844293093084325,0.025661493326086388,0.3700517006525388,0.3638679675209802,0.006183733131558566,0.3654657331009002,0.010523048415428574,0.02874732220751275,0.05626009683556024,38.0,0.0,LONG,78073.0,0.12311322569475616,0.11951813161869751,0.11399759694603664,0.10770749721114516,70.01028806584647,57.860717264386764,71.35169357391571,71.33261105092103,78000.59723521193,77990.92889357655,77995.4575272258,77968.40316218944,77966.21898671596,77867.86391590755,77829.53817029893,77879.24016642252,8.469621230527991,5.3397190469609,33.91034886732814,35.60656346324401,100.43168708846497,87.10363282649283,-153.74952568391745,-276.8597427672676,2.156871522014913,1.079568573688483,0.899745970316884,1.0991094370779064,0.021545769435563553,0.07972392138492909,0.1931891581322248,0.27309605845079454
2026-08-30T03:51:05.376279,ETH_USDT,OPEN,LONG,35.0,2453.53,2444.9426450000005,2470.70471,,,79.07907907908172,65.91606960081877,64.62228870605853,0.0004075760231080741,1045860522.757,2.214296295278194,1.0828176100458713,HIGH_EDGE,2026-08-30 03:50:33.478,2026-08-30 03:50:25.793,2453.53,2453.53,2453.54,42906704.0,0.0041,3.5e-05,105260672.0,-0.45858077822074134,2452.2739264032434,2450.6338819636544,2449.5023011814437,2448.5224353187414,2448.063661350563,2445.125698282132,1.6033616569648075,1.2994085626485405,0.30395309431626694,0.9503989449899564,0.5799759941251083,0.3704229508648481,3.2330167274271844,3.1856639858899425,0.047352741537241894,1.1945265673874041,0.04716236838933472,0.10238891952178675,0.22285674692615084,36.0,1.0,LONG,78207.9,0.026474921726314653,0.12328514586820441,0.12176895686302658,0.10770749721114516,67.60321100917324,72.18422252622052,64.01557285873267,71.33261105092103,78153.35918367696,78120.1086484158,78092.54650588863,78040.65867661858,78012.33932119628,77914.97719072802,77829.53817029893,77879.24016642252,33.0039082414296,26.52763981874582,52.08668422429764,40.38385833643668,102.89967519890342,93.82993872293162,-153.74952568391745,-276.8597427672676,1.9422092554560155,1.1977872900326414,1.6279204789544708,1.0991094370779064,0.039519208234899045,0.09450086609811124,0.16063411935184507,0.27262499787654293
2026-08-30T04:20:58.625309,BTC_USDT,WIN,LONG,36.0,77749.6,77477.47640000001,78293.8472,78293.8472,2.0,,,,,,,,TP,,,,,,,,,,,,,,,,,,,,,,,,,,,,,,,,,,,,,,,,,,,,,,,,,,,,,,,,,,,,,,,,,
2026-08-30T04:20:58.625455,ADA_USDT,OPEN,LONG,36.0,0.2019,0.20119335,0.20331329999999997,,,69.23076923076972,67.56756756756721,62.499999999999815,0.04952947003466517,15628432.0984,0.13393183653950483,1.6647245342845818,HIGH_EDGE,2026-08-30 04:20:55.072,2026-08-30 04:20:29.899,0.2019,0.2018,0.2019,77782631.0,0.0064,-3.4e-05,154987002.0,-0.8480575493893414,0.20173771963509451,0.201575334685309,0.20137309583354435,0.20105906394283277,0.2009150239910999,0.20071244707247377,0.0001700641743698772,0.00015016256256554736,1.9901611804329838e-05,0.0002781047878325227,0.0001787382835725593,9.936650425996339e-05,0.00017144053431786266,9.039940136228816e-05,8.10411329555745e-05,1.196089506246976,0.09552112078114783,0.21934479586782843,0.3891601217009848,36.0,0.0,LONG,78256.6,-0.0012778311627241316,-0.023506866815706396,0.1959757763188118,0.06263368898337988,64.58658346334093,66.48665819568086,80.3348358016757,69.37736285780409,78253.33975372839,78225.84005578543,78186.95582004017,78114.93317409931,78082.40116556588,77964.80879496768,77888.01053623906,77901.30494374731,30.980803621481755,30.392489215546323,72.24259392588283,57.907198461256606,119.63457844522782,100.97147537418718,-117.23854884211323,-244.99133482013872,0.373700447036402,1.5219489221897506,1.0924560212100232,1.6916258922730913,0.0278296928675294,0.09011563059400718,0.16513440582464767,0.2791366570268323
2026-08-30T04:41:08.338559,SKHYNIXSTOCK_USDT,WIN,LONG,38.0,1215.02,1210.76743,1223.52514,1223.52514,2.0,,,,,,,,TP,,,,,,,,,,,,,,,,,,,,,,,,,,,,,,,,,,,,,,,,,,,,,,,,,,,,,,,,,,,,,,,,,
2026-08-30T05:01:14.231588,WLD_USDT,OPEN,SHORT,41.0,0.3749,0.37621215,0.3722757,,,31.81818181818285,35.185185185185006,43.9024390243902,0.026673779674576948,18631101.3598,0.0027980653057250097,6.895125916754368,HIGH_EDGE,2026-08-30 05:01:08.181,2026-08-30 05:00:44.951,0.3749,0.3749,0.375,49532620.0,-0.0039,-0.000354,76758638.0,-2.705240320799545,0.3751474730428275,0.37539722676808207,0.3755824907896813,0.3756216057301026,0.3756110147579008,0.3757250772328725,-0.00023219243541416912,-0.00016552708759039387,-6.666534782377525e-05,-1.5210768639195571e-05,5.048624071329009e-05,-6.569700935248567e-05,-0.00012209397819989976,-0.00011566945203319792,-6.424526166701834e-06,1.718877747317314,0.08764241893076236,0.20957969744312996,0.49346492397973063,0.0,41.0,SHORT,78154.9,0.006269993602039897,-0.05230459947977862,-0.09127365093326506,0.042241676149709625,38.55421686746879,44.35208866155172,65.56451612903197,70.80896315989389,78164.357465013,78182.11304616646,78192.2014431283,78158.97807388744,78136.51339677558,78022.27129644935,77941.38842899082,77924.3629658865,-15.234295522401226,-8.726402305648786,46.021841641369974,56.66931105508881,122.09638740318769,112.28692990382146,-84.65710708289407,-212.9622711441166,0.19798106235917204,1.3836314315321832,0.8586813761988861,1.691700688481517,0.028231480961895438,0.07539057509053206,0.15127467558473406,0.2874785476388218
2026-08-30T05:11:12.990911,WLD_USDT,LOSS,SHORT,41.0,0.3749,0.37621215,0.3722757,0.37621215,-1.0,,,,,,,,SL,,,,,,,,,,,,,,,,,,,,,,,,,,,,,,,,,,,,,,,,,,,,,,,,,,,,,,,,,,,,,,,,,
2026-08-30T05:11:12.991034,SPY_USDT,OPEN,LONG,38.0,771.21,768.5107650000001,776.60847,,,64.00000000001637,62.16216216216631,52.222222222219976,0.0012966636843390134,9907654.67671,0.0010257583707800892,1.0500227004580576,HIGH_EDGE,2026-08-30 05:11:12.920,2026-08-30 05:10:30.942,771.21,771.2,771.21,12858699.0,0.0006,0.0,15423721.0,3.315984633076932,771.1960333985,771.1618267612506,771.1274106875793,771.0705353437688,771.0413045223313,770.9841152058775,0.037781305702083046,0.03622693894688371,0.001554366755199335,0.048214101160169776,0.02496310559566261,0.023250995564507167,0.058420207898848275,0.04868995419477779,0.009730253704070484,2.675176452920859,0.0037047533838278583,0.008057838609827329,0.0171344844002099,39.5,1.5,LONG,78208.8,0.00012786301269017484,-0.0020457637347351103,-0.09127365093326506,0.042241676149709625,63.01255230125541,59.86827163297844,65.56451612903197,70.80896315989389,78206.98948444505,78197.70565597193,78198.43292360258,78167.75838474913,78136.51339677558,78022.27129644935,77941.38842899082,77924.3629658865,5.974689367954852,-0.10778305535595689,42.601581170005375,51.89232285527153,122.09638740318769,112.28692990382146,-84.65710708289407,-212.9622711441166,1.4135940893502024,0.9776554124975199,0.8586813761988861,1.691700688481517,0.0332900060935794,0.08158563084607505,0.15117041998927652,0.2872804229556949
2026-08-30T05:21:07.599249,LINK_USDT,OPEN,LONG,42.0,11.469,11.4288585,11.549282999999999,,,67.24137931034556,64.88549618320617,55.208333333333314,0.008719155985695752,20156152.5148,3.543595144393326,1.951135514219855,HIGH_EDGE,2026-08-30 05:20:58.964,2026-08-30 05:20:28.958,11.469,11.468,11.469,17728014.0,0.0075,2.2e-05,20325294.0,1.1887729033678371,11.454291308252492,11.447895213052888,11.447541552805303,11.436967829046315,11.432188616704284,11.411433935452227,0.0056350617791398605,0.0034996478862998606,0.00213541389284,0.01153495932062043,0.01076128376322751,0.0007736755573929197,0.0218878555371802,0.01957820788945322,0.002309647647726981,0.3745618664238468,0.047332561065232065,0.13888369891508723,0.2964513035138182,42.0,0.0,LONG,78223.8,0.0030682140693067774,0.03209772029459035,0.056042551394733936,0.042241676149709625,49.45799457994883,52.15163934426261,64.95212038303663,70.80896315989389,78206.09042684341,78200.8233151759,78203.54907110578,78175.41065043687,78148.95071742199,78038.30958724694,77941.38842899082,77924.3629658865,4.401839632919291,2.4288580075106574,39.25352320801176,47.43533403298255,120.46467787961592,113.93298567931666,-84.65710708289407,-212.9622711441166,1.2096945460088966,0.5555015912964918,0.9068199578291702,1.691700688481517,0.020207587533644572,0.07474889812490575,0.14950692755913456,0.2872253347811964
2026-08-30T05:31:06.692820,ENA_USDT,OPEN,SHORT,36.0,0.1557,0.15627085714285713,0.1545582857142857,,,47.88732394366186,34.02985074626908,44.61279461279457,0.006422607578665539,42795478.5339,0.7599434213869856,0.16701054242782296,HIGH_EDGE,2026-08-30 05:30:48.875,2026-08-30 05:30:35.865,0.1557,0.1557,0.15571,27034243.0,-0.0043,6e-06,25444914.0,-0.5073185922048853,0.15590150443668713,0.15595089622666125,0.15605984384984573,0.15620099879620988,0.15619342712009476,0.15632823326601814,-5.804025967523496e-05,-5.531100173178392e-05,-2.7292579434510432e-06,-0.00012579828965492146,-7.477560185709917e-05,-5.102268779782229e-05,-0.00013265405527887464,-7.704654313886229e-05,-5.560751214001235e-05,0.8751422201309367,0.10138544820626082,0.3055326176713447,0.6463895770254136,0.0,36.0,SHORT,78144.0,-0.004094836411281645,-0.045280470302911234,-0.0699500119567168,0.042241676149709625,33.091962346129534,35.33090151120366,59.97682801235854,70.80896315989389,78168.55072065689,78182.264092284,78187.77540550765,78172.88501369748,78147.96057393745,78047.91451483102,77941.38842899082,77924.3629658865,-10.906076773710083,-4.481013356695831,28.075827156368177,41.53759934062449,113.46875411809015,113.8729538494069,-84.65710708289407,-212.9622711441166,0.3909663238338927,0.4210231078279612,0.5395386305133467,1.691700688481517,0.016096656721657256,0.07237554112554273,0.14814225751726123,0.2875186468936496
2026-08-30T05:51:11.622709,TAO_USDT,OPEN,SHORT,39.0,235.36,236.18376000000004,233.71248,,,32.48730964466985,39.49771689497684,34.52991452991472,0.012746430999320673,30943006.7838,0.39196729851369677,2.874853073825529,HIGH_EDGE,2026-08-30 05:50:51.863,2026-08-30 05:50:28.974,235.36,235.38,235.41,13144597.0,-0.0092,5e-05,30461354.0,0.423768807726471,235.53401868592428,235.71745483851817,235.91520673826074,236.25726927572947,236.44676513025846,236.60302888079326,-0.19389058219465483,-0.17112232733511637,-0.022768254859538456,-0.33026354875664765,-0.24790559315007688,-0.08235795560657078,0.008905951898981357,0.23517279125991017,-0.2262668393609288,1.9010596083638494,0.09802612411381839,0.2342915412255971,0.42973681654851,1.0,40.0,SHORT,78114.9,0.028043486612108866,0.016260745535973495,-0.05349099099099472,0.042241676149709625,46.365914786962904,42.87878787878704,55.47841454178258,70.80896315989389,78105.2700619419,78115.88564006513,78138.81120609569,78150.92536943313,78138.80845914828,78052.84501119549,77941.38842899082,77924.3629658865,-14.68419587596145,-18.123792743392116,2.283562460463145,21.67927867176818,103.37226365362585,111.81609474455783,-84.65710708289407,-212.9622711441166,0.4237955683353884,0.2659181758728545,0.5993940940285679,1.691700688481517,0.01617580549384667,0.06652288579296237,0.14744763345862896,0.28762575568626925
2026-08-30T06:11:01.647867,ADA_USDT,LOSS,LONG,36.0,0.2019,0.20119335,0.20331329999999997,0.20119335,-1.0,,,,,,,,SL,,,,,,,,,,,,,,,,,,,,,,,,,,,,,,,,,,,,,,,,,,,,,,,,,,,,,,,,,,,,,,,,,
2026-08-30T06:11:01.647988,TAO_USDT,LOSS,SHORT,39.0,235.36,236.18376000000004,233.71248,236.18376000000004,-1.0,,,,,,,,SL,,,,,,,,,,,,,,,,,,,,,,,,,,,,,,,,,,,,,,,,,,,,,,,,,,,,,,,,,,,,,,,,,
2026-08-30T06:21:05.471216,ENA_USDT,LOSS,SHORT,36.0,0.1557,0.15627085714285713,0.1545582857142857,0.15627085714285713,-1.0,,,,,,,,SL,,,,,,,,,,,,,,,,,,,,,,,,,,,,,,,,,,,,,,,,,,,,,,,,,,,,,,,,,,,,,,,,,
2026-08-30T07:01:21.813959,WLD_USDT,OPEN,SHORT,38.0,0.3738,0.37510830000000006,0.3711834,,,36.66666666666679,37.87878787878742,43.749999999999815,0.026752273943297083,18100540.5892,1.5750816815508604,3.4292602821474674,HIGH_EDGE,2026-08-30 07:01:12.466,2026-08-30 07:00:40.975,0.3738,0.3737,0.3738,48138212.0,-0.0069,-0.000305,71563888.0,-2.2971576447876845,0.37448147516179897,0.3747057090407335,0.3747620766158659,0.37506436608429655,0.37485306153771936,0.3752796117361208,-0.0001755465231918496,-5.55774983294055e-05,-0.0001199690248624441,-0.0002750996965001362,-0.00018118665494948813,-9.391304155064809e-05,-0.0003666004886264673,-0.00020050931932224462,-0.0001660911693042227,0.6399355950696535,0.09172208209126714,0.19682030115416907,0.4070167392799845,0.0,38.0,SHORT,78131.8,0.00012798902366878073,-0.023416476754352086,0.08403124527645232,0.04827509376508224,68.60328638497495,52.10355987055126,58.297320656871044,74.85630873095646,78134.81501194027,78117.88830093184,78110.69895204609,78115.5414220229,78110.83790789045,78069.20072634281,78003.90459455841,77957.25865687108,16.684059263876406,14.355406077059381,-6.239906164351851,-9.888607988655359,64.80278612703842,86.8363390274403,-42.36603210869362,-154.94401678545623,0.7487374353714198,0.9178329328027129,0.6110567603769402,0.7379840309652211,0.022489471087865084,0.062358000931029396,0.13781657587381002,0.2748652185885201
2026-08-30T07:11:00.835548,LINK_USDT,LOSS,LONG,42.0,11.469,11.4288585,11.549282999999999,11.4288585,-1.0,,,,,,,,SL,,,,,,,,,,,,,,,,,,,,,,,,,,,,,,,,,,,,,,,,,,,,,,,,,,,,,,,,,,,,,,,,,
2026-08-30T07:21:04.616296,DOGE_USDT,OPEN,SHORT,40.0,0.08499,0.085287465,0.08439506999999999,,,45.45454545454508,31.57894736842003,35.632183908046116,0.011766090128245822,29107729.901,2.9239664642960395,1.8110924687477847,HIGH_EDGE,2026-08-30 07:20:49.464,2026-08-30 07:20:28.907,0.08499,0.08498,0.08499,3429138.0,-0.0015,5e-05,10555847.0,-1.2110062791254408,0.08502107795028671,0.08504037305338419,0.08506189947127896,0.08511638892998429,0.08512835135753063,0.08513982921105803,-1.9666407268234543e-05,-1.5721311113297367e-05,-3.945096154937176e-06,-5.1139556427687305e-05,-3.777317252175562e-05,-1.3366383905931683e-05,1.8270462057948245e-05,5.740479041294246e-05,-3.913432835499422e-05,1.5975335037958118,0.05294740557712719,0.11345872623670047,0.2017044021985779,0.0,40.0,SHORT,78052.8,-0.024592683676602483,-0.07028756447827063,-0.030845315223770372,0.04827509376508224,37.38348868175632,44.345679012345116,49.687149045402805,74.85630873095646,78104.51616030169,78121.74018814742,78110.39509075793,78115.71264648426,78110.2103263137,78072.70163334532,78003.90459455841,77957.25865687108,-10.13327418640256,2.5313402811520445,-5.145000102551421,-5.033370025904858,60.0614288161305,81.48363288710178,-42.36603210869362,-154.94401678545623,1.0990348091918947,1.3271006306125235,0.7949959097906981,0.7379840309652211,0.031517126867967094,0.06747264123040547,0.12927146751942462,0.2751434193996184
2026-08-30T07:31:15.220247,MUSTOCK_USDT,WIN,LONG,36.0,931.76,928.4988400000001,938.2823199999999,938.2823199999999,2.0,,,,,,,,TP,,,,,,,,,,,,,,,,,,,,,,,,,,,,,,,,,,,,,,,,,,,,,,,,,,,,,,,,,,,,,,,,,
2026-08-30T07:31:15.220326,WLD_USDT,LOSS,SHORT,38.0,0.3738,0.37510830000000006,0.3711834,0.37510830000000006,-1.0,,,,,,,,SL,,,,,,,,,,,,,,,,,,,,,,,,,,,,,,,,,,,,,,,,,,,,,,,,,,,,,,,,,,,,,,,,,
2026-08-30T07:31:15.220381,ENA_USDT,OPEN,LONG,36.0,0.15821,0.15706742857142855,0.16049514285714286,,,66.49746192893431,58.34207764952789,61.39380530973455,0.006320712976430062,41124138.142,0.49576193350303094,0.946705752828662,HIGH_EDGE,2026-08-30 07:30:52.311,2026-08-30 07:30:34.963,0.15821,0.15821,0.15822,26012141.0,0.0117,5e-05,25035664.0,-0.8775244134340076,0.15755184300609676,0.15730751776487312,0.15700248291729726,0.15660992109792196,0.15645677629375143,0.15633297821232606,0.0002486218113646188,0.00020424333116207417,4.437848020254464e-05,0.0003250419465095078,0.00016671133330698336,0.00015833061320252444,3.544317797335439e-05,-0.00010760813812282637,0.00014305131609618075,0.5321190921530539,0.1553089474206963,0.6018221712552038,0.761194434160743,36.0,0.0,LONG,78117.6,0.009217722608015887,0.056485235066963596,0.012674806709208862,0.04827509376508224,50.379451255108904,47.039473684210805,49.654840263285585,74.85630873095646,78091.96671931418,78098.52427109687,78105.9328580849,78112.39584043024,78111.68826105133,78076.78358603023,78003.90459455841,77957.25865687108,-9.015890586495516,-12.486871307093802,-6.265806337556569,-5.714910482168516,56.45976819553471,76.49068997397725,-42.36603210869362,-154.94401678545623,1.8603380870510542,0.9776497187915324,0.5565104436277047,0.7379840309652211,0.018909219652711678,0.06605425665919022,0.1256164698205944,0.27491518282326305
2026-08-30T08:31:04.164109,WLD_USDT,OPEN,LONG,37.0,0.3775,0.37617875,0.38014249999999994,,,66.00000000000044,70.8333333333334,61.99999999999986,0.026490066225162645,18326254.2585,3.3192748938155976,2.254496247944841,HIGH_EDGE,2026-08-30 08:30:55.757,2026-08-30 08:30:35.065,0.3775,0.3775,0.3776,48742927.0,0.0029,-0.000285,70696147.0,-2.847037887982329,0.3761455921375685,0.3760852950453142,0.3762215551253338,0.37586907493284716,0.37590240256373736,0.3756351523262789,-2.968679355858095e-05,-0.00019072629194424501,0.00016103949838566407,0.0003368031930194304,0.0002707189789964301,6.608421402300028e-05,0.0001320640631139458,-0.00011448699217589749,0.0002465510552898433,1.1766870178466884,0.13245033112582794,0.22705771050142354,0.3916745506149521,37.0,0.0,LONG,78224.3,0.04476315813033241,0.07496894417884803,0.022632360951629515,0.07948108196661445,60.44685990338303,78.57380873042264,58.11126694717254,75.79483576321891,78190.35081809969,78189.28214384292,78186.77906308274,78161.64046392415,78162.92111172594,78114.10287556578,78041.90367564984,77978.77935137092,1.764216494251741,1.4826979045394122,22.878387661621673,15.56100226613635,61.87812800784013,66.20086221687524,-20.73478650400648,-128.13834309757064,2.299311316523013,1.2547153819468337,0.599550147300133,0.624294411731884,0.01912083950529884,0.04758294874026095,0.10484502349562158,0.273690984953345
2026-08-30T08:40:57.126587,WLD_USDT,LOSS,LONG,37.0,0.3775,0.37617875,0.38014249999999994,0.37617875,-1.0,,,,,,,,SL,,,,,,,,,,,,,,,,,,,,,,,,,,,,,,,,,,,,,,,,,,,,,,,,,,,,,,,,,,,,,,,,,
2026-08-30T08:40:57.126721,WLD_USDT,OPEN,LONG,35.0,0.377,0.37568050000000003,0.37963899999999995,,,68.51851851851868,59.550561797752984,61.99999999999986,0.026525198939003847,18464051.5125,0.0824029197103655,0.9969334270190442,HIGH_EDGE,2026-08-30 08:40:49.640,2026-08-30 08:40:29.996,0.377,0.3772,0.3773,49108632.0,0.0015,-0.000278,72085062.0,1.9646261627242572,0.37658534036697305,0.3764396915942633,0.3762897952802147,0.37595709920611997,0.37590240256373736,0.3756351523262789,0.0001275542868962587,8.148629444612815e-05,4.6067992450130545e-05,0.00033122369579380306,0.0002851430773468204,4.608061844698264e-05,0.0001320640631139458,-0.00011448699217589749,0.0002465510552898433,1.1766870178466884,0.1496779082985983,0.25956801818871295,0.3921940128836721,35.0,0.0,LONG,78226.9,-0.005368708863881041,0.04079544727923036,0.022632360951629515,0.07948108196661445,67.29594669627326,68.43170320404525,58.11126694717254,75.79483576321891,78219.61522085247,78209.74630214355,78196.11860037301,78170.3303511329,78162.92111172594,78114.10287556578,78041.90367564984,77978.77935137092,10.009786392940441,8.114817397364405,24.48056589382759,18.448374477532653,61.87812800784013,66.20086221687524,-20.73478650400648,-128.13834309757064,0.5826731194609397,0.6318857682587152,0.599550147300133,0.624294411731884,0.019704584630459453,0.04789181945633244,0.10484153879839993,0.2736818883822054
2026-08-30T09:01:13.467336,WLD_USDT,WIN,LONG,35.0,0.377,0.37568050000000003,0.37963899999999995,0.37963899999999995,2.0,,,,,,,,TP,,,,,,,,,,,,,,,,,,,,,,,,,,,,,,,,,,,,,,,,,,,,,,,,,,,,,,,,,,,,,,,,,
2026-08-30T09:01:13.467472,HNT_USDT,OPEN,LONG,36.5,0.42,0.4060628571428571,0.4478742857142857,,,57.120500782472604,57.38007380073802,53.793691389599296,0.04761904761904238,22936566.04006,1.6608677991598166,1.9259774651036594,HIGH_EDGE,2026-08-30 09:01:01.766,2026-08-30 09:00:44.066,0.42,0.4199,0.4201,615014347.0,0.2072,-0.004749,206742514.0,6.199065719506898,0.42093239027728496,0.4188072867920757,0.41596003882292243,0.4106829862919035,0.40991970467712124,0.3962988292199359,0.0021224053716180635,0.0018559643397309078,0.00026644103188715575,0.006357265304980597,0.006777394634016981,-0.00042012932903638407,0.014377006871451381,0.012908196296404554,0.001468810575046827,1.1092342943892926,1.5391156462585038,2.765306122448981,5.091836734693877,38.0,1.5,LONG,78200.7,-0.009973340493684077,-0.012146753236790087,0.01214970482611854,0.008696330532180784,39.22789539227753,55.66790846194707,57.62301694003707,75.67519858782106,78210.80335060386,78214.27180202525,78205.60425871181,78183.75356929254,78175.00151150397,78128.34372411459,78073.66294052309,77998.9569644458,-1.165983311686432,2.273220583946991,23.314495310754864,21.91238294269003,59.42789066134719,63.95910370909032,-2.981980807366199,-103.10400244242183,0.9369113753138668,0.49765116973188755,0.4074663139610564,0.52904236101986,0.010376231560955606,0.05306857867001058,0.09490232915342788,0.26547076944324244
2026-08-30T09:01:13.467668,WLD_USDT,OPEN,LONG,36.0,0.3814,0.3797971428571429,0.38460571428571433,,,86.44067796610148,66.15384615384608,70.28985507246345,0.026219192448869687,18596457.4634,0.3025612131428989,1.8809023750067921,HIGH_EDGE,2026-08-30 09:01:04.231,2026-08-30 09:00:44.120,0.3814,0.3814,0.3815,49457389.0,0.0132,-0.000274,71964453.0,0.5177517179391644,0.3805990061638421,0.3794058766921382,0.37815934014677083,0.37699408707655424,0.3769535376407774,0.37616122534547886,0.0011978332884285958,0.0010036944644847307,0.00019413882394386513,0.000989559208780466,0.0005302374958169675,0.0004593217129634986,0.0005524071514284024,6.172166303756364e-05,0.0004906854883908387,2.531068881784797,0.16293355307513746,0.35021349913851735,0.46445426623717634,37.0,1.0,LONG,78200.7,-0.009973340493684077,-0.012146753236790087,0.01214970482611854,0.008696330532180784,39.22789539227753,55.66790846194707,57.62301694003707,75.67519858782106,78210.80335060386,78214.27180202525,78205.60425871181,78183.75356929254,78175.00151150397,78128.34372411459,78073.66294052309,77998.9569644458,-1.165983311686432,2.273220583946991,23.314495310754864,21.91238294269003,59.42789066134719,63.95910370909032,-2.981980807366199,-103.10400244242183,0.9369113753138668,0.49765116973188755,0.4074663139610564,0.52904236101986,0.010376231560955606,0.05306857867001058,0.09490232915342788,0.26547076944324244
2026-08-30T09:20:58.417837,DOGE_USDT,LOSS,SHORT,40.0,0.08499,0.085287465,0.08439506999999999,0.085287465,-1.0,,,,,,,,SL,,,,,,,,,,,,,,,,,,,,,,,,,,,,,,,,,,,,,,,,,,,,,,,,,,,,,,,,,,,,,,,,,
2026-08-30T09:31:09.392091,TAO_USDT,OPEN,SHORT,41.0,234.32,235.14012,232.67976,,,32.45614035087716,35.63218390804586,43.84858044164037,0.004267668146133206,27298419.4428,21.181269375101973,4.74539122579725,HIGH_EDGE,2026-08-30 09:30:57.224,2026-08-30 09:30:37.085,234.32,234.32,234.33,11596878.0,-0.0136,5e-05,31354983.0,-0.31486594353071745,234.6614580605945,234.87593337977296,235.0399263556686,235.32785252001653,235.31342938552558,235.6949994201288,-0.2098084722972544,-0.162676201967752,-0.0471322703295024,-0.25810278034668954,-0.1578730367590783,-0.10022974358761125,-0.34297300578677437,-0.24060592604158382,-0.10236707974519055,0.9369836989150306,0.10943520460420524,0.2386845827439882,0.4157928108081732,0.0,41.0,SHORT,78186.4,0.0,0.010744710788193838,0.05541116234189373,0.008696330532180784,53.33549222797814,47.707087185063955,60.91274532986399,75.67519858782106,78189.07423470105,78187.86581100518,78189.95757079669,78183.05867639926,78172.17696736337,78134.8399715106,78073.66294052309,77998.9569644458,0.7146503486146685,0.37220081653204595,10.951874200429302,15.157334922448024,51.401324246427976,59.745371415111386,-2.981980807366199,-103.10400244242183,0.6393345549718964,0.9023237116948114,1.1848082083546072,0.52904236101986,0.03244078984872568,0.06356604217613054,0.10723457934225808,0.26551932305362785
2026-08-30T09:40:58.140548,ENA_USDT,WIN,LONG,36.0,0.15821,0.15706742857142855,0.16049514285714286,0.16049514285714286,2.0,,,,,,,,TP,,,,,,,,,,,,,,,,,,,,,,,,,,,,,,,,,,,,,,,,,,,,,,,,,,,,,,,,,,,,,,,,,
2026-08-30T09:40:58.140658,HNT_USDT,LOSS,LONG,36.5,0.42,0.4060628571428571,0.4478742857142857,0.4060628571428571,-1.0,,,,,,,,SL,,,,,,,,,,,,,,,,,,,,,,,,,,,,,,,,,,,,,,,,,,,,,,,,,,,,,,,,,,,,,,,,,
2026-08-30T09:50:59.416543,TAO_USDT,LOSS,SHORT,41.0,234.32,235.14012,232.67976,235.14012,-1.0,,,,,,,,SL,,,,,,,,,,,,,,,,,,,,,,,,,,,,,,,,,,,,,,,,,,,,,,,,,,,,,,,,,,,,,,,,,
2026-08-30T09:50:59.416674,ENA_USDT,OPEN,LONG,35.0,0.1608,0.15986314285714287,0.16267371428571428,,,56.83060109289608,62.52390057361353,69.67136150234748,0.006218905472643034,40411662.8695,0.7244666233770893,2.0720608146350283,HIGH_EDGE,2026-08-30 09:50:40.854,2026-08-30 09:50:29.115,0.1608,0.16077,0.16078,25585141.0,0.0282,5e-05,23814829.0,-0.6532611223571398,0.16056805892789805,0.16020429268681924,0.159900389961746,0.15945221364290707,0.15908507393778687,0.1581041277384575,0.00033603857089464784,0.0002331601919054668,0.00010287837898918103,0.0005161388258559108,0.0004983301899755509,1.7808635880359885e-05,0.0009015887283888302,0.0006401354883447507,0.0002614532400440795,0.488941937013399,0.23365316275763978,0.4855188343994299,1.0065742714996428,35.0,0.0,LONG,78209.3,0.022380863466501602,0.04259619320507945,-0.013301546048921782,0.008696330532180784,49.29859719438781,48.17805383022848,57.21938154370627,75.67519858782106,78189.37477488574,78191.11240341901,78192.71622099855,78186.42751002056,78172.94157389093,78138.58095475649,78073.66294052309,77998.9569644458,-1.3528350364940707,-0.6915263997319476,9.276694762971601,11.654462098854083,48.47775322965754,57.49617290902323,-2.981980807366199,-103.10400244242183,0.8550871358021357,0.7625428592640667,0.9928671512636611,0.52904236101986,0.025882928427761926,0.0680317338949976,0.1048194670308635,0.2654415779197636
2026-08-30T09:50:59.416876,DOGE_USDT,OPEN,LONG,36.0,0.08533,0.08503134500000001,0.08592730999999999,,,59.99999999999889,59.34065934065869,52.307692307691326,0.011719207781549423,29875828.326,0.24743668531875668,0.46461804209761737,HIGH_EDGE,2026-08-30 09:50:45.438,2026-08-30 09:50:29.135,0.08533,0.08533,0.08534,3518879.0,0.0024,4.8e-05,10931772.0,0.12568178383502548,0.08524693893164084,0.08522916752959242,0.08522271002177086,0.08519073428411271,0.0851684082814016,0.08515156626242601,1.349166994389639e-05,3.6547348249550763e-06,9.836935118941313e-06,3.0040730172112284e-05,2.2696607146010138e-05,7.344123026102146e-06,2.13024701748582e-05,1.8834376991793573e-05,2.4680931830646283e-06,1.2102177973729034,0.06612981533877221,0.13058545813731612,0.1883444107749758,36.0,0.0,LONG,78209.3,0.022380863466501602,0.04259619320507945,-0.013301546048921782,0.008696330532180784,49.29859719438781,48.17805383022848,57.21938154370627,75.67519858782106,78189.37477488574,78191.11240341901,78192.71622099855,78186.42751002056,78172.94157389093,78138.58095475649,78073.66294052309,77998.9569644458,-1.3528350364940707,-0.6915263997319476,9.276694762971601,11.654462098854083,48.47775322965754,57.49617290902323,-2.981980807366199,-103.10400244242183,0.8550871358021357,0.7625428592640667,0.9928671512636611,0.52904236101986,0.025882928427761926,0.0680317338949976,0.1048194670308635,0.2654415779197636
2026-08-30T10:01:14.080973,WLD_USDT,LOSS,LONG,36.0,0.3814,0.3797971428571429,0.38460571428571433,0.3797971428571429,-1.0,,,,,,,,SL,,,,,,,,,,,,,,,,,,,,,,,,,,,,,,,,,,,,,,,,,,,,,,,,,,,,,,,,,,,,,,,,,
2026-08-30T10:11:09.695100,DOGE_USDT,LOSS,LONG,36.0,0.08533,0.08503134500000001,0.08592730999999999,0.08503134500000001,-1.0,,,,,,,,SL,,,,,,,,,,,,,,,,,,,,,,,,,,,,,,,,,,,,,,,,,,,,,,,,,,,,,,,,,,,,,,,,,
2026-08-30T10:11:09.695196,LINK_USDT,OPEN,SHORT,36.0,11.395,11.4348825,11.315235,,,34.37500000000034,33.51955307262594,43.38842975206594,0.008775778850383697,18688768.5469,3.2254377243690877,0.8676569906990215,HIGH_EDGE,2026-08-30 10:10:58.625,2026-08-30 10:10:30.946,11.395,11.395,11.396,16428804.0,0.001,5.1e-05,19838439.0,-0.6145300766400419,11.399952543166668,11.405782056004998,11.412177576687933,11.420565707602444,11.42242499440782,11.425647231543618,-0.005872725678250035,-0.004805425304889314,-0.001067300373360721,-0.007677125761055947,-0.005123890336105578,-0.0025532354249503692,0.0009941972318205927,0.006496396303793433,-0.00550219907197284,0.7808468724635795,0.04763994233059867,0.1667397981570887,0.27392966840092847,0.0,36.0,SHORT,78085.0,-0.0025612457899522327,-0.0954457289955499,-0.04003786328285268,-0.07161061218122089,18.780658724597572,38.30131445904949,59.705284552844645,73.11956336346643,78118.86194812547,78144.09396937602,78158.96888412096,78171.77631028577,78167.29325911266,78139.1357019357,78087.87035242097,78012.20729724003,-23.039905179524794,-15.52763297820378,-6.099831121129682,5.129395323950415,43.14214681442536,54.634439276808905,6.497780798134045,-81.17581135054836,0.8691560614449215,1.511976253439568,0.6435384069619792,0.7185742527819626,0.016675966666363347,0.07221983369770904,0.10530648835060401,0.2625984504066093
2026-08-30T10:21:04.401152,ENA_USDT,LOSS,LONG,35.0,0.1608,0.15986314285714287,0.16267371428571428,0.15986314285714287,-1.0,,,,,,,,SL,,,,,,,,,,,,,,,,,,,,,,,,,,,,,,,,,,,,,,,,,,,,,,,,,,,,,,,,,,,,,,,,,
2026-08-30T10:21:04.401328,SUI_USDT,OPEN,SHORT,35.0,0.7403,0.74289105,0.7351179,,,23.214285714285396,37.00787401574843,38.84297520661153,0.013508037282181412,27440804.613,0.5651145074192179,4.205723605016892,HIGH_EDGE,2026-08-30 10:20:50.451,2026-08-30 10:20:25.968,0.7403,0.7402,0.7403,37050617.0,-0.0051,6.4e-05,84474967.0,0.35992486861220413,0.7404610194682344,0.7413842001006552,0.7422022471998628,0.7429570930651043,0.7428649965608198,0.7431489902568038,-0.0009127383579069503,-0.0007353570895750883,-0.00017738126833186205,-0.0005612756961544951,-0.0001422791010303588,-0.0004189965951241363,-0.0001057497574891153,0.00013907255146794348,-0.0002448223089570588,0.7113896100892584,0.08008336388722587,0.23060149360297982,0.3212983153547779,1.0,36.0,SHORT,78011.8,0.040779687099259956,-0.04586944377534083,-0.12425666743872749,-0.07161061218122089,21.84839886502074,36.58489472667579,48.096602537864136,73.11956336346643,78025.34780374181,78070.79577644497,78111.71608583703,78146.96991912936,78143.3546072897,78130.81313059559,78087.87035242097,78012.20729724003,-45.024035972950514,-36.55364533618739,-24.738364732955233,-4.07437833235872,30.72495703966706,49.86103897581919,6.497780798134045,-81.17581135054836,1.024587592534498,2.1076036904974327,1.0698795920686985,0.7185742527819626,0.03098432361697609,0.08094929228655072,0.11102715962749744,0.2628448516762859
2026-08-30T10:31:13.982519,PEPE_USDT,OPEN,SHORT,35.5,3.6338e-06,3.6465183e-06,3.6083634e-06,,,37.074829931972765,18.380743982494124,35.94377510040138,0.008255820353343905,32701402.47,0.14067752779932766,1.2542478477571364,HIGH_EDGE,2026-08-30 10:30:55.550,2026-08-30 10:30:33.942,3.6338e-06,3.6337e-06,3.634e-06,898141.0,-0.0027,0.0001,1861029.0,0.013596478028521434,3.6365436439781277e-06,3.639797168931253e-06,3.6429142855299656e-06,3.6479074494213308e-06,3.6469263731648377e-06,3.648652033197855e-06,-3.533789606917013e-09,-3.278124477085171e-09,-2.5566512983184186e-10,-3.984209333778926e-09,-1.7111646394339505e-09,-2.2730446943449757e-09,-2.859253665851651e-10,1.9659025136866305e-09,-2.2518278802717956e-09,1.6531721328702822,0.08727581516397706,0.1776967047482753,0.2683141614838442,1.5,37.0,SHORT,77983.2,0.0001282329119915326,-0.04614248800295312,-0.08251374802044999,-0.07161061218122089,37.82821539830777,20.272686633884277,34.75584735330247,73.11956336346643,77998.30417635912,78028.49954107449,78071.21029493539,78121.52215888113,78111.32368583181,78117.39351854687,78087.87035242097,78012.20729724003,-34.95562319588498,-35.467924970270836,-39.24294812792505,-15.495018444007668,15.503456959995674,42.989762969265115,6.497780798134045,-81.17581135054836,0.20472703661420608,0.7248791966757315,1.0615610938648221,0.7185742527819626,0.02655333822815597,0.07119665334511503,0.1087688483819945,0.2629412488843762
2026-08-30T10:31:13.982772,DOGE_USDT,OPEN,SHORT,39.0,0.08491,0.085207185,0.08431563,,,35.13513513513563,22.727272727272876,38.55421686746946,0.011777175833246969,31496262.287,1.862005146446216,2.0822657345606763,HIGH_EDGE,2026-08-30 10:30:57.053,2026-08-30 10:30:33.944,0.08491,0.08489,0.0849,3709781.0,-0.0024,3.2e-05,11280775.0,0.7501800294531132,0.0849109985889014,0.08495595503864173,0.08502466069500528,0.08509586799665148,0.08507726504007841,0.08511190571077777,-5.181168718484952e-05,-5.170559277987157e-05,-1.0609440497795053e-07,-5.337935605115307e-05,-1.5378265858446725e-05,-3.800109019270635e-05,-1.781073026245472e-05,8.66162060303954e-06,-2.647235086549426e-05,6.183302508112848,0.0597271060114084,0.14216733684405428,0.20357689654592304,0.0,39.0,SHORT,77983.2,0.0001282329119915326,-0.04614248800295312,-0.08251374802044999,-0.07161061218122089,37.82821539830777,20.272686633884277,34.75584735330247,73.11956336346643,77998.30417635912,78028.49954107449,78071.21029493539,78121.52215888113,78111.32368583181,78117.39351854687,78087.87035242097,78012.20729724003,-34.95562319588498,-35.467924970270836,-39.24294812792505,-15.495018444007668,15.503456959995674,42.989762969265115,6.497780798134045,-81.17581135054836,0.20472703661420608,0.7248791966757315,1.0615610938648221,0.7185742527819626,0.02655333822815597,0.07119665334511503,0.1087688483819945,0.2629412488843762
2026-08-30T10:50:59.593971,MAGMA_USDT,OPEN,LONG,40.0,0.53829,0.5138940000000001,0.5870820000000001,,,81.94685870374953,56.29731093648618,59.61496149614954,0.005573204034994983,9460655.0487,1.701363736575226,0.9494139753030698,HIGH_EDGE,2026-08-30 10:50:59.525,2026-08-30 10:50:29.842,0.53829,0.54012,0.54015,1895637.0,0.0314,0.000841,1928443.0,2.040985866231081,0.5351474423076739,0.5278549826585237,0.523363605134056,0.5175987251446165,0.5176439165093581,0.5158276744093518,0.007301198222795069,0.005988187383387124,0.001313010839407945,0.003961499259339862,0.00032197940458532327,0.003639519854754539,0.002119024190174734,0.0018257801492321522,0.000293244040942582,1.8367657463691487,0.9287346438324563,3.77677460105148,2.897137230860686,41.0,1.0,LONG,78080.0,0.012937124295030251,0.06728397039505303,0.056807107171804844,-0.07161061218122089,68.43398876404382,35.6965454955978,42.10007880220661,73.11956336346643,78060.47975636675,78041.10169103478,78050.68133680575,78093.01762091873,78094.55894866522,78109.22147145656,78087.87035242097,78012.20729724003,12.89893091977865,2.375140827085712,-40.41512012698513,-32.18448883229292,6.932416325915256,35.77520666641403,6.497780798134045,-81.17581135054836,1.1101162291449027,0.9422764343131975,0.8420675093572131,0.7185742527819626,0.028432377049185917,0.07004720433255508,0.10668545081967187,0.2626152663934437
2026-08-30T11:01:12.299703,HNT_USDT,OPEN,LONG,39.0,0.4368,0.42091714285714293,0.46856571428571425,,,64.21404682274245,61.40529531568231,64.90787269681745,0.02289377289377037,25236888.09746,3.0176204385888767,0.6031323597713368,HIGH_EDGE,2026-08-30 11:00:59.632,2026-08-30 11:00:41.887,0.4368,0.4368,0.4369,667625143.0,0.2555,-0.006333,279198287.0,0.7707682852739781,0.42553813060158524,0.42453013453351485,0.4252670948691699,0.42140613942294325,0.42151521604023673,0.40980058468659314,0.0006021994791340912,-0.00019479972127850763,0.0007969992004125989,0.004366437864472217,0.004185797436958377,0.00018064042751383957,0.01315343964050808,0.012721451446362303,0.00043198819414577705,0.4587605745674671,0.9190214547357399,3.030154369440083,5.116758241758243,39.0,0.0,LONG,78050.7,-0.002946715693186566,-0.0028186012307000632,0.02973310691742923,-0.1202896677573783,43.50364963503767,30.57324840764315,43.57842196198777,69.99183673469472,78045.52909440125,78043.7889230832,78051.04005555582,78085.855631662,78085.78715893163,78103.90085229225,78080.43628193735,78015.70507572356,2.782672789762728,4.968678071643128,-36.26860175165348,-33.97337114263543,1.9881503119395347,29.014200277190817,6.372663875299622,-63.633642671919105,0.3519998170746521,0.4835287022927758,0.8153895621288286,0.6293868743112365,0.023382237443097885,0.06801439869945582,0.1085924185909201,0.2666673255790338
2026-08-30T11:01:12.299923,ADA_USDT,OPEN,SHORT,36.0,0.2003,0.20100105000000001,0.19889790000000002,,,33.33333333333256,34.28571428571445,37.14285714285707,0.04992511233149724,11838952.5113,0.7524814199321858,1.222751976769282,HIGH_EDGE,2026-08-30 11:01:08.878,2026-08-30 11:00:41.938,0.2003,0.2003,0.2004,59065918.0,-0.0014,-6.8e-05,156560173.0,0.38980518031982647,0.2003648871125654,0.20045517220782788,0.2005444609742945,0.2007614528562981,0.20072630297258234,0.20092913308685406,-8.461043731625151e-05,-6.16560941438071e-05,-2.295434317244441e-05,-0.00021642309185221364,-0.00018219317992800626,-3.4229911924207385e-05,-0.00013571299535036774,-1.3482516407728734e-05,-0.000122230478942639,1.6146187593107442,0.08201982740175537,0.22466300549176138,0.31738107125026616,1.0,37.0,SHORT,78050.7,-0.002946715693186566,-0.0028186012307000632,0.02973310691742923,-0.1202896677573783,43.50364963503767,30.57324840764315,43.57842196198777,69.99183673469472,78045.52909440125,78043.7889230832,78051.04005555582,78085.855631662,78085.78715893163,78103.90085229225,78080.43628193735,78015.70507572356,2.782672789762728,4.968678071643128,-36.26860175165348,-33.97337114263543,1.9881503119395347,29.014200277190817,6.372663875299622,-63.633642671919105,0.3519998170746521,0.4835287022927758,0.8153895621288286,0.6293868743112365,0.023382237443097885,0.06801439869945582,0.1085924185909201,0.2666673255790338
2026-08-30T12:01:15.218222,ADA_USDT,LOSS,SHORT,36.0,0.2003,0.20100105000000001,0.19889790000000002,0.20100105000000001,-1.0,,,,,,,,SL,,,,,,,,,,,,,,,,,,,,,,,,,,,,,,,,,,,,,,,,,,,,,,,,,,,,,,,,,,,,,,,,,
2026-08-30T12:41:02.704213,HNT_USDT,WIN,LONG,39.0,0.4368,0.42091714285714293,0.46856571428571425,0.46856571428571425,2.0,,,,,,,,TP,,,,,,,,,,,,,,,,,,,,,,,,,,,,,,,,,,,,,,,,,,,,,,,,,,,,,,,,,,,,,,,,,
2026-08-30T12:50:58.390839,SOL_USDT,OPEN,SHORT,37.0,105.07,105.43774499999999,104.33451,,,35.18518518518515,39.17525773195865,43.809523809524094,0.009517464547435905,741551645.933,0.08046392111820412,1.768576420416853,HIGH_EDGE,2026-08-30 12:50:32.998,2026-08-30 12:50:25.852,105.07,105.06,105.07,70892954.0,0.001,-5e-06,35081200.0,0.22931385438870236,105.12689609471856,105.148730889013,105.15227788847459,105.18176301852742,105.19050535524806,105.19810205988395,-0.013111801298961723,0.0031407187833814836,-0.016252520082343208,-0.03120029992533091,-0.028169937400897543,-0.0030303625244333665,0.02045801365491684,0.049948670117102766,-0.029490656462185925,0.7713314529528277,0.052346055010945775,0.13800323593794334,0.2494935349222978,0.0,37.0,SHORT,78130.9,0.009088139593812983,-0.030580335436862137,0.026236876762190227,0.027674319384715092,36.521739130432515,61.538461538460425,51.05310531053082,70.61375321336793,78139.3432156707,78134.48574454043,78120.98611233316,78096.94487210816,78093.83084047283,78095.09763730664,78078.80902555039,78020.84806100496,10.586861564777792,17.51877867383013,16.709542047174182,3.6289138911401215,2.4234909527003765,2.694411923121292,7.935145107956487,-49.2796348446145,0.1333965097983121,0.7310863385600277,1.506384895600614,0.48923712138519215,0.01962823196163362,0.0623952879078612,0.1259333466565203,0.26848715242167664
2026-08-30T13:21:06.692108,MAGMA_USDT,LOSS,LONG,40.0,0.53829,0.5138940000000001,0.5870820000000001,0.5138940000000001,-1.0,,,,,,,,SL,,,,,,,,,,,,,,,,,,,,,,,,,,,,,,,,,,,,,,,,,,,,,,,,,,,,,,,,,,,,,,,,,
2026-08-30T13:41:02.512337,XRP_USDT,OPEN,SHORT,35.0,1.3897,1.39456395,1.3799721,,,21.95121951219697,33.87096774193601,41.17647058823487,0.007195797654169172,255330572.5959,0.32168575553146433,1.7425571484769824,HIGH_EDGE,2026-08-30 13:40:36.108,2026-08-30 13:40:27.831,1.3897,1.3896,1.3897,183700590.0,-0.002,2.1e-05,137871789.0,-0.4977178570481596,1.3905645458871292,1.3912126290554887,1.3915702307584745,1.3921264582205766,1.3924676183754654,1.3926976565524516,-0.0005894143974556343,-0.0003922084453743733,-0.000197205952081261,-0.0004461123591776861,-0.00017991575171257993,-0.00026619660746510617,-0.00018814809974387892,-0.00014007947448775888,-4.806862525612003e-05,0.6757812444301222,0.04728667029883398,0.1187306612938039,0.22563965501289787,1.0,36.0,SHORT,77997.2,-0.04779937079112817,-0.0753305319258006,-0.05286359400760174,0.038041661383098856,18.2054616384912,35.28654217643282,44.86569194151709,68.56037816931693,78044.19128077336,78068.20511054479,78077.01909091613,78090.17377043454,78098.05339032266,78097.15831012091,78083.44722044101,78028.22257003562,-22.946642169190454,-17.09990071147454,-6.903358180847135,5.658391925662804,3.5631781295815017,3.2783278532903206,11.438864468756947,-37.100921970235426,0.9799917891520945,1.5803787300684404,1.1751541203441815,0.5186460539877862,0.018764409857934428,0.06550601450162373,0.11547117808625113,0.27042179536115163
2026-08-30T13:51:01.696275,SUI_USDT,WIN,SHORT,35.0,0.7403,0.74289105,0.7351179,0.7351179,2.0,,,,,,,,TP,,,,,,,,,,,,,,,,,,,,,,,,,,,,,,,,,,,,,,,,,,,,,,,,,,,,,,,,,,,,,,,,,
2026-08-30T13:51:01.696416,HYPE_USDT,OPEN,SHORT,36.0,82.653,82.94228550000001,82.07442900000001,,,30.674846625766406,28.15013404825808,40.57108863771533,0.0012098774394211642,116331593.6841,5.2705609518367895,3.0620858197818954,HIGH_EDGE,2026-08-30 13:50:38.724,2026-08-30 13:50:28.752,82.653,82.652,82.653,14114322.0,-0.0034,5e-05,10204843.0,0.11239641077067032,82.77396238488024,82.84516500536806,82.86638496288012,82.9313272762814,82.96347731761145,83.02658242020446,-0.06022698470957266,-0.03289050775079694,-0.027336476958775724,-0.06644298805261428,-0.05461310753901101,-0.011829880513603272,-0.034956303922555776,0.004581272481275545,-0.03953757640383132,0.32313387521346093,0.07907413264750497,0.1535680149886519,0.29823478881589116,0.0,36.0,SHORT,77980.0,0.0,0.0,-0.13357358649562448,0.038041661383098856,36.102236421725095,26.654064272213603,44.32314410480323,68.56037816931693,77991.77193902398,78020.0625230367,78042.0922181865,78071.05348739825,78074.44271225846,78086.5079229402,78083.44722044101,78028.22257003562,-30.210351661618915,-27.767728962070812,-20.656870947481366,-2.8702531611641584,-6.046698625461431,1.4135394059842967,11.438864468756947,-37.100921970235426,0.49564421395541436,1.5812705228099027,1.1403498693609335,0.5186460539877862,0.026242992708750496,0.05904444363023806,0.11369215549775175,0.2704814421280176
2026-08-30T13:51:01.696616,SUI_USDT,OPEN,SHORT,38.0,0.7363,0.73887705,0.7311458999999999,,,29.670329670329565,27.433628318584056,36.52173913043477,0.013581420616595001,27812842.9736,0.2455228755543667,11.232383395067892,HIGH_EDGE,2026-08-30 13:50:49.057,2026-08-30 13:50:28.765,0.7363,0.7361,0.7362,37556445.0,-0.0104,4.6e-05,86910543.0,-0.746728028582297,0.737330699581977,0.738558765284064,0.7388238669517274,0.7397326699791394,0.7400708490478316,0.7408588723792437,-0.0011008517747687074,-0.0007064704821003005,-0.00039438129266840694,-0.0007397983204754377,-0.0002996104320195419,-0.0004401878884558958,-0.0007996790886461991,-0.0006999832744592551,-9.969581418694401e-05,5.829999589198419,0.15715643856347045,0.215362526920318,0.31916338449001486,0.0,38.0,SHORT,77980.0,0.0,0.0,-0.13357358649562448,0.038041661383098856,36.102236421725095,26.654064272213603,44.32314410480323,68.56037816931693,77991.77193902398,78020.0625230367,78042.0922181865,78071.05348739825,78074.44271225846,78086.5079229402,78083.44722044101,78028.22257003562,-30.210351661618915,-27.767728962070812,-20.656870947481366,-2.8702531611641584,-6.046698625461431,1.4135394059842967,11.438864468756947,-37.100921970235426,0.49564421395541436,1.5812705228099027,1.1403498693609335,0.5186460539877862,0.026242992708750496,0.05904444363023806,0.11369215549775175,0.2704814421280176
2026-08-30T14:01:16.247869,SUI_USDT,LOSS,SHORT,38.0,0.7363,0.73887705,0.7311458999999999,0.73887705,-1.0,,,,,,,,SL,,,,,,,,,,,,,,,,,,,,,,,,,,,,,,,,,,,,,,,,,,,,,,,,,,,,,,,,,,,,,,,,,
2026-08-30T14:11:05.223343,PEPE_USDT,LOSS,SHORT,35.5,3.6338e-06,3.6465183e-06,3.6083634e-06,3.6465183e-06,-1.0,,,,,,,,SL,,,,,,,,,,,,,,,,,,,,,,,,,,,,,,,,,,,,,,,,,,,,,,,,,,,,,,,,,,,,,,,,,
2026-08-30T14:11:05.223477,XRP_USDT,LOSS,SHORT,35.0,1.3897,1.39456395,1.3799721,1.39456395,-1.0,,,,,,,,SL,,,,,,,,,,,,,,,,,,,,,,,,,,,,,,,,,,,,,,,,,,,,,,,,,,,,,,,,,,,,,,,,,
2026-08-30T14:11:05.223553,HYPE_USDT,LOSS,SHORT,36.0,82.653,82.94228550000001,82.07442900000001,82.94228550000001,-1.0,,,,,,,,SL,,,,,,,,,,,,,,,,,,,,,,,,,,,,,,,,,,,,,,,,,,,,,,,,,,,,,,,,,,,,,,,,,
2026-08-30T14:20:57.744687,MUSTOCK_USDT,OPEN,SHORT,36.0,936.62,939.89817,930.06366,,,28.57142857142857,38.98305084745861,41.25326370757191,0.0010676688518279456,11973985.1856,8.11113254871696,2.1246394893632408,HIGH_EDGE,2026-08-30 14:20:53.047,2026-08-30 14:20:27.891,936.62,936.62,936.63,1280831.0,0.0029,0.0,1518082.0,0.6406045004736748,936.6644679331034,936.7356917250428,936.7853872065937,936.9599074725261,937.0066803111712,937.1560830107785,-0.07321028653461781,-0.06480292533512833,-0.008407361199489483,-0.18767827003819093,-0.1749924533826526,-0.012685816655538334,-0.0036608974445471176,0.1829784262450342,-0.1866393236895813,0.8019424651981608,0.00754994402364741,0.027378079843325732,0.06916968918634693,0.0,36.0,SHORT,78108.2,0.0001280276949397935,-0.01830458574674762,0.05084346360529731,-0.024583237305058882,32.69961977186318,47.81021897810256,57.549268912905134,55.934531303651184,78115.19306411971,78108.09309111038,78097.58376484422,78090.02459356796,78085.39133584543,78089.47411817244,78083.31777635065,78033.17800993418,11.87960399792064,17.566618775709344,4.01206643509795,-2.7357706436378395,-1.5000266722781816,-0.24555733742476976,12.539631772204302,-27.12073649846976,0.37949279029648025,0.34563982076958605,1.2920477978834504,0.713523913575357,0.00921798223490139,0.060035767234245856,0.11990692764286691,0.24650786619440146
2026-08-30T15:41:07.639653,TAO_USDT,OPEN,LONG,36.0,237.36,236.52924000000002,239.02151999999998,,,69.06474820143869,57.48031496063015,66.98262243285956,0.0042130097741908176,24767156.8018,5.179365503370469,0.9976873442790519,HIGH_EDGE,2026-08-30 15:40:54.428,2026-08-30 15:40:35.800,237.36,237.35,237.36,10527769.0,-0.0008,5e-05,33577379.0,-0.05387629686720645,237.0584742889131,236.89162651908225,236.77359781715404,236.36709391231878,236.07521649585394,235.5958333121032,0.16213571625382883,0.12730365922476128,0.034832057029067554,0.4442433221539943,0.41880297008832434,0.02544035206566997,0.35824304851493594,0.12530325083131585,0.23293979768362008,0.6067102174155447,0.07794068082238045,0.19740960084741943,0.3779671625981047,36.0,0.0,LONG,78212.5,-0.022114334946533046,0.05078492774980184,0.07221538623068813,0.03329798624024753,80.39408866994495,72.49653899400273,57.184499314128864,69.1150798979461,78194.27973849396,78167.55869074583,78150.54995714547,78125.53156330618,78108.74023292997,78100.1304023072,78088.41422107755,78040.04671675306,25.877307341463165,19.884831962781547,21.12051657306438,11.04438831689892,7.590305587538751,2.4972931504791713,15.332816478883615,-18.586486858809263,1.1133581563808064,4.16540810902375,0.9846769028734452,0.3518899309903489,0.017315463823372835,0.02943446197401528,0.09270531290669055,0.23606931665106323
2026-08-30T15:51:05.436731,LINK_USDT,LOSS,SHORT,36.0,11.395,11.4348825,11.315235,11.4348825,-1.0,,,,,,,,SL,,,,,,,,,,,,,,,,,,,,,,,,,,,,,,,,,,,,,,,,,,,,,,,,,,,,,,,,,,,,,,,,,
2026-08-30T15:51:05.436828,ADA_USDT,OPEN,LONG,37.0,0.202,0.20129300000000003,0.20341399999999998,,,65.38461538461517,66.66666666666666,59.0909090909092,0.04950495049505779,11044432.5142,0.03623859912303463,1.586459172773103,HIGH_EDGE,2026-08-30 15:51:01.052,2026-08-30 15:50:29.027,0.202,0.2019,0.202,55125121.0,0.0069,5e-06,156276004.0,0.21207117067832681,0.2016869339600898,0.20145818374893917,0.20123583562001413,0.20097891413958666,0.20086655653590937,0.20080255924211926,0.00024343368417806266,0.00022486418886470414,1.8569495313358516e-05,0.0002112150498966292,0.00010095893370679103,0.00011025611618983817,1.804553486473015e-05,-6.118287885060655e-05,7.92284137153367e-05,1.076212834942531,0.13437057991513135,0.1874115983026874,0.28288543140028216,38.0,1.0,LONG,78257.2,-0.006133244742024112,0.05357008155692579,0.07574584709318541,0.03329798624024753,62.80570652173713,83.14791924186358,63.064075798939314,69.1150798979461,78227.56327819986,78204.80862586499,78182.23997257315,78144.92001116501,78130.05218634402,78110.60082539616,78088.41422107755,78040.04671675306,25.16412535539712,24.00748627386932,31.89588155808451,17.52488064766485,15.843372148941853,5.166592944086425,15.332816478883615,-18.586486858809263,1.7568526320035853,4.002281276530536,2.3047014601753637,0.3518899309903489,0.04061698385032212,0.04224166320433262,0.09804666079104964,0.23593447540381313
2026-08-30T16:01:16.786159,HYPE_USDT,OPEN,LONG,46.0,83.3,83.00845,83.88309999999998,,,59.83935742971868,63.340336134453864,61.101973684210876,0.0036014405762306288,108242734.3705,3.1241398578243187,2.7140003800572696,HIGH_EDGE,2026-08-30 16:00:54.796,2026-08-30 16:00:44.887,83.3,83.315,83.318,13101716.0,0.0044,5e-05,10673432.0,1.0039899361589395,83.30094275199116,83.27023032235438,83.24525201247467,83.14736405906714,83.15988404835252,83.0910180186866,0.0312832422704048,0.024498688961752075,0.006784553308652724,0.09171574335387334,0.06849399697506747,0.023221746378805863,0.05136102766125816,0.0068159495855034825,0.04454507807575468,1.7237343155545324,0.0572800548790987,0.13968444520665574,0.26384839650145764,46.0,0.0,LONG,78252.7,0.004728494932838873,0.01226945251401244,0.047816731509045134,0.18423020197467402,65.0530503978743,78.95139686184808,60.235131396956206,68.21887522454116,78241.15263835175,78226.1893150925,78206.06958244689,78162.83228704668,78154.58174907544,78123.51993904146,78121.27137686132,78059.37692353061,18.36628772225231,19.51114682313705,38.6066819307016,24.61102895380539,25.113686833079555,9.157750323126777,28.80154779367149,-9.102697270944613,0.5099268457940714,1.498497813153592,1.9206544284745526,0.7686793062774108,0.01995367024305509,0.046844572592563034,0.09547822083364121,0.23014267513179135
2026-08-30T16:21:01.697295,ENA_USDT,OPEN,LONG,36.0,0.16251,0.16153199999999998,0.164466,,,60.509554140127,75.51020408163252,71.4093959731544,0.006153467478930528,37551701.8647,1.514304830471739,2.761529772291109,HIGH_EDGE,2026-08-30 16:20:43.073,2026-08-30 16:20:28.990,0.16251,0.16251,0.16252,23856128.0,0.0391,5e-05,23395135.0,2.429139321739563,0.16203496012857643,0.16180902724009968,0.161507510594049,0.16070791851979005,0.16046888883177404,0.1598141128501986,0.0002698272964894166,0.0002783558971122395,-8.528600622822904e-06,0.0007539206392148112,0.000561112730972996,0.00019280790824181522,0.0005868126475394031,0.0003299492625000895,0.0002568633850393136,2.198470486883715,0.26459910159375044,0.5015075995323391,0.8733528486159107,37.0,1.0,LONG,78206.8,0.0,-0.03336192318064557,-0.025302641314616507,0.18423020197467402,22.959183673468246,70.2323991797717,56.75956378743186,68.21887522454116,78218.30773647432,78223.50256587748,78215.53570096983,78182.037370562,78170.24539926036,78133.46375739205,78121.27137686132,78059.37692353061,-2.270952047154424,1.7908770243351535,35.0875345759996,32.10288621572384,30.51480618354981,13.435378211144906,28.80154779367149,-9.102697270944613,1.207477349744085,0.6921203492473786,0.9220924123507805,0.7686793062774108,0.005553042884837929,0.04696339887141683,0.09081234441433458,0.23027774713049923
2026-08-30T16:31:10.898887,ADA_USDT,LOSS,LONG,37.0,0.202,0.20129300000000003,0.20341399999999998,0.20129300000000003,-1.0,,,,,,,,SL,,,,,,,,,,,,,,,,,,,,,,,,,,,,,,,,,,,,,,,,,,,,,,,,,,,,,,,,,,,,,,,,,
2026-08-30T16:41:02.014960,HYPE_USDT,LOSS,LONG,46.0,83.3,83.00845,83.88309999999998,83.00845,-1.0,,,,,,,,SL,,,,,,,,,,,,,,,,,,,,,,,,,,,,,,,,,,,,,,,,,,,,,,,,,,,,,,,,,,,,,,,,,
2026-08-30T16:41:02.015071,ENA_USDT,LOSS,LONG,36.0,0.16251,0.16153199999999998,0.164466,0.16153199999999998,-1.0,,,,,,,,SL,,,,,,,,,,,,,,,,,,,,,,,,,,,,,,,,,,,,,,,,,,,,,,,,,,,,,,,,,,,,,,,,,
2026-08-30T16:41:02.015184,WLD_USDT,OPEN,SHORT,38.0,0.3762,0.3775167,0.37356659999999997,,,36.842105263157585,26.190476190476062,43.82022471910112,0.026581605528971024,16494147.4695,1.9321939787861218,2.568968285002778,HIGH_EDGE,2026-08-30 16:40:54.003,2026-08-30 16:40:26.991,0.3762,0.376,0.3761,43866249.0,-0.0005,-0.000168,69261901.0,-0.8799702264540006,0.37608171403618773,0.37628416963749256,0.37652361641711407,0.3768786285427297,0.37714427590937283,0.37733463312739385,-0.00021584741851921052,-0.00019195522695217876,-2.3892191567031763e-05,-0.0002999069065606763,-0.00014755587480781593,-0.00015235103175286038,-0.00012201267095290902,-2.1554411686085864e-05,-0.00010045825926682316,0.39878974078061274,0.10442773600668032,0.22024758866864025,0.40821751348066965,0.0,38.0,SHORT,78151.7,0.017533082495069095,0.004094768293693532,-0.05112938418491453,0.18423020197467402,27.21461187214517,49.151234567899444,58.04567180031779,68.21887522454116,78158.88277066361,78176.98654980813,78187.11430311772,78178.25721817117,78174.77631940831,78138.86686470624,78121.27137686132,78059.37692353061,-17.916653316642623,-14.795812261750235,16.80347029605764,26.865140104384395,31.207362195840687,16.99445066861894,28.80154779367149,-9.102697270944613,0.8761200403773169,1.147719095539002,0.989728277481606,0.7686793062774108,0.014102608863824868,0.047416937644535063,0.08979788210438477,0.23044010193361797
2026-08-30T16:41:02.015374,AAVE_USDT,OPEN,SHORT,35.0,124.39,124.825365,123.51927,,,13.461538461538439,25.268817204301016,35.73883161512005,0.008039231449477543,10592667.9351,7.4310191014292855,4.1086294689764795,HIGH_EDGE,2026-08-30 16:40:58.054,2026-08-30 16:40:27.003,124.39,124.33,124.34,8545015.0,0.0102,1.2e-05,14660888.0,-1.5388492012403205,124.67960812333502,124.89202410945316,125.00639119221145,125.22023679924777,125.3779401947934,125.44298988146551,-0.20214031006567268,-0.14943211647469104,-0.05270819359098164,-0.1799171077709616,-0.08847568732249486,-0.09144142044846673,-0.005827535366591974,0.06598643486267665,-0.07181397022926862,0.68414905653491,0.08211500694819492,0.19179309315172183,0.335925028424426,1.0,36.0,SHORT,78151.7,0.017533082495069095,0.004094768293693532,-0.05112938418491453,0.18423020197467402,27.21461187214517,49.151234567899444,58.04567180031779,68.21887522454116,78158.88277066361,78176.98654980813,78187.11430311772,78178.25721817117,78174.77631940831,78138.86686470624,78121.27137686132,78059.37692353061,-17.916653316642623,-14.795812261750235,16.80347029605764,26.865140104384395,31.207362195840687,16.99445066861894,28.80154779367149,-9.102697270944613,0.8761200403773169,1.147719095539002,0.989728277481606,0.7686793062774108,0.014102608863824868,0.047416937644535063,0.08979788210438477,0.23044010193361797
2026-08-30T16:51:06.698855,TAO_USDT,LOSS,LONG,36.0,237.36,236.52924000000002,239.02151999999998,236.52924000000002,-1.0,,,,,,,,SL,,,,,,,,,,,,,,,,,,,,,,,,,,,,,,,,,,,,,,,,,,,,,,,,,,,,,,,,,,,,,,,,,
2026-08-30T17:01:09.028327,HYPE_USDT,OPEN,SHORT,35.0,82.836,83.125926,82.256148,,,49.47368421052595,36.87580025608216,45.493562231759476,0.0012072045970408698,108480010.3999,2.2920025875969143,1.3402774054126851,HIGH_EDGE,2026-08-30 17:00:49.062,2026-08-30 17:00:41.813,82.836,82.835,82.836,13120266.0,-0.0011,5e-05,10355048.0,0.09788377331409555,82.87888731011633,82.913270193911,82.98269226305433,83.06148720643604,83.0638709062051,83.06835954949199,-0.049662014975780266,-0.06264748183210733,0.012985466856327066,-0.04969942928059368,0.003906374202979679,-0.053605803483573355,0.00640518736625495,0.021349822200065788,-0.014944634833810838,2.272863315812118,0.11546049681643011,0.19918875851079382,0.3035257272545429,1.0,36.0,SHORT,78082.8,-0.022023047375156327,-0.056702475837453206,-0.032391006822599586,-0.21711710905821038,37.20552396425731,17.094339622638998,49.87706933289625,50.6052371541504,78103.14480682623,78118.6526639521,78140.31305855674,78156.38495666887,78145.71284442101,78131.2267255787,78113.57710148735,78061.50208163055,-18.087911608614377,-18.20830683870444,-5.61060263311083,11.477614539567535,17.18044304777868,18.263837179936655,25.490481738757808,-2.155948228732166,1.1968778579402115,0.7380756333425094,1.315042953473235,0.7072731393752772,0.01791138930175979,0.04015883505348667,0.086190556691102,0.22891450760328097
2026-08-30T17:21:08.450830,HYPE_USDT,LOSS,SHORT,35.0,82.836,83.125926,82.256148,83.125926,-1.0,,,,,,,,SL,,,,,,,,,,,,,,,,,,,,,,,,,,,,,,,,,,,,,,,,,,,,,,,,,,,,,,,,,,,,,,,,,
2026-08-30T17:31:06.618895,HYPE_USDT,OPEN,LONG,43.0,83.489,83.19678850000001,84.07342299999999,,,86.69201520912469,55.90173756740568,67.49471458773804,0.001197762579490189,111394609.9158,7.40995194680238,2.9957562951338894,HIGH_EDGE,2026-08-30 17:30:44.587,2026-08-30 17:30:35.751,83.489,83.489,83.49,13470190.0,0.0066,5e-05,10439924.0,1.5102185752606518,83.38100700571354,83.26473936697542,83.19211555260637,83.13265479802823,83.14559737997351,83.10456973394929,0.11785468944745503,0.10174419338194728,0.016110496065507754,0.04041142529217723,-0.002659720917161731,0.04307114620933896,0.03729184874622149,0.02170184536858199,0.015590003377639501,2.642215476985826,0.07699902296795592,0.22158607720777496,0.318005964857647,44.0,1.0,LONG,78129.8,0.009600331787466575,-0.00729501954936884,0.009600331787466575,-0.21711710905821038,47.88809654415847,39.766081871344554,55.22222222222223,50.6052371541504,78134.77237073002,78134.51544953635,78139.26961202234,78148.69659216978,78138.78422042943,78130.35868226431,78113.57710148735,78061.50208163055,1.3261870448186528,3.3037684577576405,-6.204548216323019,-1.5808702015788403,12.47345729272638,16.476648319133005,25.490481738757808,-2.155948228732166,0.740839508790295,0.6439841800327001,0.902166648125852,0.7072731393752772,0.01815659874429196,0.051772819077997446,0.07797463780968233,0.2287768010961946
2026-08-30T17:31:06.619069,SUI_USDT,OPEN,SHORT,35.0,0.74,0.7425900000000001,0.73482,,,39.47368421052578,34.782608695652,51.53374233128815,0.013513513513512026,27291330.0051,0.23078914862277838,1.7260439131587466,HIGH_EDGE,2026-08-30 17:30:52.660,2026-08-30 17:30:35.764,0.74,0.74,0.7401,36831420.0,-0.0055,5.5e-05,87036730.0,1.403994782437967,0.740196348822578,0.7404410646248187,0.740836116432168,0.7415842785931342,0.7414108367406274,0.74151415983722,-0.000237245672894848,-0.0001657102969880536,-7.153537590679439e-05,-0.0005772264727991194,-0.00025964586270946796,-0.00031758061008965147,-3.0388153216320823e-05,0.00014694990172345917,-0.00017733805493978,1.051476384388862,0.05598455598455625,0.21428571428571533,0.31177606177606176,0.0,35.0,SHORT,78129.8,0.009600331787466575,-0.00729501954936884,0.009600331787466575,-0.21711710905821038,47.88809654415847,39.766081871344554,55.22222222222223,50.6052371541504,78134.77237073002,78134.51544953635,78139.26961202234,78148.69659216978,78138.78422042943,78130.35868226431,78113.57710148735,78061.50208163055,1.3261870448186528,3.3037684577576405,-6.204548216323019,-1.5808702015788403,12.47345729272638,16.476648319133005,25.490481738757808,-2.155948228732166,0.740839508790295,0.6439841800327001,0.902166648125852,0.7072731393752772,0.01815659874429196,0.051772819077997446,0.07797463780968233,0.2287768010961946
2026-08-30T17:41:04.638763,WLD_USDT,WIN,SHORT,38.0,0.3762,0.3775167,0.37356659999999997,0.37356659999999997,2.0,,,,,,,,TP,,,,,,,,,,,,,,,,,,,,,,,,,,,,,,,,,,,,,,,,,,,,,,,,,,,,,,,,,,,,,,,,,
2026-08-30T17:51:01.525501,XRP_USDT,OPEN,SHORT,42.0,1.3897,1.39456395,1.3799721,,,32.81249999999886,36.41618497109872,42.58555133079863,0.007195797654169172,257422608.3006,0.307821728701089,2.0313887961352304,HIGH_EDGE,2026-08-30 17:50:39.052,2026-08-30 17:50:30.798,1.3897,1.3896,1.3897,184998877.0,-0.002,6e-05,147061849.0,1.531529251344941,1.389357415379454,1.3900720992157634,1.391185484798196,1.3928070024593853,1.3931826696196294,1.393773856761929,-0.0007699409190673467,-0.000723166896649397,-4.6774022417949736e-05,-0.0014779936836026852,-0.0010594453305649112,-0.00041854835303777407,-0.00021013568578398534,0.00046512359810227914,-0.0006752592838862644,2.721438486259951,0.06424819334080303,0.1444299386301281,0.24003125032123848,1.0,43.0,SHORT,78037.8,-0.00012814286390493447,-0.0007688522573390393,-0.11698481245313405,-0.21711710905821038,39.4967177242881,37.364100288440355,41.6184971098262,50.6052371541504,78031.72839981694,78051.08860243968,78083.98915308446,78116.83560532286,78118.70737634329,78121.99872744361,78113.57710148735,78061.50208163055,-23.25817213593109,-25.66251159755958,-26.4164365282777,-12.658075802128337,3.612972197428462,13.908393494055268,25.490481738757808,-2.155948228732166,0.42465370035781347,1.2394497119615533,1.3956440922325586,0.7072731393752772,0.01873634132615892,0.059659732664353766,0.07957682046392982,0.22904650969511525
2026-08-30T17:51:01.525803,ADA_USDT,OPEN,SHORT,38.5,0.2003,0.20100105000000001,0.19889790000000002,,,38.4615384615383,34.782608695652385,44.827586206896456,0.0499251123315111,9356489.2663,0.38527693661321377,0.6137761952310782,HIGH_EDGE,2026-08-30 17:51:00.566,2026-08-30 17:50:30.856,0.2003,0.2002,0.2003,46683940.0,-0.0014,5e-06,158167597.0,-0.43639008604070795,0.200247155450573,0.20036106516689633,0.20051836713074112,0.20075067255101106,0.20079505727778946,0.20086740662577016,-0.00012452915545402288,-0.00012036381349995932,-4.165341954063561e-06,-0.00020145404245366927,-0.0001266501154734836,-7.480392698018567e-05,-3.608257389992042e-05,3.729351649447418e-05,-7.33760903943946e-05,1.7479739436731216,0.07132158904500696,0.15334141644675836,0.33164538905926927,0.0,38.5,SHORT,78037.8,-0.00012814286390493447,-0.0007688522573390393,-0.11698481245313405,-0.21711710905821038,39.4967177242881,37.364100288440355,41.6184971098262,50.6052371541504,78031.72839981694,78051.08860243968,78083.98915308446,78116.83560532286,78118.70737634329,78121.99872744361,78113.57710148735,78061.50208163055,-23.25817213593109,-25.66251159755958,-26.4164365282777,-12.658075802128337,3.612972197428462,13.908393494055268,25.490481738757808,-2.155948228732166,0.42465370035781347,1.2394497119615533,1.3956440922325586,0.7072731393752772,0.01873634132615892,0.059659732664353766,0.07957682046392982,0.22904650969511525
2026-08-30T18:20:59.219376,HYPE_USDT,LOSS,LONG,43.0,83.489,83.19678850000001,84.07342299999999,83.19678850000001,-1.0,,,,,,,,SL,,,,,,,,,,,,,,,,,,,,,,,,,,,,,,,,,,,,,,,,,,,,,,,,,,,,,,,,,,,,,,,,,
2026-08-30T18:20:59.219521,LINK_USDT,OPEN,SHORT,35.0,11.369,11.408791500000001,11.289417,,,18.181818181818187,36.03603603603608,47.56097560975638,0.008795848359569406,18625821.9278,2.1380690345172586,0.5641848888134977,HIGH_EDGE,2026-08-30 18:20:51.227,2026-08-30 18:20:29.956,11.369,11.371,11.372,16358221.0,-0.0012,3.8e-05,21924204.0,0.17344685426365777,11.370278803684155,11.373767260940616,11.376137038768796,11.384190942967402,11.387296118978853,11.392587293119622,-0.0029759287095671993,-0.0015915505185117962,-0.0013843781910554032,-0.00807935365682333,-0.007010714309287189,-0.0010686393475361402,-0.004224800034664966,-0.0013536484523187383,-0.002871151582346228,0.5392303498536097,0.03329856878981744,0.11308947890881647,0.21047208574695767,1.0,36.0,SHORT,78048.9,0.0,-0.030612454017287367,0.030365500691227815,-0.04315931293447096,44.892086330931065,34.0267882587634,47.352024922118765,45.41792547834897,78056.51992285547,78056.09380136276,78061.62411974644,78088.7833387989,78098.38872085931,78111.50056557592,78100.68168118986,78060.3737169881,0.7784596626152052,2.002545216642168,-27.55936654706602,-24.637160937575935,-5.396055298828287,7.430401828215515,19.894731051201234,2.2490047215345053,0.20424794412179095,0.7550731376346276,0.7614494897356486,0.6933494206259218,0.008447085279686645,0.04932804946642425,0.08468134354597869,0.22319340823509126
2026-08-30T18:31:12.620267,AAVE_USDT,WIN,SHORT,35.0,124.39,124.825365,123.51927,123.51927,2.0,,,,,,,,TP,,,,,,,,,,,,,,,,,,,,,,,,,,,,,,,,,,,,,,,,,,,,,,,,,,,,,,,,,,,,,,,,,
2026-08-30T18:31:12.620415,PEPE_USDT,OPEN,SHORT,39.0,3.6176e-06,3.6302616000000002e-06,3.5922768e-06,,,12.340425531914988,25.43689320388343,33.976420150053485,0.024878372401588234,29086234.102,3.5501184999302944,6.473962815197267,HIGH_EDGE,2026-08-30 18:30:53.910,2026-08-30 18:30:34.920,3.6176e-06,3.6175e-06,3.6184e-06,799063.0,-0.0072,4.5e-05,1861761.0,0.7377743725265484,3.6225197987355758e-06,3.626589205253079e-06,3.627833656395562e-06,3.6328698943268495e-06,3.632575109416679e-06,3.637380749358546e-06,-3.6334473117400442e-09,-2.289461838899201e-09,-1.3439854728408434e-09,-4.645209963654895e-09,-3.1879711787987646e-09,-1.4572387848561306e-09,-3.815974071651785e-09,-1.4528154795894308e-09,-2.3631585920623545e-09,2.672480283190891,0.08746919820559833,0.1516396032097063,0.28787830921842494,1.0,40.0,SHORT,77960.4,-0.05832892127390364,-0.06896180438946103,-0.1439681937883728,-0.04315931293447096,23.78731343283485,19.971550497867938,37.97796500324024,45.41792547834897,78010.12383099165,78030.6470776835,78033.79143663766,78070.9491181904,78070.79097668745,78097.76371180508,78100.68168118986,78060.3737169881,-16.933122894886765,-8.033124294497618,-35.64937096313224,-27.68199180981146,-16.56134666170692,2.6330774034969595,19.894731051201234,2.2490047215345053,3.2350330388284716,1.598933603819565,1.2898121070012503,0.6933494206259218,0.024270563736753733,0.05249001874211544,0.09507574175020833,0.22344677554245249
2026-08-30T18:31:12.620656,PUMPFUN_USDT,OPEN,SHORT,36.0,0.004829,0.0048459015,0.004795197,,,9.090909090907516,37.190082644628326,31.967213114754273,0.020708221163804778,15042708.1599,1.4077657709253315,2.529113706258552,HIGH_EDGE,2026-08-30 18:31:05.940,2026-08-30 18:30:34.898,0.004829,0.004828,0.004829,30780734.0,0.0085,5e-05,52019055.0,-1.4664994786835321,0.0048370421183495625,0.004847625843274253,0.0048513829125517195,0.004858777307215487,0.0048597090562800364,0.004885773104411922,-9.461694283668422e-06,-6.2625103232684155e-06,-3.1991839604000063e-06,-8.26893883034991e-06,-7.113202988583298e-06,-1.155735841766612e-06,-2.6668948499365512e-05,-2.4278117359410937e-05,-2.3908311399545752e-06,2.4955389468658136,0.12424932698280686,0.2869567789841173,0.6005384137502616,1.0,37.0,SHORT,77960.4,-0.05832892127390364,-0.06896180438946103,-0.1439681937883728,-0.04315931293447096,23.78731343283485,19.971550497867938,37.97796500324024,45.41792547834897,78010.12383099165,78030.6470776835,78033.79143663766,78070.9491181904,78070.79097668745,78097.76371180508,78100.68168118986,78060.3737169881,-16.933122894886765,-8.033124294497618,-35.64937096313224,-27.68199180981146,-16.56134666170692,2.6330774034969595,19.894731051201234,2.2490047215345053,3.2350330388284716,1.598933603819565,1.2898121070012503,0.6933494206259218,0.024270563736753733,0.05249001874211544,0.09507574175020833,0.22344677554245249
2026-08-30T18:41:01.128141,ENA_USDT,OPEN,SHORT,40.0,0.15658,0.1575305714285714,0.15467885714285715,,,40.9756097560972,24.807692307691838,36.53846153846156,0.012773023374645552,37499527.6131,2.375835480200705,1.5564969196815273,HIGH_EDGE,2026-08-30 18:40:44.238,2026-08-30 18:40:28.887,0.15658,0.15663,0.15665,23796244.0,0.0012,5e-05,22651387.0,1.801383146651216,0.15704619496004116,0.15733350655098155,0.15772517546572376,0.1586473541770658,0.15911631022791584,0.15953426849485403,-0.0003388410373955375,-0.00035007539579005317,1.1234358394515665e-05,-0.0008695746362791523,-0.0006541161660086106,-0.00021545847027054177,-0.00017936610090815708,0.00022229905132985602,-0.0004016651522380131,2.5291788506539885,0.1514515628706453,0.5059029615167034,0.9798733645968286,1.0,41.0,SHORT,77976.6,-0.011797019457384664,0.0010259593361054459,-0.1439681937883728,-0.04315931293447096,39.368302312464,26.503067484666175,37.97796500324024,45.41792547834897,77984.79202816056,78000.7436560039,78013.07451944811,78054.50920635308,78070.79097668745,78097.76371180508,78100.68168118986,78060.3737169881,-17.83551385026658,-17.86156099894599,-40.28985401503451,-31.939202321726818,-16.56134666170692,2.6330774034969595,19.894731051201234,2.2490047215345053,0.7084733352537474,1.173739167181233,1.2898121070012503,0.6933494206259218,0.019703713311796267,0.049996683986879974,0.09505598932427087,0.22340035343936274
2026-08-30T18:50:59.242361,PUMPFUN_USDT,LOSS,SHORT,36.0,0.004829,0.0048459015,0.004795197,0.0048459015,-1.0,,,,,,,,SL,,,,,,,,,,,,,,,,,,,,,,,,,,,,,,,,,,,,,,,,,,,,,,,,,,,,,,,,,,,,,,,,,
2026-08-30T19:01:20.243745,BTC_USDT,OPEN,SHORT,38.0,77966.5,78239.38275,77420.7345,,,36.2328767123284,36.50975889782101,35.231539424280726,0.00012826021433028388,2051741850.24229,1.5303734360613537,1.3313220787388655,HIGH_EDGE,2026-08-30 19:00:49.905,2026-08-30 19:00:43.941,77966.5,77966.5,77966.6,263067253.0,0.0018,0.0001,575273308.0,-0.010263285105418267,77983.91900665838,77990.51131236681,77992.2303631658,78030.78993109931,78039.98222508092,78078.45159395167,-7.786952867274522,-7.7767665352826185,-0.01018633199190333,-40.4115547498659,-36.56500366302318,-3.846551086842723,-28.080917533152387,-7.344578486666158,-20.73633904648623,1.3143126499592133,0.015711876254547886,0.046952399886030304,0.09865958914588854,0.0,38.0,SHORT,77967.3,-0.031669914863059145,-0.0038476189010430892,-0.05166163296909904,-0.1048058209511742,36.2328767123284,36.50975889782101,35.231539424280726,38.87571157495265,77983.91900665838,77990.51131236681,77992.2303631658,78030.78993109931,78039.98222508092,78078.45159395167,78074.00534495193,78051.91107138868,-7.786952867274522,-7.7767665352826185,-40.4115547498659,-36.56500366302318,-28.080917533152387,-7.344578486666158,8.758332304452779,3.546245904180178,1.5303734360613537,1.3313220787388655,1.3143126499592133,0.7799542213408257,0.015711715039512818,0.046951918120983815,0.09865857682827184,0.21716063749069708
2026-08-30T19:01:20.243996,PUMPFUN_USDT,OPEN,SHORT,35.0,0.004811,0.004831742857142857,0.0047695142857142854,,,26.388888888889085,34.58646616541371,34.126984126984354,0.020785699438770847,14849366.1477,0.19264036079929212,0.9944141240652444,HIGH_EDGE,2026-08-30 19:01:14.165,2026-08-30 19:00:43.988,0.004811,0.004812,0.004813,30345433.0,0.0048,5e-05,51924647.0,-0.9053032426161736,0.00481669761250451,0.004822901148758735,0.00482885865022784,0.004843017295622067,0.004847813796019358,0.0048756970445067065,-6.809852252770941e-06,-6.3793055311293274e-06,-4.305467216416138e-07,-1.4094072792255816e-05,-1.0782587872133581e-05,-3.3114849201222344e-06,-2.8538047843105173e-05,-2.5471366846773134e-05,-3.0666809963320393e-06,2.652694364612803,0.17073967396145556,0.3592956617275886,0.6339638328829783,1.5,36.5,SHORT,77967.3,-0.031669914863059145,-0.0038476189010430892,-0.05166163296909904,-0.1048058209511742,36.2328767123284,36.50975889782101,35.231539424280726,38.87571157495265,77983.91900665838,77990.51131236681,77992.2303631658,78030.78993109931,78039.98222508092,78078.45159395167,78074.00534495193,78051.91107138868,-7.786952867274522,-7.7767665352826185,-40.4115547498659,-36.56500366302318,-28.080917533152387,-7.344578486666158,8.758332304452779,3.546245904180178,1.5303734360613537,1.3313220787388655,1.3143126499592133,0.7799542213408257,0.015711715039512818,0.046951918120983815,0.09865857682827184,0.21716063749069708
2026-08-30T19:21:06.876705,PROM_USDT,OPEN,SHORT,35.5,6.377,6.542857142857143,6.045285714285715,,,23.79958246346567,11.975524475524509,24.024284475281917,0.04704406460718385,16859397.786,2.080881816190963,1.8402801788133076,HIGH_EDGE,2026-08-30 19:20:55.221,2026-08-30 19:20:34.779,6.377,6.373,6.376,2508940.0,0.1626,3e-06,468347.0,1.5685925823115325,6.517569855293014,6.638146879578953,6.777889131572165,6.955241859616995,7.022704452810154,7.085361934959179,-0.1352221133207383,-0.13251952433041084,-0.0027025889903274647,-0.1411827946848616,-0.057337691894980045,-0.08384510278988157,-0.0361682339362126,0.0065011873243458924,-0.04266942126055849,4.865741112884642,0.9408812921436391,2.167387262259458,2.7072739084656914,1.5,37.0,SHORT,77991.0,-0.005384946765951097,0.010002154310162843,0.020393164826785305,-0.1048058209511742,55.4953560371507,42.2122492080263,30.525255915422335,38.87571157495265,77994.19763447398,77992.4356209234,77988.06971675303,78015.79704052095,78028.62578006505,78069.7919566698,78074.00534495193,78051.91107138868,1.355318733229069,1.099366890083526,-33.408270870451815,-36.565777263193006,-31.76223705119628,-12.226194811097715,8.758332304452779,3.546245904180178,1.5233763046062627,0.7907905018642414,1.9534702054502344,0.7799542213408257,0.016650272833682873,0.05832174774745098,0.09752956843005775,0.2170946464518781
2026-08-30T19:31:11.575844,PEPE_USDT,LOSS,SHORT,39.0,3.6176e-06,3.6302616000000002e-06,3.5922768e-06,3.6302616000000002e-06,-1.0,,,,,,,,SL,,,,,,,,,,,,,,,,,,,,,,,,,,,,,,,,,,,,,,,,,,,,,,,,,,,,,,,,,,,,,,,,,
2026-08-30T19:31:11.575976,PROM_USDT,LOSS,SHORT,35.5,6.377,6.542857142857143,6.045285714285715,6.542857142857143,-1.0,,,,,,,,SL,,,,,,,,,,,,,,,,,,,,,,,,,,,,,,,,,,,,,,,,,,,,,,,,,,,,,,,,,,,,,,,,,
2026-08-30T19:41:04.046563,ENA_USDT,LOSS,SHORT,40.0,0.15658,0.1575305714285714,0.15467885714285715,0.1575305714285714,-1.0,,,,,,,,SL,,,,,,,,,,,,,,,,,,,,,,,,,,,,,,,,,,,,,,,,,,,,,,,,,,,,,,,,,,,,,,,,,
2026-08-30T19:51:05.238416,ADA_USDT,LOSS,SHORT,38.5,0.2003,0.20100105000000001,0.19889790000000002,0.20100105000000001,-1.0,,,,,,,,SL,,,,,,,,,,,,,,,,,,,,,,,,,,,,,,,,,,,,,,,,,,,,,,,,,,,,,,,,,,,,,,,,,
2026-08-30T19:51:05.238521,PUMPFUN_USDT,LOSS,SHORT,35.0,0.004811,0.004831742857142857,0.0047695142857142854,0.004831742857142857,-1.0,,,,,,,,SL,,,,,,,,,,,,,,,,,,,,,,,,,,,,,,,,,,,,,,,,,,,,,,,,,,,,,,,,,,,,,,,,,
2026-08-30T19:51:05.238594,ZEC_USDT,OPEN,LONG,37.0,839.16,836.22294,845.0341199999999,,,72.67552182163134,67.37463126843662,53.28185328185315,0.0011916678583334412,132061246.9332,1.1866197574710555,1.868558974329792,HIGH_EDGE,2026-08-30 19:50:38.950,2026-08-30 19:50:26.792,839.16,839.24,839.25,15921106.0,0.0056,0.0001,11267888.0,-0.010444522238535318,838.7765216123266,838.148579333385,837.4042872605264,836.4306904075859,836.2072670386185,835.0971707933236,0.6239006105978433,0.49396550849466,0.12993510210318332,0.8664847316287023,0.5221467870745795,0.3443379445541228,1.0374805985918556,0.753566994626866,0.28391360396498955,0.8488832543089648,0.09414176080842701,0.2519526329050131,0.45896236372426913,37.0,0.0,LONG,78120.6,0.0,0.05058842664870244,0.08652337541146672,-0.1048058209511742,89.48339483395314,68.00900450225033,38.077285579643416,38.87571157495265,78101.31025243868,78074.46551580081,78046.60009982853,78035.05913138845,78036.7164992418,78066.17541289334,78074.00534495193,78051.91107138868,26.563861004717182,21.27492094195957,-0.606691293141921,-19.056361424760983,-26.182344393702806,-18.14903060809344,8.758332304452779,3.546245904180178,0.2209866756800983,1.3006703316276504,1.0809191919359888,0.7799542213408257,0.011685229540700755,0.06123316293744932,0.10492933819175605,0.2167344922008846
2026-08-30T19:51:05.238731,HYPE_USDT,OPEN,LONG,36.0,83.5,83.20775,84.08449999999999,,,62.01716738197421,64.61424332344251,58.345498783454815,0.00119760479042488,118579940.2639,0.08358441674627848,0.5592263710904226,HIGH_EDGE,2026-08-30 19:50:40.179,2026-08-30 19:50:26.801,83.5,83.5,83.501,14317017.0,0.0068,5e-05,10655199.0,0.1273487083343396,83.49904478292453,83.46869780873392,83.42325669452109,83.36190212836871,83.35979555664943,83.26410811914944,0.03150380852267176,0.02597910289484995,0.00552470562782181,0.05648720525343265,0.035956092044680296,0.020531113208752352,0.09299446053151428,0.07113697618349274,0.02185748434802154,1.0622484016163436,0.07031650983746694,0.1983746792130016,0.42035928143712586,36.0,0.0,LONG,78120.6,0.0,0.05058842664870244,0.08652337541146672,-0.1048058209511742,89.48339483395314,68.00900450225033,38.077285579643416,38.87571157495265,78101.31025243868,78074.46551580081,78046.60009982853,78035.05913138845,78036.7164992418,78066.17541289334,78074.00534495193,78051.91107138868,26.563861004717182,21.27492094195957,-0.606691293141921,-19.056361424760983,-26.182344393702806,-18.14903060809344,8.758332304452779,3.546245904180178,0.2209866756800983,1.3006703316276504,1.0809191919359888,0.7799542213408257,0.011685229540700755,0.06123316293744932,0.10492933819175605,0.2167344922008846
2026-08-30T20:01:14.521075,SKHYNIXSTOCK_USDT,OPEN,LONG,36.0,1237.29,1232.959485,1245.95103,,,59.83263598326189,59.74955277280963,52.34042553191505,0.000808217960218777,99380764.59366,0.0002416671259324446,1.461366435003305,HIGH_EDGE,2026-08-30 20:00:52.312,2026-08-30 20:00:41.095,1237.29,1237.39,1237.4,80937937.0,0.0183,0.0,18404100.0,-2.139123761750792,1236.9823704180847,1236.815345324497,1236.6707623245075,1236.2707344486876,1236.1838988149332,1235.8510520669654,0.17018720077771832,0.1377594910189009,0.032427709758817425,0.362703822003823,0.2491189717955808,0.11358485020824222,0.44420382293174043,0.4297766126576836,0.014427210274056856,1.0530979348464637,0.01801171454203815,0.058768991678820486,0.11170726807319895,36.0,0.0,LONG,78119.1,0.005120648888627167,-0.00384014254609131,0.04866734715571373,0.19469700759164793,66.13190730837303,70.19982623805285,44.18531358336083,51.33804324555772,78115.52772652669,78100.68706029544,78073.18006388974,78049.89158029326,78053.19319939314,78070.98591674832,78083.02427596325,78058.01917040396,18.955010663965368,21.65926318836164,11.088775674288627,-8.991176961878686,-18.406256394300726,-18.195239064761033,12.042697601456894,5.241462311321206,0.4262110237049581,0.6740987497638613,1.0908119415170607,1.0608276244134496,0.005330688287862819,0.052840561947809186,0.10493135298720668,0.21678437155573804
2026-08-30T20:41:03.318843,HYPE_USDT,LOSS,LONG,36.0,83.5,83.20775,84.08449999999999,83.20775,-1.0,,,,,,,,SL,,,,,,,,,,,,,,,,,,,,,,,,,,,,,,,,,,,,,,,,,,,,,,,,,,,,,,,,,,,,,,,,,
2026-08-30T20:51:08.874094,LINK_USDT,LOSS,SHORT,35.0,11.369,11.408791500000001,11.289417,11.408791500000001,-1.0,,,,,,,,SL,,,,,,,,,,,,,,,,,,,,,,,,,,,,,,,,,,,,,,,,,,,,,,,,,,,,,,,,,,,,,,,,,
2026-08-30T21:01:14.068217,HYPE_USDT,OPEN,LONG,39.0,83.54,83.24761000000001,84.12478,,,70.96018735363057,53.439153439153245,54.113207547169694,0.0011970313622274057,117664386.9948,2.5852793954385214,1.8518021316075344,HIGH_EDGE,2026-08-30 21:00:52.300,2026-08-30 21:00:43.996,83.54,83.539,83.54,14190614.0,0.0072,5e-05,10649358.0,0.8291305249765025,83.45700040290765,83.40136765014064,83.40853085175331,83.38983775414802,83.43262388800147,83.33924763061017,0.04392656442601606,0.018223840742158125,0.025702723683857932,0.02149696026341985,0.018887781462770453,0.0026091788006493977,0.09794905060785197,0.08693412421633542,0.01101492639151655,0.8654658032493165,0.060193577071721155,0.1677553951913531,0.3691131707650735,39.0,0.0,LONG,78141.5,0.0,0.04186468106026093,-0.01765715185023013,0.028674165472969068,43.551952837139915,53.466003316748626,50.95354523227353,50.527804984220104,78127.08219290731,78131.18128854175,78136.54864637721,78115.17410768782,78114.6236144705,78098.62121167974,78094.7194207715,78065.60977212564,-5.676693335364689,-7.9142664517064825,23.956551755560213,25.7467375567673,8.651099954382516,-5.802328982672573,16.244171452577575,7.411362993770087,0.2437834963376112,0.7936800322138488,0.8618388644965981,0.9593328165334112,0.014415241215342097,0.04639934331583775,0.10557770198933986,0.2134680584032057
2026-08-30T21:11:07.052047,DOGE_USDT,LOSS,SHORT,39.0,0.08491,0.085207185,0.08431563,0.085207185,-1.0,,,,,,,,SL,,,,,,,,,,,,,,,,,,,,,,,,,,,,,,,,,,,,,,,,,,,,,,,,,,,,,,,,,,,,,,,,,
2026-08-30T21:11:07.052155,SOL_USDT,LOSS,SHORT,37.0,105.07,105.43774499999999,104.33451,105.43774499999999,-1.0,,,,,,,,SL,,,,,,,,,,,,,,,,,,,,,,,,,,,,,,,,,,,,,,,,,,,,,,,,,,,,,,,,,,,,,,,,,
2026-08-30T21:11:07.052216,SUI_USDT,LOSS,SHORT,35.0,0.74,0.7425900000000001,0.73482,0.7425900000000001,-1.0,,,,,,,,SL,,,,,,,,,,,,,,,,,,,,,,,,,,,,,,,,,,,,,,,,,,,,,,,,,,,,,,,,,,,,,,,,,
2026-08-30T21:11:07.052250,XRP_USDT,LOSS,SHORT,42.0,1.3897,1.39456395,1.3799721,1.39456395,-1.0,,,,,,,,SL,,,,,,,,,,,,,,,,,,,,,,,,,,,,,,,,,,,,,,,,,,,,,,,,,,,,,,,,,,,,,,,,,
2026-08-30T21:11:07.052280,BTC_USDT,LOSS,SHORT,38.0,77966.5,78239.38275,77420.7345,78239.38275,-1.0,,,,,,,,SL,,,,,,,,,,,,,,,,,,,,,,,,,,,,,,,,,,,,,,,,,,,,,,,,,,,,,,,,,,,,,,,,,
2026-08-30T21:11:07.052310,ZEC_USDT,WIN,LONG,37.0,839.16,836.22294,845.0341199999999,845.0341199999999,2.0,,,,,,,,TP,,,,,,,,,,,,,,,,,,,,,,,,,,,,,,,,,,,,,,,,,,,,,,,,,,,,,,,,,,,,,,,,,
2026-08-30T21:11:07.052356,SOL_USDT,OPEN,LONG,35.0,105.75,105.37987500000001,106.49024999999999,,,87.12871287128851,71.24183006535898,52.60416666666685,0.009456264775405112,766448922.673,2.790626935710241,3.5886504223326265,HIGH_EDGE,2026-08-30 21:10:36.495,2026-08-30 21:10:29.847,105.75,105.73,105.74,73036440.0,0.0075,5.4e-05,37178333.0,0.4548012698510141,105.38517843803865,105.22228130514874,105.19717778239286,105.06849461878575,104.97767723931416,104.9302332332927,0.13469688258153667,0.06741191246732038,0.06728497011421629,0.11966877404219645,0.08377369259543083,0.03589508144676562,0.016264372585098386,-0.03562618615622718,0.05189055874132557,0.9330058830628449,0.12158054711246087,0.16683552853765515,0.26747720364741406,36.0,1.0,LONG,78570.1,0.16879638235186492,0.4040693179509413,-0.01765715185023013,0.028674165472969068,85.22137404580297,81.07772877618498,50.95354523227353,50.527804984220104,78365.14141515883,78266.47590277375,78242.03513368122,78167.99592921254,78114.6236144705,78098.62121167974,78094.7194207715,78065.60977212564,82.38113907114894,42.02415628858066,62.960599073936464,34.169862893569125,8.651099954382516,-5.802328982672573,16.244171452577575,7.411362993770087,2.979696608527266,7.073835255851872,0.8618388644965981,0.9593328165334112,0.07738312666014541,0.08651964478672595,0.10500177548456728,0.2123035898606989
2026-08-30T21:11:07.052490,ZEC_USDT,OPEN,LONG,39.0,847.0,843.8362857142857,853.3274285714285,,,78.33333333333248,65.42792792792778,65.07246376811574,0.001180637544272834,128381150.5039,2.898601460578559,3.2046058282564647,HIGH_EDGE,2026-08-30 21:10:38.711,2026-08-30 21:10:29.849,847.0,846.98,846.99,15424840.0,0.015,0.0001,11884532.0,2.3021075666599584,842.1203100207126,840.7916770223692,840.8675957758696,839.4999697362533,838.6964292632019,836.9276816333422,1.0980242834139062,0.5326076783344954,0.5654166050794108,1.345943175179059,1.0257411627296154,0.3202020124494436,1.7048445912806756,1.3169527166735235,0.387891874607152,1.3034457261200634,0.19919041996964174,0.3112666554224993,0.42241524709057016,40.0,1.0,LONG,78570.1,0.16879638235186492,0.4040693179509413,-0.01765715185023013,0.028674165472969068,85.22137404580297,81.07772877618498,50.95354523227353,50.527804984220104,78365.14141515883,78266.47590277375,78242.03513368122,78167.99592921254,78114.6236144705,78098.62121167974,78094.7194207715,78065.60977212564,82.38113907114894,42.02415628858066,62.960599073936464,34.169862893569125,8.651099954382516,-5.802328982672573,16.244171452577575,7.411362993770087,2.979696608527266,7.073835255851872,0.8618388644965981,0.9593328165334112,0.07738312666014541,0.08651964478672595,0.10500177548456728,0.2123035898606989
2026-08-30T21:11:07.052634,LINK_USDT,OPEN,LONG,35.5,11.474,11.433841000000001,11.554317999999999,,,91.11111111111046,84.28571428571331,56.41025641025679,0.008715356458074305,19195985.0218,1.8618042933182457,5.180510551648597,HIGH_EDGE,2026-08-30 21:10:55.799,2026-08-30 21:10:29.900,11.474,11.473,11.474,16843092.0,0.0079,1.2e-05,23167771.0,-2.51845111530547,11.443358923496758,11.424428315410257,11.415442137456052,11.395733215937625,11.385508860743936,11.382770774848835,0.017288329533633018,0.0114858442018241,0.0058024853318089185,0.016568884821051455,0.008905237951672425,0.00766364686937903,-0.0004219335867698959,-0.005476623413797689,0.005054689827027793,3.72409473936368,0.11454468487761546,0.16683682362608784,0.2402948280584682,38.0,2.5,LONG,78570.1,0.16879638235186492,0.4040693179509413,-0.01765715185023013,0.028674165472969068,85.22137404580297,81.07772877618498,50.95354523227353,50.527804984220104,78365.14141515883,78266.47590277375,78242.03513368122,78167.99592921254,78114.6236144705,78098.62121167974,78094.7194207715,78065.60977212564,82.38113907114894,42.02415628858066,62.960599073936464,34.169862893569125,8.651099954382516,-5.802328982672573,16.244171452577575,7.411362993770087,2.979696608527266,7.073835255851872,0.8618388644965981,0.9593328165334112,0.07738312666014541,0.08651964478672595,0.10500177548456728,0.2123035898606989
2026-08-30T21:21:07.337520,SOL_USDT,LOSS,LONG,35.0,105.75,105.37987500000001,106.49024999999999,105.37987500000001,-1.0,,,,,,,,SL,,,,,,,,,,,,,,,,,,,,,,,,,,,,,,,,,,,,,,,,,,,,,,,,,,,,,,,,,,,,,,,,,
2026-08-30T21:21:07.337629,ZEC_USDT,LOSS,LONG,39.0,847.0,843.8362857142857,853.3274285714285,843.8362857142857,-1.0,,,,,,,,SL,,,,,,,,,,,,,,,,,,,,,,,,,,,,,,,,,,,,,,,,,,,,,,,,,,,,,,,,,,,,,,,,,
2026-08-30T21:21:07.337739,HNT_USDT,OPEN,LONG,36.0,0.6833,0.6524514285714287,0.7449971428571428,,,56.61103979460845,72.64573991031388,56.50874946649597,0.014634860237083122,44014806.71484,0.39587140686253974,0.9107277784259863,HIGH_EDGE,2026-08-30 21:20:43.957,2026-08-30 21:20:26.886,0.6833,0.6818,0.6819,889038059.0,0.964,-0.004599,181937431.0,11.309676807355522,0.6736304901718373,0.6722334759079396,0.661946509919018,0.6410074703335937,0.6328110639453339,0.6146463809824789,0.0029690215318408653,0.004216134705108407,-0.001247113173267542,0.019425674489607747,0.01421313243228078,0.005212542057326967,0.02118045116604239,0.019475348456516405,0.0017051027095259866,1.5895517934832961,1.9286655098158085,3.7622044280905675,5.055298864752985,37.0,1.0,LONG,78485.0,-0.07473546573435819,-0.17590205448003698,0.6165737796177484,0.028674165472969068,62.89167412712706,68.1460933888116,79.13138758840455,50.527804984220104,78532.70558354864,78451.5590219676,78351.63048555609,78234.44290067449,78216.35889157654,78146.31983989659,78094.7194207715,78065.60977212564,95.7207810714608,103.89479057908639,100.59829592175083,56.515569106601774,49.25583308679052,5.202292975401543,16.244171452577575,7.411362993770087,0.6357207835666668,1.8862967168262768,6.144331604394342,0.9593328165334112,0.08832442959983254,0.10640795784454313,0.14350330818445772,0.2125337871658801
2026-08-30T21:21:07.337919,AAVE_USDT,OPEN,LONG,36.0,127.36,126.78657142857143,128.50685714285714,,,69.96197718631144,75.93582887700545,76.59574468085113,0.007851758793973866,11587094.6673,1.664147687104774,1.802332254436104,HIGH_EDGE,2026-08-30 21:21:02.079,2026-08-30 21:20:26.961,127.36,127.44,127.45,9300238.0,0.0343,3.2e-05,17048311.0,-0.23405478377700029,127.14376331071017,126.81954096990617,126.45747357029408,125.76496358278645,125.5562775682964,125.08158522905741,0.3592884264664491,0.34420603758457263,0.015082388881876463,0.6569131671391517,0.48589062698391716,0.17102254015523455,0.30191475497186104,-0.03067770617115835,0.3325924611430194,6.018204891956261,0.19348977027997386,0.37520190236898765,0.504195082555635,36.0,0.0,LONG,78485.0,-0.07473546573435819,-0.17590205448003698,0.6165737796177484,0.028674165472969068,62.89167412712706,68.1460933888116,79.13138758840455,50.527804984220104,78532.70558354864,78451.5590219676,78351.63048555609,78234.44290067449,78216.35889157654,78146.31983989659,78094.7194207715,78065.60977212564,95.7207810714608,103.89479057908639,100.59829592175083,56.515569106601774,49.25583308679052,5.202292975401543,16.244171452577575,7.411362993770087,0.6357207835666668,1.8862967168262768,6.144331604394342,0.9593328165334112,0.08832442959983254,0.10640795784454313,0.14350330818445772,0.2125337871658801
2026-08-30T21:31:13.221581,LINK_USDT,LOSS,LONG,35.5,11.474,11.433841000000001,11.554317999999999,11.433841000000001,-1.0,,,,,,,,SL,,,,,,,,,,,,,,,,,,,,,,,,,,,,,,,,,,,,,,,,,,,,,,,,,,,,,,,,,,,,,,,,,
2026-08-30T21:31:13.221694,AAVE_USDT,LOSS,LONG,36.0,127.36,126.78657142857143,128.50685714285714,126.78657142857143,-1.0,,,,,,,,SL,,,,,,,,,,,,,,,,,,,,,,,,,,,,,,,,,,,,,,,,,,,,,,,,,,,,,,,,,,,,,,,,,
2026-08-30T21:31:13.221796,ZEC_USDT,OPEN,LONG,35.0,845.44,841.9848571428572,852.3502857142859,,,70.20725388601062,66.87712481787274,72.72321428571433,0.0011828160484470694,131535946.9384,0.995574256879081,1.2485179517592992,HIGH_EDGE,2026-08-30 21:30:45.839,2026-08-30 21:30:33.713,845.44,845.44,845.45,15798508.0,0.0132,0.0001,12134149.0,1.0266560062956467,844.4162041105947,843.5769649716003,842.9669512298054,841.0267339126732,841.0793147284479,838.3768888792688,0.8986745485517531,0.7866323896521419,0.11204215889961122,1.8849129004299812,1.4268061027687953,0.4581067976611859,2.4756353590681783,1.673881973720115,0.8017533853480634,1.6148216807325957,0.14176895209257032,0.3405665350924638,0.4891789228939104,35.0,0.0,LONG,78593.4,0.05537881015761955,0.12000122294239571,-0.038029439110300295,0.028674165472969068,57.043073341093326,74.04377390565196,76.60052780764195,50.527804984220104,78524.14287779588,78488.9786423342,78423.59551075616,78288.95664191901,78291.76711326127,78186.96420184162,78094.7194207715,78065.60977212564,48.91086889371218,58.15385698455991,120.4967033410212,77.57441314675509,78.12378197065846,19.782728612788993,16.244171452577575,7.411362993770087,0.9147524006325332,1.050542570560612,2.1855077118351147,0.9593328165334112,0.051122068047153364,0.1193393556492793,0.15347526455329374,0.2122406497964727
2026-08-30T21:41:05.067172,HYPE_USDT,LOSS,LONG,39.0,83.54,83.24761000000001,84.12478,83.24761000000001,-1.0,,,,,,,,SL,,,,,,,,,,,,,,,,,,,,,,,,,,,,,,,,,,,,,,,,,,,,,,,,,,,,,,,,,,,,,,,,,
2026-08-30T21:51:07.231678,HNT_USDT,LOSS,LONG,36.0,0.6833,0.6524514285714287,0.7449971428571428,0.6524514285714287,-1.0,,,,,,,,SL,,,,,,,,,,,,,,,,,,,,,,,,,,,,,,,,,,,,,,,,,,,,,,,,,,,,,,,,,,,,,,,,,
2026-08-30T21:51:07.231805,SOL_USDT,OPEN,LONG,35.0,105.4,105.03110000000001,106.1378,,,53.19148936170235,62.79069767441875,62.20472440944881,0.009487666034146969,808142576.041,0.3943334261591197,0.8636710443197059,HIGH_EDGE,2026-08-30 21:50:37.399,2026-08-30 21:50:31.901,105.4,105.4,105.41,76990721.0,0.0041,5.3e-05,35826769.0,-1.2071326996379106,105.45350329082288,105.42249479604051,105.36223552805495,105.24398429459853,105.2332907465298,105.07438143506057,0.033892139086717066,0.031837381874446666,0.0020547572122704,0.13031872522985566,0.1264283911129285,0.0038903341169271577,0.11591634294290998,0.029564294733746405,0.08635204820916358,1.7838589065245276,0.09894280292762031,0.23515857956085362,0.3293575494713995,36.5,1.5,LONG,78575.3,0.014128572555955284,-0.05024499203712278,0.027228749487881596,0.028674165472969068,55.223499361431315,71.93246909858293,76.54780564263203,50.527804984220104,78595.72067288298,78584.02869210136,78517.9944812053,78381.81375129882,78356.37369060909,78225.85900959045,78094.7194207715,78065.60977212564,23.087345270439982,34.083302456077774,134.39460985714686,109.70257051007042,101.55742970450956,36.1337476830081,16.244171452577575,7.411362993770087,0.5700552173195418,0.9660312915097944,3.433139500520136,0.9593328165334112,0.05993341055377116,0.1586467284975632,0.17825485326086737,0.21228953991539448
2026-08-30T22:01:14.675851,SKHYNIXSTOCK_USDT,LOSS,LONG,36.0,1237.29,1232.959485,1245.95103,1232.959485,-1.0,,,,,,,,SL,,,,,,,,,,,,,,,,,,,,,,,,,,,,,,,,,,,,,,,,,,,,,,,,,,,,,,,,,,,,,,,,,
2026-08-30T22:01:14.675969,SOL_USDT,WIN,LONG,35.0,105.4,105.03110000000001,106.1378,106.1378,2.0,,,,,,,,TP,,,,,,,,,,,,,,,,,,,,,,,,,,,,,,,,,,,,,,,,,,,,,,,,,,,,,,,,,,,,,,,,,
2026-08-30T22:01:14.676111,HYPE_USDT,OPEN,LONG,36.0,83.635,83.34227750000001,84.220445,,,71.77570093457996,62.0747350808703,67.34982332155504,0.0011956716685655225,120257928.1444,3.291594086585377,1.2930932958569197,HIGH_EDGE,2026-08-30 22:00:54.394,2026-08-30 22:00:45.767,83.635,83.636,83.637,14488174.0,0.0084,5e-05,10143281.0,0.5157545136943099,83.64308099389156,83.57383177266891,83.53710829140984,83.48420636412035,83.52394034452574,83.41464330987992,0.05963687025325726,0.033706436399233916,0.02593043385402334,0.049644436241479184,0.03277878308371897,0.016865653157760216,0.11296936647241296,0.09684201936375454,0.016127347108658416,0.814670917258819,0.08489268846774552,0.274662863292024,0.3640820230764624,36.0,0.0,LONG,78748.7,0.07866630743656391,0.1919901065933069,0.1703241628802645,0.7770518866415376,64.46001449625447,78.29714695855051,87.81540823179404,68.94808743169428,78669.10968592264,78631.14078799913,78576.9044679714,78433.0182910333,78434.83895248747,78273.39073373302,78225.51553661806,78127.71044845747,38.105944755487144,28.600170152461285,144.20170172797225,120.49043829443704,129.4406553194567,54.79104704937981,67.78383675441728,19.454117165944815,1.2591526667306285,1.179204653825305,1.686467015917729,3.6829566133764504,0.05479455533869051,0.17162188074216148,0.18428422129054753,0.2591244590160117
2026-08-30T22:01:14.676293,DOGE_USDT,OPEN,LONG,39.0,0.08527,0.084971555,0.08586688999999999,,,66.66666666666666,66.66666666666666,79.28994082840167,0.011727453969738622,46392870.968,1.5945482226142433,4.035096948992039,HIGH_EDGE,2026-08-30 22:00:57.746,2026-08-30 22:00:45.805,0.08527,0.08526,0.08527,5460939.0,0.0017,6.7e-05,10631263.0,-1.3538251750204855,0.08525724271043603,0.08520046192544173,0.08517456130542261,0.08508053960806167,0.08511446130203948,0.08496128740053921,4.3081180520126994e-05,1.2408552683358127e-05,3.067262783676887e-05,0.00010439951967516903,0.00010050847710704831,3.891042568120721e-06,0.00011455208686253493,3.755581792979834e-05,7.699626893273659e-05,1.5562006937295974,0.08209217778820058,0.21863324900735603,0.3166412571830637,41.0,2.0,LONG,78748.7,0.07866630743656391,0.1919901065933069,0.1703241628802645,0.7770518866415376,64.46001449625447,78.29714695855051,87.81540823179404,68.94808743169428,78669.10968592264,78631.14078799913,78576.9044679714,78433.0182910333,78434.83895248747,78273.39073373302,78225.51553661806,78127.71044845747,38.105944755487144,28.600170152461285,144.20170172797225,120.49043829443704,129.4406553194567,54.79104704937981,67.78383675441728,19.454117165944815,1.2591526667306285,1.179204653825305,1.686467015917729,3.6829566133764504,0.05479455533869051,0.17162188074216148,0.18428422129054753,0.2591244590160117
2026-08-30T22:01:14.676467,SNDKSTOCK_USDT,OPEN,SHORT,38.0,1491.45,1496.6700750000002,1481.0098500000001,,,24.048913043479956,26.254826254826924,37.8690036900367,0.0006704884508358245,18342144.9302,0.6006504836750932,3.841332617036436,HIGH_EDGE,2026-08-30 22:01:06.124,2026-08-30 22:00:45.744,1491.45,1491.82,1491.83,12313738.0,0.002,0.0,13935119.0,-0.7365802843660773,1493.0005644984979,1494.1049413841783,1495.1646901581582,1496.9222953047745,1497.0760799874226,1497.9196856870742,-1.0581455330197969,-0.7708209578067552,-0.28732457521304167,-1.5503867834497669,-0.9757123872710707,-0.5746743961786962,-0.23246201078109152,0.7219411185592274,-0.9544031293403189,2.0797267691883703,0.07897396110209258,0.13337930968424846,0.21139543014228554,0.0,38.0,SHORT,78748.7,0.07866630743656391,0.1919901065933069,0.1703241628802645,0.7770518866415376,64.46001449625447,78.29714695855051,87.81540823179404,68.94808743169428,78669.10968592264,78631.14078799913,78576.9044679714,78433.0182910333,78434.83895248747,78273.39073373302,78225.51553661806,78127.71044845747,38.105944755487144,28.600170152461285,144.20170172797225,120.49043829443704,129.4406553194567,54.79104704937981,67.78383675441728,19.454117165944815,1.2591526667306285,1.179204653825305,1.686467015917729,3.6829566133764504,0.05479455533869051,0.17162188074216148,0.18428422129054753,0.2591244590160117
2026-08-30T22:11:04.547269,NIULAI_USDT,OPEN,LONG,38.0,0.11175,0.10728514285714286,0.12067971428571429,,,65.14423076923075,59.16442048517522,66.20649985619788,0.04474272930648277,7832932.7962,2.240319526934149,0.6650871611625254,HIGH_EDGE,2026-08-30 22:11:00.497,2026-08-30 22:10:28.911,0.11175,0.11171,0.11176,8665396.0,1.1903,0.001382,2059887.0,9.553131662964171,0.10984095939535933,0.10905858033799354,0.10855820490024763,0.10545270787496885,0.10272927538539994,0.09670607559612941,0.0007410001438411667,0.0005096803715929003,0.00023131977224826643,0.0035289089903387666,0.003506919920068184,2.1989070270582792e-05,0.006260957216470797,0.00528437388117804,0.0009765833352927576,0.5689141718782862,1.0795781399808264,3.329498242249921,5.553211888782358,39.0,1.0,LONG,78639.6,-0.05185535406529245,-0.07331890674775003,0.1703241628802645,0.7770518866415376,49.69586374695863,71.07200270750522,87.81540823179404,68.94808743169428,78673.46769797377,78660.19194661372,78608.70685950198,78473.64037005643,78434.83895248747,78273.39073373302,78225.51553661806,78127.71044845747,21.256867122792755,28.636624610883956,141.93927172628173,128.93196852602222,129.4406553194567,54.79104704937981,67.78383675441728,19.454117165944815,0.8526355212055222,0.5120414461866398,1.686467015917729,3.6829566133764504,0.06738698714497246,0.1859931710159863,0.18453988648394623,0.2594839531955173
2026-08-30T22:31:05.265084,NIULAI_USDT,WIN,LONG,38.0,0.11175,0.10728514285714286,0.12067971428571429,0.12067971428571429,2.0,,,,,,,,TP,,,,,,,,,,,,,,,,,,,,,,,,,,,,,,,,,,,,,,,,,,,,,,,,,,,,,,,,,,,,,,,,,
2026-08-30T22:51:07.642060,SILVER_USDT,WIN,LONG,35.0,66.58,66.34697,67.04606,67.04606,2.0,,,,,,,,TP,,,,,,,,,,,,,,,,,,,,,,,,,,,,,,,,,,,,,,,,,,,,,,,,,,,,,,,,,,,,,,,,,
2026-08-30T22:51:07.642201,ETH_USDT,WIN,LONG,35.0,2453.53,2444.9426450000005,2470.70471,2470.70471,2.0,,,,,,,,TP,,,,,,,,,,,,,,,,,,,,,,,,,,,,,,,,,,,,,,,,,,,,,,,,,,,,,,,,,,,,,,,,,
2026-08-30T22:51:07.642330,PEPE_USDT,OPEN,LONG,37.0,3.672e-06,3.6591480000000003e-06,3.697704e-06,,,86.32812499999872,73.36377473363756,67.62075134168165,0.029956427015258563,29850842.247,0.44044093861198896,2.090518622988653,HIGH_EDGE,2026-08-30 22:50:51.318,2026-08-30 22:50:32.920,3.672e-06,3.6711e-06,3.6722e-06,819389.0,0.0076,3.5e-05,1853109.0,0.09414670032829812,3.663774627266077e-06,3.6582249691652487e-06,3.653900150259648e-06,3.6483652732451947e-06,3.647388653268685e-06,3.6430847460817156e-06,5.494787159499724e-09,4.3805476827253746e-09,1.1142394767743495e-09,4.754936375407065e-09,2.4731854699593723e-09,2.2817509054476926e-09,3.4754586555748775e-09,1.6862436093760187e-09,1.7892150461988588e-09,2.029311786012817,0.09784469343292991,0.23206504824152102,0.39371304077186414,38.0,1.0,LONG,78914.6,0.04944494875474798,0.20379891332641728,0.08565615281872126,0.7770518866415376,84.77783872737548,71.48970312917943,80.80396387756689,68.94808743169428,78809.34044842301,78749.74376465549,78719.27408779385,78604.01324298802,78559.51514367359,78375.42778632295,78225.51553661806,78127.71044845747,52.898304809466936,32.36955707943211,128.3914041466196,123.40133559108445,162.82231025419605,102.17646715088192,67.78383675441728,19.454117165944815,1.4316367167223365,1.716032911249395,0.8419858038962825,3.6829566133764504,0.05366560813841745,0.12362369302656676,0.20643473179505906,0.2585797087701667
2026-08-30T23:01:22.344549,ZEC_USDT,WIN,LONG,35.0,845.44,841.9848571428572,852.3502857142859,852.3502857142859,2.0,,,,,,,,TP,,,,,,,,,,,,,,,,,,,,,,,,,,,,,,,,,,,,,,,,,,,,,,,,,,,,,,,,,,,,,,,,,
2026-08-30T23:10:59.742036,HYPE_USDT,WIN,LONG,36.0,83.635,83.34227750000001,84.220445,84.220445,2.0,,,,,,,,TP,,,,,,,,,,,,,,,,,,,,,,,,,,,,,,,,,,,,,,,,,,,,,,,,,,,,,,,,,,,,,,,,,
2026-08-30T23:10:59.742183,PUMPFUN_USDT,OPEN,LONG,36.0,0.00493,0.004902314285714286,0.004985371428571429,,,62.50000000000057,67.83919597989981,77.09497206703928,0.0202839756592319,15460078.3067,0.7791901133105383,0.9112011074121106,HIGH_EDGE,2026-08-30 23:10:52.970,2026-08-30 23:10:27.807,0.00493,0.004929,0.00493,31464175.0,0.0296,5e-05,63649976.0,0.018322295014846085,0.004913316640862987,0.004907137498992365,0.00490021625806983,0.0048789977026408035,0.004867225675689089,0.004859000490827138,7.0946339314021875e-06,6.811815766259553e-06,2.828181651426342e-07,2.0163183159311628e-05,1.5034481812634695e-05,5.128701346676933e-06,2.9502627782711927e-07,-1.1544567002420764e-05,1.1839593280247883e-05,1.682125698254928,0.2042886119965222,0.4679802955665029,0.5708490292668794,36.0,0.0,LONG,78848.8,0.01826613762521023,-0.00012682485106484538,0.08075770023400847,0.08762049405260024,51.09945027486294,57.80202650039017,81.30011677695532,70.21360241121764,78835.97666614752,78829.45077521919,78793.07162636009,78680.13877198187,78611.15211493896,78415.63469124562,78343.9524292947,78190.43688870175,15.073254123708466,23.78365787654122,128.79987695683667,127.53475663497356,176.3486707698321,117.01738133264965,112.9100219609245,38.13660455625137,0.36981660416386164,1.0224749555842068,1.9493593578258999,1.690623431527946,0.05087494763938978,0.11298296776325716,0.21055669657804402,0.2844594428106154
2026-08-30T23:20:59.404286,PUMPFUN_USDT,LOSS,LONG,36.0,0.00493,0.004902314285714286,0.004985371428571429,0.004902314285714286,-1.0,,,,,,,,SL,,,,,,,,,,,,,,,,,,,,,,,,,,,,,,,,,,,,,,,,,,,,,,,,,,,,,,,,,,,,,,,,,
2026-08-30T23:31:09.689197,SNDKSTOCK_USDT,LOSS,SHORT,38.0,1491.45,1496.6700750000002,1481.0098500000001,1496.6700750000002,-1.0,,,,,,,,SL,,,,,,,,,,,,,,,,,,,,,,,,,,,,,,,,,,,,,,,,,,,,,,,,,,,,,,,,,,,,,,,,,
2026-08-31T00:11:01.954788,ZEC_USDT,OPEN,LONG,36.0,855.32,850.4882857142858,864.9834285714286,,,69.26729986431499,61.464968152866184,69.37337782721532,0.001169153065531566,129572868.0576,11.5313248302293,4.282270430422524,HIGH_EDGE,2026-08-31 00:10:39.613,2026-08-31 00:10:30.724,855.32,855.31,855.32,15450742.0,0.025,7.6e-05,12540060.0,1.6949482424658717,853.1702348298663,851.8806332378732,851.6090817015959,849.7724247186635,848.3100130325021,844.6475096781102,1.0320531292338728,0.41149730804568496,0.6205558211881879,2.019966638614619,1.8556239517856827,0.16434268682893638,3.802690054312734,3.3588323484989777,0.4438577058137563,0.7088643659529877,0.25854984934627573,0.47075113073803626,0.747589874466365,36.0,0.0,LONG,78751.2,-0.042013446841573536,0.13019906215987298,0.022863559170256037,-0.09109628928527845,45.17557734893985,45.109574937490564,70.49401197604735,69.49416342412461,78727.14012090127,78730.57898731726,78741.99604189812,78727.90804707089,78711.54566627892,78533.87296188837,78424.34194343483,78240.93289470457,-8.262759207485942,-14.272306635195317,39.653261700470466,66.76518189610505,181.15938669412571,158.40263111136886,141.27274007559754,58.78417836602186,3.396408921065541,1.4444679984828603,0.8096065485307739,1.5708175547190686,0.04902419627528447,0.11631568788793405,0.24537494576046398,0.2886486627686756
2026-08-31T00:20:59.363657,DOGE_USDT,LOSS,LONG,39.0,0.08527,0.084971555,0.08586688999999999,0.084971555,-1.0,,,,,,,,SL,,,,,,,,,,,,,,,,,,,,,,,,,,,,,,,,,,,,,,,,,,,,,,,,,,,,,,,,,,,,,,,,,
2026-08-31T00:20:59.363778,PEPE_USDT,LOSS,LONG,37.0,3.672e-06,3.6591480000000003e-06,3.697704e-06,3.6591480000000003e-06,-1.0,,,,,,,,SL,,,,,,,,,,,,,,,,,,,,,,,,,,,,,,,,,,,,,,,,,,,,,,,,,,,,,,,,,,,,,,,,,
2026-08-31T00:41:08.949578,ZEC_USDT,WIN,LONG,36.0,855.32,850.4882857142858,864.9834285714286,864.9834285714286,2.0,,,,,,,,TP,,,,,,,,,,,,,,,,,,,,,,,,,,,,,,,,,,,,,,,,,,,,,,,,,,,,,,,,,,,,,,,,,
2026-08-31T00:41:08.949688,PEPE_USDT,OPEN,LONG,35.0,3.6843e-06,3.667877142857143e-06,3.7171457142857144e-06,,,55.29157667386613,55.65529622980248,61.78247734138975,0.0027142197975136596,29216166.111,0.6200219719857182,1.9197584864234378,HIGH_EDGE,2026-08-31 00:40:52.690,2026-08-31 00:40:33.935,3.6843e-06,3.6845e-06,3.6846e-06,801180.0,0.011,-2.4e-05,1844199.0,0.8241650101359995,3.6840067190540616e-06,3.6804894758023005e-06,3.675906146319485e-06,3.6701494483984265e-06,3.6642958015380257e-06,3.6559137945256706e-06,3.609504710423068e-09,3.1323074272157525e-09,4.771972832073153e-10,6.235288302053367e-09,5.618627289361833e-09,6.16661012691534e-10,8.150970271467285e-09,6.573154855840884e-09,1.5778154156264013e-09,1.3150581786740942,0.14773110612212115,0.37146036657477255,0.5595170239743158,36.0,1.0,LONG,78787.7,0.01497920049152458,0.028057933920380553,0.14560760974617223,-0.09109628928527845,50.98493626882795,47.51468271021361,70.25139664804462,69.49416342412461,78772.11194418516,78757.70617563449,78742.17281840718,78729.58569050491,78707.24922641873,78562.00429854819,78424.34194343483,78240.93289470457,15.260998861122061,14.796683376572837,25.679669444449246,34.63620238888695,160.7302482466912,160.0360381747925,141.27274007559754,58.78417836602186,0.8466355570971312,0.528496574216044,1.3014107935320969,1.5708175547190686,0.030080837491131496,0.11624367037712385,0.2709179224675922,0.2885149404212654
2026-08-31T01:01:20.438863,ETH_USDT,OPEN,LONG,36.0,2478.4,2469.7256,2495.7488,,,55.256916996047295,62.610311193684055,65.53793399057042,0.00040348612006792814,1023816174.3937,0.6622794814869492,0.4189189753540483,HIGH_EDGE,2026-08-31 01:00:51.712,2026-08-31 01:00:45.858,2478.4,2478.4,2478.41,41627831.0,-0.0006,4.1e-05,99521878.0,-0.24993074907951676,2478.783776687183,2478.287805752935,2477.499609062514,2475.524639046737,2475.1019403593505,2469.834711249032,0.5440340532759365,0.49586028875239885,0.04817376452353761,2.314564201752546,2.2937114306717787,0.02085277108076733,5.352106010934222,4.556628500278809,0.7954775106554122,0.9238555785471677,0.05438416489901418,0.1425170616987913,0.2823538227427828,36.0,0.0,LONG,78791.5,0.017390686208547446,0.02437405026893602,-0.04097747127137097,0.05790777678584641,45.60029828486068,54.63616825299314,59.02505694760847,74.799143010177,78781.29537260799,78782.40196652446,78770.6479064193,78749.31432144978,78742.74750490834,78604.50244473784,78497.77355474702,78290.98429822111,2.273298083571717,6.389514964450596,29.75850753270788,31.87464186135447,156.6201388140471,159.49919864279406,165.51748500669783,80.14244256169368,0.3196866372384659,0.38103915306567465,0.6414993823117547,1.8002187861372845,0.03280810747352268,0.10922135364493016,0.22363724876051527,0.2953636224357043
2026-08-31T01:11:02.237850,TRUMPOFFICIAL_USDT,OPEN,SHORT,35.0,2.523,2.5380857142857143,2.4928285714285714,,,48.717948717948836,44.24778761061949,39.04109589041094,0.039635354736420526,17220249.3057,0.585878302773367,0.9892556748566709,HIGH_EDGE,2026-08-31 01:10:54.057,2026-08-31 01:10:32.959,2.523,2.521,2.522,66286528.0,0.0,2.7e-05,90702441.0,1.4617038798493083,2.5260078298712263,2.527352573737805,2.5283628037007553,2.533732041164576,2.5372740142576498,2.5457551115281736,-0.0015919530976855611,-0.0015579575814108635,-3.399551627469768e-05,-0.005482271850816733,-0.004692421407409585,-0.0007898504434071486,-0.010078818050865301,-0.009821807189418863,-0.0002570108614464387,0.6307347981456687,0.18402128984768681,0.49827303097219905,0.8691467074344624,0.0,35.0,SHORT,78782.8,-0.0553114185095238,-0.18307987223685593,-0.04097747127137097,0.05790777678584641,51.95954487989887,52.16168717047507,59.02505694760847,74.799143010177,78831.22806057276,78819.38195068091,78798.14266010845,78767.06930169572,78742.74750490834,78604.50244473784,78497.77355474702,78290.98429822111,15.200328454069677,17.94598138152498,36.890603188978275,34.24820920303713,156.6201388140471,159.49919864279406,165.51748500669783,80.14244256169368,1.2344118385055853,1.9692267156547758,0.6414993823117547,1.8002187861372845,0.0544716431940523,0.13772041613144118,0.22366194506559986,0.29539623949825083
2026-08-31T01:21:08.852990,PEPE_USDT,WIN,LONG,35.0,3.6843e-06,3.667877142857143e-06,3.7171457142857144e-06,3.7171457142857144e-06,2.0,,,,,,,,TP,,,,,,,,,,,,,,,,,,,,,,,,,,,,,,,,,,,,,,,,,,,,,,,,,,,,,,,,,,,,,,,,,
2026-08-31T01:21:08.853107,ETH_USDT,WIN,LONG,36.0,2478.4,2469.7256,2495.7488,2495.7488,2.0,,,,,,,,TP,,,,,,,,,,,,,,,,,,,,,,,,,,,,,,,,,,,,,,,,,,,,,,,,,,,,,,,,,,,,,,,,,
2026-08-31T01:21:08.853215,TRUMPOFFICIAL_USDT,LOSS,SHORT,35.0,2.523,2.5380857142857143,2.4928285714285714,2.5380857142857143,-1.0,,,,,,,,SL,,,,,,,,,,,,,,,,,,,,,,,,,,,,,,,,,,,,,,,,,,,,,,,,,,,,,,,,,,,,,,,,,
2026-08-31T01:21:08.853298,XRP_USDT,OPEN,LONG,35.0,1.4076,1.4026542857142856,1.4174914285714284,,,70.40816326530562,60.0,59.5078299776285,0.007104290991758241,303792130.7102,0.6662420769694833,1.5544386007361086,HIGH_EDGE,2026-08-31 01:20:40.569,2026-08-31 01:20:32.746,1.4076,1.4076,1.4077,217756654.0,0.0071,5e-05,142379517.0,-5.220748203185518,1.4063517303349098,1.403196710497143,1.4021205503525254,1.4012321045537892,1.4013307152151182,1.3993671274010746,0.002793446998595961,0.0017882756625728182,0.0010051713360231427,0.0005589827506504719,-0.00023118614399685007,0.0007901688946473219,0.0022602142093306465,0.0023712488772440954,-0.00011103466791344881,1.5294977142282364,0.18674136321195456,0.292798278731783,0.4211829659400002,37.0,2.0,LONG,79068.4,0.051121121627770126,-0.021622168412674662,0.37313669621723156,0.05790777678584641,58.83567832709418,66.28671185048245,67.17757827895775,74.799143010177,79020.81470701993,78943.42605247143,78898.17130246961,78820.78021115148,78811.29800392676,78648.22916988337,78497.77355474702,78290.98429822111,73.50947908007947,54.75741150756758,72.16812093062617,45.595791638244194,174.938498892574,162.59352122571403,165.51748500669783,80.14244256169368,0.7934662188785819,3.047029680170679,2.5947558439219383,1.8002187861372845,0.1157406570947276,0.16905796572515727,0.23582655740382336,0.29432924982853825
2026-08-31T01:21:08.853480,DOGE_USDT,OPEN,LONG,40.0,0.08587,0.085569455,0.08647108999999999,,,66.35514018691643,67.03910614525125,64.8148148148147,0.011645510655653897,47756210.163,1.1402766017499295,2.617320668657278,HIGH_EDGE,2026-08-31 01:20:47.497,2026-08-31 01:20:32.787,0.08587,0.08585,0.08586,5618077.0,0.0066,4.3e-05,10878455.0,2.496521642698578,0.08578207760451804,0.0856233492977378,0.0855511722458249,0.08544442816326403,0.08543017322265883,0.08529438321147519,0.0001477634515203996,0.0001054720623137204,4.2291389206679207e-05,8.314658100387617e-05,2.3754886461945627e-05,5.939169454193055e-05,0.0001462730952679625,0.00013839063734578564,7.882457922176866e-06,1.2957816139560159,0.1505598163336587,0.2562012344241283,0.3560198971867767,40.0,0.0,LONG,79068.4,0.051121121627770126,-0.021622168412674662,0.37313669621723156,0.05790777678584641,58.83567832709418,66.28671185048245,67.17757827895775,74.799143010177,79020.81470701993,78943.42605247143,78898.17130246961,78820.78021115148,78811.29800392676,78648.22916988337,78497.77355474702,78290.98429822111,73.50947908007947,54.75741150756758,72.16812093062617,45.595791638244194,174.938498892574,162.59352122571403,165.51748500669783,80.14244256169368,0.7934662188785819,3.047029680170679,2.5947558439219383,1.8002187861372845,0.1157406570947276,0.16905796572515727,0.23582655740382336,0.29432924982853825
2026-08-31T01:21:08.853647,PEPE_USDT,OPEN,LONG,38.0,3.7099e-06,3.6886171428571426e-06,3.7524657142857144e-06,,,57.61589403973493,61.37158852344283,72.68847795163595,0.002695490444492285,30640811.714,0.43301318573986647,4.400683605346991,HIGH_EDGE,2026-08-31 01:20:52.665,2026-08-31 01:20:32.799,3.7099e-06,3.7084e-06,3.7085e-06,838951.0,0.009,-4.8e-05,2007786.0,8.02592252833427,3.708731826155543e-06,3.6976456350121266e-06,3.689118035469305e-06,3.679852634707835e-06,3.676936250387505e-06,3.664212002294701e-06,1.0038548829202457e-08,6.718309623929389e-09,3.3202392052730674e-09,8.89861699841223e-09,6.369956285630186e-09,2.5286607127820432e-09,1.185817244829064e-08,8.46896655810211e-09,3.3892058901885304e-09,4.425234376358861,0.2762877705598566,0.4780644838328339,0.5789528404693242,39.0,1.0,LONG,79068.4,0.051121121627770126,-0.021622168412674662,0.37313669621723156,0.05790777678584641,58.83567832709418,66.28671185048245,67.17757827895775,74.799143010177,79020.81470701993,78943.42605247143,78898.17130246961,78820.78021115148,78811.29800392676,78648.22916988337,78497.77355474702,78290.98429822111,73.50947908007947,54.75741150756758,72.16812093062617,45.595791638244194,174.938498892574,162.59352122571403,165.51748500669783,80.14244256169368,0.7934662188785819,3.047029680170679,2.5947558439219383,1.8002187861372845,0.1157406570947276,0.16905796572515727,0.23582655740382336,0.29432924982853825
2026-08-31T01:21:08.853819,LINK_USDT,OPEN,LONG,37.0,11.639,11.587914285714286,11.741171428571427,,,70.09803921568648,56.62983425414359,81.55339805825237,0.008591803419548261,22588397.677,2.28748345438294,2.2380646792291388,HIGH_EDGE,2026-08-31 01:20:55.451,2026-08-31 01:20:32.796,11.639,11.636,11.637,19737001.0,0.0072,6e-06,21326261.0,-1.0484899152449811,11.613396120800253,11.58985226980137,11.584118613318378,11.563927091842636,11.554439338537733,11.507149619123243,0.019494284448221322,0.009957562842968747,0.009536721605252575,0.021991953464629788,0.019306534114252077,0.002685419350377711,0.04730356349682019,0.039513261709100786,0.007790301787719403,2.143678874789447,0.19577037791661095,0.3657653455746076,0.4437052765947016,39.0,2.0,LONG,79068.4,0.051121121627770126,-0.021622168412674662,0.37313669621723156,0.05790777678584641,58.83567832709418,66.28671185048245,67.17757827895775,74.799143010177,79020.81470701993,78943.42605247143,78898.17130246961,78820.78021115148,78811.29800392676,78648.22916988337,78497.77355474702,78290.98429822111,73.50947908007947,54.75741150756758,72.16812093062617,45.595791638244194,174.938498892574,162.59352122571403,165.51748500669783,80.14244256169368,0.7934662188785819,3.047029680170679,2.5947558439219383,1.8002187861372845,0.1157406570947276,0.16905796572515727,0.23582655740382336,0.29432924982853825
2026-08-31T01:21:08.853998,ADA_USDT,OPEN,LONG,37.0,0.2048,0.20393428571428573,0.2065314285714286,,,57.142857142857224,61.016949152542246,63.043478260869655,0.048828125000008174,10979404.6977,0.02136000775441156,2.3644904613091553,HIGH_EDGE,2026-08-31 01:21:05.512,2026-08-31 01:20:32.807,0.2048,0.2047,0.2048,54245599.0,0.0078,-9e-06,157763699.0,-1.2025440074075313,0.2047845754534781,0.20430851558647228,0.2040480332525255,0.2038221533710206,0.20374114818103095,0.20316761097231142,0.0004507919464916965,0.0003378859293429072,0.0001129060171487893,0.00018484468954901856,5.0255241255677646e-05,0.0001345894482933409,0.0006651246173362824,0.0006949167727045827,-2.9792155368300313e-05,1.6071138869023252,0.2371651785714276,0.35226004464285415,0.5580357142857129,39.0,2.0,LONG,79068.4,0.051121121627770126,-0.021622168412674662,0.37313669621723156,0.05790777678584641,58.83567832709418,66.28671185048245,67.17757827895775,74.799143010177,79020.81470701993,78943.42605247143,78898.17130246961,78820.78021115148,78811.29800392676,78648.22916988337,78497.77355474702,78290.98429822111,73.50947908007947,54.75741150756758,72.16812093062617,45.595791638244194,174.938498892574,162.59352122571403,165.51748500669783,80.14244256169368,0.7934662188785819,3.047029680170679,2.5947558439219383,1.8002187861372845,0.1157406570947276,0.16905796572515727,0.23582655740382336,0.29432924982853825
2026-08-31T01:21:08.854185,AAVE_USDT,OPEN,LONG,37.0,126.88,126.43592,127.76815999999998,,,67.29559748427675,62.38805970149269,63.551401869159044,0.007881462799499618,10487596.7002,0.7927379692460935,4.044286026304116,HIGH_EDGE,2026-08-31 01:21:06.513,2026-08-31 01:20:32.819,126.88,126.88,126.89,8378015.0,0.0081,3.8e-05,15368221.0,-1.672628946770199,126.80594215635176,126.52657301336232,126.36991734699363,126.19872877996544,126.1727653648166,125.91297370093713,0.2593540384160491,0.18566895983484424,0.07368507858120485,0.1349387915087732,0.04430073115026105,0.09063806035851214,0.2916847912129157,0.2911052431557256,0.0005795480571900713,0.9256479386788846,0.13398486759142472,0.26628085029724474,0.43348045397225826,38.0,1.0,LONG,79068.4,0.051121121627770126,-0.021622168412674662,0.37313669621723156,0.05790777678584641,58.83567832709418,66.28671185048245,67.17757827895775,74.799143010177,79020.81470701993,78943.42605247143,78898.17130246961,78820.78021115148,78811.29800392676,78648.22916988337,78497.77355474702,78290.98429822111,73.50947908007947,54.75741150756758,72.16812093062617,45.595791638244194,174.938498892574,162.59352122571403,165.51748500669783,80.14244256169368,0.7934662188785819,3.047029680170679,2.5947558439219383,1.8002187861372845,0.1157406570947276,0.16905796572515727,0.23582655740382336,0.29432924982853825
2026-08-31T01:51:03.930703,LINK_USDT,WIN,LONG,37.0,11.639,11.587914285714286,11.741171428571427,11.741171428571427,2.0,,,,,,,,TP,,,,,,,,,,,,,,,,,,,,,,,,,,,,,,,,,,,,,,,,,,,,,,,,,,,,,,,,,,,,,,,,,
2026-08-31T01:51:03.930841,AAVE_USDT,WIN,LONG,37.0,126.88,126.43592,127.76815999999998,127.76815999999998,2.0,,,,,,,,TP,,,,,,,,,,,,,,,,,,,,,,,,,,,,,,,,,,,,,,,,,,,,,,,,,,,,,,,,,,,,,,,,,
2026-08-31T01:51:03.930945,SKHYNIXSTOCK_USDT,OPEN,LONG,38.0,1237.32,1232.98938,1245.9812399999998,,,67.25352112676276,60.45112781954777,58.695652173913565,0.0008081983642057759,92716280.21447,1.7669399212728445,0.39722858673284644,HIGH_EDGE,2026-08-31 01:50:42.812,2026-08-31 01:50:30.957,1237.32,1237.32,1237.33,75267417.0,0.0019,0.0,19267781.0,0.3707111518659772,1236.700807994499,1236.4672398612493,1236.27211848346,1235.770089700278,1235.6194149398148,1235.325705118988,0.26218255099638554,0.24893616826866324,0.0132463827277223,0.4730088500959937,0.33552248057539674,0.13748636952059695,0.20469349304130446,0.006547623122889215,0.19814586991841526,0.2266880706510671,0.021763627378992137,0.07695202996337666,0.14564889092092928,38.0,0.0,LONG,79146.7,-0.06262918848482292,-0.030566786533937455,0.21062091399856234,0.05790777678584641,54.797311061314694,66.87347245722898,71.6412299827081,74.799143010177,79149.67558092932,79118.88947919504,79061.33465311496,78947.27111576246,78914.13072251301,78725.18759236309,78497.77355474702,78290.98429822111,39.00680155007285,42.90800499327273,112.16046372898563,86.97654341267815,196.6674209307239,172.334416125473,165.51748500669783,80.14244256169368,0.37455698334839826,1.049624110097864,2.0481024099316065,1.8002187861372845,0.07566419608867447,0.1827167597818838,0.24165794115773054,0.2940380692706429
2026-08-31T01:51:03.931118,SUI_USDT,OPEN,LONG,35.0,0.7545,0.75126,0.7609799999999999,,,54.68750000000029,64.95327102803724,58.74316939890706,0.013253810470508814,32044211.9728,0.11822119601749505,0.578845830838887,HIGH_EDGE,2026-08-31 01:50:49.530,2026-08-31 01:50:30.862,0.7545,0.7546,0.7547,43114309.0,0.0115,6e-06,84806183.0,-0.6614423080324526,0.753296271041497,0.7527457112868258,0.7517627958416435,0.7500679720122247,0.7495723115335847,0.7473179489919448,0.0006421097825468625,0.0006170660721023548,2.5043710444507677e-05,0.0015799806476023415,0.0010874536580483176,0.0004925269895540239,0.00231028978983594,0.0019874900163972184,0.0003227997734387214,0.9134853405743981,0.12685790021773982,0.35785288270377685,0.5869544636940269,35.0,0.0,LONG,79146.7,-0.06262918848482292,-0.030566786533937455,0.21062091399856234,0.05790777678584641,54.797311061314694,66.87347245722898,71.6412299827081,74.799143010177,79149.67558092932,79118.88947919504,79061.33465311496,78947.27111576246,78914.13072251301,78725.18759236309,78497.77355474702,78290.98429822111,39.00680155007285,42.90800499327273,112.16046372898563,86.97654341267815,196.6674209307239,172.334416125473,165.51748500669783,80.14244256169368,0.37455698334839826,1.049624110097864,2.0481024099316065,1.8002187861372845,0.07566419608867447,0.1827167597818838,0.24165794115773054,0.2940380692706429
2026-08-31T02:01:15.380004,XRP_USDT,WIN,LONG,35.0,1.4076,1.4026542857142856,1.4174914285714284,1.4174914285714284,2.0,,,,,,,,TP,,,,,,,,,,,,,,,,,,,,,,,,,,,,,,,,,,,,,,,,,,,,,,,,,,,,,,,,,,,,,,,,,
2026-08-31T02:01:15.380118,PEPE_USDT,WIN,LONG,38.0,3.7099e-06,3.6886171428571426e-06,3.7524657142857144e-06,3.7524657142857144e-06,2.0,,,,,,,,TP,,,,,,,,,,,,,,,,,,,,,,,,,,,,,,,,,,,,,,,,,,,,,,,,,,,,,,,,,,,,,,,,,
2026-08-31T02:01:15.380231,ENA_USDT,OPEN,LONG,39.0,0.16301,0.16167114285714285,0.16568771428571427,,,96.15384615384608,74.52651515151514,60.47008547008543,0.006134592969762592,34299556.0222,2.952116365571263,6.027478354787556,HIGH_EDGE,2026-08-31 02:01:00.366,2026-08-31 02:00:44.727,0.16301,0.16307,0.16308,21566958.0,0.0312,3.9e-05,24968031.0,-1.0476264379742024,0.16212032287491385,0.1610393847078512,0.16049242206580425,0.15989417180168183,0.16022642651848384,0.1598383915254397,0.0009675660798480479,0.000619749495964102,0.0003478165838839459,0.000380538500396127,-4.536961801629796e-05,0.00042590811841242495,0.0003369612725661886,0.00018225185496722405,0.00015470941759896452,2.1416358565648306,0.3374026133366032,0.6844453013399703,1.005635061827931,40.0,1.0,LONG,79304.8,-0.0008826626148212793,0.16786258761000902,0.16912779821880103,0.6514662114568233,63.55159132373851,72.68445839874416,72.51730418943555,81.04064876844828,79235.6988616647,79183.75501696953,79127.71817799364,78998.33814391852,78992.26457801017,78777.87890752344,78659.17884379583,78383.15106785946,52.32285274368769,40.84281724766659,127.4128593710193,99.63229833759456,217.513752498533,181.37544218445638,223.57866524123529,108.8461619009583,0.8143832938501587,1.4052545503942244,1.4427879261552792,4.383582678750917,0.06874921640484537,0.19673642524970725,0.2524347292255398,0.337603416546936
2026-08-31T02:01:15.380438,TAO_USDT,OPEN,LONG,35.5,241.41,240.34628571428573,243.53742857142856,,,67.36242884250464,83.91420911528161,63.03462321792263,0.012426991425376389,21460490.8879,0.5701656791030876,3.1473377318816977,HIGH_EDGE,2026-08-31 02:01:04.665,2026-08-31 02:00:44.730,241.41,241.42,241.45,9057382.0,0.0206,5e-05,31480707.0,2.860607533122136,241.41726035775505,240.6654139778539,239.63525255388518,238.5986217898722,238.59339101510392,238.08906828498837,0.8105681680184205,0.7578124448710778,0.05275572314734267,0.8295477792663064,0.37055477949347165,0.45899299977283475,0.405833621540296,0.12836338111916198,0.277470240421134,4.720135809447225,0.2657009119044649,0.3671880085450359,0.5393906040109608,38.0,2.5,LONG,79304.8,-0.0008826626148212793,0.16786258761000902,0.16912779821880103,0.6514662114568233,63.55159132373851,72.68445839874416,72.51730418943555,81.04064876844828,79235.6988616647,79183.75501696953,79127.71817799364,78998.33814391852,78992.26457801017,78777.87890752344,78659.17884379583,78383.15106785946,52.32285274368769,40.84281724766659,127.4128593710193,99.63229833759456,217.513752498533,181.37544218445638,223.57866524123529,108.8461619009583,0.8143832938501587,1.4052545503942244,1.4427879261552792,4.383582678750917,0.06874921640484537,0.19673642524970725,0.2524347292255398,0.337603416546936
2026-08-31T02:21:07.657867,ENA_USDT,LOSS,LONG,39.0,0.16301,0.16167114285714285,0.16568771428571427,0.16167114285714285,-1.0,,,,,,,,SL,,,,,,,,,,,,,,,,,,,,,,,,,,,,,,,,,,,,,,,,,,,,,,,,,,,,,,,,,,,,,,,,,
2026-08-31T02:21:07.657975,TAO_USDT,LOSS,LONG,35.5,241.41,240.34628571428573,243.53742857142856,240.34628571428573,-1.0,,,,,,,,SL,,,,,,,,,,,,,,,,,,,,,,,,,,,,,,,,,,,,,,,,,,,,,,,,,,,,,,,,,,,,,,,,,
2026-08-31T02:31:14.127437,DOGE_USDT,LOSS,LONG,40.0,0.08587,0.085569455,0.08647108999999999,0.085569455,-1.0,,,,,,,,SL,,,,,,,,,,,,,,,,,,,,,,,,,,,,,,,,,,,,,,,,,,,,,,,,,,,,,,,,,,,,,,,,,
2026-08-31T02:31:14.127515,ADA_USDT,LOSS,LONG,37.0,0.2048,0.20393428571428573,0.2065314285714286,0.20393428571428573,-1.0,,,,,,,,SL,,,,,,,,,,,,,,,,,,,,,,,,,,,,,,,,,,,,,,,,,,,,,,,,,,,,,,,,,,,,,,,,,
2026-08-31T02:31:14.127554,SUI_USDT,LOSS,LONG,35.0,0.7545,0.75126,0.7609799999999999,0.75126,-1.0,,,,,,,,SL,,,,,,,,,,,,,,,,,,,,,,,,,,,,,,,,,,,,,,,,,,,,,,,,,,,,,,,,,,,,,,,,,
2026-08-31T02:51:10.822901,UNI_USDT,OPEN,LONG,36.5,5.407,5.363285714285714,5.49442857142857,,,53.913043478261,53.24074074074079,62.91913214990145,0.018494544109493877,45127665.9399,2.5460078550776553,1.538267107093555,HIGH_EDGE,2026-08-31 02:50:49.236,2026-08-31 02:50:30.786,5.407,5.401,5.402,90648248.0,0.0472,0.0001,54044837.0,-1.3321415137781878,5.360276246487716,5.3543561849177745,5.349786427069482,5.32017026880429,5.30266872474502,5.228295703602361,0.0052734900058926115,0.003485650650825043,0.0017878393550675685,0.035573138359183076,0.03819735519381781,-0.002624216834634735,0.0822203999112805,0.0768735539479759,0.005346845963304592,0.7416138950608098,0.26156569526275397,0.6737298211313352,1.1321303072736402,38.0,1.5,LONG,78984.4,0.002532209707479135,-0.029617328921965592,0.13345584740661312,0.6514662114568233,53.70843989769876,43.99297166703238,53.736126773102505,81.04064876844828,78997.01700653046,78986.17021485844,79001.64478187611,78998.79449452,79000.18826394086,78836.44335537721,78659.17884379583,78383.15106785946,5.671873331753886,-0.39465170232520763,26.553823640133487,55.40945154793252,187.23029407544527,189.86392287847016,223.57866524123529,108.8461619009583,0.7281198390995045,0.5463107146930631,0.7482790454353678,4.383582678750917,0.03698741234254445,0.16118011006875033,0.28093250963843136,0.3389729038717956
2026-08-31T02:51:10.823056,PROM_USDT,OPEN,SHORT,35.0,6.906,6.981514285714286,6.754971428571428,,,36.66666666666661,38.55140186915899,44.338498212157354,0.01448016217782123,15294640.297,0.7822172200337648,0.6089139233513086,HIGH_EDGE,2026-08-31 02:51:02.274,2026-08-31 02:50:30.778,6.906,6.909,6.91,2208551.0,-0.0069,5e-05,491997.0,1.352821210061183,6.89034799478227,6.902302326293096,6.912485343744751,6.925104153328281,6.936999626808584,6.961572929285279,-0.010025812030092673,-0.005458607277366953,-0.00456720475272572,-0.014390891173762022,-0.013903267798463195,-0.00048762337529882627,-0.02333434117308464,-0.016854759653923225,-0.006479581519161413,0.2547633976738012,0.27615737867692264,0.9112159199040185,1.8110545695254658,1.0,36.0,SHORT,78984.4,0.002532209707479135,-0.029617328921965592,0.13345584740661312,0.6514662114568233,53.70843989769876,43.99297166703238,53.736126773102505,81.04064876844828,78997.01700653046,78986.17021485844,79001.64478187611,78998.79449452,79000.18826394086,78836.44335537721,78659.17884379583,78383.15106785946,5.671873331753886,-0.39465170232520763,26.553823640133487,55.40945154793252,187.23029407544527,189.86392287847016,223.57866524123529,108.8461619009583,0.7281198390995045,0.5463107146930631,0.7482790454353678,4.383582678750917,0.03698741234254445,0.16118011006875033,0.28093250963843136,0.3389729038717956
2026-08-31T03:11:05.381403,PROM_USDT,LOSS,SHORT,35.0,6.906,6.981514285714286,6.754971428571428,6.981514285714286,-1.0,,,,,,,,SL,,,,,,,,,,,,,,,,,,,,,,,,,,,,,,,,,,,,,,,,,,,,,,,,,,,,,,,,,,,,,,,,,
2026-08-31T03:31:16.982317,XRP_USDT,OPEN,LONG,35.0,1.43,1.4238457142857142,1.4423085714285715,,,82.89473684210554,61.38613861386157,67.93313069908822,0.006993006993006224,344167766.0019,3.3949241790373286,0.8324194803733822,HIGH_EDGE,2026-08-31 03:30:45.247,2026-08-31 03:30:37.764,1.43,1.43,1.4301,245876329.0,0.0231,2.7e-05,140973046.0,-0.9539070155529078,1.421114935718786,1.4190558020174877,1.4189892546589422,1.416135106388638,1.416246102583952,1.4098290470612143,0.0017852941226048635,0.001039390345392834,0.0007459037772120296,0.0031902792821019155,0.0030087410723290556,0.00018153820977285986,0.006292200998079922,0.004966481946180527,0.0013257190518993949,0.8589569455347341,0.12587412587412533,0.358641358641358,0.6023976023976025,36.0,1.0,LONG,78974.6,0.11967515295347722,0.15814858357462933,0.20593232274658005,-0.40249770505694116,71.98861840025263,50.76208448250832,56.11268509114262,69.42148760330602,78879.89464774031,78870.9627629691,78918.7991250557,78949.29238545314,78963.14119113698,78858.21458830441,78724.46307503514,78437.91993212119,-2.0115479720407166,-18.072537444102945,-16.699766970559722,2.3827709550512504,141.65509278596437,172.00416961954363,241.05688639960135,135.30205082153006,1.6247631568063121,0.8625201059367208,0.9186074057605913,2.115972911983741,0.034884633793649845,0.1333068751580547,0.2927794867861666,0.37410762447673074
2026-08-31T03:51:10.053262,XRP_USDT,LOSS,LONG,35.0,1.43,1.4238457142857142,1.4423085714285715,1.4238457142857142,-1.0,,,,,,,,SL,,,,,,,,,,,,,,,,,,,,,,,,,,,,,,,,,,,,,,,,,,,,,,,,,,,,,,,,,,,,,,,,,
2026-08-31T03:51:10.053350,DOGE_USDT,OPEN,LONG,36.0,0.08639,0.086087635,0.08699472999999999,,,48.14814814814767,67.80821917808241,67.59002770083106,0.011575413821039614,56429578.28,1.2102934476677074,0.5000861541220195,HIGH_EDGE,2026-08-31 03:50:48.622,2026-08-31 03:50:31.960,0.08639,0.08638,0.08639,6624201.0,0.0127,3.1e-05,10988813.0,1.40260768500708,0.08635421904363486,0.08628053560144376,0.0861772948456184,0.08601183989461803,0.0859546891097201,0.08571815140291206,9.618760244191338e-05,0.00011196826891901456,-1.5780666477101184e-05,0.00015347355994711764,0.00010015265567203819,5.3320904275079456e-05,0.0002465603946122663,0.00021594642180287874,3.061397280938757e-05,2.1601770158794604,0.07275974401799198,0.21331834041638412,0.48947464157557996,37.0,1.0,LONG,79037.2,0.01265387107223842,-0.02630979786992197,0.10560357380726736,-0.40249770505694116,29.397394136805232,54.466647076109396,61.44127534974507,69.42148760330602,79049.74317362523,79039.60867896801,79011.9375616232,78991.31804962024,78982.11295290955,78876.37731490283,78724.46307503514,78437.91993212119,22.288597761420533,37.641343029952886,19.60707660652406,9.430101528858904,140.0471877623786,165.61143886632925,241.05688639960135,135.30205082153006,1.158195006583605,1.0094566492146901,1.179469741261864,2.115972911983741,0.0315764511611499,0.11300284639927449,0.2875860986978281,0.373811319226896
2026-08-31T04:11:02.028478,DOGE_USDT,LOSS,LONG,36.0,0.08639,0.086087635,0.08699472999999999,0.086087635,-1.0,,,,,,,,SL,,,,,,,,,,,,,,,,,,,,,,,,,,,,,,,,,,,,,,,,,,,,,,,,,,,,,,,,,,,,,,,,,
2026-08-31T04:41:03.877512,UNI_USDT,LOSS,LONG,36.5,5.407,5.363285714285714,5.49442857142857,5.363285714285714,-1.0,,,,,,,,SL,,,,,,,,,,,,,,,,,,,,,,,,,,,,,,,,,,,,,,,,,,,,,,,,,,,,,,,,,,,,,,,,,
2026-08-31T04:41:03.877678,PUMPFUN_USDT,OPEN,SHORT,38.0,0.004707,0.004731428571428572,0.004658142857142857,,,11.827956989247099,36.31284916201138,34.426229508196855,0.021244954323351023,16764753.7485,4.0101667226416895,3.315059440218085,HIGH_EDGE,2026-08-31 04:40:56.239,2026-08-31 04:40:31.897,0.004707,0.004706,0.004707,34157185.0,-0.029,0.0,62515667.0,-0.2044736876174269,0.004722941625402372,0.0047394732224565195,0.0047470853840339815,0.004764591857121809,0.0047797925791914055,0.004808823934924101,-1.4260439942981665e-05,-8.202385365867013e-06,-6.058054577114651e-06,-1.909641599319445e-05,-1.727955380106125e-05,-1.8168621921331972e-06,-2.711517531180964e-05,-1.9200254141010522e-05,-7.914921170799117e-06,0.9122430911866423,0.21244954323348125,0.43248657015387626,0.8938055783180042,1.0,39.0,SHORT,78759.0,-0.020437930259696046,-0.1392185503012635,-0.1494929139599183,0.025954097962160187,25.835866261395793,33.05031446540835,52.52250250027789,70.28250076885917,78820.12772016805,78865.35213910836,78899.07574722702,78941.48229370687,78968.14663189027,78896.91258865486,78780.79046002755,78489.57392630073,-43.90575884716236,-33.397713884150264,-29.808526211156277,-6.06278950695024,108.90399503908702,143.69256348151492,253.64339558921347,158.98767438944978,0.8802445378238289,0.8348982094795441,0.6614038675349823,1.860252166262086,0.032050758824841256,0.09546301284388281,0.2799135881069382,0.39085782486536796
2026-08-31T04:51:04.065617,SKHYNIXSTOCK_USDT,LOSS,LONG,38.0,1237.32,1232.98938,1245.9812399999998,1232.98938,-1.0,,,,,,,,SL,,,,,,,,,,,,,,,,,,,,,,,,,,,,,,,,,,,,,,,,,,,,,,,,,,,,,,,,,,,,,,,,,
2026-08-31T04:51:04.065726,PUMPFUN_USDT,WIN,SHORT,38.0,0.004707,0.004731428571428572,0.004658142857142857,0.004658142857142857,2.0,,,,,,,,TP,,,,,,,,,,,,,,,,,,,,,,,,,,,,,,,,,,,,,,,,,,,,,,,,,,,,,,,,,,,,,,,,,
2026-08-31T04:51:04.065825,HYPE_USDT,OPEN,SHORT,36.5,82.715,83.00450250000002,82.13599500000001,,,32.49427917620062,16.18911174785093,36.97834125726364,0.001208970561555418,105130555.9543,1.880997324814743,1.6078496548015009,HIGH_EDGE,2026-08-31 04:50:42.014,2026-08-31 04:50:30.018,82.715,82.727,82.728,12618584.0,-0.0053,5e-05,10008157.0,-0.978269483887009,82.71855455161477,82.82865520180448,82.92822618880422,83.11792231347452,83.19497182495734,83.34265533234534,-0.12198966906943554,-0.11753366161248918,-0.004456007456946354,-0.1671222195560489,-0.09815891027315071,-0.06896330928289818,-0.11457760006480555,-0.04618325955895364,-0.06839434050585191,1.153962427433543,0.12469667792160467,0.24438476351672128,0.5269384547629126,1.5,38.0,SHORT,78763.5,-0.01739081866326436,0.011554909947896017,-0.1621403027041665,0.025954097962160187,31.778929188255034,13.28786939450336,39.86656056803564,70.28250076885917,78773.31739650063,78805.71569121726,78848.8124782252,78909.84082987111,78925.39730551228,78883.95664406805,78780.79046002755,78489.57392630073,-38.960645767263486,-41.84142122355449,-47.71320255100727,-19.90490835295219,84.37911852011166,131.82375043258034,253.64339558921347,158.98767438944978,1.0766649464113918,1.5427518324044636,0.832553564354845,1.860252166262086,0.04016545009517722,0.09206584993592909,0.2550673852736348,0.3908354939606735
2026-08-31T05:41:15.232284,HYPE_USDT,WIN,SHORT,36.5,82.715,83.00450250000002,82.13599500000001,82.13599500000001,2.0,,,,,,,,TP,,,,,,,,,,,,,,,,,,,,,,,,,,,,,,,,,,,,,,,,,,,,,,,,,,,,,,,,,,,,,,,,,
2026-08-31T05:41:15.232410,TRUMPOFFICIAL_USDT,OPEN,SHORT,36.0,2.513,2.5270571428571427,2.4848857142857144,,,27.27272727272741,32.5000000000001,32.87671232876707,0.03979307600477079,19018099.5519,3.005861479558695,1.1088438691610263,HIGH_EDGE,2026-08-31 05:41:04.672,2026-08-31 05:40:33.891,2.513,2.512,2.513,73733479.0,-0.0039,-5.8e-05,90652633.0,-2.8578851602450075,2.521103386299898,2.525728836770298,2.526388064413826,2.532477925935208,2.53846130843376,2.544565294148251,-0.004168315438447756,-0.0028379467251394876,-0.0013303687133082685,-0.006054879313445394,-0.004864577100951484,-0.0011903022124939095,-0.005839636328634601,-0.0038902592915876855,-0.0019493770370469154,0.45719619144100887,0.19612301745210609,0.4661474617702251,0.8157580580978933,0.0,36.0,SHORT,78677.9,-0.07188716509281931,-0.12567135797422851,-0.028416839514622847,-0.22504591417625083,29.296622929662036,30.046856696603058,31.46242132543533,64.8173318505705,78768.72097705849,78793.21085238454,78797.11503145666,78845.42349190779,78872.88582042253,78867.76729675473,78790.29236802267,78520.36946268409,-22.018222715894808,-14.286657733939236,-47.598460755776614,-38.76114751804698,46.00901871469978,94.92507637056919,246.41077638033312,176.4617666493488,2.569788318554656,1.4890504649131766,0.6701753691908602,1.302869500771677,0.055088985779815365,0.10151698071685744,0.21811352725116048,0.41150600831273654
2026-08-31T06:01:20.186525,LINK_USDT,OPEN,SHORT,37.0,11.49,11.530215,11.40957,,,45.88235294117679,38.91050583657579,34.59595959595978,0.008703220191466021,24987938.1979,2.2703408493683295,1.5435861672888378,HIGH_EDGE,2026-08-31 06:01:06.744,2026-08-31 06:00:39.928,11.49,11.486,11.487,21719949.0,-0.0056,6.7e-05,21046157.0,-1.5305508006583546,11.514573203208956,11.52530637124903,11.539115059665026,11.570405269855597,11.567810105076038,11.585133989233535,-0.012171595035770366,-0.011624328542650114,-0.0005472664931202523,-0.029962452288035735,-0.022911324145336715,-0.0070511281426990195,-0.0004422538459927239,0.024477512210965783,-0.024919766056958507,0.9676463848697546,0.08641054332960077,0.2747730946164334,0.46748725599900576,2.0,39.0,SHORT,78561.5,-0.02786848112959503,-0.12242905344416308,0.1423840468681846,-0.3384571277066776,53.18439479826712,38.871749669457984,37.94371376043002,56.053002979457474,78618.67409771167,78648.84697639538,78672.02583688492,78761.64912559764,78742.9149250701,78805.38166512045,78744.5338944186,78524.10927100877,-35.039224492022186,-34.61762435720575,-84.7949638786813,-62.50757720261896,-13.212082095982623,59.361618765331635,216.67085160852002,184.51748007636013,0.722235023929675,0.8132562021100265,1.1516049487998288,1.7526915143384467,0.041668901797592375,0.12845259537341694,0.2290107568138145,0.43995559438874765
2026-08-31T06:11:06.560924,NIULAI_USDT,OPEN,SHORT,36.0,0.1101,0.11404371428571429,0.10221257142857143,,,15.191545574636692,33.829365079365076,43.83124846701006,0.00908265213441973,15387046.4908,2.787405418598975,2.543588664556175,HIGH_EDGE,2026-08-31 06:10:59.198,2026-08-31 06:10:27.994,0.1101,0.1101,0.11011,14575506.0,-0.1532,0.000741,1800375.0,-9.066642288134052,0.11266587784461018,0.11582592783185372,0.11665898219426879,0.11995437086202611,0.12208956400756113,0.12289626337814262,-0.0027492808702166693,-0.0016142730822343442,-0.0011350077879823252,-0.0031020895281578253,-0.0022201444930018584,-0.000881945035155967,0.0009653494410065966,0.003144539913591021,-0.0021791904725844244,0.23946805593759185,1.5946542104580255,2.9849487478915275,5.73958738808875,1.0,37.0,SHORT,78488.3,0.07190951640851329,0.05953473667033447,0.1423840468681846,-0.3384571277066776,34.76715250622179,33.1583118684366,37.94371376043002,56.053002979457474,78456.59749078868,78513.48930059683,78598.41253560643,78710.34796139898,78742.9149250701,78805.38166512045,78744.5338944186,78524.10927100877,-66.09605848607316,-68.47072475424406,-105.55025832397223,-76.98060509004796,-13.212082095982623,59.361618765331635,216.67085160852002,184.51748007636013,0.7523611326801994,0.6878928305234349,1.1516049487998288,1.7526915143384467,0.09327140842284208,0.16128882539545178,0.22922433753092483,0.4403659071297454
2026-08-31T06:51:01.457632,TRUMPOFFICIAL_USDT,WIN,SHORT,36.0,2.513,2.5270571428571427,2.4848857142857144,2.4848857142857144,2.0,,,,,,,,TP,,,,,,,,,,,,,,,,,,,,,,,,,,,,,,,,,,,,,,,,,,,,,,,,,,,,,,,,,,,,,,,,,
2026-08-31T07:11:09.569979,LINK_USDT,LOSS,SHORT,37.0,11.49,11.530215,11.40957,11.530215,-1.0,,,,,,,,SL,,,,,,,,,,,,,,,,,,,,,,,,,,,,,,,,,,,,,,,,,,,,,,,,,,,,,,,,,,,,,,,,,
2026-08-31T07:31:15.210352,MUSTOCK_USDT,WIN,SHORT,36.0,936.62,939.89817,930.06366,930.06366,2.0,,,,,,,,TP,,,,,,,,,,,,,,,,,,,,,,,,,,,,,,,,,,,,,,,,,,,,,,,,,,,,,,,,,,,,,,,,,
2026-08-31T07:31:15.210451,ENA_USDT,OPEN,SHORT,37.0,0.15575,0.156854,0.153542,,,40.21739130434745,38.132295719844365,24.803493449781826,0.012841091492771909,37339101.9642,0.41506963671197006,1.5067850330956498,HIGH_EDGE,2026-08-31 07:31:01.712,2026-08-31 07:30:43.012,0.15575,0.15572,0.15574,23352730.0,-0.0146,-4.2e-05,25746325.0,-0.08633384884501943,0.15672759722720453,0.15709256190406426,0.15755736614310314,0.1582774948690701,0.15835444000487603,0.15940630405910003,-0.0004044577459151877,-0.0003971610677197193,-7.296678195468378e-06,-0.0007483733480853072,-0.0006317785908614693,-0.00011659475722383792,-0.000846995579126375,-0.00040948326266686025,-0.00043751231645951477,1.67039595190824,0.20087135977986423,0.5906902086677369,1.0428800733776662,1.0,38.0,SHORT,78351.0,0.029491407276341922,0.022978821186473132,-0.23340120176789364,0.07904635222087895,33.82352941176471,37.620357634112715,25.236259166856215,61.0683585755219,78355.54791247683,78425.98292779464,78494.91454823865,78571.21456476096,78573.58426451759,78683.71695534379,78720.3471155348,78533.15321789161,-71.96457000907685,-63.0787100814205,-78.24076662468724,-63.20278787732662,-79.72635158874618,-27.360667405630483,195.85572980507277,186.79781007266985,0.8527655067696044,1.1481083065248248,1.5624506664928077,2.2333966716238938,0.07229372585270777,0.1570223372114855,0.2624636024337342,0.46990010155764605
2026-08-31T07:31:15.210565,PUMPFUN_USDT,OPEN,SHORT,37.0,0.004612,0.0046331714285714285,0.004569657142857142,,,5.263157894737404,46.153846153846025,33.09692671394802,0.02168256721596125,19207003.8098,1.44263792768681,0.12763807160598967,HIGH_EDGE,2026-08-31 07:31:08.966,2026-08-31 07:30:43.027,0.004612,0.004612,0.004613,39754256.0,-0.0486,-3.6e-05,69724556.0,-1.7668069046885126,0.004624820987476111,0.004638826319001273,0.0046477433344149395,0.004658003278641351,0.004661205627716711,0.0047046858961823645,-1.308836193815964e-05,-9.6107119757075e-06,-3.4776499624521396e-06,-1.2802723591728328e-05,-1.279776718247262e-05,-4.956409255708774e-09,-4.7778348334708357e-05,-4.6146433391424285e-05,-1.6319149432840712e-06,2.4505680379810952,0.19049684054020813,0.3825424358815537,0.9834592987238276,1.0,38.0,SHORT,78351.0,0.029491407276341922,0.022978821186473132,-0.23340120176789364,0.07904635222087895,33.82352941176471,37.620357634112715,25.236259166856215,61.0683585755219,78355.54791247683,78425.98292779464,78494.91454823865,78571.21456476096,78573.58426451759,78683.71695534379,78720.3471155348,78533.15321789161,-71.96457000907685,-63.0787100814205,-78.24076662468724,-63.20278787732662,-79.72635158874618,-27.360667405630483,195.85572980507277,186.79781007266985,0.8527655067696044,1.1481083065248248,1.5624506664928077,2.2333966716238938,0.07229372585270777,0.1570223372114855,0.2624636024337342,0.46990010155764605
2026-08-31T08:21:13.431524,ENA_USDT,WIN,SHORT,37.0,0.15575,0.156854,0.153542,0.153542,2.0,,,,,,,,TP,,,,,,,,,,,,,,,,,,,,,,,,,,,,,,,,,,,,,,,,,,,,,,,,,,,,,,,,,,,,,,,,,
2026-08-31T08:21:13.431636,PUMPFUN_USDT,WIN,SHORT,37.0,0.004612,0.0046331714285714285,0.004569657142857142,0.004569657142857142,2.0,,,,,,,,TP,,,,,,,,,,,,,,,,,,,,,,,,,,,,,,,,,,,,,,,,,,,,,,,,,,,,,,,,,,,,,,,,,
2026-08-31T08:31:20.588902,SPX500_USDT,LOSS,LONG,36.0,7718.8,7691.784200000001,7772.8315999999995,7691.784200000001,-1.0,,,,,,,,SL,,,,,,,,,,,,,,,,,,,,,,,,,,,,,,,,,,,,,,,,,,,,,,,,,,,,,,,,,,,,,,,,,
2026-08-31T08:31:20.589048,ZEC_USDT,OPEN,SHORT,37.5,844.79,850.9991428571427,832.3717142857142,,,17.60031783869698,21.092601665850083,35.15559293523964,0.04261414079238789,173098762.2523,2.9487368412591666,1.751943792609393,HIGH_EDGE,2026-08-31 08:30:50.541,2026-08-31 08:30:36.658,844.79,844.63,844.99,20266427.0,-0.0247,7.2e-05,11862246.0,-0.926297358765899,852.6969442688064,856.0587883507708,856.4524168919622,860.0575252280549,858.836915450365,861.4391741060534,-2.80710469762505,-1.368145946638437,-1.438958750986613,-2.9237880091623083,-1.3024978087217123,-1.621290200440596,-1.30807702517518,0.7145973436608968,-2.0226743688360767,1.5448841114150604,0.3746493211330622,0.6124937220238996,1.132825909397602,2.5,40.0,SHORT,77653.2,-0.12938274399451322,-0.37193799066243033,-0.8694786319658258,-0.29711180866814263,21.363752014248533,15.7545336787568,17.96521454664459,56.44935487532618,77950.41325243626,78111.17940685712,78152.11919575873,78325.70314470274,78312.05755474643,78521.11890423349,78654.27769242902,78520.13997356349,-140.70829438831424,-82.91506147106243,-159.65464849289856,-104.25458280846206,-169.69731441087788,-84.2332666734118,158.67840601011994,181.1815498285012,2.0463718020862096,1.8709030849740111,2.1982170523115405,1.9617597094615946,0.17472373505350763,0.23052127002769013,0.3324212193260713,0.5064458754712373
2026-08-31T08:41:09.300713,ZEC_USDT,WIN,SHORT,37.5,844.79,850.9991428571427,832.3717142857142,832.3717142857142,2.0,,,,,,,,TP,,,,,,,,,,,,,,,,,,,,,,,,,,,,,,,,,,,,,,,,,,,,,,,,,,,,,,,,,,,,,,,,,
2026-08-31T08:41:09.300812,ZEC_USDT,OPEN,SHORT,36.5,836.95,844.1362857142857,822.5774285714286,,,18.411783541466534,20.00464684014871,35.15559293523964,0.0011948145050470044,176498527.027,0.4945160729854571,1.6046854980684833,HIGH_EDGE,2026-08-31 08:40:41.264,2026-08-31 08:40:30.746,836.95,836.94,836.95,20671914.0,-0.0337,6.5e-05,12148691.0,2.414761926198462,839.2833942357659,845.2438143323459,849.4991468108688,856.1047302043187,858.836915450365,861.4391741060534,-6.01163308861976,-5.085793214835782,-0.9258398737839784,-5.435444262724559,-2.5854055824359143,-2.8500386802886446,-1.30807702517518,0.7145973436608968,-2.0226743688360767,1.5448841114150604,0.6026132300103247,0.7155232007373694,1.1434374813310235,2.5,39.0,SHORT,77496.9,-0.03895412055914853,-0.28064080293380406,-0.8694786319658258,-0.29711180866814263,24.773960216998887,17.912690660455667,17.96521454664459,56.44935487532618,77653.70123119485,77828.02461200142,77951.13628528609,78199.88669527684,78312.05755474643,78521.11890423349,78654.27769242902,78520.13997356349,-181.02934489495237,-159.56872513987298,-224.4740836101264,-141.61196925362123,-169.69731441087788,-84.2332666734118,158.67840601011994,181.1815498285012,0.9611756617481131,1.7980208737753092,2.1982170523115405,1.9617597094615946,0.17469823216891758,0.2590334028107663,0.33309166468041024,0.50746730330043
2026-08-31T08:41:09.300965,PROM_USDT,OPEN,SHORT,35.0,6.46,6.531228571428571,6.317542857142858,,,34.468085106382986,33.182844243792275,33.00330033003304,0.046439628482973894,12300129.285,3.977591036414566,1.9797525309336332,HIGH_EDGE,2026-08-31 08:41:09.234,2026-08-31 08:40:30.759,6.46,6.46,6.463,1746903.0,-0.071,5e-05,406912.0,-0.32871692622729964,6.476883002753227,6.499778282025009,6.512736480079208,6.544298864636032,6.562750093484086,6.650010191833196,-0.02155773781931547,-0.015905169025963648,-0.005652568793351822,-0.03308435998547665,-0.027341286662052655,-0.005743073323423997,-0.0953532822865899,-0.09020658164891858,-0.005146700637671323,0.7517879261864507,0.43564794338787965,0.9188412206988024,1.3909774436090225,3.0,38.0,SHORT,77496.9,-0.03895412055914853,-0.28064080293380406,-0.8694786319658258,-0.29711180866814263,24.773960216998887,17.912690660455667,17.96521454664459,56.44935487532618,77653.70123119485,77828.02461200142,77951.13628528609,78199.88669527684,78312.05755474643,78521.11890423349,78654.27769242902,78520.13997356349,-181.02934489495237,-159.56872513987298,-224.4740836101264,-141.61196925362123,-169.69731441087788,-84.2332666734118,158.67840601011994,181.1815498285012,0.9611756617481131,1.7980208737753092,2.1982170523115405,1.9617597094615946,0.17469823216891758,0.2590334028107663,0.33309166468041024,0.50746730330043
2026-08-31T08:51:01.492724,XAU_USDT,LOSS,LONG,37.0,4465.29,4449.6614850000005,4496.54703,4449.6614850000005,-1.0,,,,,,,,SL,,,,,,,,,,,,,,,,,,,,,,,,,,,,,,,,,,,,,,,,,,,,,,,,,,,,,,,,,,,,,,,,,
2026-08-31T08:51:01.492843,ZEC_USDT,WIN,SHORT,36.5,836.95,844.1362857142857,822.5774285714286,822.5774285714286,2.0,,,,,,,,TP,,,,,,,,,,,,,,,,,,,,,,,,,,,,,,,,,,,,,,,,,,,,,,,,,,,,,,,,,,,,,,,,,
2026-08-31T08:51:01.492952,SILVER_USDT,OPEN,SHORT,35.0,66.2,66.4317,65.7366,,,4.761904761903963,30.47619047619085,32.72727272727286,0.015105740181255142,71928367.5135,2.051124801726831,3.6141934086521843,HIGH_EDGE,2026-08-31 08:50:44.355,2026-08-31 08:50:31.771,66.2,66.2,66.21,107904471.0,-0.0116,6.9e-05,149222315.0,0.9905112352467956,66.22636852214798,66.33761269732939,66.41424567575805,66.48276587009461,66.51214903429035,66.62298415858574,-0.10841571366066205,-0.0847002648838605,-0.023715448776801554,-0.05371092606272043,-0.013403486098079221,-0.040307439964641215,-0.11738755190086181,-0.11058496724010117,-0.006802584660760641,0.9849007925955566,0.08739749676305746,0.17587397496762852,0.3301683211048772,1.0,36.0,SHORT,77333.3,0.17682080086221189,-0.13791304505030713,-0.27442526515326,-0.29711180866814263,35.612449799197435,9.351565946184195,16.10931847071531,56.44935487532618,77328.79717555206,77509.13551313203,77745.8032225832,78058.31279606961,78137.66604379719,78422.8443979192,78654.27769242902,78520.13997356349,-203.24783025374927,-200.5911274418037,-285.33364190028806,-188.55755020635715,-232.69108224047523,-113.92584540153493,158.67840601011994,181.1815498285012,0.8070130295741964,2.3165677176528923,2.081537547925211,1.9617597094615946,0.19413185707654101,0.3026787018935292,0.37623784690054923,0.508540859592738
2026-08-31T09:01:24.507373,NIULAI_USDT,WIN,SHORT,36.0,0.1101,0.11404371428571429,0.10221257142857143,0.10221257142857143,2.0,,,,,,,,TP,,,,,,,,,,,,,,,,,,,,,,,,,,,,,,,,,,,,,,,,,,,,,,,,,,,,,,,,,,,,,,,,,
2026-08-31T09:01:24.507486,SILVER_USDT,LOSS,SHORT,35.0,66.2,66.4317,65.7366,66.4317,-1.0,,,,,,,,SL,,,,,,,,,,,,,,,,,,,,,,,,,,,,,,,,,,,,,,,,,,,,,,,,,,,,,,,,,,,,,,,,,
2026-08-31T09:11:07.636126,PROM_USDT,LOSS,SHORT,35.0,6.46,6.531228571428571,6.317542857142858,6.531228571428571,-1.0,,,,,,,,SL,,,,,,,,,,,,,,,,,,,,,,,,,,,,,,,,,,,,,,,,,,,,,,,,,,,,,,,,,,,,,,,,,
2026-08-31T09:31:11.117543,PROM_USDT,OPEN,SHORT,39.0,6.325,6.445685714285714,6.083628571428572,,,36.18233618233621,35.900621118012424,33.7893296853625,0.015810276679833136,12337392.354,1.9318398392154825,1.2784962120230474,HIGH_EDGE,2026-08-31 09:31:11.042,2026-08-31 09:30:35.914,6.325,6.325,6.326,1756666.0,-0.0904,5e-05,371261.0,-4.854396301412342,6.335485986889204,6.36708066677158,6.40348565230895,6.4607496407271015,6.480656038292398,6.579847034213245,-0.035905982386131186,-0.03680849490939853,0.0009025125232673473,-0.056367900726926656,-0.04330141681689998,-0.013066483910026676,-0.10649479770682113,-0.09711674924505327,-0.00937804846176786,4.228934557454178,1.0931677018633539,1.5900621118012386,1.9243365330321827,1.0,40.0,SHORT,77871.9,-0.0038523323946483405,-0.09506581479486545,0.1873239817153155,-0.9584130628906786,67.2640382317802,41.02192638997639,32.66291230893002,45.03985025963043,77878.30524578158,77813.46978291009,77770.73962264367,77889.4201887532,77954.82661442502,78256.27933732227,78451.16215394474,78440.00831073079,72.61766535535571,75.2792324962125,-167.76010790686996,-215.82536846903255,-274.0804214438249,-191.33136195647594,67.8081331749272,158.511186270766,0.4423739574359133,0.40536482207375746,0.6875347226139135,2.799084443679101,0.06505189016467394,0.37824940703899584,0.4237728885515801,0.6254777764141246
2026-08-31T10:51:02.773600,UNI_USDT,OPEN,SHORT,35.0,5.112,5.150228571428571,5.0355428571428575,,,51.03448275862042,33.691756272401435,32.50000000000004,0.03912363067292214,52456129.3485,0.07207024433600094,0.645907858663838,HIGH_EDGE,2026-08-31 10:50:49.305,2026-08-31 10:50:31.934,5.112,5.114,5.116,102398041.0,-0.0098,0.0001,43405290.0,1.0435102483460856,5.122437223770899,5.127074070343414,5.134049981324935,5.150907794762282,5.159163440282294,5.201695895067637,-0.004288986840533582,-0.0024977884942391283,-0.0017911983462944535,-0.01890271803263932,-0.017486618951606244,-0.0014160990810330766,-0.03862771617908489,-0.028997984292834022,-0.00962973188625087,0.4448830508410965,0.2752626872345171,0.6231835457187541,1.341381623071764,0.0,35.0,SHORT,77734.5,0.061013990739767834,0.027408471147762428,-0.03961720518625606,0.3415822263896705,54.27834312741865,38.79106915955668,32.33661747622919,46.85912779496744,77733.06717331114,77736.69198309013,77753.66683842952,77802.19683597663,77828.72411301461,78076.98298212336,78341.70972315627,78391.26981703364,-2.3614923587592784,1.5493116744548234,-69.68572115815186,-81.81318644872806,-258.7466510337399,-236.61537933532634,17.004873068028246,130.22448590065548,0.4950469022931325,0.6293350315117111,0.594668322045634,1.2841209942089125,0.09942266855220697,0.19308396804875094,0.4556351610748312,0.6792994101718052
2026-08-31T11:01:22.124700,SILVER_USDT,OPEN,SHORT,36.0,66.18,66.498,65.54400000000001,,,32.967032967033305,39.898989898989846,45.58139534883703,0.015110305228173337,88699320.64,0.3135066663643828,0.927806629668329,HIGH_EDGE,2026-08-31 11:01:03.997,2026-08-31 11:00:49.119,66.18,66.17,66.18,133140696.0,-0.0119,8.1e-05,140795622.0,-0.13717875878129496,66.27223534311243,66.28865586548335,66.32985904607965,66.4019800138053,66.42207201098003,66.51746985467074,-0.01621772332239857,-0.011558856795184503,-0.004658866527214067,-0.06954488971614126,-0.054803837924115736,-0.01474105179202552,-0.10349647129065431,-0.09572983811305036,-0.007766633177603954,0.8627782579389707,0.1467858222164643,0.4004230885463894,0.4867676898501926,0.0,36.0,SHORT,77610.0,-0.009920417636695095,-0.06386847215283856,-0.13279597288491157,-0.37725967506118974,21.428571428567295,35.44161027242701,33.49077622315289,42.81232250561224,77657.82602485077,77689.62259276191,77709.88277659508,77772.94141027272,77784.97929041147,78034.53035819107,78195.36777852522,78320.24138805743,-28.04437305862666,-16.884715537793856,-78.35010100745421,-79.7021213364103,-262.25425002923294,-241.74189198530797,-46.42821839253884,94.91749283674304,1.605910770997048,0.585475166125755,0.3819309636214592,1.058364841479163,0.061304691957954814,0.20024113240193617,0.4533013050600993,0.7100336849080596
2026-08-31T11:11:15.945821,XAUT_USDT,WIN,SHORT,37.0,4451.5,4467.08025,4420.3395,4420.3395,2.0,,,,,,,,TP,,,,,,,,,,,,,,,,,,,,,,,,,,,,,,,,,,,,,,,,,,,,,,,,,,,,,,,,,,,,,,,,,
2026-08-31T11:21:08.738826,UNI_USDT,LOSS,SHORT,35.0,5.112,5.150228571428571,5.0355428571428575,5.150228571428571,-1.0,,,,,,,,SL,,,,,,,,,,,,,,,,,,,,,,,,,,,,,,,,,,,,,,,,,,,,,,,,,,,,,,,,,,,,,,,,,
2026-08-31T11:21:08.738965,XAU_USDT,OPEN,SHORT,41.0,4426.12,4441.61142,4395.13716,,,35.222672064777115,38.59203847181391,32.74219700040568,0.0009037260625550962,246591988.08284,0.5321044171804106,0.9469500047532124,HIGH_EDGE,2026-08-31 11:20:40.970,2026-08-31 11:20:30.941,4426.12,4426.08,4426.12,55217878.0,-0.0112,0.000162,65145069.0,2.4603786473583464,4428.1133643271005,4432.086726834369,4437.323642558285,4446.304021107875,4449.641364952473,4458.135749486353,-4.4854517880203275,-4.411801238006586,-0.07365055001374188,-8.29829944273024,-5.722101481805653,-2.5761979609245875,-7.797043402078998,-5.244155152241218,-2.55288824983778,1.898839805002993,0.06731145369501611,0.22859427993043685,0.3212907532040334,0.0,41.0,SHORT,77824.0,-0.026976684437022287,-0.11384536795669652,0.39002705836876317,-0.37725967506118974,64.86822992322152,59.27405040823581,39.748920195373714,42.81232250561224,77836.04720929252,77782.82874343301,77754.85694529352,77773.31590188772,77810.52343232904,78023.45522393532,78195.36777852522,78320.24138805743,50.35803847677016,39.68780683902749,-43.093899451356265,-67.85449856486262,-237.86788662221807,-240.9675210915125,-46.42821839253884,94.91749283674304,0.9567636947634456,0.9666451168541211,0.6399318565515724,1.058364841479163,0.07429768268327201,0.20489456062030023,0.4720633370535718,0.7080812382518825
2026-08-31T11:21:08.739151,XAUT_USDT,OPEN,SHORT,38.0,4409.3,4424.732550000001,4378.4349,,,33.160621761657396,37.77777777777778,34.66666666666657,0.006803801056861223,129004990.8147,0.9294900053497294,0.8658595238906379,HIGH_EDGE,2026-08-31 11:20:44.126,2026-08-31 11:20:31.013,4409.3,4409.3,4409.6,29066845.0,-0.0114,5e-06,51492111.0,0.7566812012020803,4411.575441811103,4415.379086788527,4420.334777125368,4428.791384646955,4431.80138868335,4440.189814371965,-4.239176229857549,-4.088533688223928,-0.150642541633621,-7.7860677553517235,-5.310138436075556,-2.475929319276167,-7.8737926434541805,-5.584089084963003,-2.289703558491177,2.5265817868777467,0.06496010056666,0.21140381855234408,0.30487508545249664,1.0,39.0,SHORT,77824.0,-0.026976684437022287,-0.11384536795669652,0.39002705836876317,-0.37725967506118974,64.86822992322152,59.27405040823581,39.748920195373714,42.81232250561224,77836.04720929252,77782.82874343301,77754.85694529352,77773.31590188772,77810.52343232904,78023.45522393532,78195.36777852522,78320.24138805743,50.35803847677016,39.68780683902749,-43.093899451356265,-67.85449856486262,-237.86788662221807,-240.9675210915125,-46.42821839253884,94.91749283674304,0.9567636947634456,0.9666451168541211,0.6399318565515724,1.058364841479163,0.07429768268327201,0.20489456062030023,0.4720633370535718,0.7080812382518825
2026-08-31T11:41:05.192576,UNI_USDT,OPEN,SHORT,38.0,5.043,5.085171428571429,4.9586571428571435,,,18.857142857143003,37.26708074534164,37.693631669535314,0.01982946658733781,52816520.4352,1.6425885729523964,4.287267656503781,HIGH_EDGE,2026-08-31 11:40:48.313,2026-08-31 11:40:27.835,5.043,5.043,5.044,103026025.0,-0.0232,8.7e-05,42829374.0,-0.4602369438898495,5.068054404336482,5.09234057696167,5.1038655085795135,5.125403257472226,5.144363681424443,5.183623275628828,-0.02259256992614489,-0.016599544204459256,-0.005993025721685634,-0.02143236217248834,-0.01601290888593503,-0.00541945328655331,-0.03872765034678771,-0.033759061225671225,-0.004968589121116487,0.40022666008806584,0.37392708421857646,0.6968641114982566,1.453216622758562,1.0,39.0,SHORT,77734.3,-0.014405978481065902,-0.09086819613135028,-0.09253947045859182,-0.37725967506118974,35.05285412262309,49.53271028037396,39.094013022073945,42.81232250561224,77769.01801295362,77787.87218734065,77773.68012479367,77778.80843165067,77816.53874586307,78006.83241691769,78195.36777852522,78320.24138805743,-9.050554970657686,6.8093336395521495,-24.439994386411854,-43.57613221919178,-221.80427515375777,-237.13738542152288,-46.42821839253884,94.91749283674304,1.2444964322949172,0.8892515386804133,0.44081184743874935,1.058364841479163,0.04789207779393953,0.17998122174785341,0.47272751998979856,0.7088983149744001
2026-08-31T12:41:05.457839,NIULAI_USDT,OPEN,LONG,35.0,0.12096,0.11735399999999999,0.128172,,,76.63628831814415,62.705667276051194,66.25117591721542,0.03306878306878172,16482794.9499,0.8625813373677182,1.8879560979837535,HIGH_EDGE,2026-08-31 12:41:03.396,2026-08-31 12:40:30.752,0.12096,0.12093,0.12097,15142813.0,-0.0697,0.000327,1451609.0,-5.333963740706926,0.1189730981728314,0.11672997480859772,0.11456978925858571,0.11173193419300471,0.1103261213722479,0.10982391141913016,0.0022892065395183347,0.001945756960133158,0.0003434495793851768,0.002583673043872997,0.0017080934433353241,0.000875579600537673,-0.0004994126929232928,-0.0020167642643350633,0.0015173515714117704,1.128410799428898,1.0711923658352225,2.484292328042329,4.908942743764174,35.0,0.0,LONG,77755.0,0.012862563508907326,0.11884727159885365,0.0890233328738191,-0.21891508826181444,60.752438457966164,46.008207423987834,51.25006188425172,29.929447852760973,77717.60812817696,77684.48947853311,77660.85987636,77672.24581967984,77697.07571030554,77880.82788586109,78044.31422282044,78240.22597024967,34.17470718374534,29.813663250491143,-30.69474469704437,-52.74056657204122,-216.69892146428174,-229.66385408616958,-109.14377607830102,54.13394707991337,0.46029194167190635,0.613091412372974,0.5556964500230634,0.7720548292484839,0.03370476864142812,0.15383484755229124,0.37224064598509893,0.7036938368685548
2026-08-31T12:51:04.559167,NIULAI_USDT,WIN,LONG,35.0,0.12096,0.11735399999999999,0.128172,0.128172,2.0,,,,,,,,TP,,,,,,,,,,,,,,,,,,,,,,,,,,,,,,,,,,,,,,,,,,,,,,,,,,,,,,,,,,,,,,,,,
2026-08-31T13:21:01.579296,BTC_USDT,OPEN,SHORT,35.0,77500.5,77771.75175000001,76957.9965,,,34.876748834111424,44.06276001426335,39.025725232621824,0.0001290314256112164,4266532117.97817,2.256300987396053,1.7219340854328604,HIGH_EDGE,2026-08-31 13:20:35.080,2026-08-31 13:20:29.933,77500.5,77500.4,77500.5,544275148.0,-0.0163,8.1e-05,557642646.0,-0.22206515039518093,77533.35857303922,77584.31351680489,77616.81296219502,77653.81764483299,77687.51476367677,77832.82879789903,-51.727979809744284,-44.66281361925429,-7.065166190489997,-36.80690299591515,-24.69099012628957,-12.115912869625582,-183.9820136436465,-208.6794803320884,24.697466688441892,0.7343257388408593,0.048313052358189966,0.12326187757314087,0.3326337986759538,2.0,37.0,SHORT,77488.9,-0.015354680209763938,-0.09076925655596263,-0.21601189802282106,0.37073815762116946,34.876748834111424,44.06276001426335,39.025725232621824,34.3233374543573,77533.35857303922,77584.31351680489,77616.81296219502,77653.81764483299,77687.51476367677,77832.82879789903,77980.89137825664,78193.58479981258,-51.727979809744284,-44.66281361925429,-36.80690299591515,-24.69099012628957,-183.9820136436465,-208.6794803320884,-134.13962125354738,16.495784410464903,2.256300987396053,1.7219340854328604,0.7343257388408593,0.6549116331689233,0.04832028476705569,0.12328032973570674,0.33268359357644456,0.7161670897380171
2026-08-31T14:11:06.759665,SILVER_USDT,LOSS,SHORT,36.0,66.18,66.498,65.54400000000001,66.498,-1.0,,,,,,,,SL,,,,,,,,,,,,,,,,,,,,,,,,,,,,,,,,,,,,,,,,,,,,,,,,,,,,,,,,,,,,,,,,,
2026-08-31T14:21:09.504067,UNI_USDT,LOSS,SHORT,38.0,5.043,5.085171428571429,4.9586571428571435,5.085171428571429,-1.0,,,,,,,,SL,,,,,,,,,,,,,,,,,,,,,,,,,,,,,,,,,,,,,,,,,,,,,,,,,,,,,,,,,,,,,,,,,
2026-08-31T14:21:09.504191,BTC_USDT,LOSS,SHORT,35.0,77500.5,77771.75175000001,76957.9965,77771.75175000001,-1.0,,,,,,,,SL,,,,,,,,,,,,,,,,,,,,,,,,,,,,,,,,,,,,,,,,,,,,,,,,,,,,,,,,,,,,,,,,,
2026-08-31T14:31:12.523579,XAU_USDT,LOSS,SHORT,41.0,4426.12,4441.61142,4395.13716,4441.61142,-1.0,,,,,,,,SL,,,,,,,,,,,,,,,,,,,,,,,,,,,,,,,,,,,,,,,,,,,,,,,,,,,,,,,,,,,,,,,,,
2026-08-31T14:31:12.523713,XAUT_USDT,LOSS,SHORT,38.0,4409.3,4424.732550000001,4378.4349,4424.732550000001,-1.0,,,,,,,,SL,,,,,,,,,,,,,,,,,,,,,,,,,,,,,,,,,,,,,,,,,,,,,,,,,,,,,,,,,,,,,,,,,
2026-08-31T14:31:12.523826,SILVER_USDT,OPEN,LONG,37.5,66.69,66.456585,67.15682999999999,,,94.73684210526395,84.14634146341241,64.32432432432441,0.014994751836864773,115693797.0663,1.6804434318270212,4.184226024561782,HIGH_EDGE,2026-08-31 14:30:52.000,2026-08-31 14:30:38.736,66.69,66.69,66.7,173818022.0,-0.0043,4.8e-05,151409341.0,0.90269015100089,66.74424565152802,66.64709878588042,66.56856708694586,66.43142425275357,66.436004333883,66.38487809408197,0.09517432639576384,0.07383209661049359,0.021342229785270256,0.11946370652051996,0.07206717755484937,0.04739652896567059,0.0005687510971199572,-0.07695230971566447,0.07752106081278443,1.5198156423478868,0.06426322215795992,0.14994751836857315,0.3191740033845286,40.0,2.5,LONG,77977.8,-0.0029494704418215802,-0.1053036126056842,0.32060271251508077,-0.18127502341521912,65.80109062581151,75.73428781977073,59.42690178388373,33.65471357690585,77978.6970945469,77890.52328779268,77805.06216729344,77706.91984968468,77707.34902976199,77777.14698654671,77901.97310260602,78138.37422492854,100.96084939752473,103.92331540787683,66.31224012110033,5.508482174777001,-121.24862530082464,-175.28107608284864,-163.41790677519748,-19.45188091713434,1.0302028942030763,2.132469261797775,1.9289474314238346,0.8137006896307079,0.10284978545175572,0.17394144780400947,0.30823791240217585,0.7203240629292695
2026-08-31T15:41:15.599714,SOL_USDT,OPEN,LONG,36.0,102.82,102.46012999999999,103.53973999999998,,,66.66666666666606,53.55450236966805,67.86703601108016,0.009725734292930272,1425713648.594,1.6097530726680394,0.816264329781841,HIGH_EDGE,2026-08-31 15:40:44.566,2026-08-31 15:40:34.919,102.82,102.81,102.82,136983269.0,-0.0319,-5.1e-05,35989304.0,-0.490316558341687,102.63000266213845,102.60625894659461,102.59496758028823,102.37456146852408,102.25649699935758,102.18741327096572,0.018731101785633086,0.005005119792413767,0.01372598199321932,0.24318780275727647,0.242419676244794,0.000768126512482481,-0.12171560473430532,-0.3630080504459214,0.24129244571161607,0.8104601739474913,0.10489899130241413,0.26398421652263493,0.5071275738461138,36.0,0.0,LONG,78057.1,0.07140897471072524,0.16977906905119156,-0.011026263019972692,0.5123327185340711,58.96720167480889,54.045505560657254,71.4655781458512,39.64248159831757,77977.63809705753,77977.03489766078,77984.89956339754,77913.4578216085,77868.79288258997,77841.04899225003,77918.33848208483,78124.31922420692,-1.839903927713749,-7.049284804738466,81.12717711369623,84.09948207475607,-28.384842296669376,-102.98587077811217,-152.76653527497547,-46.06164800551941,1.9385585780583736,1.2059833306333458,1.0814380513644604,1.0470218562074114,0.06496160228491886,0.1479686024717776,0.2594529242969925,0.7540542207471957
2026-08-31T16:21:03.855735,UNI_USDT,OPEN,LONG,40.0,5.166,5.139771428571429,5.218457142857143,,,64.89361702127633,62.209302325581426,63.23907455012853,0.03871467286101006,53345895.8063,2.6695882732755423,2.984800640880564,HIGH_EDGE,2026-08-31 16:20:49.936,2026-08-31 16:20:31.042,5.166,5.165,5.167,103221479.0,0.0005,7.2e-05,41778763.0,3.325032709227206,5.1554491984647095,5.147522098270014,5.140731299534447,5.126441424569961,5.120084972621508,5.111500675929748,0.007633117520808419,0.0057629989839669835,0.0018701185368414355,0.016236021447352478,0.01606571461466719,0.00017030683268528732,-0.0031431460005126866,-0.019423340591186035,0.01628019459067335,0.4864625947088531,0.1852773629777131,0.42309606769536967,0.8572534704938888,40.0,0.0,LONG,78136.6,-0.04298313167932444,0.05044995211097035,0.06047405509288545,0.08488942575252435,63.402061855671306,65.14233797698445,64.42158385093141,31.825028968713667,78136.1040303263,78104.79626002844,78065.07240239844,77999.37405248883,77967.05875588572,77897.53524671082,77944.67078566749,78117.56039179821,30.383575687810662,23.24581016723133,76.2183899848751,77.80784617209949,20.68604670892819,-48.92546156700834,-137.38907778791327,-64.26877679749427,1.2884262073507027,1.4002939387815012,1.291480831715395,0.9545100542464552,0.04978460798140746,0.13291740728050852,0.2444162804992426,0.7196371482762264
2026-08-31T16:31:14.463310,PEPE_USDT,OPEN,LONG,36.0,3.509e-06,3.495894285714286e-06,3.5352114285714283e-06,,,72.13114754098373,67.89667896678995,75.47169811320754,0.0028498147620346467,79751491.298,0.20748888452404335,1.9279601452942434,HIGH_EDGE,2026-08-31 16:30:55.557,2026-08-31 16:30:40.930,3.509e-06,3.5086e-06,3.5087e-06,2222231.0,-0.0456,0.0001,1566162.0,1.8932885552362593,3.507395416131169e-06,3.500704370152146e-06,3.4943271920804462e-06,3.4820190551949765e-06,3.479496814085313e-06,3.4710813126390974e-06,6.824445951240163e-09,5.817394326894042e-09,1.007051624346121e-09,1.2559195711337415e-08,1.0498450682179711e-08,2.060745029157704e-09,-1.3341404517904951e-09,-1.375756936531793e-08,1.2423428913527435e-08,2.3390631186598037,0.15633269551764903,0.31124048365427637,0.5483857834955012,36.0,0.0,LONG,78183.1,-0.00895254002744593,-0.09366646050672964,0.10999113924700084,0.08488942575252435,56.55491959662175,57.35562737108462,71.84475323430773,31.825028968713667,78185.88015489109,78156.32165123301,78119.29033753519,78037.31797103076,78010.26700470864,77923.49533270339,77944.67078566749,78117.56039179821,33.32335658138618,33.15530750132434,88.7184361959662,81.43253296223367,39.26806559442775,-31.289260700635513,-137.38907778791327,-64.26877679749427,0.41855402878910114,1.1133211910490957,1.3454014428707524,0.9545100542464552,0.058288080891429894,0.13845703227423828,0.24974341367525868,0.7192091385478471
2026-08-31T16:31:14.463544,TRUMPOFFICIAL_USDT,OPEN,LONG,41.0,2.426,2.4084285714285714,2.4611428571428573,,,78.04878048780498,67.66917293233071,66.04938271604945,0.04122011541633693,21429305.8686,5.70569990683304,2.4132097582870307,HIGH_EDGE,2026-08-31 16:31:11.383,2026-08-31 16:30:40.945,2.426,2.425,2.426,85807450.0,-0.0384,-7.6e-05,64744774.0,9.825118853940479,2.4133778111291733,2.4020426023435792,2.391675947521229,2.3789476993698857,2.3782118755438146,2.3735292420092176,0.011307009442068416,0.009290256926489784,0.002016752515578632,0.011215393226168047,0.006697329964735977,0.00451806326143207,-0.0029139819321075677,-0.01263683424857388,0.009722852316466312,5.252313715118154,0.3474266870804378,0.6035802614533023,0.9009539512424921,42.0,1.0,LONG,78183.1,-0.00895254002744593,-0.09366646050672964,0.10999113924700084,0.08488942575252435,56.55491959662175,57.35562737108462,71.84475323430773,31.825028968713667,78185.88015489109,78156.32165123301,78119.29033753519,78037.31797103076,78010.26700470864,77923.49533270339,77944.67078566749,78117.56039179821,33.32335658138618,33.15530750132434,88.7184361959662,81.43253296223367,39.26806559442775,-31.289260700635513,-137.38907778791327,-64.26877679749427,0.41855402878910114,1.1133211910490957,1.3454014428707524,0.9545100542464552,0.058288080891429894,0.13845703227423828,0.24974341367525868,0.7192091385478471
2026-08-31T16:41:01.653568,UNI_USDT,LOSS,LONG,40.0,5.166,5.139771428571429,5.218457142857143,5.139771428571429,-1.0,,,,,,,,SL,,,,,,,,,,,,,,,,,,,,,,,,,,,,,,,,,,,,,,,,,,,,,,,,,,,,,,,,,,,,,,,,,
2026-08-31T16:41:01.653680,TRUMPOFFICIAL_USDT,LOSS,LONG,41.0,2.426,2.4084285714285714,2.4611428571428573,2.4084285714285714,-1.0,,,,,,,,SL,,,,,,,,,,,,,,,,,,,,,,,,,,,,,,,,,,,,,,,,,,,,,,,,,,,,,,,,,,,,,,,,,
2026-08-31T16:41:01.653795,TRUMPOFFICIAL_USDT,OPEN,LONG,37.0,2.418,2.399657142857143,2.4546857142857146,,,54.05405405405421,67.17557251908403,66.04938271604945,0.041356492969410005,21788973.8928,1.6571389232938163,1.1251008929791764,HIGH_EDGE,2026-08-31 16:40:59.140,2026-08-31 16:40:31.907,2.418,2.413,2.414,87298330.0,-0.0416,-8.2e-05,60750626.0,-6.169066247725261,2.412783510999368,2.407909963780152,2.399872606413636,2.3850643750365053,2.3782118755438146,2.3735292420092176,0.006481811876846599,0.00766066917527773,-0.0011788572984311307,0.013471757749258462,0.008929551911380302,0.00454220583787816,-0.0029139819321075677,-0.01263683424857388,0.009722852316466312,5.252313715118154,0.30721966205837065,0.6321635353893404,0.903934774902517,38.0,1.0,LONG,78215.7,0.06550288174298702,0.08432523179841046,0.10999113924700084,0.08488942575252435,49.41139039134626,67.05443698732378,71.84475323430773,31.825028968713667,78178.51845158848,78164.05186323132,78143.45381602316,78062.83387164996,78010.26700470864,77923.49533270339,77944.67078566749,78117.56039179821,17.581770424192655,17.803196275298816,88.76289359531074,83.65523285243165,39.26806559442775,-31.289260700635513,-137.38907778791327,-64.26877679749427,1.7362000937695632,1.3476245886291627,1.3454014428707524,0.9545100542464552,0.04519552979772417,0.12865520787843315,0.2496393215903472,0.7189093749720349
2026-08-31T17:11:09.134050,SILVER_USDT,WIN,LONG,37.5,66.69,66.456585,67.15682999999999,67.15682999999999,2.0,,,,,,,,TP,,,,,,,,,,,,,,,,,,,,,,,,,,,,,,,,,,,,,,,,,,,,,,,,,,,,,,,,,,,,,,,,,
2026-08-31T17:11:09.134177,SOL_USDT,LOSS,LONG,36.0,102.82,102.46012999999999,103.53973999999998,102.46012999999999,-1.0,,,,,,,,SL,,,,,,,,,,,,,,,,,,,,,,,,,,,,,,,,,,,,,,,,,,,,,,,,,,,,,,,,,,,,,,,,,
2026-08-31T17:11:09.134255,TRUMPOFFICIAL_USDT,LOSS,LONG,37.0,2.418,2.399657142857143,2.4546857142857146,2.399657142857143,-1.0,,,,,,,,SL,,,,,,,,,,,,,,,,,,,,,,,,,,,,,,,,,,,,,,,,,,,,,,,,,,,,,,,,,,,,,,,,,
2026-08-31T17:51:12.292090,PEPE_USDT,WIN,LONG,36.0,3.509e-06,3.495894285714286e-06,3.5352114285714283e-06,3.5352114285714283e-06,2.0,,,,,,,,TP,,,,,,,,,,,,,,,,,,,,,,,,,,,,,,,,,,,,,,,,,,,,,,,,,,,,,,,,,,,,,,,,,
2026-08-31T17:51:12.292240,ETH_USDT,OPEN,LONG,36.0,2442.57,2434.0210050000005,2459.66799,,,67.74880255455052,54.51099317664916,74.65590887517828,0.00040940484816253086,2067931615.2364,0.685765376989836,0.9061550738113978,HIGH_EDGE,2026-08-31 17:50:41.177,2026-08-31 17:50:33.750,2442.57,2442.57,2442.58,83922943.0,-0.015,1.3e-05,99482245.0,-0.46517473320456265,2442.07577814823,2440.0483573252773,2439.0785820011843,2438.2019557011604,2438.076483828831,2434.7144209048624,1.862247440187275,1.3361241156610255,0.5261233245262495,1.1185761282949898,1.038014146853047,0.08056198144194271,2.006791924022764,0.3100137834946679,1.696778140528096,1.6229134542214336,0.09615165291358309,0.1760440847140493,0.34115121134121434,36.0,0.0,LONG,78360.1,-0.008166754927161707,0.07675606641124626,0.3006457414497825,0.1514413837283755,74.71458773784462,58.62604540023931,77.92220484753653,37.42848354352488,78302.55616388314,78226.78499052435,78183.4835827459,78133.42794046587,78127.98189210324,78021.75191772442,77989.37662853286,78122.16175470699,70.62842486899171,52.04334782247431,53.48534350658883,43.68256236979934,80.06205466178653,36.58977483289793,-114.35812971515406,-74.25208928494939,1.0992184222765773,0.7772984053236227,1.0769729618996997,0.9202767959254582,0.07722589138386314,0.14588328207121526,0.26615221631562613,0.6921434323262566
2026-08-31T17:51:12.292422,ZEC_USDT,OPEN,LONG,35.0,832.46,828.758,839.864,,,66.11927398444269,75.18610421836193,67.82156777825926,0.004805035677385534,223759183.5931,0.6848363734285755,1.3558330436454595,HIGH_EDGE,2026-08-31 17:50:46.705,2026-08-31 17:50:36.903,832.46,832.46,832.5,26365008.0,-0.0389,-9e-06,9734391.0,-8.58204844806558,831.8571964487254,830.5938497227107,829.2960518082008,827.5755624877032,827.6262482260863,827.2770812558592,1.3323345179574062,1.1866769155585146,0.14565760239889158,1.4442555008239424,0.6990035102810467,0.7452519905428957,-0.9434299957763415,-2.416827915956038,1.4733979201796967,1.8873126745537903,0.1740109348883332,0.37058837661869487,0.6419870881827007,35.0,0.0,LONG,78360.1,-0.008166754927161707,0.07675606641124626,0.3006457414497825,0.1514413837283755,74.71458773784462,58.62604540023931,77.92220484753653,37.42848354352488,78302.55616388314,78226.78499052435,78183.4835827459,78133.42794046587,78127.98189210324,78021.75191772442,77989.37662853286,78122.16175470699,70.62842486899171,52.04334782247431,53.48534350658883,43.68256236979934,80.06205466178653,36.58977483289793,-114.35812971515406,-74.25208928494939,1.0992184222765773,0.7772984053236227,1.0769729618996997,0.9202767959254582,0.07722589138386314,0.14588328207121526,0.26615221631562613,0.6921434323262566
2026-08-31T17:51:12.292581,DOGE_USDT,OPEN,LONG,38.0,0.0827,0.08241055,0.08327889999999999,,,59.550561797752685,54.94505494505535,65.2173913043481,0.012091898428065297,73083936.707,0.10696100513455524,0.961551558840941,HIGH_EDGE,2026-08-31 17:50:53.329,2026-08-31 17:50:36.925,0.0827,0.0827,0.08271,8660848.0,-0.0304,5.8e-05,7697176.0,0.7547730451474995,0.08270375149048745,0.08264770115385826,0.08262422321540952,0.0826223932921533,0.08264179806827636,0.08259527429933114,5.175366902750167e-05,3.823750176932151e-05,1.3516167258180163e-05,2.4495638734911562e-06,-3.963475511045388e-06,6.4130393845365445e-06,-4.080287378444014e-06,-4.9613444892448525e-05,4.553315751400451e-05,1.8315938338286408,0.10105372257730576,0.18569701157367174,0.34721022629124165,38.0,0.0,LONG,78360.1,-0.008166754927161707,0.07675606641124626,0.3006457414497825,0.1514413837283755,74.71458773784462,58.62604540023931,77.92220484753653,37.42848354352488,78302.55616388314,78226.78499052435,78183.4835827459,78133.42794046587,78127.98189210324,78021.75191772442,77989.37662853286,78122.16175470699,70.62842486899171,52.04334782247431,53.48534350658883,43.68256236979934,80.06205466178653,36.58977483289793,-114.35812971515406,-74.25208928494939,1.0992184222765773,0.7772984053236227,1.0769729618996997,0.9202767959254582,0.07722589138386314,0.14588328207121526,0.26615221631562613,0.6921434323262566
2026-08-31T17:51:12.292746,PUMPFUN_USDT,OPEN,LONG,35.0,0.004398,0.004369542857142857,0.004454914285714286,,,54.11764705882365,61.98830409356731,77.82608695652175,0.022737608003641035,25508671.5193,11.763063108623703,2.1666031620956336,HIGH_EDGE,2026-08-31 17:51:05.561,2026-08-31 17:50:33.805,0.004398,0.004399,0.0044,55658654.0,-0.0928,-7e-06,62068329.0,0.0995845924738955,0.004387443272370961,0.004381731398924503,0.004378510733152398,0.004360677583922547,0.004352029792526065,0.0043421951107426885,6.063816548005155e-06,5.610551468585365e-06,4.5326507941979e-07,1.9787673388471996e-05,1.8986513885618074e-05,8.011595028539226e-07,-7.86964036376351e-06,-2.9649678036906613e-05,2.1780037673143103e-05,0.3825056041141935,0.21925550574936614,0.5392061326577041,0.8932631715714925,35.0,0.0,LONG,78360.1,-0.008166754927161707,0.07675606641124626,0.3006457414497825,0.1514413837283755,74.71458773784462,58.62604540023931,77.92220484753653,37.42848354352488,78302.55616388314,78226.78499052435,78183.4835827459,78133.42794046587,78127.98189210324,78021.75191772442,77989.37662853286,78122.16175470699,70.62842486899171,52.04334782247431,53.48534350658883,43.68256236979934,80.06205466178653,36.58977483289793,-114.35812971515406,-74.25208928494939,1.0992184222765773,0.7772984053236227,1.0769729618996997,0.9202767959254582,0.07722589138386314,0.14588328207121526,0.26615221631562613,0.6921434323262566
2026-08-31T18:11:06.447263,ZEC_USDT,LOSS,LONG,35.0,832.46,828.758,839.864,828.758,-1.0,,,,,,,,SL,,,,,,,,,,,,,,,,,,,,,,,,,,,,,,,,,,,,,,,,,,,,,,,,,,,,,,,,,,,,,,,,,
2026-08-31T18:21:14.187558,TAO_USDT,OPEN,LONG,40.0,229.6,228.76171428571428,231.2765714285714,,,61.50793650793697,59.25925925925934,48.26989619377146,0.00435540069686015,33772683.7772,1.6217637552404787,3.5942851077030262,HIGH_EDGE,2026-08-31 18:21:05.159,2026-08-31 18:20:29.717,229.6,229.58,229.59,14481621.0,-0.0292,2.1e-05,29883951.0,2.4121732098239494,229.57962454589995,229.42268036855884,229.27771051517584,229.08270835260853,229.02994302166218,228.90145358014536,0.16080956680758618,0.13440089714268946,0.026408669664896717,0.15527053953104542,0.053432795024432884,0.10183774450661254,-0.023022239820988943,-0.16415273644556258,0.14113049662457364,1.5901281957143183,0.15119462419113944,0.30425584868093586,0.47318317570930746,40.0,0.0,LONG,78665.0,0.030264034628162986,0.05660101373051558,0.23126221489027052,0.34656036598003886,60.28185554903182,71.44982641758989,82.05951818611184,41.90323870451819,78626.25515602983,78558.7879638934,78470.99784671277,78315.04252381908,78276.26441094604,78110.67571721968,78079.32130282556,78150.97353069982,78.43420035860618,79.41784938318045,144.01437466751668,95.73883911561089,132.30753542797174,66.17317507986434,-73.41036938378238,-74.06709909254124,0.292486518890262,0.7305670008999364,1.4150148191194254,0.8140380874336585,0.10048033705314632,0.18906574897167758,0.26598323814366287,0.7005475297600141
2026-08-31T18:41:06.120112,UNI_USDT,OPEN,LONG,40.0,5.164,5.132542857142857,5.226914285714285,,,56.521739130435115,55.39215686274519,59.57446808510649,0.01936483346242149,48972136.1011,0.7104513287010287,0.6540633571903588,HIGH_EDGE,2026-08-31 18:40:52.868,2026-08-31 18:40:30.896,5.164,5.163,5.164,94092081.0,0.0001,1.9e-05,45416727.0,-0.11709706170694502,5.16224727028175,5.158531646571492,5.158082341615329,5.1530241324634165,5.146845861408511,5.134873758997496,0.003473859498643428,0.002558775625022822,0.0009150838736206061,0.006117577066442337,0.0060022121669702794,0.00011536489947205734,0.008566457431732566,0.004061498389968555,0.004504959041764011,1.6310486482259419,0.11342259599424201,0.5076352771937553,0.7178820405001662,40.0,0.0,LONG,78614.2,0.018193407370750994,-0.004324731357874994,-0.0040701852570221375,0.34656036598003886,37.63317016988183,74.42812639074296,81.06305776208653,41.90323870451819,78614.56112960834,78619.17158978002,78568.27143801225,78418.2493895559,78344.47152875667,78156.73262718355,78079.32130282556,78150.97353069982,8.422491322780843,23.162319446798904,153.7507194042846,131.54837060911683,154.37433838404831,83.8111953405355,-73.41036938378238,-74.06709909254124,0.3853993940205229,0.7408811527257945,0.9191397235963705,0.8140380874336585,0.050817791187853144,0.18235527787237277,0.27428705173946893,0.7010002191534291
2026-08-31T18:41:06.120345,LINK_USDT,OPEN,LONG,35.0,11.308,11.268422000000001,11.387156,,,57.89473684210502,67.84313725490202,57.44680851063835,0.00884329678103507,41868523.3806,2.774173182331656,0.9046712144258631,HIGH_EDGE,2026-08-31 18:40:55.721,2026-08-31 18:40:30.911,11.308,11.31,11.311,36755881.0,-0.0213,4.4e-05,19301452.0,0.4043598431708245,11.311973772895593,11.302335735553294,11.29399911308061,11.27685262753821,11.265349071127378,11.248516234789342,0.010667896892757156,0.010313347192181585,0.00035454970057557066,0.015121255483327545,0.008608064153421729,0.006513191329905816,0.012048833300514872,0.006001034939619509,0.006047798360895363,0.5421657483310907,0.11748951437667275,0.28930213755116824,0.45921976855829133,36.5,1.5,LONG,78614.2,0.018193407370750994,-0.004324731357874994,-0.0040701852570221375,0.34656036598003886,37.63317016988183,74.42812639074296,81.06305776208653,41.90323870451819,78614.56112960834,78619.17158978002,78568.27143801225,78418.2493895559,78344.47152875667,78156.73262718355,78079.32130282556,78150.97353069982,8.422491322780843,23.162319446798904,153.7507194042846,131.54837060911683,154.37433838404831,83.8111953405355,-73.41036938378238,-74.06709909254124,0.3853993940205229,0.7408811527257945,0.9191397235963705,0.8140380874336585,0.050817791187853144,0.18235527787237277,0.27428705173946893,0.7010002191534291
2026-08-31T18:51:04.317245,ENA_USDT,OPEN,LONG,35.0,0.15095,0.15018028571428574,0.15248942857142855,,,52.31788079470253,62.56684491978644,62.68980477223431,0.006624710168936734,42598799.2511,0.4339061017830366,1.0907773488551664,HIGH_EDGE,2026-08-31 18:50:54.021,2026-08-31 18:50:30.864,0.15095,0.15098,0.15099,27347123.0,-0.045,-0.000105,24780853.0,0.3261581007284489,0.15121702611155374,0.15108343985924447,0.15089961881798505,0.15063014858253226,0.15049343755446734,0.1500799172642239,0.00014651607126997535,0.00014064193273932075,5.8741385306545905e-06,0.00027511405223981655,0.0002218216347120476,5.3292417527768955e-05,0.00022320728446395544,-8.694043025718617e-06,0.00023190132748967407,1.6905480755900881,0.16135901197179617,0.4249278379785152,0.7216202148298861,36.5,1.5,LONG,78631.3,-0.014495941772083333,-0.048303467807645425,0.06614320257754971,0.34656036598003886,52.83173734610072,71.57959112353649,81.78130012265268,41.90323870451819,78656.70880927128,78643.08933484563,78597.04172032815,78458.36840217398,78409.4372230053,78203.32990856304,78079.32130282556,78150.97353069982,17.201138938835356,17.134813335889678,149.126760785206,138.5994388439835,174.0514149771043,101.85657239159059,-73.41036938378238,-74.06709909254124,1.1001660603056025,1.1099098216572991,0.5709329924299713,0.8140380874336585,0.05201491009305772,0.19177205151492666,0.26546135481126776,0.7008477721794184
2026-08-31T18:51:04.317467,AVAX_USDT,OPEN,LONG,37.0,7.226,7.200709000000001,7.276581999999999,,,60.416666666667936,61.32075471698106,54.78260869565218,0.013838915029054053,19486799.1441,0.7850822495397589,1.5336083781922165,HIGH_EDGE,2026-08-31 18:51:03.268,2026-08-31 18:50:30.895,7.226,7.224,7.225,26635726.0,-0.0241,3e-06,26699592.0,0.4907902170758442,7.230074008776935,7.226638458972328,7.2218071872175145,7.21687254750375,7.2150821526016395,7.204709961548761,0.0036154422297105526,0.003195256802769293,0.0004201854269412597,0.004704652345785654,0.003127341772862279,0.0015773105729233747,0.008512344635294156,0.00612553527583685,0.0023868093594573052,0.6334168244436515,0.0662290933533661,0.22043414653434104,0.32916847890554146,37.0,0.0,LONG,78631.3,-0.014495941772083333,-0.048303467807645425,0.06614320257754971,0.34656036598003886,52.83173734610072,71.57959112353649,81.78130012265268,41.90323870451819,78656.70880927128,78643.08933484563,78597.04172032815,78458.36840217398,78409.4372230053,78203.32990856304,78079.32130282556,78150.97353069982,17.201138938835356,17.134813335889678,149.126760785206,138.5994388439835,174.0514149771043,101.85657239159059,-73.41036938378238,-74.06709909254124,1.1001660603056025,1.1099098216572991,0.5709329924299713,0.8140380874336585,0.05201491009305772,0.19177205151492666,0.26546135481126776,0.7008477721794184
2026-08-31T19:01:29.348584,PUMPFUN_USDT,LOSS,LONG,35.0,0.004398,0.004369542857142857,0.004454914285714286,0.004369542857142857,-1.0,,,,,,,,SL,,,,,,,,,,,,,,,,,,,,,,,,,,,,,,,,,,,,,,,,,,,,,,,,,,,,,,,,,,,,,,,,,
2026-08-31T19:01:29.348719,XAU_USDT,OPEN,LONG,39.0,4449.98,4434.40507,4481.129859999999,,,60.211946050097495,64.417589795234,59.50123660346285,0.0006741603333195843,423153203.13266,1.5205475068232626,0.3747177979704702,HIGH_EDGE,2026-08-31 19:01:04.890,2026-08-31 19:00:53.917,4449.98,4449.98,4450.01,95036964.0,-0.0059,0.000113,64981175.0,1.133579853260288,4448.448679960206,4447.638008760245,4446.710209543449,4445.151259248489,4445.1336593567585,4443.277122166442,0.8293430814910607,0.664270950268832,0.16507213122222875,1.369603151717456,0.7376948399580084,0.6319083117594476,1.0305296855276538,-0.03824249140050048,1.0687721769281542,0.46412278065301577,0.027367699244875057,0.07752843833005875,0.15563472837438122,39.0,0.0,LONG,78484.7,-0.0099372551517698,-0.0643023765139708,-0.23465316203399017,0.05813427232080846,9.33971946630669,55.83114938225338,70.13512420098688,44.90086667458139,78526.56039349132,78567.4018304716,78564.67870100986,78467.11312049006,78424.48977840404,78228.90957273635,78160.39704225906,78181.30959853776,-33.7257120902359,-18.66951224266438,120.27507194197096,134.52935021305802,172.76096353659523,116.03831126134975,-36.852137118330575,-66.60689489950377,1.0838067887541492,0.6471581055356996,0.741601430213386,0.8170506528985422,0.04140024379637908,0.16627444584740456,0.27698756208898817,0.7093284241569209
2026-08-31T19:01:29.348897,XAUT_USDT,OPEN,LONG,40.0,4436.3,4420.7729500000005,4467.3541,,,59.16666666666799,63.74045801526818,59.16114790286956,0.006762392083497101,278931301.3982,0.9546471734469956,0.8805615448129206,HIGH_EDGE,2026-08-31 19:01:06.127,2026-08-31 19:00:53.970,4436.3,4436.2,4436.5,62989879.0,-0.0054,-8e-06,44534658.0,-5.333424255890768,4434.470589133866,4433.8903162654915,4433.293547557494,4431.992255715962,4431.9147458706875,4429.546435337698,0.5627065586886602,0.3880343093860786,0.17467224930258157,1.2429487955278091,0.8300834365297183,0.41286535899809085,1.755540282229049,0.8912208037421133,0.8643194784869356,1.8224571156944147,0.023829381627544128,0.06697988349364409,0.14378133644188573,40.0,0.0,LONG,78484.7,-0.0099372551517698,-0.0643023765139708,-0.23465316203399017,0.05813427232080846,9.33971946630669,55.83114938225338,70.13512420098688,44.90086667458139,78526.56039349132,78567.4018304716,78564.67870100986,78467.11312049006,78424.48977840404,78228.90957273635,78160.39704225906,78181.30959853776,-33.7257120902359,-18.66951224266438,120.27507194197096,134.52935021305802,172.76096353659523,116.03831126134975,-36.852137118330575,-66.60689489950377,1.0838067887541492,0.6471581055356996,0.741601430213386,0.8170506528985422,0.04140024379637908,0.16627444584740456,0.27698756208898817,0.7093284241569209
2026-08-31T19:11:08.575994,UNI_USDT,LOSS,LONG,40.0,5.164,5.132542857142857,5.226914285714285,5.132542857142857,-1.0,,,,,,,,SL,,,,,,,,,,,,,,,,,,,,,,,,,,,,,,,,,,,,,,,,,,,,,,,,,,,,,,,,,,,,,,,,,
2026-08-31T19:11:08.576102,LINK_USDT,LOSS,LONG,35.0,11.308,11.268422000000001,11.387156,11.268422000000001,-1.0,,,,,,,,SL,,,,,,,,,,,,,,,,,,,,,,,,,,,,,,,,,,,,,,,,,,,,,,,,,,,,,,,,,,,,,,,,,
2026-08-31T19:11:08.576176,ENA_USDT,LOSS,LONG,35.0,0.15095,0.15018028571428574,0.15248942857142855,0.15018028571428574,-1.0,,,,,,,,SL,,,,,,,,,,,,,,,,,,,,,,,,,,,,,,,,,,,,,,,,,,,,,,,,,,,,,,,,,,,,,,,,,
2026-08-31T19:11:08.576246,AVAX_USDT,LOSS,LONG,37.0,7.226,7.200709000000001,7.276581999999999,7.200709000000001,-1.0,,,,,,,,SL,,,,,,,,,,,,,,,,,,,,,,,,,,,,,,,,,,,,,,,,,,,,,,,,,,,,,,,,,,,,,,,,,
2026-08-31T19:11:08.576324,USOIL_USDT,OPEN,LONG,35.0,86.53,86.22714500000001,87.13570999999999,,,54.38596491228039,58.26771653543266,66.55518394648823,0.023113371085168172,47527982.18378,1.5437579750286543,1.3854366135027103,HIGH_EDGE,2026-08-31 19:10:55.436,2026-08-31 19:10:34.828,86.53,86.53,86.55,55855532.0,0.0416,-0.000124,70245451.0,-1.1844732734378214,86.46064438105692,86.41708293528919,86.33934669021261,86.11629707217723,85.99357226600227,85.66152733764136,0.058209130315958646,0.07010338180697093,-0.011894251491012281,0.24547930436314402,0.23531847032225633,0.01016083404088769,0.322420497400671,0.2375050523795909,0.08491544502108012,0.9571889801768604,0.07264202341054145,0.2014165194565042,0.4696967195522607,36.0,1.0,LONG,78370.9,0.09054916985950726,-0.04323714874600628,-0.23465316203399017,0.05813427232080846,27.91362337249788,46.908992023204725,70.13512420098688,44.90086667458139,78377.49076763376,78447.97777480478,78500.34236864743,78453.21970115427,78424.48977840404,78228.90957273635,78160.39704225906,78181.30959853776,-69.57693090339308,-57.39345129798069,80.52587315623532,118.21362244611221,172.76096353659523,116.03831126134975,-36.852137118330575,-66.60689489950377,1.427138765471272,1.210587782421689,0.741601430213386,0.8170506528985422,0.04856029834689165,0.16956913489937867,0.27738976730247594,0.7103584183852512
2026-08-31T19:31:17.225730,USOIL_USDT,LOSS,LONG,35.0,86.53,86.22714500000001,87.13570999999999,86.22714500000001,-1.0,,,,,,,,SL,,,,,,,,,,,,,,,,,,,,,,,,,,,,,,,,,,,,,,,,,,,,,,,,,,,,,,,,,,,,,,,,,
2026-08-31T19:41:05.137349,ZEC_USDT,OPEN,LONG,36.0,829.68,826.2222857142857,836.5954285714286,,,61.07784431137735,57.3827446438913,62.012644889357205,0.0012052839649010349,228146668.1065,0.4336656515579496,1.2244086530660272,HIGH_EDGE,2026-08-31 19:40:44.647,2026-08-31 19:40:35.826,829.68,829.62,829.63,26902354.0,-0.0421,8e-06,9508800.0,-0.5241292905952264,829.9218089379191,828.7150883951522,828.0785298571428,827.9959202460742,828.2353511799541,827.9019466064819,1.1962653005280117,1.0143104878499343,0.18195481267807745,0.03492399822857806,-0.13980508735338426,0.17472908558196232,-0.24920705321119385,-0.7618345748002826,0.5126275215890888,1.838912525714101,0.15806438282573676,0.34729396531537243,0.6280390374257904,37.0,1.0,LONG,78466.0,-0.02879399046486473,0.12172932196511724,-0.10434277429474187,0.05813427232080846,67.11128048780486,39.70047651463582,64.3164435946459,44.90086667458139,78426.99734372956,78414.40950434977,78441.76150668695,78439.3998922489,78432.16145817845,78267.00445862058,78160.39704225906,78181.30959853776,3.3458537172555225,-10.516576605256535,29.64108887538896,61.881086278284045,159.9088478415797,133.49352850096733,-36.852137118330575,-66.60689489950377,1.8770746109022391,1.1022884753758544,0.4972870646947979,0.8170506528985422,0.03598464849197677,0.12496768391040833,0.2755424551489097,0.709497471152202
2026-08-31T19:51:05.795213,SOL_USDT,OPEN,LONG,38.0,103.34,102.97831000000001,104.06338,,,86.44067796610382,54.06976744186045,59.99999999999985,0.009676795045472137,1540184419.472,24.662923343710172,4.371277889089813,HIGH_EDGE,2026-08-31 19:50:41.447,2026-08-31 19:50:34.735,103.34,103.34,103.35,148275376.0,-0.027,-4.8e-05,29651362.0,-1.4280638930895004,103.19167987413078,103.08507367350619,103.04905161168216,103.00903497941417,103.00482019500532,102.82515302969053,0.10064471122898055,0.0769660844093054,0.023678626819675155,0.042589586516697864,0.02895176061111763,0.013637825905580235,0.16859344615757266,0.14778469790139404,0.020808748256178622,0.919112121985394,0.08778235505543393,0.21911028781553568,0.3905278000497667,39.0,1.0,LONG,78483.8,-0.04763044884692819,-0.01719804375437117,0.11210390590925161,0.05813427232080846,66.80049413217915,41.593604951006114,65.43714792808082,44.90086667458139,78486.54308901873,78459.68466329131,78459.05536427884,78448.21967866932,78445.18916654272,78287.94097739429,78160.39704225906,78181.30959853776,23.570060430589365,15.97820605048096,31.009707219389384,50.80034079894626,156.95531462896906,138.18882658412426,-36.852137118330575,-66.60689489950377,0.8860144360421767,0.5767207411078162,0.5871014009925608,0.8170506528985422,0.04774415684692763,0.1254763039360609,0.2779281475012316,0.7093365582633445
2026-08-31T19:51:05.795437,SUI_USDT,OPEN,LONG,36.0,0.7274,0.7247771428571429,0.7326457142857142,,,92.15686274509872,60.81871345029218,53.71900826446283,0.027495188342037114,50482999.469,0.4662037393331164,2.037309338586219,HIGH_EDGE,2026-08-31 19:50:54.127,2026-08-31 19:50:34.761,0.7274,0.7277,0.7279,69012499.0,-0.0248,1.1e-05,74145558.0,-0.7442312745753065,0.7250194005756759,0.723867476895633,0.7234942798234991,0.7227593007932309,0.7225845821946566,0.7217101412520335,0.0010423839368527421,0.0006810462748019734,0.0003613376620507687,0.0005767340628560769,0.00017724782333575738,0.0003994862395203195,0.0006787428695508302,0.00046380152457191576,0.00021494134497891443,1.3707362316299045,0.10605286931929692,0.30048312973801083,0.48705762205899766,37.0,1.0,LONG,78483.8,-0.04763044884692819,-0.01719804375437117,0.11210390590925161,0.05813427232080846,66.80049413217915,41.593604951006114,65.43714792808082,44.90086667458139,78486.54308901873,78459.68466329131,78459.05536427884,78448.21967866932,78445.18916654272,78287.94097739429,78160.39704225906,78181.30959853776,23.570060430589365,15.97820605048096,31.009707219389384,50.80034079894626,156.95531462896906,138.18882658412426,-36.852137118330575,-66.60689489950377,0.8860144360421767,0.5767207411078162,0.5871014009925608,0.8170506528985422,0.04774415684692763,0.1254763039360609,0.2779281475012316,0.7093365582633445
2026-08-31T20:01:33.157093,ZEC_USDT,WIN,LONG,36.0,829.68,826.2222857142857,836.5954285714286,836.5954285714286,2.0,,,,,,,,TP,,,,,,,,,,,,,,,,,,,,,,,,,,,,,,,,,,,,,,,,,,,,,,,,,,,,,,,,,,,,,,,,,
2026-08-31T20:01:33.157190,BTC_USDT,OPEN,LONG,38.0,78614.0,78338.85100000001,79164.298,,,78.88268156424739,52.706552706552706,67.8117139777216,0.00012720380594527788,5534892515.04267,3.5391446259894215,1.7818876671588417,HIGH_EDGE,2026-08-31 20:01:00.058,2026-08-31 20:00:55.926,78614.0,78613.9,78614.0,706376895.0,-0.0022,0.0001,540319210.0,0.3798658568788312,78611.64199961603,78553.58587321662,78526.43543313813,78482.18013657081,78491.9113332342,78323.4738568763,55.948924429147155,43.562350836708525,12.38657359243863,52.80264258311945,49.50868112731613,3.29396145580332,167.33135691801726,144.01994304086537,23.311413877151892,1.07495722131889,0.049509538468248904,0.12833046821903715,0.2817564301523915,39.0,1.0,LONG,78678.8,0.04959320852799727,0.09325047229519934,0.23121814380876793,0.24730934819143838,78.88268156424739,52.706552706552706,67.8117139777216,51.77915971484913,78611.64199961603,78553.58587321662,78526.43543313813,78482.18013657081,78491.9113332342,78323.4738568763,78264.07763380639,78226.53191644486,55.948924429147155,43.562350836708525,52.80264258311945,49.50868112731613,167.33135691801726,144.01994304086537,7.694421157342731,-51.731635667927534,3.5391446259894215,1.7818876671588417,1.07495722131889,0.683419915418849,0.04946876232406848,0.1282247750165405,0.2815243750540184,0.7007968746709057
2026-08-31T20:11:05.472757,SILVER_USDT,OPEN,LONG,37.0,67.35,67.11427499999999,67.82144999999998,,,56.66666666666903,72.0588235294118,63.963963963964964,0.014847809948040263,151376838.6775,0.04959857579425034,1.1146973270592802,HIGH_EDGE,2026-08-31 20:10:45.827,2026-08-31 20:10:34.829,67.35,67.35,67.36,227115141.0,0.0055,0.0,137378835.0,-5.449244127813499,67.32105183984271,67.28758467932639,67.24245132025595,67.15976216766569,67.11744986413095,66.96623679188349,0.037867212852589205,0.03629739894879522,0.0015698139037939873,0.07948346526875127,0.05671063226951566,0.022772832999235618,0.16303476732780098,0.15476314156433868,0.008271625763462298,1.537278835562796,0.048785661257819454,0.11666136387739742,0.21635380209990376,37.0,0.0,LONG,78548.5,-0.008274457386544459,-0.022528771914636436,0.23121814380876793,0.24730934819143838,41.41876430205949,53.70413376683715,67.8117139777216,51.77915971484913,78588.77003013012,78576.80349807566,78537.21067720921,78495.15600081187,78491.9113332342,78323.4738568763,78264.07763380639,78226.53191644486,22.29409720042895,34.19681391454441,51.28473938979732,50.42884938635825,167.33135691801726,144.01994304086537,7.694421157342731,-51.731635667927534,0.22852037737511083,1.1099570386887552,1.07495722131889,0.683419915418849,0.06337303885952252,0.13698542938439387,0.28199138112121946,0.7019593899674376
2026-08-31T20:21:07.317287,SOL_USDT,WIN,LONG,38.0,103.34,102.97831000000001,104.06338,104.06338,2.0,,,,,,,,TP,,,,,,,,,,,,,,,,,,,,,,,,,,,,,,,,,,,,,,,,,,,,,,,,,,,,,,,,,,,,,,,,,
2026-08-31T20:51:01.395339,BTC_USDT,LOSS,LONG,38.0,78614.0,78338.85100000001,79164.298,78338.85100000001,-1.0,,,,,,,,SL,,,,,,,,,,,,,,,,,,,,,,,,,,,,,,,,,,,,,,,,,,,,,,,,,,,,,,,,,,,,,,,,,
2026-08-31T21:01:24.526754,SUI_USDT,LOSS,LONG,36.0,0.7274,0.7247771428571429,0.7326457142857142,0.7247771428571429,-1.0,,,,,,,,SL,,,,,,,,,,,,,,,,,,,,,,,,,,,,,,,,,,,,,,,,,,,,,,,,,,,,,,,,,,,,,,,,,
2026-08-31T21:11:10.083741,PEPE_USDT,OPEN,LONG,37.0,3.6037e-06,3.58564e-06,3.6398200000000004e-06,,,66.90500510725239,59.224441833137675,77.10843373494004,0.0027749257707299652,95411359.014,0.1140410675263282,3.4604045756082984,HIGH_EDGE,2026-08-31 21:10:50.571,2026-08-31 21:10:33.734,3.6037e-06,3.6053e-06,3.6054e-06,2664018.0,-0.0198,2.8e-05,1543822.0,-5.619064212723943,3.6021085351443987e-06,3.5929924028586575e-06,3.5905448563499147e-06,3.5837938225344106e-06,3.5768055349058502e-06,3.5521747377605807e-06,7.691771087297178e-09,4.315582368078478e-09,3.3761887192187e-09,8.181760229262692e-09,8.10473433720997e-09,7.702589205272126e-11,2.5655041892904748e-08,2.4115441415264126e-08,1.5396004776406224e-09,4.957368610665927,0.29255645982898376,0.41762632849571424,0.7177147297024105,38.0,1.0,LONG,78406.3,-0.09289085515651813,-0.11389158896601238,-0.09609494640122883,-0.5008973192270418,62.92052657240334,33.05980355588686,57.091144149967356,45.33002618161761,78431.4398438257,78399.87929330645,78402.23969493194,78434.61007920753,78435.22304209342,78351.42637998333,78268.20210704414,78231.81612567822,22.66150187733001,7.747102721877093,-21.186083033288014,-5.049721181754773,110.5411562674708,139.26380949178298,11.08278091615648,-39.13945242946605,2.428487578853403,1.6003959770936567,0.7492665778386548,0.6065513400531387,0.06498202312823981,0.12903482063486132,0.2672525768246398,0.6949241141519062
2026-08-31T21:21:08.405695,ETH_USDT,WIN,LONG,36.0,2442.57,2434.0210050000005,2459.66799,2459.66799,2.0,,,,,,,,TP,,,,,,,,,,,,,,,,,,,,,,,,,,,,,,,,,,,,,,,,,,,,,,,,,,,,,,,,,,,,,,,,,
2026-08-31T21:21:08.405845,ETH_USDT,OPEN,LONG,37.0,2459.01,2450.4034650000003,2476.22307,,,71.28309572301406,62.35115277425914,64.47516930022621,0.0004066677239931326,2173844784.0282,5.406503689688431,2.747098755167423,HIGH_EDGE,2026-08-31 21:20:37.850,2026-08-31 21:20:30.829,2459.01,2459.01,2459.02,88266775.0,-0.0084,2.2e-05,98053972.0,-0.8472369099891174,2454.778474940289,2452.6342005384513,2452.7231669562643,2450.698929278374,2448.811683538768,2445.171643975129,2.0626118151371884,1.5956944029248223,0.46691741221236605,1.906514678964868,1.1938007466592335,0.7127139323056344,3.9192606995293318,3.957070949540343,-0.03781025001101135,1.939560308055995,0.10797028072273007,0.19130811644872348,0.2890536086822364,39.0,2.0,LONG,78431.0,0.04974997448719257,0.0645569555654294,0.12224610939301943,-0.5008973192270418,43.32579185520362,42.171885409726855,52.85511363636337,45.33002618161761,78394.98944215832,78393.63928230976,78404.49740475613,78429.80131401369,78424.25843367502,78354.05990960967,78268.20210704414,78231.81612567822,2.436207261009258,4.910093238227803,-18.89517353285919,-10.580275096191242,98.84183593529451,131.19976162241173,11.08278091615648,-39.13945242946605,1.2006804136795082,0.7901875757272415,1.4452673882369182,0.6065513400531387,0.06523477415089043,0.1265898870162517,0.2567588981761952,0.6947052641357194
2026-08-31T21:31:15.296215,TAO_USDT,LOSS,LONG,40.0,229.6,228.76171428571428,231.2765714285714,228.76171428571428,-1.0,,,,,,,,SL,,,,,,,,,,,,,,,,,,,,,,,,,,,,,,,,,,,,,,,,,,,,,,,,,,,,,,,,,,,,,,,,,
2026-08-31T21:31:15.296327,SILVER_USDT,LOSS,LONG,37.0,67.35,67.11427499999999,67.82144999999998,67.11427499999999,-1.0,,,,,,,,SL,,,,,,,,,,,,,,,,,,,,,,,,,,,,,,,,,,,,,,,,,,,,,,,,,,,,,,,,,,,,,,,,,
2026-08-31T21:31:15.296388,PEPE_USDT,LOSS,LONG,37.0,3.6037e-06,3.58564e-06,3.6398200000000004e-06,3.58564e-06,-1.0,,,,,,,,SL,,,,,,,,,,,,,,,,,,,,,,,,,,,,,,,,,,,,,,,,,,,,,,,,,,,,,,,,,,,,,,,,,
2026-08-31T21:31:15.296431,ETH_USDT,LOSS,LONG,37.0,2459.01,2450.4034650000003,2476.22307,2450.4034650000003,-1.0,,,,,,,,SL,,,,,,,,,,,,,,,,,,,,,,,,,,,,,,,,,,,,,,,,,,,,,,,,,,,,,,,,,,,,,,,,,
2026-08-31T21:31:15.296516,PUMPFUN_USDT,OPEN,SHORT,38.5,0.00431,0.0043372571428571425,0.004255485714285715,,,41.00719424460432,47.64705882352956,32.92682926829275,0.023201856148494963,27138028.4784,0.04006535688393382,2.326022988764424,HIGH_EDGE,2026-08-31 21:31:10.795,2026-08-31 21:30:45.902,0.00431,0.004307,0.004308,59763810.0,-0.1109,5e-05,61782226.0,0.03702110782815406,0.004319014468800709,0.004324823537794683,0.004326463803934862,0.004326836312219331,0.004323567490464049,0.004334323146317534,-3.83705012413707e-06,-5.083360041565584e-07,-3.328714119980512e-06,-3.089545369924958e-06,-6.513884292739868e-06,3.42433892281491e-06,-1.2164684432951559e-05,-9.828932614985728e-06,-2.3357518179658308e-06,1.784269810066318,0.291680477295325,0.5270135896585979,0.9545906529665219,1.5,40.0,SHORT,78065.5,-0.023180283695943604,-0.2100222677291811,-0.4017586029160278,-0.5008973192270418,29.41858966095036,25.670241286863615,38.205581512817226,45.33002618161761,78157.44602349534,78250.25816046004,78308.74633904308,78380.15354801895,78352.50674694007,78327.82655935001,78268.20210704414,78231.81612567822,-81.63187742738228,-50.06556410940125,-55.10181611412554,-22.91117141463625,63.42773419254809,117.66087363678008,11.08278091615648,-39.13945242946605,1.214918806282898,2.3307099407792315,1.5434764717192784,0.6065513400531387,0.1100998520473195,0.15097212322619458,0.2781181004595963,0.6979578504131609
2026-08-31T21:41:04.191673,WLD_USDT,OPEN,SHORT,36.0,0.3568,0.35838571428571425,0.3536285714285714,,,39.65517241379333,30.612244897959513,36.45833333333353,0.02802690582959333,24080680.6392,0.3330712035646191,3.0973737773822463,HIGH_EDGE,2026-08-31 21:41:00.642,2026-08-31 21:40:34.942,0.3568,0.3567,0.3568,64945219.0,-0.0545,-0.000161,59546718.0,-2.467134403618025,0.3583931220536526,0.35909321843205144,0.35951043434702346,0.3602987454654158,0.3607472074730637,0.361643282713715,-0.0006177141794249663,-0.0003815360357662654,-0.0002361781436587009,-0.0007609451462184946,-0.0005637597649243839,-0.00019718538129411076,-0.0009101805655909456,-0.0007010960436539385,-0.00020908452193700707,1.1225834651526425,0.18417680973734535,0.3703555413196672,0.5585361947469566,0.0,36.0,SHORT,77902.7,-0.0932345329424371,-0.23882944120313696,-0.4017586029160278,-0.5008973192270418,39.74679327003096,25.718314824607916,38.205581512817226,45.33002618161761,78037.50049438037,78118.46199995434,78192.40965698648,78312.70329011355,78352.50674694007,78327.82655935001,78268.20210704414,78231.81612567822,-86.0897981698945,-78.61703503950835,-96.89313051028876,-45.34223235199977,63.42773419254809,117.66087363678008,11.08278091615648,-39.13945242946605,0.7423745839156548,1.0213133842009192,1.5434764717192784,0.6065513400531387,0.0994647352219057,0.1789595042460492,0.27869930787288005,0.6994164332099994
2026-08-31T21:41:04.191889,TRUMPOFFICIAL_USDT,OPEN,SHORT,36.0,2.368,2.3803428571428573,2.3433142857142855,,,37.5,40.69767441860477,41.46341463414639,0.04222972972972508,19263792.8255,0.10933979577306403,0.21191498048660593,HIGH_EDGE,2026-08-31 21:41:04.112,2026-08-31 21:40:34.951,2.368,2.363,2.364,78163464.0,-0.0614,-7.1e-05,59866597.0,-0.14043518259617901,2.3701097787398555,2.373563780816831,2.376933602973887,2.3811253331896656,2.3832181440891227,2.385257720855934,-0.0031616125701656728,-0.002139614956586609,-0.0010219976135790636,-0.003996524901777931,-0.0029760934872937917,-0.0010204314144841397,-0.0013933274383974847,0.0005155819061300228,-0.0019089093445275075,0.8166976681493463,0.19606660231660214,0.4343629343629361,0.8114140926640957,0.0,36.0,SHORT,77902.7,-0.0932345329424371,-0.23882944120313696,-0.4017586029160278,-0.5008973192270418,39.74679327003096,25.718314824607916,38.205581512817226,45.33002618161761,78037.50049438037,78118.46199995434,78192.40965698648,78312.70329011355,78352.50674694007,78327.82655935001,78268.20210704414,78231.81612567822,-86.0897981698945,-78.61703503950835,-96.89313051028876,-45.34223235199977,63.42773419254809,117.66087363678008,11.08278091615648,-39.13945242946605,0.7423745839156548,1.0213133842009192,1.5434764717192784,0.6065513400531387,0.0994647352219057,0.1789595042460492,0.27869930787288005,0.6994164332099994
2026-08-31T21:51:02.342755,DOGE_USDT,LOSS,LONG,38.0,0.0827,0.08241055,0.08327889999999999,0.08241055,-1.0,,,,,,,,SL,,,,,,,,,,,,,,,,,,,,,,,,,,,,,,,,,,,,,,,,,,,,,,,,,,,,,,,,,,,,,,,,,
2026-08-31T21:51:02.342878,DOGE_USDT,OPEN,SHORT,38.0,0.08244,0.08272854,0.08186292,,,21.839080459771537,34.69387755102019,41.45077720207256,0.012130033964090396,71373088.706,0.051268338112845674,1.5375974336297769,HIGH_EDGE,2026-08-31 21:50:48.491,2026-08-31 21:50:31.997,0.08244,0.08244,0.08245,8480101.0,-0.0335,6.8e-05,8100448.0,-0.5116733268984731,0.08245243497306814,0.08255364746427915,0.08263958082637558,0.0827370566460819,0.08273683481720104,0.08274673383715131,-0.00010150870488274955,-8.56590268383095e-05,-1.5849678044440043e-05,-7.535766904882835e-05,-2.7843091060385185e-05,-4.7514577988443164e-05,5.911901428193311e-06,4.150460411567106e-05,-3.559270268747775e-05,2.0169020833279667,0.12389963263325715,0.26772717820752356,0.39769182782282947,1.0,39.0,SHORT,77744.8,-0.0773729194781789,-0.14269952566214156,-0.2684924838757272,-0.5008973192270418,22.0817843866171,23.68506493506517,26.28411910669999,45.33002618161761,77828.87127597014,77927.9956468347,78049.0461804713,78223.32514373734,78253.18539755189,78284.92149788057,78268.20210704414,78231.81612567822,-111.14222420753504,-108.89123143295839,-145.7618155482487,-77.39273699779497,18.24328700218757,97.79645183487982,11.08278091615648,-39.13945242946605,0.50089406893267,1.2439202825384912,1.8266112534625252,0.6065513400531387,0.09962999822128878,0.2048460383937515,0.28434607293900854,0.7008369507855008
2026-08-31T21:51:02.343020,UNI_USDT,OPEN,SHORT,43.0,5.082,5.107885714285714,5.030228571428571,,,29.702970297029694,43.67816091954015,42.812499999999986,0.019677292404554226,45256716.7547,6.113892100138217,2.5980728501355848,HIGH_EDGE,2026-08-31 21:50:51.900,2026-08-31 21:50:31.984,5.082,5.081,5.082,86416764.0,-0.0156,4e-06,44497625.0,-0.36776779444356983,5.089383379970695,5.09875529416441,5.105863135712845,5.116020142559587,5.120692874443646,5.128030045816839,-0.00922354400858083,-0.0074686650780255,-0.0017548789305553304,-0.009244446903291959,-0.005851359367901352,-0.0033930875353906063,-0.00518849440773117,-0.0003203905105053468,-0.0048681038972258235,1.7161252613886375,0.17850115252712875,0.42446730758419016,0.7842806544105256,0.0,43.0,SHORT,77744.8,-0.0773729194781789,-0.14269952566214156,-0.2684924838757272,-0.5008973192270418,22.0817843866171,23.68506493506517,26.28411910669999,45.33002618161761,77828.87127597014,77927.9956468347,78049.0461804713,78223.32514373734,78253.18539755189,78284.92149788057,78268.20210704414,78231.81612567822,-111.14222420753504,-108.89123143295839,-145.7618155482487,-77.39273699779497,18.24328700218757,97.79645183487982,11.08278091615648,-39.13945242946605,0.50089406893267,1.2439202825384912,1.8266112534625252,0.6065513400531387,0.09962999822128878,0.2048460383937515,0.28434607293900854,0.7008369507855008
2026-08-31T21:51:02.343135,ENA_USDT,OPEN,SHORT,39.0,0.14867,0.14959057142857143,0.14682885714285712,,,24.561403508772102,36.84210526315795,39.17682926829288,0.0067263065850608735,42385658.1581,6.972199114353074,1.5711272331379607,HIGH_EDGE,2026-08-31 21:50:52.772,2026-08-31 21:50:31.985,0.14867,0.14866,0.14867,27338362.0,-0.0594,1.9e-05,25182867.0,0.2911417479783361,0.1488809038597237,0.14910592112291784,0.1493042005839475,0.1497424113267573,0.1498676064554888,0.15008992431875295,-0.00021265994931476961,-0.00015508063962703145,-5.757930968773817e-05,-0.00042220303593776265,-0.0003302194833238484,-9.198355261391423e-05,-0.00014003123269998308,6.048788500040432e-05,-0.00020051911770038738,0.7094990580990954,0.17248171885960456,0.5160038051677279,0.8374251698392426,0.0,39.0,SHORT,77744.8,-0.0773729194781789,-0.14269952566214156,-0.2684924838757272,-0.5008973192270418,22.0817843866171,23.68506493506517,26.28411910669999,45.33002618161761,77828.87127597014,77927.9956468347,78049.0461804713,78223.32514373734,78253.18539755189,78284.92149788057,78268.20210704414,78231.81612567822,-111.14222420753504,-108.89123143295839,-145.7618155482487,-77.39273699779497,18.24328700218757,97.79645183487982,11.08278091615648,-39.13945242946605,0.50089406893267,1.2439202825384912,1.8266112534625252,0.6065513400531387,0.09962999822128878,0.2048460383937515,0.28434607293900854,0.7008369507855008
2026-08-31T21:51:02.343252,MUSTOCK_USDT,OPEN,SHORT,35.0,928.67,931.920345,922.16931,,,27.953410981697743,40.865384615384734,38.047307498741894,0.0010768087695296397,38911044.3093,0.3535642115532019,2.1742482356551087,HIGH_EDGE,2026-08-31 21:50:55.401,2026-08-31 21:50:31.971,928.67,928.63,928.64,4192844.0,-0.0062,0.0,1719991.0,-0.8001204246699857,929.1636024525578,929.710510710096,930.1829114591662,930.5934909042209,930.4775062292995,930.5646088297952,-0.5687422021752582,-0.5048053434049689,-0.06393685877028932,-0.3132979309800703,-0.07008878769804076,-0.24320914328202953,0.24052184493029927,0.6539914484490161,-0.41346960351871687,1.0128904958183607,0.07691491210932731,0.19728674956043113,0.29381496425764153,0.0,35.0,SHORT,77744.8,-0.0773729194781789,-0.14269952566214156,-0.2684924838757272,-0.5008973192270418,22.0817843866171,23.68506493506517,26.28411910669999,45.33002618161761,77828.87127597014,77927.9956468347,78049.0461804713,78223.32514373734,78253.18539755189,78284.92149788057,78268.20210704414,78231.81612567822,-111.14222420753504,-108.89123143295839,-145.7618155482487,-77.39273699779497,18.24328700218757,97.79645183487982,11.08278091615648,-39.13945242946605,0.50089406893267,1.2439202825384912,1.8266112534625252,0.6065513400531387,0.09962999822128878,0.2048460383937515,0.28434607293900854,0.7008369507855008
2026-08-31T21:51:02.343359,TAO_USDT,OPEN,SHORT,36.0,227.52,228.4954285714286,225.56914285714285,,,24.770642201835287,23.984526112185506,38.068181818181955,0.013185654008439318,34694454.7344,0.13045991778006166,0.76875045187751,HIGH_EDGE,2026-08-31 21:50:56.256,2026-08-31 21:50:31.983,227.52,227.52,227.55,14934926.0,-0.038,-3.6e-05,29622391.0,1.1930939409120342,227.6022745320792,228.02373508367904,228.51660236985788,229.15384675937108,229.27364308706498,229.35777479052632,-0.47202867794700865,-0.4651276816290822,-0.0069009963179264555,-0.4928988325492867,-0.18427770247080325,-0.30862113007848346,-0.008724721723581297,0.15928299870971868,-0.16800772043329998,3.214068839759127,0.17455294354028358,0.357268434800082,0.5095313441832435,0.0,36.0,SHORT,77744.8,-0.0773729194781789,-0.14269952566214156,-0.2684924838757272,-0.5008973192270418,22.0817843866171,23.68506493506517,26.28411910669999,45.33002618161761,77828.87127597014,77927.9956468347,78049.0461804713,78223.32514373734,78253.18539755189,78284.92149788057,78268.20210704414,78231.81612567822,-111.14222420753504,-108.89123143295839,-145.7618155482487,-77.39273699779497,18.24328700218757,97.79645183487982,11.08278091615648,-39.13945242946605,0.50089406893267,1.2439202825384912,1.8266112534625252,0.6065513400531387,0.09962999822128878,0.2048460383937515,0.28434607293900854,0.7008369507855008
2026-08-31T21:51:02.343484,AVAX_USDT,OPEN,SHORT,35.0,7.164,7.189074,7.113852,,,24.324324324324095,31.756756756756843,38.80597014925379,0.013958682300383107,20098547.5173,0.4862911035190269,0.6982232958640977,HIGH_EDGE,2026-08-31 21:51:01.427,2026-08-31 21:50:32.028,7.164,7.163,7.164,27507990.0,-0.0325,2.3e-05,27230104.0,-0.9481297565086616,7.165599896777548,7.17511825463032,7.1842974467107155,7.197364564444266,7.199125433622323,7.203885711062027,-0.010104613817524033,-0.009275924726896319,-0.0008286890906277142,-0.010866845661370306,-0.0054674201966039854,-0.00539942546476632,-0.0020415643815354656,0.0032697109191822454,-0.005311275300717711,2.7300665836888087,0.12163994576054955,0.2771795485363338,0.42773390763340363,0.0,35.0,SHORT,77744.8,-0.0773729194781789,-0.14269952566214156,-0.2684924838757272,-0.5008973192270418,22.0817843866171,23.68506493506517,26.28411910669999,45.33002618161761,77828.87127597014,77927.9956468347,78049.0461804713,78223.32514373734,78253.18539755189,78284.92149788057,78268.20210704414,78231.81612567822,-111.14222420753504,-108.89123143295839,-145.7618155482487,-77.39273699779497,18.24328700218757,97.79645183487982,11.08278091615648,-39.13945242946605,0.50089406893267,1.2439202825384912,1.8266112534625252,0.6065513400531387,0.09962999822128878,0.2048460383937515,0.28434607293900854,0.7008369507855008
2026-08-31T22:11:08.164374,PUMPFUN_USDT,LOSS,SHORT,38.5,0.00431,0.0043372571428571425,0.004255485714285715,0.0043372571428571425,-1.0,,,,,,,,SL,,,,,,,,,,,,,,,,,,,,,,,,,,,,,,,,,,,,,,,,,,,,,,,,,,,,,,,,,,,,,,,,,
2026-08-31T22:11:08.164497,DOGE_USDT,LOSS,SHORT,38.0,0.08244,0.08272854,0.08186292,0.08272854,-1.0,,,,,,,,SL,,,,,,,,,,,,,,,,,,,,,,,,,,,,,,,,,,,,,,,,,,,,,,,,,,,,,,,,,,,,,,,,,
2026-08-31T22:11:08.164579,MUSTOCK_USDT,WIN,SHORT,35.0,928.67,931.920345,922.16931,922.16931,2.0,,,,,,,,TP,,,,,,,,,,,,,,,,,,,,,,,,,,,,,,,,,,,,,,,,,,,,,,,,,,,,,,,,,,,,,,,,,
2026-08-31T22:11:08.164671,SKHYNIXSTOCK_USDT,OPEN,SHORT,40.0,1200.4,1204.6014000000002,1191.9972,,,41.34980988593002,32.30827638572492,32.50511546331445,0.0008330556481165365,108514761.70802,0.9390780152644884,2.5945929395245995,HIGH_EDGE,2026-08-31 22:10:50.137,2026-08-31 22:10:36.761,1200.4,1200.41,1200.42,90406912.0,-0.0279,-9.4e-05,16681950.0,2.1043586548454085,1201.7059243048752,1203.295920594671,1204.778386292847,1207.3291358882818,1208.820822474252,1209.2862818989584,-1.72347312441957,-1.5873671725774654,-0.1361059518421046,-2.192815103931707,-1.1872194931882554,-1.0055956107434518,0.49005083593829113,1.7749150968368381,-1.284864260898547,4.235158532173756,0.11579473508830004,0.25670014756985554,0.36011805588613033,1.0,41.0,SHORT,78007.7,0.001666529925753413,0.04501581324720641,0.05664310604592051,-0.491411476316569,70.01594896331625,39.91553808067565,28.301772642023522,43.51783257487561,77997.16777491616,77962.94069673053,77984.89715552141,78130.41953557906,78182.54831804152,78249.92632475999,78194.56168563425,78201.64868694547,21.87236732414749,4.7135884815311835,-144.20552069327096,-121.97106724040786,-13.844959639842273,75.48766309307142,-17.07083419209812,-34.69292553379329,0.485959678394266,0.6916313454510146,1.2872548836524644,1.1951202483448824,0.08622775150951321,0.23718354543388773,0.2790841709948435,0.7279318030692591
2026-08-31T22:21:08.829844,WLD_USDT,LOSS,SHORT,36.0,0.3568,0.35838571428571425,0.3536285714285714,0.35838571428571425,-1.0,,,,,,,,SL,,,,,,,,,,,,,,,,,,,,,,,,,,,,,,,,,,,,,,,,,,,,,,,,,,,,,,,,,,,,,,,,,
2026-08-31T22:21:08.829955,UNI_USDT,LOSS,SHORT,43.0,5.082,5.107885714285714,5.030228571428571,5.107885714285714,-1.0,,,,,,,,SL,,,,,,,,,,,,,,,,,,,,,,,,,,,,,,,,,,,,,,,,,,,,,,,,,,,,,,,,,,,,,,,,,
2026-08-31T22:21:08.830034,ENA_USDT,LOSS,SHORT,39.0,0.14867,0.14959057142857143,0.14682885714285712,0.14959057142857143,-1.0,,,,,,,,SL,,,,,,,,,,,,,,,,,,,,,,,,,,,,,,,,,,,,,,,,,,,,,,,,,,,,,,,,,,,,,,,,,
2026-08-31T22:21:08.830140,UKOIL_USDT,OPEN,SHORT,35.0,90.21,90.525735,89.57852999999999,,,32.3529411764701,38.34951456310696,37.54045307443402,0.022170491076388688,21345912.58686,0.025369059135322638,0.11730749162441288,HIGH_EDGE,2026-08-31 22:21:06.751,2026-08-31 22:20:33.886,90.21,90.21,90.23,23680882.0,0.0242,-0.00012,43979355.0,0.42547183537982347,90.28458460927853,90.38464479081173,90.51246769857023,90.69433527849108,90.72291158225639,90.75454785754815,-0.11301507612672879,-0.11247785824982444,-0.0005372178769043473,-0.15849269231136986,-0.09650775452513854,-0.06198493778623132,0.042863554912273116,0.145296547512668,-0.10243299260039487,1.6943695607619933,0.08472294804187228,0.27871474496017423,0.425990149967538,1.5,36.5,SHORT,77933.9,-0.025656189106638666,-0.1507976774339176,0.19460847240052095,-0.491411476316569,38.728932584269465,30.868297424266927,32.376604850214505,43.51783257487561,77993.09456280083,77987.47920107913,77985.37017953448,78106.03974449653,78156.3586544331,78231.89457212808,78194.56168563425,78201.64868694547,9.830030718323542,18.345017911756372,-129.3745261283475,-124.94973561052922,-26.732329747610493,55.0624072011535,-17.07083419209812,-34.69292553379329,1.3412272879021867,0.7366758448001778,1.3111748847184097,1.1951202483448824,0.05358020432333195,0.22257873109684845,0.2937012739550558,0.7286211226986696
2026-08-31T22:31:10.791998,SKHYNIXSTOCK_USDT,LOSS,SHORT,40.0,1200.4,1204.6014000000002,1191.9972,1204.6014000000002,-1.0,,,,,,,,SL,,,,,,,,,,,,,,,,,,,,,,,,,,,,,,,,,,,,,,,,,,,,,,,,,,,,,,,,,,,,,,,,,
2026-08-31T22:31:10.792139,UKOIL_USDT,LOSS,SHORT,35.0,90.21,90.525735,89.57852999999999,90.525735,-1.0,,,,,,,,SL,,,,,,,,,,,,,,,,,,,,,,,,,,,,,,,,,,,,,,,,,,,,,,,,,,,,,,,,,,,,,,,,,
2026-08-31T22:51:09.012499,XAU_USDT,LOSS,LONG,39.0,4449.98,4434.40507,4481.129859999999,4434.40507,-1.0,,,,,,,,SL,,,,,,,,,,,,,,,,,,,,,,,,,,,,,,,,,,,,,,,,,,,,,,,,,,,,,,,,,,,,,,,,,
2026-08-31T22:51:09.012606,XAUT_USDT,LOSS,LONG,40.0,4436.3,4420.7729500000005,4467.3541,4420.7729500000005,-1.0,,,,,,,,SL,,,,,,,,,,,,,,,,,,,,,,,,,,,,,,,,,,,,,,,,,,,,,,,,,,,,,,,,,,,,,,,,,
2026-08-31T22:51:09.012687,TAO_USDT,WIN,SHORT,36.0,227.52,228.4954285714286,225.56914285714285,225.56914285714285,2.0,,,,,,,,TP,,,,,,,,,,,,,,,,,,,,,,,,,,,,,,,,,,,,,,,,,,,,,,,,,,,,,,,,,,,,,,,,,
2026-08-31T22:51:09.012790,SOL_USDT,OPEN,SHORT,37.0,102.37,102.77285714285715,101.56428571428572,,,50.0,36.0294117647059,41.059602649006784,0.009768486861376286,1624833563.817,1.1909343858401873,1.7514627435200567,HIGH_EDGE,2026-08-31 22:50:44.540,2026-08-31 22:50:38.725,102.37,102.37,102.38,156765665.0,-0.0361,-2.6e-05,27959947.0,0.34465367444981615,102.48636669324343,102.55700537627348,102.63491676390478,102.83038373081797,102.89192197133468,102.97940499618218,-0.06879219800019598,-0.05231910440634719,-0.01647309359384879,-0.1987627421921161,-0.17546415954726327,-0.023298582644852822,-0.011658514846402568,0.11606086601778967,-0.12771938086419224,1.3257240145062654,0.19397423910464748,0.32794205891793093,0.5051703205459195,0.0,37.0,SHORT,77878.2,-0.08877781683545198,-0.11620032628436737,-0.07202819609099274,-0.491411476316569,53.50545533110065,48.83919264664078,34.109847332887625,43.51783257487561,77944.97503631467,77968.76434204572,77983.47069794367,78056.60884504189,78097.82953883731,78190.87511913353,78194.56168563425,78201.64868694547,-17.145560426739394,-3.2401846564345784,-91.28592993316124,-103.54560283925933,-52.02582813495246,18.674927969619745,-17.07083419209812,-34.69292553379329,0.586222517956278,1.5703349417037606,2.2461239671920032,1.1951202483448824,0.16202040035410473,0.26399282102418564,0.3083019381547104,0.7291422466657659
2026-08-31T22:51:09.012956,XAUT_USDT,OPEN,SHORT,38.0,4417.6,4433.061600000001,4386.6768,,,28.235294117648905,28.883495145631883,37.39002932551363,0.0022636725823853288,364502639.371,0.3614639739307169,2.257016978946107,HIGH_EDGE,2026-08-31 22:50:47.358,2026-08-31 22:50:38.768,4417.6,4417.1,4417.2,82274226.0,-0.0096,-4.1e-05,44101805.0,-1.470451985690163,4420.681292591164,4424.374273628048,4426.472299437527,4431.403316510793,4433.664573054926,4434.98745487223,-3.431597089996103,-2.418175112260346,-1.013421977735757,-4.518164088245612,-3.16658382672096,-1.3515802615246524,-0.042004425317827554,2.122272008116316,-2.1642764334341438,1.873195733899587,0.07324597713043664,0.12757411910798158,0.18271071557923851,0.0,38.0,SHORT,77878.2,-0.08877781683545198,-0.11620032628436737,-0.07202819609099274,-0.491411476316569,53.50545533110065,48.83919264664078,34.109847332887625,43.51783257487561,77944.97503631467,77968.76434204572,77983.47069794367,78056.60884504189,78097.82953883731,78190.87511913353,78194.56168563425,78201.64868694547,-17.145560426739394,-3.2401846564345784,-91.28592993316124,-103.54560283925933,-52.02582813495246,18.674927969619745,-17.07083419209812,-34.69292553379329,0.586222517956278,1.5703349417037606,2.2461239671920032,1.1951202483448824,0.16202040035410473,0.26399282102418564,0.3083019381547104,0.7291422466657659
2026-08-31T22:51:09.013117,ZEC_USDT,OPEN,SHORT,36.0,818.7,824.1085714285714,807.8828571428572,,,38.12117086453372,27.440347071583304,43.89712292938099,0.0012214486380836575,243045394.7252,1.0271745886042665,1.5872091655325316,HIGH_EDGE,2026-08-31 22:50:48.246,2026-08-31 22:50:38.739,818.7,818.78,818.79,28724419.0,-0.0548,8e-06,9798121.0,0.025736044754787864,821.0974812455764,822.3577421927988,823.1346282196976,826.3816493705052,827.3717015544142,829.2511886187887,-1.131141041488604,-0.7034286809630376,-0.4277123605255665,-3.220788222437818,-2.7371878355814916,-0.48360038685632656,-1.1778056163377641,0.3391988520398418,-1.517004468377606,1.363258025380483,0.32054302116596006,0.5505243504510627,0.9250728506866283,0.0,36.0,SHORT,77878.2,-0.08877781683545198,-0.11620032628436737,-0.07202819609099274,-0.491411476316569,53.50545533110065,48.83919264664078,34.109847332887625,43.51783257487561,77944.97503631467,77968.76434204572,77983.47069794367,78056.60884504189,78097.82953883731,78190.87511913353,78194.56168563425,78201.64868694547,-17.145560426739394,-3.2401846564345784,-91.28592993316124,-103.54560283925933,-52.02582813495246,18.674927969619745,-17.07083419209812,-34.69292553379329,0.586222517956278,1.5703349417037606,2.2461239671920032,1.1951202483448824,0.16202040035410473,0.26399282102418564,0.3083019381547104,0.7291422466657659
2026-08-31T22:51:09.013284,SILVER_USDT,OPEN,SHORT,41.0,66.52,66.75282,66.05436,,,37.87878787878726,28.099173553719112,36.40776699029104,0.01503307276007985,203508244.0339,0.6454868212514531,1.855099932492857,HIGH_EDGE,2026-08-31 22:50:49.106,2026-08-31 22:50:38.725,66.52,66.52,66.53,305009152.0,-0.0068,0.0,164801865.0,5.896812024117932,66.53954107842091,66.61016573582883,66.67627828837875,66.848773072223,66.92677281023848,66.99070173720405,-0.07403798380687476,-0.06589144575498489,-0.008146538051889876,-0.16446762473569265,-0.1265317553710913,-0.03793586936460136,-0.005441756675850229,0.08494271455027386,-0.09038447122612409,3.2923313911742547,0.1406666093978183,0.2577098187440917,0.35220341895026064,0.0,41.0,SHORT,77878.2,-0.08877781683545198,-0.11620032628436737,-0.07202819609099274,-0.491411476316569,53.50545533110065,48.83919264664078,34.109847332887625,43.51783257487561,77944.97503631467,77968.76434204572,77983.47069794367,78056.60884504189,78097.82953883731,78190.87511913353,78194.56168563425,78201.64868694547,-17.145560426739394,-3.2401846564345784,-91.28592993316124,-103.54560283925933,-52.02582813495246,18.674927969619745,-17.07083419209812,-34.69292553379329,0.586222517956278,1.5703349417037606,2.2461239671920032,1.1951202483448824,0.16202040035410473,0.26399282102418564,0.3083019381547104,0.7291422466657659
2026-08-31T22:51:09.013431,HYPE_USDT,OPEN,SHORT,38.0,80.918,81.2821142857143,80.18977142857143,,,46.894409937888014,43.84422110552764,42.94541709577748,0.0012358189772421152,151923442.2006,0.4822092372332329,1.0955023637941952,HIGH_EDGE,2026-08-31 22:50:49.995,2026-08-31 22:50:38.741,80.918,80.905,80.906,18608108.0,-0.0269,5e-05,8980075.0,-1.321945233697461,81.02456361945222,81.10396357357881,81.15522013183087,81.30246181261951,81.37673019606845,81.3955239838219,-0.07705525869860708,-0.06046299217541436,-0.01659226652319272,-0.14268966288351237,-0.11493595203020603,-0.027753710853306343,0.044912988918326846,0.13978978748027004,-0.0948767985619432,1.6651283199074616,0.20002612874408932,0.3749827868071006,0.5458788968020534,0.0,38.0,SHORT,77878.2,-0.08877781683545198,-0.11620032628436737,-0.07202819609099274,-0.491411476316569,53.50545533110065,48.83919264664078,34.109847332887625,43.51783257487561,77944.97503631467,77968.76434204572,77983.47069794367,78056.60884504189,78097.82953883731,78190.87511913353,78194.56168563425,78201.64868694547,-17.145560426739394,-3.2401846564345784,-91.28592993316124,-103.54560283925933,-52.02582813495246,18.674927969619745,-17.07083419209812,-34.69292553379329,0.586222517956278,1.5703349417037606,2.2461239671920032,1.1951202483448824,0.16202040035410473,0.26399282102418564,0.3083019381547104,0.7291422466657659
2026-08-31T22:51:09.013592,DOGE_USDT,OPEN,SHORT,43.0,0.08225,0.08253787500000001,0.08167425,,,40.19607843137328,38.19444444444478,37.94871794871787,0.012158054711241486,71427737.717,0.7208783383517957,1.8337826863389295,HIGH_EDGE,2026-08-31 22:50:53.632,2026-08-31 22:50:38.761,0.08225,0.08221,0.08222,8498656.0,-0.0357,7.2e-05,8324856.0,-0.6447995514437903,0.08238447854710672,0.08246972191433578,0.08250386069706148,0.08259982548893581,0.08263793554112535,0.08269387329629155,-7.600195369927842e-05,-4.7141928274754334e-05,-2.886002542452409e-05,-9.029927102924273e-05,-6.486438717111092e-05,-2.5434883858131813e-05,-3.709103258697777e-05,5.2543620245305886e-06,-4.2345394611508355e-05,2.7652361736536593,0.1458966565349569,0.27876682587928947,0.41250542770299403,0.0,43.0,SHORT,77878.2,-0.08877781683545198,-0.11620032628436737,-0.07202819609099274,-0.491411476316569,53.50545533110065,48.83919264664078,34.109847332887625,43.51783257487561,77944.97503631467,77968.76434204572,77983.47069794367,78056.60884504189,78097.82953883731,78190.87511913353,78194.56168563425,78201.64868694547,-17.145560426739394,-3.2401846564345784,-91.28592993316124,-103.54560283925933,-52.02582813495246,18.674927969619745,-17.07083419209812,-34.69292553379329,0.586222517956278,1.5703349417037606,2.2461239671920032,1.1951202483448824,0.16202040035410473,0.26399282102418564,0.3083019381547104,0.7291422466657659
2026-08-31T22:51:09.013775,MUSTOCK_USDT,OPEN,LONG,36.0,942.38,936.6534285714285,953.8331428571429,,,54.35877566834561,63.755458515283685,65.7811953862286,0.00106114306330683,54124360.8163,0.36360214738824986,4.853365473199557,HIGH_EDGE,2026-08-31 22:50:58.172,2026-08-31 22:50:38.740,942.38,942.39,942.4,5815454.0,0.0084,0.0,1318469.0,-13.300656194989665,940.555657553102,938.423634262285,934.7000267889424,932.0494957517094,931.6226745515177,930.9435456666897,2.5645103543469077,2.742808142551189,-0.17829778820428155,1.8808559650351526,0.30205158052597575,1.5788043845091768,0.6351163349690978,0.33862534953447193,0.2964909854346259,18.01228812251073,0.42081902053463577,0.5063926289970981,0.4443157597935934,38.0,2.0,LONG,77878.2,-0.08877781683545198,-0.11620032628436737,-0.07202819609099274,-0.491411476316569,53.50545533110065,48.83919264664078,34.109847332887625,43.51783257487561,77944.97503631467,77968.76434204572,77983.47069794367,78056.60884504189,78097.82953883731,78190.87511913353,78194.56168563425,78201.64868694547,-17.145560426739394,-3.2401846564345784,-91.28592993316124,-103.54560283925933,-52.02582813495246,18.674927969619745,-17.07083419209812,-34.69292553379329,0.586222517956278,1.5703349417037606,2.2461239671920032,1.1951202483448824,0.16202040035410473,0.26399282102418564,0.3083019381547104,0.7291422466657659
2026-08-31T22:51:09.013932,SUI_USDT,OPEN,SHORT,36.0,0.7174,0.72058,0.71104,,,47.2727272727276,39.53488372093046,40.4444444444444,0.013939224979089625,49383969.3534,0.3424837715373361,0.7728502434039033,HIGH_EDGE,2026-08-31 22:50:59.065,2026-08-31 22:50:38.750,0.7174,0.7171,0.7172,67726909.0,-0.0382,-1.5e-05,77854554.0,-0.14640489599519316,0.718440172496862,0.7190147708602294,0.7193332313281559,0.7206580381389721,0.7211500492003293,0.7220427275322854,-0.0004952048201651849,-0.00028071423796066885,-0.000214490582204516,-0.0014107307562098992,-0.0013374605219699253,-7.327023423997383e-05,-0.00048241716477626095,0.00031786986624031925,-0.0008002870310165801,1.2789923501239147,0.2080927157592887,0.3693894619459127,0.5774821777052035,0.0,36.0,SHORT,77878.2,-0.08877781683545198,-0.11620032628436737,-0.07202819609099274,-0.491411476316569,53.50545533110065,48.83919264664078,34.109847332887625,43.51783257487561,77944.97503631467,77968.76434204572,77983.47069794367,78056.60884504189,78097.82953883731,78190.87511913353,78194.56168563425,78201.64868694547,-17.145560426739394,-3.2401846564345784,-91.28592993316124,-103.54560283925933,-52.02582813495246,18.674927969619745,-17.07083419209812,-34.69292553379329,0.586222517956278,1.5703349417037606,2.2461239671920032,1.1951202483448824,0.16202040035410473,0.26399282102418564,0.3083019381547104,0.7291422466657659
2026-08-31T22:51:09.014105,LINK_USDT,OPEN,SHORT,43.0,11.192,11.2358,11.1044,,,38.33333333333432,33.507853403141894,36.73469387755077,0.008934953538236649,40852300.2191,0.2481179775074734,2.5419088611898895,HIGH_EDGE,2026-08-31 22:51:01.893,2026-08-31 22:50:38.767,11.192,11.192,11.193,35912859.0,-0.0314,-6e-06,18785795.0,-0.6170633571812308,11.213039430736764,11.228993259076821,11.238518810478494,11.255376765382755,11.262875459466287,11.267091482884924,-0.015798089091767054,-0.012803088323619309,-0.0029950007681477445,-0.01436654450512087,-0.007697922311224296,-0.006668622193896575,-0.0003486357907362958,0.00631261256576404,-0.006661248356500336,2.8569668282100698,0.1710405391606265,0.32612580414581793,0.4601501072194402,0.0,43.0,SHORT,77878.2,-0.08877781683545198,-0.11620032628436737,-0.07202819609099274,-0.491411476316569,53.50545533110065,48.83919264664078,34.109847332887625,43.51783257487561,77944.97503631467,77968.76434204572,77983.47069794367,78056.60884504189,78097.82953883731,78190.87511913353,78194.56168563425,78201.64868694547,-17.145560426739394,-3.2401846564345784,-91.28592993316124,-103.54560283925933,-52.02582813495246,18.674927969619745,-17.07083419209812,-34.69292553379329,0.586222517956278,1.5703349417037606,2.2461239671920032,1.1951202483448824,0.16202040035410473,0.26399282102418564,0.3083019381547104,0.7291422466657659
2026-08-31T22:51:09.014262,TAO_USDT,OPEN,SHORT,35.0,226.67,227.6008571428571,224.8082857142857,,,40.57377049180277,35.89743589743573,28.414442700156997,0.013235099483831624,36295545.1857,0.6735125841315908,17.848905502664046,HIGH_EDGE,2026-08-31 22:51:03.639,2026-08-31 22:50:38.750,226.67,226.64,226.67,15669912.0,-0.0416,1e-06,30311080.0,0.5984481707283682,227.05586625572823,227.2939149009912,227.47441137305512,228.0316868027783,228.31752420846897,228.82713372148882,-0.2166131739891739,-0.1398506670888194,-0.0767625069003545,-0.5857605028511443,-0.5328314453195844,-0.052929057531559964,-0.38662111120385134,-0.09991250077239396,-0.2867086104314574,0.9913016198876303,0.21554304873667926,0.3422218580819185,0.5010430518878927,0.0,35.0,SHORT,77878.2,-0.08877781683545198,-0.11620032628436737,-0.07202819609099274,-0.491411476316569,53.50545533110065,48.83919264664078,34.109847332887625,43.51783257487561,77944.97503631467,77968.76434204572,77983.47069794367,78056.60884504189,78097.82953883731,78190.87511913353,78194.56168563425,78201.64868694547,-17.145560426739394,-3.2401846564345784,-91.28592993316124,-103.54560283925933,-52.02582813495246,18.674927969619745,-17.07083419209812,-34.69292553379329,0.586222517956278,1.5703349417037606,2.2461239671920032,1.1951202483448824,0.16202040035410473,0.26399282102418564,0.3083019381547104,0.7291422466657659
2026-08-31T22:51:09.014402,PUMPFUN_USDT,OPEN,SHORT,37.0,0.004283,0.0043112,0.0042266000000000005,,,50.0,44.3181818181818,38.36206896551717,0.023348120476304753,27554663.5494,0.004322747937612032,2.8495051104821965,HIGH_EDGE,2026-08-31 22:51:04.492,2026-08-31 22:50:38.775,0.004283,0.00428,0.004281,60894545.0,-0.1165,5e-05,60223629.0,-1.4785828867159172,0.004285816348747053,0.004294312335549386,0.0043005481159347925,0.004309467552724067,0.004311853155275333,0.004324220947035506,-8.793176955170998e-06,-7.739357005518933e-06,-1.0538199496520648e-06,-8.426417709049387e-06,-5.615630220743545e-06,-2.810787488305842e-06,-1.3626440086629554e-05,-1.1602109709425038e-05,-2.024330377204516e-06,1.3204821995875233,0.2468229878923327,0.5486808311930894,0.9022380841199438,0.0,37.0,SHORT,77878.2,-0.08877781683545198,-0.11620032628436737,-0.07202819609099274,-0.491411476316569,53.50545533110065,48.83919264664078,34.109847332887625,43.51783257487561,77944.97503631467,77968.76434204572,77983.47069794367,78056.60884504189,78097.82953883731,78190.87511913353,78194.56168563425,78201.64868694547,-17.145560426739394,-3.2401846564345784,-91.28592993316124,-103.54560283925933,-52.02582813495246,18.674927969619745,-17.07083419209812,-34.69292553379329,0.586222517956278,1.5703349417037606,2.2461239671920032,1.1951202483448824,0.16202040035410473,0.26399282102418564,0.3083019381547104,0.7291422466657659
2026-08-31T23:01:29.017118,XAU_USDT,OPEN,SHORT,37.0,4424.7,4440.18645,4393.7271,,,27.703984819734345,27.88689833801044,31.9174322873164,0.000678012068609066,526054064.87049,2.1513223166560715,1.538084737169055,HIGH_EDGE,2026-08-31 23:01:01.276,2026-08-31 23:00:52.903,4424.7,4425.12,4425.15,118178268.0,-0.0115,4.5e-05,67965183.0,2.639065025195093,4427.30607592838,4431.696729789666,4435.715717425073,4442.6253742439385,4443.174590569059,4446.9543826960235,-4.698962093368209,-4.357239893465879,-0.3417221999023301,-6.164632575590076,-3.9523421904662364,-2.21229038512384,-2.0376546339393826,1.2633973059819372,-3.3010519399213196,1.9657252866949182,0.0857523835352839,0.1507769695443445,0.2090375780117439,0.0,37.0,SHORT,77834.8,-0.04289299097705376,0.03225818888905345,-0.1718636172417685,-0.08369704749678702,46.58665835411429,54.5408678102925,33.06213889871529,53.16954905446918,77864.56002216793,77896.43527764172,77925.93324668366,78016.03681138407,78045.22363106969,78158.50318753638,78122.60934850741,78168.30024619409,-34.27711992028344,-32.89360968075084,-102.79388379452575,-102.7385753908653,-72.60659852143726,0.425481005691859,-44.1529824386962,-36.57988635761407,0.6972484830081669,0.98131293673743,1.7935991723621298,1.3922787628030497,0.13498369073253394,0.26767314510072004,0.3270938669372291,0.6470664241995331
2026-08-31T23:01:29.017267,UNI_USDT,OPEN,SHORT,36.0,5.062,5.093285714285714,4.999428571428572,,,32.91139240506354,44.80519480519473,42.63803680981595,0.019755037534560368,37815400.1941,0.28355700489150887,0.13854801175019393,HIGH_EDGE,2026-08-31 23:01:21.504,2026-08-31 23:00:52.934,5.062,5.059,5.06,72194263.0,-0.0195,3.3e-05,43351021.0,-0.9250140461481559,5.066279608207702,5.07594193686486,5.084328176184981,5.094580555590738,5.098070561097459,5.113010791960752,-0.009901893876742562,-0.008839127227893036,-0.001062766648849526,-0.010429269609698366,-0.008409238811602819,-0.002020030798095547,-0.012772719267186261,-0.006970966921463558,-0.005801752345722703,1.1196941830513523,0.21730541288028682,0.5150420500084655,0.7986679460405257,0.0,36.0,SHORT,77834.8,-0.04289299097705376,0.03225818888905345,-0.1718636172417685,-0.08369704749678702,46.58665835411429,54.5408678102925,33.06213889871529,53.16954905446918,77864.56002216793,77896.43527764172,77925.93324668366,78016.03681138407,78045.22363106969,78158.50318753638,78122.60934850741,78168.30024619409,-34.27711992028344,-32.89360968075084,-102.79388379452575,-102.7385753908653,-72.60659852143726,0.425481005691859,-44.1529824386962,-36.57988635761407,0.6972484830081669,0.98131293673743,1.7935991723621298,1.3922787628030497,0.13498369073253394,0.26767314510072004,0.3270938669372291,0.6470664241995331
2026-08-31T23:11:10.771511,ZEC_USDT,LOSS,SHORT,36.0,818.7,824.1085714285714,807.8828571428572,824.1085714285714,-1.0,,,,,,,,SL,,,,,,,,,,,,,,,,,,,,,,,,,,,,,,,,,,,,,,,,,,,,,,,,,,,,,,,,,,,,,,,,,
2026-08-31T23:21:14.101381,UNI_USDT,LOSS,SHORT,36.0,5.062,5.093285714285714,4.999428571428572,5.093285714285714,-1.0,,,,,,,,SL,,,,,,,,,,,,,,,,,,,,,,,,,,,,,,,,,,,,,,,,,,,,,,,,,,,,,,,,,,,,,,,,,
2026-08-31T23:21:14.101547,NVIDIA_USDT,OPEN,LONG,35.0,220.44,219.49885714285716,222.3222857142857,,,76.74418604651171,64.94688922610001,59.58549222797926,0.004536381781886638,21084264.2176,1.5326967365401325,5.570054063181218,HIGH_EDGE,2026-08-31 23:21:14.022,2026-08-31 23:20:37.926,220.44,220.44,220.45,9620348.0,0.0066,4.7e-05,8846658.0,4.346955303051928,220.15647483814627,219.7517002705326,219.27199218896448,218.90543833050867,219.07589126869385,218.974316822503,0.437513998002629,0.411548950598014,0.025965047404615027,0.23348691552652667,-0.0225141892758371,0.25600110480236377,0.09370345480090236,0.04584204904341513,0.047861405757487235,27.854357936882728,0.14743240791144835,0.3557819426082886,0.3467091790445071,39.5,4.5,LONG,77974.2,0.01051740502269847,0.14127159850097992,0.037772307502549216,-0.08369704749678702,50.71113290828782,48.35768212569864,30.671063076265455,53.16954905446918,77917.29048786464,77906.59573890494,77927.70097784107,77987.94108614833,78009.01890485539,78131.746813066,78122.60934850741,78168.30024619409,4.990768698669854,-4.138880623533121,-79.69792760147539,-93.82093404322828,-85.55819858497125,-16.765184692472022,-44.1529824386962,-36.57988635761407,0.6993220265065919,0.8615336073365761,1.459549451184292,1.3922787628030497,0.12102904367268842,0.28791574649050317,0.3364116409200574,0.6459096177233729
2026-08-31T23:41:19.707203,SOL_USDT,LOSS,SHORT,37.0,102.37,102.77285714285715,101.56428571428572,102.77285714285715,-1.0,,,,,,,,SL,,,,,,,,,,,,,,,,,,,,,,,,,,,,,,,,,,,,,,,,,,,,,,,,,,,,,,,,,,,,,,,,,
2026-08-31T23:41:19.707282,HYPE_USDT,LOSS,SHORT,38.0,80.918,81.2821142857143,80.18977142857143,81.2821142857143,-1.0,,,,,,,,SL,,,,,,,,,,,,,,,,,,,,,,,,,,,,,,,,,,,,,,,,,,,,,,,,,,,,,,,,,,,,,,,,,
2026-08-31T23:41:19.707319,DOGE_USDT,LOSS,SHORT,43.0,0.08225,0.08253787500000001,0.08167425,0.08253787500000001,-1.0,,,,,,,,SL,,,,,,,,,,,,,,,,,,,,,,,,,,,,,,,,,,,,,,,,,,,,,,,,,,,,,,,,,,,,,,,,,
2026-08-31T23:41:19.707344,SUI_USDT,LOSS,SHORT,36.0,0.7174,0.72058,0.71104,0.72058,-1.0,,,,,,,,SL,,,,,,,,,,,,,,,,,,,,,,,,,,,,,,,,,,,,,,,,,,,,,,,,,,,,,,,,,,,,,,,,,
2026-08-31T23:41:19.707365,LINK_USDT,LOSS,SHORT,43.0,11.192,11.2358,11.1044,11.2358,-1.0,,,,,,,,SL,,,,,,,,,,,,,,,,,,,,,,,,,,,,,,,,,,,,,,,,,,,,,,,,,,,,,,,,,,,,,,,,,
2026-08-31T23:41:19.707388,XAU_USDT,LOSS,SHORT,37.0,4424.7,4440.18645,4393.7271,4440.18645,-1.0,,,,,,,,SL,,,,,,,,,,,,,,,,,,,,,,,,,,,,,,,,,,,,,,,,,,,,,,,,,,,,,,,,,,,,,,,,,
2026-08-31T23:41:19.707458,SNDKSTOCK_USDT,OPEN,LONG,36.0,1531.93,1514.962,1565.8660000000002,,,76.16387337057756,67.70990922844175,61.667469879518144,0.000652771340726463,86381000.04012,0.3948843431341692,1.2097909510751552,HIGH_EDGE,2026-08-31 23:41:00.836,2026-08-31 23:40:41.799,1531.93,1531.74,1531.75,57585776.0,0.0257,0.000204,14838503.0,-3.429943069982868,1523.2743709328972,1520.782598798791,1519.1650293600712,1511.6867226671473,1506.835173597239,1497.9248034461725,1.9049017953771,0.6518389654586201,1.2530628299184798,8.200531897580504,8.064210953861068,0.13632094371943637,7.930965061284951,4.762062991512943,3.168902069772008,4.39507341319281,0.20198610343068715,0.9230186757880593,0.8899138435083254,37.0,1.0,LONG,78138.8,0.0003839336562679222,0.25339582480661726,0.16336133935749303,-0.08369704749678702,74.23785089043173,53.87022173853916,28.29354553492469,53.16954905446918,78072.64357464624,78004.22596325101,77962.57576052257,77982.15958791721,78005.49512388406,78118.98685034987,78122.60934850741,78168.30024619409,60.673338166670874,38.752208650630834,-46.25447151414119,-77.33357857813989,-84.58985311507422,-30.333139258495322,-44.1529824386962,-36.57988635761407,0.5806983484021668,1.2772361911985672,1.215258747202831,1.3922787628030497,0.11316858133036524,0.3290207389195333,0.3439118228441866,0.6445490040067907
2026-08-31T23:51:11.383835,TAO_USDT,LOSS,SHORT,35.0,226.67,227.6008571428571,224.8082857142857,227.6008571428571,-1.0,,,,,,,,SL,,,,,,,,,,,,,,,,,,,,,,,,,,,,,,,,,,,,,,,,,,,,,,,,,,,,,,,,,,,,,,,,,
2026-08-31T23:51:11.383926,PUMPFUN_USDT,LOSS,SHORT,37.0,0.004283,0.0043112,0.0042266000000000005,0.0043112,-1.0,,,,,,,,SL,,,,,,,,,,,,,,,,,,,,,,,,,,,,,,,,,,,,,,,,,,,,,,,,,,,,,,,,,,,,,,,,,
2026-08-31T23:51:11.384010,UNI_USDT,OPEN,LONG,35.0,5.222,5.1805142857142865,5.304971428571429,,,95.78947368421098,71.21212121212113,58.97435897435893,0.019149751053225694,39093685.3041,0.998205702261044,2.595835353813273,HIGH_EDGE,2026-08-31 23:51:04.823,2026-08-31 23:50:41.766,5.222,5.219,5.22,74676214.0,0.0114,5.1e-05,41645215.0,0.3513036541758433,5.211914067839176,5.182620038862714,5.151283761732545,5.1242521604857725,5.1205401272812185,5.11949592860252,0.029888780029764028,0.02536887608550419,0.004519903944259839,0.019349937804654438,0.003888104830684148,0.01546183297397029,-0.0021825768517924615,-0.007443348845679757,0.005260771993887295,2.102120617081183,0.29271762324232575,0.6620342506975968,0.848060403786177,36.0,1.0,LONG,78377.9,-0.03647656763151756,-0.13289637650321082,0.6293001536066835,-0.08369704749678702,62.88697231048543,57.570273174594284,47.121417457210335,53.16954905446918,78396.75100139786,78273.5129906486,78128.78048673495,78059.46376105856,78100.836099107,78152.00507351257,78122.60934850741,78168.30024619409,133.15952226727677,128.05166076073158,26.062625500751892,-44.46770450732881,-43.71324888168601,-33.009423453391534,-44.1529824386962,-36.57988635761407,0.5213800354613553,1.2169680396664058,2.270556119026571,1.3922787628030497,0.15073491015051074,0.32843624104681196,0.3944260526792109,0.6425827397045063
2026-09-01T00:01:26.292204,SPCXSTOCK_USDT,WIN,LONG,36.0,140.92,140.42678,141.90643999999998,141.90643999999998,2.0,,,,,,,,TP,,,,,,,,,,,,,,,,,,,,,,,,,,,,,,,,,,,,,,,,,,,,,,,,,,,,,,,,,,,,,,,,,
2026-09-01T00:01:26.292359,ETH_USDT,OPEN,LONG,35.0,2468.08,2456.8171428571427,2490.6057142857144,,,53.21872713972163,67.83295711060953,62.24073166748299,0.0004051732520914346,2282562201.9327,0.2911057577128378,1.31109757396638,HIGH_EDGE,2026-09-01 00:00:54.691,2026-09-01 00:00:49.779,2468.08,2468.08,2468.09,92783432.0,-0.0047,8.8e-05,97913772.0,-0.4060177632771434,2465.2048229882953,2462.0862806959094,2456.442246072569,2451.847766372607,2452.792603226355,2449.274700232637,3.833067304353335,4.161772557538357,-0.32870525318502164,3.296741616111376,0.5868317639509184,2.7099098521604574,3.468497082489648,2.6276826241533793,0.8408144583362689,1.8723311515195495,0.14351815407696553,0.3802840380260901,0.48435568191816136,37.0,2.0,LONG,78542.6,-0.0722651826858581,0.1620853020130023,0.07696012599036309,0.909361879262236,55.219017738626505,69.5319849482602,52.32783451165247,59.031135997285375,78498.06224415217,78403.57875310422,78257.41951151106,78132.81140540846,78189.1888792852,78187.51299273687,78206.60747880665,78202.32937639297,108.58623616973637,108.43214729338507,78.33085595301236,-4.808571815958157,-6.369874316689675,-27.680269683753558,-8.401581504775095,-30.935171765601844,0.787811390195035,1.10174955022334,1.3519101119893953,1.5383022059859366,0.1157151842257754,0.3083222171334866,0.4030387876861017,0.6572138650144749
2026-09-01T00:01:26.292582,ZORA_USDT,OPEN,LONG,37.0,0.0101,0.009781571428571428,0.010736857142857143,,,56.11325611325611,74.38764643237491,67.61363636363639,0.029702970297042237,17179729.04564,1.7796385875951828,1.7638269243635722,HIGH_EDGE,2026-09-01 00:01:24.108,2026-09-01 00:00:49.805,0.0101,0.010105,0.010108,180195064.0,0.449,-0.007004,26432465.0,-2.453888112164246,0.010060569317732844,0.009943793813280826,0.009774363878703262,0.009563244078192971,0.00958956573364274,0.009502374886883484,0.00012107795214501976,0.00010199993147155189,1.907802067346787e-05,0.0001831118119904468,0.00011082766155465982,7.228415043578697e-05,3.312893421527317e-05,-7.390597765321806e-05,0.00010703491186849123,3.2138254196715135,1.3896746817538896,2.6272984441301306,3.7503536067892496,40.0,3.0,LONG,78542.6,-0.0722651826858581,0.1620853020130023,0.07696012599036309,0.909361879262236,55.219017738626505,69.5319849482602,52.32783451165247,59.031135997285375,78498.06224415217,78403.57875310422,78257.41951151106,78132.81140540846,78189.1888792852,78187.51299273687,78206.60747880665,78202.32937639297,108.58623616973637,108.43214729338507,78.33085595301236,-4.808571815958157,-6.369874316689675,-27.680269683753558,-8.401581504775095,-30.935171765601844,0.787811390195035,1.10174955022334,1.3519101119893953,1.5383022059859366,0.1157151842257754,0.3083222171334866,0.4030387876861017,0.6572138650144749
2026-09-01T00:11:05.913589,UNI_USDT,LOSS,LONG,35.0,5.222,5.1805142857142865,5.304971428571429,5.1805142857142865,-1.0,,,,,,,,SL,,,,,,,,,,,,,,,,,,,,,,,,,,,,,,,,,,,,,,,,,,,,,,,,,,,,,,,,,,,,,,,,,
2026-09-01T00:21:04.597691,NVIDIA_USDT,LOSS,LONG,35.0,220.44,219.49885714285716,222.3222857142857,219.49885714285716,-1.0,,,,,,,,SL,,,,,,,,,,,,,,,,,,,,,,,,,,,,,,,,,,,,,,,,,,,,,,,,,,,,,,,,,,,,,,,,,
2026-09-01T00:21:04.597818,ZORA_USDT,LOSS,LONG,37.0,0.0101,0.009781571428571428,0.010736857142857143,0.009781571428571428,-1.0,,,,,,,,SL,,,,,,,,,,,,,,,,,,,,,,,,,,,,,,,,,,,,,,,,,,,,,,,,,,,,,,,,,,,,,,,,,
2026-09-01T00:31:15.253076,HYPE_USDT,OPEN,LONG,40.0,82.385,81.95548571428571,83.24402857142859,,,81.54385964912258,70.14001953760979,55.26026795519452,0.001213813194155216,158673264.3689,2.467254969851801,3.0347230288482416,HIGH_EDGE,2026-09-01 00:30:54.469,2026-09-01 00:30:37.855,82.385,82.368,82.369,19473789.0,-0.0092,5e-05,9460702.0,2.8856410903894214,81.86551920024138,81.68788161932218,81.63757776654944,81.43005805250652,81.50647089321434,81.41015864336555,0.14823468466164513,0.07128114751297043,0.0769535371486747,0.15670149011016576,0.055043670603765846,0.10165781950639992,0.08295821740289,0.03375213944729531,0.04920607795559469,1.6980833520572476,0.2210874032200752,0.43445842256305534,0.6838970339607596,41.0,1.0,LONG,78425.5,-0.06295006428806431,0.1348316328289564,0.17179497004764277,0.909361879262236,60.183700247849195,61.547515480272374,53.31044860340454,59.031135997285375,78366.09010198216,78357.7369128457,78332.18492282541,78232.54717459613,78252.74088274258,78217.70161698025,78206.60747880665,78202.32937639297,0.9501780779246474,-14.81718209540057,89.653225434653,65.82928785958512,20.83747287087317,-13.087958426886578,-8.401581504775095,-30.935171765601844,0.9982902433564437,0.8398088194084494,1.2367392238022688,1.5383022059859366,0.10100577709327282,0.3033087816736003,0.44530887821654375,0.6581951752208899
2026-09-01T00:41:13.031948,HYPE_USDT,LOSS,LONG,40.0,82.385,81.95548571428571,83.24402857142859,81.95548571428571,-1.0,,,,,,,,SL,,,,,,,,,,,,,,,,,,,,,,,,,,,,,,,,,,,,,,,,,,,,,,,,,,,,,,,,,,,,,,,,,
2026-09-01T00:41:13.032118,ENA_USDT,OPEN,LONG,38.0,0.15231,0.15094457142857143,0.15504085714285715,,,67.39726027397256,65.91928251121074,64.64354527938355,0.006565557087525442,37370257.3955,5.8527122724191925,0.36038078838158366,HIGH_EDGE,2026-09-01 00:41:06.585,2026-09-01 00:40:37.790,0.15231,0.15228,0.15229,24324783.0,-0.0364,4.2e-05,24662377.0,-0.05394378466772639,0.15221550770889855,0.1518932427125169,0.1514592835946086,0.15072577908135057,0.15051053083272067,0.1501246142287424,0.000332776379783184,0.0002901699451735362,4.2606434609647795e-05,0.0006829603125144135,0.0005053606193153775,0.000177599693199036,0.0002249822700281512,-7.532778661199188e-05,0.00030031005664014307,0.5013440686043715,0.28607070167046506,0.7470666028869678,1.0326683361940407,38.0,0.0,LONG,78499.9,0.04090850004714197,0.008535771251518717,0.17179497004764277,0.909361879262236,69.11579326490221,66.16235458648522,53.31044860340454,59.031135997285375,78490.70971779931,78447.9194785834,78391.49035060861,78278.3930521766,78252.74088274258,78217.70161698025,78206.60747880665,78202.32937639297,41.46919283884927,32.663707019640384,104.40571525326231,78.72911865892964,20.83747287087317,-13.087958426886578,-8.401581504775095,-30.935171765601844,0.9191658511911678,0.551867390727388,1.2367392238022688,1.5383022059859366,0.10038229348062971,0.2802096381196482,0.44488682697139176,0.6575713563238412
2026-09-01T00:51:12.623810,LINK_USDT,OPEN,LONG,37.0,11.389,11.332771428571428,11.501457142857143,,,62.23776223776254,71.74515235457082,60.54421768707494,0.008780402142428855,41887157.1183,0.200025650804794,1.2746558392147829,HIGH_EDGE,2026-09-01 00:51:04.560,2026-09-01 00:50:42.905,11.389,11.389,11.39,36887751.0,-0.0143,3.5e-05,18685555.0,-2.529458859211754,11.373017747043146,11.357646747840077,11.340620606273301,11.304036940231835,11.303405337885406,11.281219587538386,0.01646535337070354,0.014925449275600175,0.0015399040951033643,0.03254642399645036,0.02138756380295716,0.011158860193493197,0.016413962750881694,0.0034741681481874893,0.012939794602694205,1.5468389971512515,0.12794300264666447,0.4114245575304541,0.6648018764973724,37.0,0.0,LONG,78619.9,0.026717931166975625,-0.07613135773096617,0.32425677872631087,0.909361879262236,61.8512110726632,65.36766115121642,56.55084894101184,59.031135997285375,78599.62415547871,78546.76737489467,78483.30182438952,78342.61281578749,78338.15270619333,78259.71185735712,78206.60747880665,78202.32937639297,57.90420633293979,55.93766511809461,130.30137620335154,96.02526580606113,54.946809109751484,0.5150920332700579,-8.401581504775095,-30.935171765601844,0.7610789053106671,1.2790752894341868,1.1519700934838812,1.5383022059859366,0.08982640345692168,0.27805573761495733,0.4532658307338777,0.6565676846992415
2026-09-01T01:01:32.140406,SNDKSTOCK_USDT,LOSS,LONG,36.0,1531.93,1514.962,1565.8660000000002,1514.962,-1.0,,,,,,,,SL,,,,,,,,,,,,,,,,,,,,,,,,,,,,,,,,,,,,,,,,,,,,,,,,,,,,,,,,,,,,,,,,,
2026-09-01T01:11:09.955819,ENA_USDT,LOSS,LONG,38.0,0.15231,0.15094457142857143,0.15504085714285715,0.15094457142857143,-1.0,,,,,,,,SL,,,,,,,,,,,,,,,,,,,,,,,,,,,,,,,,,,,,,,,,,,,,,,,,,,,,,,,,,,,,,,,,,
2026-09-01T01:31:17.190383,LINK_USDT,LOSS,LONG,37.0,11.389,11.332771428571428,11.501457142857143,11.332771428571428,-1.0,,,,,,,,SL,,,,,,,,,,,,,,,,,,,,,,,,,,,,,,,,,,,,,,,,,,,,,,,,,,,,,,,,,,,,,,,,,
2026-09-01T02:51:04.073843,ZEC_USDT,OPEN,LONG,36.0,846.25,840.6931428571429,857.3637142857142,,,74.65388711395073,59.82651124966119,66.5639919913753,0.0011816838995557938,235160558.2597,0.5517213791244884,2.163433774473227,HIGH_EDGE,2026-09-01 02:50:43.536,2026-09-01 02:50:34.743,846.25,845.98,845.99,27958997.0,0.0049,-6e-06,10445036.0,1.2357503539846766,845.2653217882121,842.6341111826898,840.9218976309171,839.5053361042754,838.4307215792114,835.5562863180346,2.4244224060779516,1.7415336804480699,0.6828887256298817,1.5364750221008308,1.2727915115802666,0.26368351052056416,2.801082515456187,2.285458491770007,0.51562402368618,1.2446042218096103,0.27997467820215294,0.5472040514876559,0.9727790673137813,37.0,1.0,LONG,78821.8,-0.053763304515856605,-0.07048913884077222,0.4807643312101837,0.07868301439975926,76.85701021355882,62.933975516757236,71.11009250770863,68.57872068910515,78824.88796740031,78753.9569992524,78707.54299231994,78636.042717802,78617.28856768891,78472.15864274386,78340.06878643716,78267.07127562101,70.49055820207286,60.12589066960512,80.169266959987,73.89224117163792,135.92121786651842,97.57281850155108,46.464210923877545,-7.364026436181959,0.6017890774374,1.1145237085794288,1.0503038677341767,0.8907041580619155,0.09407295951119911,0.19385499950521273,0.41282089110228026,0.6446729929319784
2026-09-01T03:21:06.584222,ZEC_USDT,WIN,LONG,36.0,846.25,840.6931428571429,857.3637142857142,857.3637142857142,2.0,,,,,,,,TP,,,,,,,,,,,,,,,,,,,,,,,,,,,,,,,,,,,,,,,,,,,,,,,,,,,,,,,,,,,,,,,,,
2026-09-01T04:41:14.940910,XAUT_USDT,LOSS,SHORT,38.0,4417.6,4433.061600000001,4386.6768,4433.061600000001,-1.0,,,,,,,,SL,,,,,,,,,,,,,,,,,,,,,,,,,,,,,,,,,,,,,,,,,,,,,,,,,,,,,,,,,,,,,,,,,
2026-09-01T05:01:38.791524,MUSTOCK_USDT,WIN,LONG,36.0,942.38,936.6534285714285,953.8331428571429,953.8331428571429,2.0,,,,,,,,TP,,,,,,,,,,,,,,,,,,,,,,,,,,,,,,,,,,,,,,,,,,,,,,,,,,,,,,,,,,,,,,,,,
2026-09-01T05:01:38.791667,XAUT_USDT,OPEN,LONG,39.5,4442.6,4427.0509,4473.6982,,,77.51479289940794,84.09090909090956,66.00985221674935,0.004501868275350641,447118959.0413,2.828201784042075,1.6432193971281248,HIGH_EDGE,2026-09-01 05:01:03.183,2026-09-01 05:00:50.021,4442.6,4442.4,4442.6,100969668.0,0.0057,-2e-06,50039640.0,3.2938080985405245,4440.211071947421,4437.608310427546,4434.577521152714,4429.857197241857,4429.403031417838,4427.129741732103,2.831245608037534,2.614316734758849,0.21692887327868515,3.9937848950048647,2.154632837129295,1.8391520578755696,1.139471447415417,-0.8481640882657812,1.987635535681198,1.546195511608133,0.04582258780251093,0.07395926452334715,0.13151886604369703,41.0,1.5,LONG,78856.8,-0.043097547496032486,-0.03638184457219272,-0.11425386651804006,-0.15649452269169475,40.060171256654364,38.703881169142875,56.32576769025396,65.5437646891248,78889.83170100197,78930.88233848102,78968.45323895499,78957.95971982928,78927.51680301406,78764.42389852554,78613.07201865679,78424.56191180478,-42.03712888715381,-36.25629469225524,40.33748835288861,76.2914357822833,180.51889166269393,177.87201971162088,148.50301047232642,57.63707232000891,0.9910504305651459,0.9112174311595408,0.8394032572200879,0.8878533931237552,0.055951330223171974,0.1429535200877669,0.3080991656485431,0.6380371943646126
2026-09-01T05:21:14.902158,SPX500_USDT,OPEN,LONG,36.0,7689.5,7662.58675,7743.326499999999,,,61.22448979592291,65.8476658476659,65.37102473498192,0.0013004746732604695,63551293.21636,0.0010443408890889697,0.7342877116633748,HIGH_EDGE,2026-09-01 05:21:00.911,2026-09-01 05:20:38.143,7689.5,7689.5,7689.6,82668702.0,0.0024,-6.3e-05,80243881.0,-0.8529263096350257,7689.661221707993,7689.149889991808,7686.797827315445,7683.242039651252,7682.032081291114,7680.175518919329,0.8353848719207235,1.1052388008101723,-0.2698539288894488,3.3023389754425807,2.3304030906170965,0.9719358848254842,0.638945719367257,-1.2166447721838365,1.8555904915510935,1.5897968056188903,0.012168727299749616,0.06353747689335229,0.09772138259036044,37.0,1.0,LONG,79058.8,0.0440372545049642,0.15480778244818888,0.10119609215692611,-0.15649452269169475,90.06875477463724,41.72459893048125,56.61998726925547,65.5437646891248,78975.84827249034,78945.2871217325,78963.9827666757,78955.74377358699,78929.33344241057,78780.07742881001,78613.07201865679,78424.56191180478,19.813148538334644,0.7527228813588667,27.106054605086683,45.625162054609945,171.04215577461582,176.49144600618789,148.50301047232642,57.63707232000891,1.9401601164905076,1.0652154871520305,0.5569465727727971,0.8878533931237552,0.036961639401847664,0.1409529543652492,0.2998401190000325,0.636406970869421
2026-09-01T05:21:14.902371,TAO_USDT,OPEN,LONG,39.0,229.98,229.17507,231.58985999999996,,,90.16393442623045,54.380664652567816,56.27425614488999,0.0173928167666719,34266660.6263,2.1079424494092875,1.9393544361401298,HIGH_EDGE,2026-09-01 05:21:08.393,2026-09-01 05:20:37.983,229.98,229.94,229.98,14977120.0,0.018,4.4e-05,29751877.0,1.0640163635248838,229.3938738426105,229.07794688030037,228.94832915239988,228.79389761404346,228.6664793992572,228.36048244981748,0.26357538818143667,0.1340166923375664,0.12955869584387025,0.18680443638186262,0.1840851350532628,0.0027193013285998213,0.23138229415894784,0.10413799500514667,0.12724429915380117,0.6390679852709448,0.10125104046314469,0.24660529487036226,0.48730945548059984,40.0,1.0,LONG,79058.8,0.0440372545049642,0.15480778244818888,0.10119609215692611,-0.15649452269169475,90.06875477463724,41.72459893048125,56.61998726925547,65.5437646891248,78975.84827249034,78945.2871217325,78963.9827666757,78955.74377358699,78929.33344241057,78780.07742881001,78613.07201865679,78424.56191180478,19.813148538334644,0.7527228813588667,27.106054605086683,45.625162054609945,171.04215577461582,176.49144600618789,148.50301047232642,57.63707232000891,1.9401601164905076,1.0652154871520305,0.5569465727727971,0.8878533931237552,0.036961639401847664,0.1409529543652492,0.2998401190000325,0.636406970869421
2026-09-01T05:21:14.902551,WLD_USDT,OPEN,LONG,36.0,0.3664,0.36482285714285717,0.3695542857142857,,,97.56097560975508,57.14285714285722,63.3507853403142,0.02729257641921097,22986759.5354,0.59100402966241,4.667088298720486,HIGH_EDGE,2026-09-01 05:21:14.826,2026-09-01 05:20:38.013,0.3664,0.3663,0.3664,63455706.0,0.0286,-0.000182,64390982.0,0.9276186653779143,0.3645306190690878,0.3637734135025726,0.3634562131442922,0.36260660104612813,0.3620545142055432,0.3606314879372886,0.0006390541119366544,0.0003265241555895998,0.0003125299563470546,0.0009849524271575705,0.0009754443367557411,9.508090401829337e-06,0.001130376934492472,0.0005549209687372738,0.0005754559657551981,0.3376424527203316,0.12866500311915363,0.3587024329382402,0.6433250155957585,37.0,1.0,LONG,79058.8,0.0440372545049642,0.15480778244818888,0.10119609215692611,-0.15649452269169475,90.06875477463724,41.72459893048125,56.61998726925547,65.5437646891248,78975.84827249034,78945.2871217325,78963.9827666757,78955.74377358699,78929.33344241057,78780.07742881001,78613.07201865679,78424.56191180478,19.813148538334644,0.7527228813588667,27.106054605086683,45.625162054609945,171.04215577461582,176.49144600618789,148.50301047232642,57.63707232000891,1.9401601164905076,1.0652154871520305,0.5569465727727971,0.8878533931237552,0.036961639401847664,0.1409529543652492,0.2998401190000325,0.636406970869421
2026-09-01T05:41:01.315465,TAO_USDT,LOSS,LONG,39.0,229.98,229.17507,231.58985999999996,229.17507,-1.0,,,,,,,,SL,,,,,,,,,,,,,,,,,,,,,,,,,,,,,,,,,,,,,,,,,,,,,,,,,,,,,,,,,,,,,,,,,
2026-09-01T05:41:01.315576,WLD_USDT,LOSS,LONG,36.0,0.3664,0.36482285714285717,0.3695542857142857,0.36482285714285717,-1.0,,,,,,,,SL,,,,,,,,,,,,,,,,,,,,,,,,,,,,,,,,,,,,,,,,,,,,,,,,,,,,,,,,,,,,,,,,,
2026-09-01T06:01:16.283500,SKHYNIXSTOCK_USDT,OPEN,LONG,37.0,1225.9,1221.6093500000002,1234.4813,,,76.20253164557153,63.142692085499796,63.080684596577115,0.0008157272208166168,186831332.18712,2.386029491527875,0.7190315559186107,HIGH_EDGE,2026-09-01 06:00:59.895,2026-09-01 06:00:46.885,1225.9,1225.86,1225.87,154898069.0,0.0104,9.7e-05,15447655.0,1.4161551376196357,1225.6441915669293,1225.3951164477535,1225.0896826895014,1223.1102423672128,1222.4686227067236,1219.6709074402631,0.24433320588559582,0.1825128316833019,0.061820374202293915,2.1810335646255226,2.15813559262674,0.02289797199878274,2.669751319171837,1.865065586237114,0.8046857329347232,1.1085035558971668,0.0410194259610986,0.18085837810121855,0.3541421462948556,37.0,0.0,LONG,78834.6,-0.008498084125955672,-0.05362786823517197,-0.019530754597329333,-0.02815229631432811,41.13684210526662,39.10868576625778,60.42237727386025,64.19217133347823,78847.39159988334,78851.6806818718,78864.22674840881,78898.81202285587,78892.79952251482,78799.15796663421,78657.37761492559,78461.83763692295,-7.340275282171206,-9.35703017613161,-20.75621605782362,-1.1076866836304218,127.93777608365053,158.97833207965698,161.01124093300314,78.30873609175882,0.46457556466876326,0.479355647295551,0.36912339205732214,0.6720840073276492,0.029682398337784903,0.13681447341287054,0.2816475434462941,0.6464710382786963
2026-09-01T06:41:07.694260,TAO_USDT,OPEN,LONG,36.0,230.61,229.80257142857144,232.22485714285716,,,77.94871794871861,60.3478260869565,62.65270506108189,0.03902692858070985,34005735.7286,2.166858116589199,1.489877499665638,HIGH_EDGE,2026-09-01 06:41:01.618,2026-09-01 06:40:34.834,230.61,230.61,230.7,14881695.0,0.0208,8e-06,30445718.0,0.7636143011389843,230.36718104783353,229.99897706906143,229.76010378274273,229.4460598181762,229.31347996955012,228.83486936687197,0.36000958145396567,0.2938413908231453,0.06616819063082036,0.3083945018038321,0.22731204177168834,0.08108246003214375,0.4228198693469949,0.2856020293675803,0.1372178399794146,1.4781828093529759,0.1056204971906805,0.29177275177015305,0.4692523555539065,36.0,0.0,LONG,78978.5,-0.027215189873417724,-0.028860284577599243,0.155447581172189,-0.02815229631432811,69.94416873449077,55.604001025903784,52.269902770670036,64.19217133347823,78982.23266798971,78936.55079080218,78898.90890210248,78891.98496293674,78885.58369441051,78811.26052329826,78657.37761492559,78461.83763692295,46.911973126931116,42.03867285366682,0.7622933628736064,-13.806642404020211,108.86146410525544,141.49172731130466,161.01124093300314,78.30873609175882,0.7140129735334421,0.9882155295583581,0.5012927047411495,0.6720840073276492,0.0417744793112794,0.11309587871563599,0.25289884498402904,0.6452931584454721
2026-09-01T06:41:07.694543,PUMPFUN_USDT,OPEN,LONG,35.0,0.004477,0.004452657142857143,0.0045256857142857146,,,84.74576271186284,64.24870466321241,60.90651558073652,0.022336385972752573,24379947.2598,2.2906210934862625,1.0845739325067976,HIGH_EDGE,2026-09-01 06:41:06.416,2026-09-01 06:40:34.864,0.004477,0.004477,0.004478,55329225.0,0.0392,4.3e-05,61259166.0,-0.589157631424432,0.004446821394134393,0.004437958424167983,0.0044366975347946485,0.004427851778007713,0.0044222593022076265,0.004397648717181696,7.469309772438135e-06,4.0527257861144286e-06,3.416583986323706e-06,9.640241731575724e-06,8.35617247784798e-06,1.284069253727744e-06,2.632586892594574e-05,2.519338302420261e-05,1.1324859017431293e-06,0.6792912075424667,0.17071380707744396,0.4531095440186328,0.8966463511918044,36.0,1.0,LONG,78978.5,-0.027215189873417724,-0.028860284577599243,0.155447581172189,-0.02815229631432811,69.94416873449077,55.604001025903784,52.269902770670036,64.19217133347823,78982.23266798971,78936.55079080218,78898.90890210248,78891.98496293674,78885.58369441051,78811.26052329826,78657.37761492559,78461.83763692295,46.911973126931116,42.03867285366682,0.7622933628736064,-13.806642404020211,108.86146410525544,141.49172731130466,161.01124093300314,78.30873609175882,0.7140129735334421,0.9882155295583581,0.5012927047411495,0.6720840073276492,0.0417744793112794,0.11309587871563599,0.25289884498402904,0.6452931584454721
2026-09-01T07:01:24.037544,SKHYNIXSTOCK_USDT,WIN,LONG,37.0,1225.9,1221.6093500000002,1234.4813,1234.4813,2.0,,,,,,,,TP,,,,,,,,,,,,,,,,,,,,,,,,,,,,,,,,,,,,,,,,,,,,,,,,,,,,,,,,,,,,,,,,,
2026-09-01T07:01:24.037655,PUMPFUN_USDT,LOSS,LONG,35.0,0.004477,0.004452657142857143,0.0045256857142857146,0.004452657142857143,-1.0,,,,,,,,SL,,,,,,,,,,,,,,,,,,,,,,,,,,,,,,,,,,,,,,,,,,,,,,,,,,,,,,,,,,,,,,,,,
2026-09-01T07:01:24.037766,SKR_USDT,OPEN,LONG,39.0,0.02859,0.027906,0.029958000000000002,,,62.36559139784937,67.3218673218673,56.33608815426995,0.034977264777892945,63314632.611,3.474410241271034,0.2726096905780519,HIGH_EDGE,2026-09-01 07:01:08.174,2026-09-01 07:00:45.904,0.02859,0.02854,0.02855,23473067.0,0.0024,-0.003372,1490065.0,0.3918479985501085,0.02826988769061342,0.028224659174755248,0.028115119761298626,0.027836486324683322,0.02785530008785155,0.027778471995938973,3.3625479122112445e-05,2.264805598304744e-06,3.13606735238077e-05,0.00024771850750469546,0.00017670970931182937,7.100879819286609e-05,7.686604476757342e-05,2.2183724795739378e-05,5.468231997183404e-05,0.21033334840518467,0.49967521111277896,1.9937040923399807,3.75755758756808,39.0,0.0,LONG,78929.1,0.0006334839335804765,-0.03862734866944614,-0.12046927337540109,0.11987122405644221,24.061913696061723,59.01121011785092,52.15297648126215,63.88250319284826,78949.53359078632,78959.64543720018,78935.3558063027,78915.1144375961,78916.48156442362,78839.58219608353,78711.72209194029,78504.31717726766,-1.8627729010768235,9.625788036002493,15.41223341228033,3.0391054595927782,106.52457803220022,129.8420082644343,176.51924643287202,97.95391824554159,1.3312086295660701,0.5319057760349477,0.32489229320389446,0.5112380999718326,0.026226068712295016,0.09747446035202942,0.23415227807524003,0.6503938344666296
2026-09-01T07:11:08.544024,TAO_USDT,LOSS,LONG,36.0,230.61,229.80257142857144,232.22485714285716,229.80257142857144,-1.0,,,,,,,,SL,,,,,,,,,,,,,,,,,,,,,,,,,,,,,,,,,,,,,,,,,,,,,,,,,,,,,,,,,,,,,,,,,
2026-09-01T08:51:06.307364,SKR_USDT,LOSS,LONG,39.0,0.02859,0.027906,0.029958000000000002,0.027906,-1.0,,,,,,,,SL,,,,,,,,,,,,,,,,,,,,,,,,,,,,,,,,,,,,,,,,,,,,,,,,,,,,,,,,,,,,,,,,,
2026-09-01T09:01:25.164549,USOIL_USDT,OPEN,LONG,35.0,86.47,86.167355,87.07529,,,66.66666666666524,68.42105263157816,63.93442622950835,0.011564704521805384,60967005.25004,9.599797576685447,0.34761146683668476,HIGH_EDGE,2026-09-01 09:01:10.435,2026-09-01 09:00:48.890,86.47,86.47,86.48,71245647.0,0.0115,-0.000159,69621627.0,0.7575671839143854,86.38053113826962,86.34892095665202,86.31987891904399,86.27548163577052,86.25733826828888,86.1156283463033,0.02728199647414442,0.015061052266143111,0.01222094420800131,0.0513073444083858,0.049308006853155714,0.001999337555230088,0.15182309467135724,0.14243611119814226,0.009386983473214983,0.7050698176722355,0.04543276776421549,0.08095293165259661,0.15860166201325,35.0,0.0,LONG,78549.5,0.02750614749662963,0.031200254695956702,0.028397803563609693,-0.015401926641012682,61.49425287356386,49.27584484767792,34.05526512322662,51.15565701241267,78531.55889583062,78527.45264475266,78532.96795035696,78591.4512431106,78622.58673076797,78702.79930194092,78655.25813883872,78513.15932723787,4.276008631990408,3.809967710020155,-74.24993280693889,-86.28001468954989,-42.070539470383665,17.39498401703525,139.5372175585362,115.750532754602,1.073139017346832,0.4038984341351799,0.3847534029115399,0.5192555783200863,0.014003908363516001,0.08389614192324771,0.1602901900803208,0.6258473955913159
2026-09-01T09:11:11.592543,SILVER_USDT,LOSS,SHORT,41.0,66.52,66.75282,66.05436,66.75282,-1.0,,,,,,,,SL,,,,,,,,,,,,,,,,,,,,,,,,,,,,,,,,,,,,,,,,,,,,,,,,,,,,,,,,,,,,,,,,,
2026-09-01T09:11:11.592698,SILVER_USDT,OPEN,LONG,38.5,66.88,66.64592,67.34816,,,73.80952380952317,81.81818181818417,61.19402985074561,0.014952153110034248,198401751.5709,5.961632790402116,7.0399627611888835,HIGH_EDGE,2026-09-01 09:10:46.578,2026-09-01 09:10:32.822,66.88,66.87,66.88,297662100.0,0.0105,0.0,159210905.0,-6.676538541881049,66.78361616237288,66.72263796847275,66.6877664532395,66.63464048429262,66.59989627239827,66.56851254424323,0.05979863979703737,0.04711730132469387,0.012681338472343498,0.03991648147493265,0.009308869190120715,0.030607612284811937,0.026528775791419434,0.019280648230713827,0.007248127560705607,2.2418310802241885,0.073692754613807,0.10573308270676943,0.12816131237183748,40.0,1.5,LONG,78683.4,0.03610704977432354,0.09400899382389429,0.028397803563609693,-0.015401926641012682,72.18024069409532,59.23286840509344,34.05526512322662,51.15565701241267,78618.90142520895,78581.85670419742,78575.29948822784,78601.30316861479,78622.58673076797,78702.79930194092,78655.25813883872,78513.15932723787,33.00074653298361,20.743864908979194,-48.42993172281422,-75.07639629504173,-42.070539470383665,17.39498401703525,139.5372175585362,115.750532754602,1.0878704640359231,1.0960636314713055,0.3847534029115399,0.5192555783200863,0.03703812639369568,0.09151503729775826,0.16001741518178117,0.6247823556175771
2026-09-01T09:11:11.592889,TAO_USDT,OPEN,LONG,38.0,231.14,230.33101,232.75797999999998,,,71.48437500000058,65.50925925925942,57.793345008756404,0.00432638227913425,27971968.8793,0.08840797744417325,9.270000142869097,HIGH_EDGE,2026-09-01 09:11:07.069,2026-09-01 09:10:32.823,231.14,231.13,231.14,12259683.0,0.0231,3.3e-05,31005984.0,1.4197363903236375,230.91410265552395,230.64254987923314,230.49040515625308,230.2283753452617,229.97601762331396,229.55561511492056,0.23760728870900039,0.14454801129686937,0.09305927741213102,0.260325909757114,0.20060646837832724,0.059719441378786764,0.4523109582824816,0.43106131093682665,0.021249647345654932,0.30608873629110983,0.11001372081237105,0.2277531242660594,0.3998813335146293,38.0,0.0,LONG,78683.4,0.03610704977432354,0.09400899382389429,0.028397803563609693,-0.015401926641012682,72.18024069409532,59.23286840509344,34.05526512322662,51.15565701241267,78618.90142520895,78581.85670419742,78575.29948822784,78601.30316861479,78622.58673076797,78702.79930194092,78655.25813883872,78513.15932723787,33.00074653298361,20.743864908979194,-48.42993172281422,-75.07639629504173,-42.070539470383665,17.39498401703525,139.5372175585362,115.750532754602,1.0878704640359231,1.0960636314713055,0.3847534029115399,0.5192555783200863,0.03703812639369568,0.09151503729775826,0.16001741518178117,0.6247823556175771
2026-09-01T09:21:07.481578,XAU_USDT,OPEN,LONG,36.5,4462.57,4446.951005,4493.807989999999,,,63.32665330661597,79.9999999999981,62.63940520446019,0.0006722583623484861,529673198.74962,0.27816778968225325,2.892941368297689,HIGH_EDGE,2026-09-01 09:20:40.781,2026-09-01 09:20:30.854,4462.57,4462.65,4462.68,119221336.0,0.0071,2.7e-05,61191968.0,3.4092575770109295,4459.734556204106,4458.22089835206,4456.85078964168,4454.227548279909,4453.419842979711,4450.741427749951,1.7944545182199363,1.8718507957668709,-0.07739627754693457,2.0523620925696378,0.7079556369674687,1.344406455602169,2.8716662226643166,2.6827029830770224,0.18896323958729422,1.6025590743495783,0.04689802384852721,0.08054295426818243,0.09147515573184882,39.0,2.5,LONG,78772.6,-0.01243932655007763,0.07546383579883519,0.20840361810068442,-0.015401926641012682,68.7232742822248,78.49922239502479,44.27039705143243,51.15565701241267,78735.37650235789,78680.19201406762,78636.82367246646,78626.12572582296,78640.70938461508,78703.74786980385,78655.25813883872,78513.15932723787,56.613457911415026,49.07738108911526,-17.0613434118859,-56.8802794512653,-34.604725695360685,6.995417553291156,139.5372175585362,115.750532754602,0.7996361526629141,1.0997575013110537,0.9439829433999889,0.5192555783200863,0.04139401626598556,0.08180872174189621,0.16592063737898474,0.6240748686726103
2026-09-01T09:31:09.126978,TAO_USDT,WIN,LONG,38.0,231.14,230.33101,232.75797999999998,232.75797999999998,2.0,,,,,,,,TP,,,,,,,,,,,,,,,,,,,,,,,,,,,,,,,,,,,,,,,,,,,,,,,,,,,,,,,,,,,,,,,,,
2026-09-01T10:01:29.831735,SKHYNIXSTOCK_USDT,OPEN,LONG,42.0,1246.44,1236.018,1267.284,,,64.27162581008719,62.34048330165618,62.526705597493205,0.000802284907415592,202950352.45054,2.4990894153692262,0.753904070888913,HIGH_EDGE,2026-09-01 10:01:04.775,2026-09-01 10:00:48.914,1246.44,1246.27,1246.28,167117116.0,0.0273,0.0,17550669.0,0.14636218083415486,1238.2710165534636,1235.2465882588044,1232.7735895962583,1229.510261303545,1230.8406585788762,1227.6576360418694,2.9778101482579586,2.2016895933681653,0.7761205548897934,2.2776234414513965,0.21168930930561553,2.065934132145781,3.294871369046632,2.7187287400720233,0.5761426289746088,1.7082932070422119,0.2778771082901285,0.6967844420910748,0.6251518610717605,42.0,0.0,LONG,78616.8,0.06338539081294044,0.0,-0.06838641118791887,0.08567845753315159,40.535714285714306,56.6381301807308,38.50029638411432,48.84190077704722,78625.59311889624,78662.96833438246,78678.15598540421,78667.50639239853,78664.5296049226,78702.35057441119,78647.56651107041,78522.5814090244,-33.92124340077862,-23.777112742792326,4.811246254379512,0.12989262638798205,-23.808171092998236,-6.772827285930195,129.36012460800703,118.44397102709095,1.7441155733341007,0.7486318003871537,0.7714845857201814,0.6276685289192658,0.04555551194437486,0.113498096371983,0.1835576401699649,0.6185519052997759
2026-09-01T10:01:29.831958,MUSTOCK_USDT,OPEN,LONG,36.0,961.96,958.5931400000001,968.69372,,,62.26611226611262,60.69435833849948,63.54220611082349,0.0010395442637938068,87616347.5146,2.050360224055094,1.2853414900949527,HIGH_EDGE,2026-09-01 10:01:11.312,2026-09-01 10:00:48.915,961.96,961.88,961.89,9317310.0,0.0253,0.0,1537984.0,-3.3949673153760003,959.5618318023667,959.0375113287253,958.6126808542963,957.7133259118577,957.7251432196251,955.4306092768148,0.4847779852111671,0.29072670057034256,0.19405128464082455,0.7987243835551681,0.4506942639790481,0.34803011957611996,2.9040611005967776,3.1627235677988867,-0.25866246720210917,1.966062306534394,0.09764290763500608,0.2256553584051608,0.22914525700504423,38.0,2.0,LONG,78616.8,0.06338539081294044,0.0,-0.06838641118791887,0.08567845753315159,40.535714285714306,56.6381301807308,38.50029638411432,48.84190077704722,78625.59311889624,78662.96833438246,78678.15598540421,78667.50639239853,78664.5296049226,78702.35057441119,78647.56651107041,78522.5814090244,-33.92124340077862,-23.777112742792326,4.811246254379512,0.12989262638798205,-23.808171092998236,-6.772827285930195,129.36012460800703,118.44397102709095,1.7441155733341007,0.7486318003871537,0.7714845857201814,0.6276685289192658,0.04555551194437486,0.113498096371983,0.1835576401699649,0.6185519052997759
2026-09-01T10:01:29.832136,SUI_USDT,OPEN,LONG,36.0,0.7328,0.7302028571428572,0.7379942857142857,,,57.44680851063792,67.03296703296678,62.80193236714972,0.013646288209605485,40293669.1568,0.7812815996892767,0.9541807570223098,HIGH_EDGE,2026-09-01 10:01:19.893,2026-09-01 10:00:48.928,0.7328,0.7326,0.7327,55796268.0,0.0173,1.1e-05,80475638.0,-0.20673256157012881,0.7316046710486657,0.7315604789507121,0.7313284017397336,0.729757826335254,0.729280840350518,0.7277734145908907,6.971999390303907e-05,5.7482384805093486e-05,1.2237609097945582e-05,0.0015792295610780327,0.0013611194570572272,0.00021811010402080552,0.0013831270512222327,0.0008742567278999084,0.0005088703233223242,0.8140656893197474,0.13743761696818682,0.2953446662507797,0.378197130380536,36.0,0.0,LONG,78616.8,0.06338539081294044,0.0,-0.06838641118791887,0.08567845753315159,40.535714285714306,56.6381301807308,38.50029638411432,48.84190077704722,78625.59311889624,78662.96833438246,78678.15598540421,78667.50639239853,78664.5296049226,78702.35057441119,78647.56651107041,78522.5814090244,-33.92124340077862,-23.777112742792326,4.811246254379512,0.12989262638798205,-23.808171092998236,-6.772827285930195,129.36012460800703,118.44397102709095,1.7441155733341007,0.7486318003871537,0.7714845857201814,0.6276685289192658,0.04555551194437486,0.113498096371983,0.1835576401699649,0.6185519052997759
2026-09-01T10:11:09.342605,SILVER_USDT,LOSS,LONG,38.5,66.88,66.64592,67.34816,66.64592,-1.0,,,,,,,,SL,,,,,,,,,,,,,,,,,,,,,,,,,,,,,,,,,,,,,,,,,,,,,,,,,,,,,,,,,,,,,,,,,
2026-09-01T10:21:10.058070,SUI_USDT,LOSS,LONG,36.0,0.7328,0.7302028571428572,0.7379942857142857,0.7302028571428572,-1.0,,,,,,,,SL,,,,,,,,,,,,,,,,,,,,,,,,,,,,,,,,,,,,,,,,,,,,,,,,,,,,,,,,,,,,,,,,,
2026-09-01T10:21:10.058212,SOXL_USDT,OPEN,LONG,36.0,113.46,113.06289,114.25421999999998,,,66.0000000000006,64.60176991150422,51.11111111111138,0.00881367882954796,58240880.1893,4.724787207732091,1.8428927743880845,HIGH_EDGE,2026-09-01 10:20:57.659,2026-09-01 10:20:38.020,113.46,113.44,113.45,51781670.0,0.0224,4.5e-05,8191654.0,5.595332365421172,113.14277369961249,113.01027469971571,112.94242038191572,112.8379422776904,112.80957102700928,112.7393398914066,0.12791298411188734,0.09566208606456961,0.03225089804731773,0.06791881526281429,-0.005804428610162577,0.07372324387297687,0.0951455722261727,0.11638870108949216,-0.021243128863319458,2.603771532466725,0.08750723980760734,0.24993074966633655,0.28077862556973926,38.0,2.0,LONG,78590.8,-0.004834937769265205,0.09513972293580181,-0.12808967040123367,0.08567845753315159,35.84199584199571,44.60875640428557,31.2222879101394,48.84190077704722,78563.55425100976,78597.3327766532,78631.01557162234,78647.30954096177,78634.84368393778,78685.41797188777,78647.56651107041,78522.5814090244,-35.70113283803221,-32.74697683995928,-14.085371616485645,-3.722018815938553,-34.91032639614423,-12.399568098655429,129.36012460800703,118.44397102709095,0.6858639481608423,1.5633777969348197,1.0635566556685745,0.6276685289192658,0.06050326501320474,0.14117428503081283,0.19837836344348264,0.618756539296857
2026-09-01T10:31:24.064809,ETH_USDT,LOSS,LONG,35.0,2468.08,2456.8171428571427,2490.6057142857144,2456.8171428571427,-1.0,,,,,,,,SL,,,,,,,,,,,,,,,,,,,,,,,,,,,,,,,,,,,,,,,,,,,,,,,,,,,,,,,,,,,,,,,,,
2026-09-01T10:31:24.064912,XAU_USDT,LOSS,LONG,36.5,4462.57,4446.951005,4493.807989999999,4446.951005,-1.0,,,,,,,,SL,,,,,,,,,,,,,,,,,,,,,,,,,,,,,,,,,,,,,,,,,,,,,,,,,,,,,,,,,,,,,,,,,
2026-09-01T10:31:24.064961,SKHYNIXSTOCK_USDT,LOSS,LONG,42.0,1246.44,1236.018,1267.284,1236.018,-1.0,,,,,,,,SL,,,,,,,,,,,,,,,,,,,,,,,,,,,,,,,,,,,,,,,,,,,,,,,,,,,,,,,,,,,,,,,,,
2026-09-01T10:31:24.064991,SOXL_USDT,LOSS,LONG,36.0,113.46,113.06289,114.25421999999998,113.06289,-1.0,,,,,,,,SL,,,,,,,,,,,,,,,,,,,,,,,,,,,,,,,,,,,,,,,,,,,,,,,,,,,,,,,,,,,,,,,,,
2026-09-01T10:31:24.065031,XRP_USDT,OPEN,SHORT,39.0,1.375,1.3798125,1.365375,,,39.02439024390221,34.671532846715166,35.36231884057952,0.007272727272726472,386647931.1736,0.38608948502903034,1.6852126224599704,HIGH_EDGE,2026-09-01 10:30:51.343,2026-09-01 10:30:40.766,1.375,1.3751,1.3752,282134763.0,0.0018,8.6e-05,120878465.0,-3.137703546725173,1.3773706763356657,1.3791269995834532,1.3808113545218683,1.381786933401334,1.3808003873148726,1.381636077197324,-0.0017728340943938825,-0.0014777483596938152,-0.00029508573470006733,-0.0005781944229452662,0.00024757821768622786,-0.000825772640631494,-0.0003285915856032773,0.00036306379383105526,-0.0006916553794343325,1.0208181164245442,0.10181818181818213,0.26909090909090716,0.3376623376623362,0.0,39.0,SHORT,78381.6,-0.03621986991454429,-0.2094311493505088,-0.1713024462498774,0.08567845753315159,34.145728643217026,30.026563138536744,30.341113105925004,48.84190077704722,78461.52140135503,78522.45475915034,78567.5459658384,78614.79052005663,78584.19494715006,78657.79799049732,78647.56651107041,78522.5814090244,-57.86329535834375,-41.649285441717886,-38.29293609420711,-13.305975786373217,-53.93262052195496,-20.696029868793282,129.36012460800703,118.44397102709095,0.7963462826625353,1.3836019710239458,1.1401916113252542,0.6276685289192658,0.06258757521808682,0.14762939990288737,0.209378585936346,0.6204079966289464
2026-09-01T10:51:11.591161,XRP_USDT,LOSS,SHORT,39.0,1.375,1.3798125,1.365375,1.3798125,-1.0,,,,,,,,SL,,,,,,,,,,,,,,,,,,,,,,,,,,,,,,,,,,,,,,,,,,,,,,,,,,,,,,,,,,,,,,,,,
2026-09-01T11:01:23.902420,MUSTOCK_USDT,LOSS,LONG,36.0,961.96,958.5931400000001,968.69372,958.5931400000001,-1.0,,,,,,,,SL,,,,,,,,,,,,,,,,,,,,,,,,,,,,,,,,,,,,,,,,,,,,,,,,,,,,,,,,,,,,,,,,,
2026-09-01T11:11:24.111690,XRP_USDT,OPEN,SHORT,35.0,1.3713,1.37609955,1.3617009,,,30.232558139534348,29.811320754717087,43.817204301075265,0.007292350324508786,372047585.7604,1.7063993589007085,1.951562207963438,HIGH_EDGE,2026-09-01 11:10:55.328,2026-09-01 11:10:41.857,1.3713,1.3713,1.3714,271207887.0,-0.0008,9.1e-05,126552061.0,2.0641857056286326,1.3740250375693184,1.3752369603160683,1.376612027980639,1.3788402986552777,1.3797522478814854,1.3810066474629876,-0.001213925971984775,-0.0009792620557843583,-0.00023466391620041672,-0.0019501189696740084,-0.0011712684695814877,-0.0007788505000925208,-0.0007517303050206259,1.91384528158142e-05,-0.00077086875783644,1.507299866717624,0.08854996822618737,0.2547113791918001,0.3630548697273708,3.0,38.0,SHORT,78285.2,0.019164381846475415,-0.01839089854866274,-0.2135128012191964,-0.306804652440696,30.55647020085776,31.903514516480456,38.363540845810675,51.80078450017848,78296.4206890738,78343.44170685408,78409.68860881202,78500.35638040023,78535.93276617583,78622.68059034437,78593.17320885682,78509.22111480474,-51.48757191160985,-49.070188711631104,-83.37751050453517,-56.00618680123755,-69.1535294726491,-35.90726690075429,100.65623537085776,114.84305178686292,1.0698287736652643,1.0137829326720136,0.776832520746909,0.6368566733073198,0.04750943619337619,0.14415240684062836,0.22222773726250675,0.6226865723935419
2026-09-01T11:41:06.511425,XAUT_USDT,LOSS,LONG,39.5,4442.6,4427.0509,4473.6982,4427.0509,-1.0,,,,,,,,SL,,,,,,,,,,,,,,,,,,,,,,,,,,,,,,,,,,,,,,,,,,,,,,,,,,,,,,,,,,,,,,,,,
2026-09-01T11:41:06.511583,XAU_USDT,OPEN,SHORT,36.0,4439.32,4454.85762,4408.24476,,,24.955960070461586,40.48637092463962,44.095063985374914,0.0006757791733811787,526714167.18231,1.481806753720937,1.6389607647607634,HIGH_EDGE,2026-09-01 11:40:38.870,2026-09-01 11:40:32.825,4439.32,4439.37,4439.4,118564174.0,0.0019,6.2e-05,62624907.0,2.819148442749351,4440.117875860615,4443.2337553401285,4445.078710624934,4448.178664584147,4450.21042765724,4450.939926521371,-2.9430855605414763,-2.1970567883144048,-0.7460287722270715,-2.863605839354932,-2.0066885319292465,-0.8569173074256855,0.23365851101425505,1.6714388499077786,-1.4377803388935235,0.672581499207133,0.04368429656536493,0.10381255301648293,0.1729511984460952,0.0,36.0,SHORT,78308.4,-0.002553939195815626,-0.04569578858422565,-0.10144696074359623,-0.306804652440696,55.18613907749799,45.52567237163743,37.88831960568149,51.80078450017848,78310.96100759108,78296.78176802689,78316.2669146691,78403.65744677318,78423.41697035267,78553.81934796629,78593.17320885682,78509.22111480474,9.405112356049358,3.0173169826388744,-93.1648427448381,-86.3291038075968,-107.79996199150628,-58.590128600401044,100.65623537085776,114.84305178686292,0.2779420928276199,0.726949728062213,0.9202803686878802,0.6368566733073198,0.058514065632073314,0.1376334740954663,0.23723964661335448,0.622502092459339
2026-09-01T11:41:06.511794,TESLA_USDT,OPEN,SHORT,40.0,366.16,367.44156000000004,363.59688,,,34.54545454545361,39.11111111110981,35.759493670885774,0.0027310465370460313,31955890.5699,2.4605546144915396,1.548792695504459,HIGH_EDGE,2026-09-01 11:40:58.649,2026-09-01 11:40:32.825,366.16,366.15,366.16,8823652.0,0.0015,0.0,1404955.0,1.1731419551453772,366.29501350598736,366.3675471133965,366.42640392091346,366.6448179707527,366.70741538952257,366.810097707666,-0.06989104755780318,-0.050957702816698716,-0.01893334474110446,-0.2311922401381139,-0.21024142592391595,-0.02095081421419795,0.20998601540424033,0.5306227759524884,-0.3206367605482481,1.042871437894279,0.027700614875617324,0.0762742282842779,0.12621336496145374,0.0,40.0,SHORT,78308.4,-0.002553939195815626,-0.04569578858422565,-0.10144696074359623,-0.306804652440696,55.18613907749799,45.52567237163743,37.88831960568149,51.80078450017848,78310.96100759108,78296.78176802689,78316.2669146691,78403.65744677318,78423.41697035267,78553.81934796629,78593.17320885682,78509.22111480474,9.405112356049358,3.0173169826388744,-93.1648427448381,-86.3291038075968,-107.79996199150628,-58.590128600401044,100.65623537085776,114.84305178686292,0.2779420928276199,0.726949728062213,0.9202803686878802,0.6368566733073198,0.058514065632073314,0.1376334740954663,0.23723964661335448,0.622502092459339
2026-09-01T11:51:01.469903,PEPE_USDT,OPEN,SHORT,36.0,3.544e-06,3.556404e-06,3.519192e-06,,,32.974910394265464,41.359773371104794,43.986998916576454,0.0028216704289000926,104848691.706,1.4256704712555144,0.6102761651565297,HIGH_EDGE,2026-09-01 11:50:46.074,2026-09-01 11:50:32.839,3.544e-06,3.5438e-06,3.5439e-06,2947788.0,-0.0007,-6.6e-05,1453804.0,-0.37818906438122335,3.544404824848924e-06,3.54682593848851e-06,3.5480449568511963e-06,3.5509762469989585e-06,3.551157017718215e-06,3.556473514997491e-06,-2.2227465299045376e-09,-1.5604598172307096e-09,-6.622867126738281e-10,-2.9715606119863606e-09,-2.4253676197922507e-09,-5.461929921941098e-10,-5.037425895289765e-09,-3.860239748181577e-09,-1.1771861471081875e-09,0.4455694035338934,0.07961141567236418,0.24125282167042866,0.45247500806191493,0.0,36.0,SHORT,78376.5,0.00038276925903898176,0.05642627626151292,0.18442704196674056,-0.306804652440696,56.874580818243196,41.60660463897229,47.04210798243378,51.80078450017848,78338.93509218268,78321.1360740716,78330.87882538774,78395.29065372764,78405.19357628236,78533.67990573341,78593.17320885682,78509.22111480474,15.756684246385703,10.867482119136138,-77.33917069334711,-84.60493431987757,-110.70615121377341,-69.00381566658726,100.65623537085776,114.84305178686292,2.3780315194748924,0.763783017501259,0.8557137326400811,0.6368566733073198,0.035898150958147954,0.1322189322418999,0.23614950180949024,0.6219612110408463
2026-09-01T12:11:09.839520,XRP_USDT,LOSS,SHORT,35.0,1.3713,1.37609955,1.3617009,1.37609955,-1.0,,,,,,,,SL,,,,,,,,,,,,,,,,,,,,,,,,,,,,,,,,,,,,,,,,,,,,,,,,,,,,,,,,,,,,,,,,,
2026-09-01T12:41:19.642953,PEPE_USDT,LOSS,SHORT,36.0,3.544e-06,3.556404e-06,3.519192e-06,3.556404e-06,-1.0,,,,,,,,SL,,,,,,,,,,,,,,,,,,,,,,,,,,,,,,,,,,,,,,,,,,,,,,,,,,,,,,,,,,,,,,,,,
2026-09-01T13:31:48.498837,ETH_USDT,OPEN,LONG,36.0,2475.78,2467.11477,2493.11046,,,57.405140758873266,64.34231378763928,54.09192825112114,0.00040391311020217995,1808700209.9958,0.8206078524292171,0.9445465539239657,HIGH_EDGE,2026-09-01 13:30:47.769,2026-09-01 13:30:41.959,2475.78,2475.78,2475.79,73594499.0,0.0038,8.9e-05,96337701.0,0.03378323443209682,2474.9817142040047,2474.177709912549,2473.1149145406425,2470.5087577070917,2469.5467026168044,2468.2136971786276,0.8338118743749874,0.7373610993469629,0.09645077502802446,2.6102164360122515,2.2804167566248137,0.3297996793874378,0.6265764562003824,-0.7829622621348179,1.4095387183352002,0.953713889946184,0.04267053500022362,0.16569092799614304,0.3089358274390881,36.0,0.0,LONG,78795.3,0.006219031760225525,0.02196044580974753,0.18856409017508985,0.29737046468597844,67.68875700626474,66.72579298831374,55.46573580745914,67.41061939378481,78783.65061658464,78748.2525815123,78706.1996914796,78622.380426972,78595.48136004727,78573.68786023528,78577.72285367001,78515.06011396508,34.51262941167806,26.667589849877697,78.73497164012224,61.00268658523669,-4.807737701674341,-50.57124568651347,82.59471376799047,102.84671981308878,1.1505990318468495,1.3280561832617301,0.8176587337206614,0.49249416974362414,0.03960533541612695,0.13294846628814436,0.2517644725365239,0.5616633044284194
2026-09-01T13:31:48.498974,XAUT_USDT,OPEN,SHORT,35.0,4421.8,4437.2763,4390.847400000001,,,49.038461538462464,38.84892086330975,32.55033557047001,0.006784567370737537,370692213.5134,1.0935332581517925,1.6411098057829583,HIGH_EDGE,2026-09-01 13:30:50.554,2026-09-01 13:30:42.011,4421.8,4421.6,4421.9,83662672.0,0.001,1.5e-05,49317498.0,3.1060754845844625,4423.05389002161,4423.934404019257,4425.163398474233,4427.4642563982125,4427.550029199485,4431.0541495208,-1.0956538328500756,-1.2029683545047314,0.10731452165465583,-2.3162405720559036,-1.8253885825528595,-0.4908519895030441,-2.819228553510584,-1.383028707088874,-1.4361998464217098,0.5851757647648846,0.02536135898115153,0.06816874834424219,0.1623450049430434,1.0,36.0,SHORT,78795.3,0.006219031760225525,0.02196044580974753,0.18856409017508985,0.29737046468597844,67.68875700626474,66.72579298831374,55.46573580745914,67.41061939378481,78783.65061658464,78748.2525815123,78706.1996914796,78622.380426972,78595.48136004727,78573.68786023528,78577.72285367001,78515.06011396508,34.51262941167806,26.667589849877697,78.73497164012224,61.00268658523669,-4.807737701674341,-50.57124568651347,82.59471376799047,102.84671981308878,1.1505990318468495,1.3280561832617301,0.8176587337206614,0.49249416974362414,0.03960533541612695,0.13294846628814436,0.2517644725365239,0.5616633044284194
2026-09-01T13:31:48.499080,SILVER_USDT,OPEN,SHORT,35.0,66.54,66.77289,66.07422000000001,,,33.33333333333175,43.373493975903635,40.703517587939494,0.015028554253067183,195089202.017,0.11094568978443207,0.5511211106849089,HIGH_EDGE,2026-09-01 13:30:54.497,2026-09-01 13:30:41.988,66.54,66.54,66.55,292440298.0,0.0054,0.0,154057588.0,4.60555967223739,66.57002052007982,66.61550668994781,66.64772130360743,66.6760234348187,66.66448618856083,66.67113314926587,-0.048733671065676276,-0.04520334836872497,-0.0035303226969513046,-0.01775462833347774,0.0041586245425729845,-0.021913252876050726,0.006927643071961143,0.026920777259813858,-0.019993134187852715,0.7083012980624379,0.04723259908111406,0.13847739276053292,0.383228133453558,0.0,35.0,SHORT,78795.3,0.006219031760225525,0.02196044580974753,0.18856409017508985,0.29737046468597844,67.68875700626474,66.72579298831374,55.46573580745914,67.41061939378481,78783.65061658464,78748.2525815123,78706.1996914796,78622.380426972,78595.48136004727,78573.68786023528,78577.72285367001,78515.06011396508,34.51262941167806,26.667589849877697,78.73497164012224,61.00268658523669,-4.807737701674341,-50.57124568651347,82.59471376799047,102.84671981308878,1.1505990318468495,1.3280561832617301,0.8176587337206614,0.49249416974362414,0.03960533541612695,0.13294846628814436,0.2517644725365239,0.5616633044284194
2026-09-01T14:51:06.502490,TESLA_USDT,LOSS,SHORT,40.0,366.16,367.44156000000004,363.59688,367.44156000000004,-1.0,,,,,,,,SL,,,,,,,,,,,,,,,,,,,,,,,,,,,,,,,,,,,,,,,,,,,,,,,,,,,,,,,,,,,,,,,,,
2026-09-01T14:51:06.502599,SILVER_USDT,LOSS,SHORT,35.0,66.54,66.77289,66.07422000000001,66.77289,-1.0,,,,,,,,SL,,,,,,,,,,,,,,,,,,,,,,,,,,,,,,,,,,,,,,,,,,,,,,,,,,,,,,,,,,,,,,,,,
2026-09-01T14:51:06.502714,SOL_USDT,OPEN,LONG,39.0,104.23,103.86519500000001,104.95961,,,61.70212765957537,67.05882352941197,76.41921397379939,0.00959416674660933,1528240805.638,0.9396611593676483,1.705455609268942,HIGH_EDGE,2026-09-01 14:50:42.769,2026-09-01 14:50:35.993,104.23,104.23,104.24,148045692.0,0.0138,-3.9e-05,27237891.0,0.2796634951810676,104.18535332075075,104.09595003937501,104.02725005464269,103.86768431218219,103.78474002816891,103.57595633913832,0.09313767400594486,0.08125326279944485,0.011884411206500009,0.15815621355260134,0.12175454743220777,0.03640166612039357,0.17626139969250687,0.09565638899247796,0.08060501070002891,1.5726560251124335,0.10827702471183223,0.19736571593042826,0.32688696700977204,39.0,0.0,LONG,79148.1,0.07902829339348756,0.01592205773642148,0.22696098981334875,0.05352563572817855,60.29354963306317,76.97194917285985,78.49264705882331,54.547610577493074,79092.76867402595,79044.51005978399,78988.7594639308,78857.98749107608,78808.11802006034,78690.45368277843,78601.37828293558,78531.51315898263,58.07438935281243,62.244590386763406,126.24119891808368,95.21141483804912,83.28284570512187,13.623737491287365,86.55394997358962,99.54486868833587,1.109132155453627,1.244791101357436,1.9840723367822632,0.40938927761710064,0.060582629273476185,0.12818645407424992,0.2310496759510694,0.49922685627143365
2026-09-01T14:51:06.502884,XRP_USDT,OPEN,LONG,36.0,1.3939,1.38902135,1.4036572999999997,,,74.1573033707854,74.03100775193766,70.64017660044158,0.007174115790228065,371121646.1679,1.7364932455875348,3.2403025642008543,HIGH_EDGE,2026-09-01 14:50:45.447,2026-09-01 14:50:35.994,1.3939,1.3939,1.394,269911767.0,0.0155,9.9e-05,135295812.0,0.7124341209192699,1.3920359603433112,1.3899804215557316,1.388292868950653,1.3856256307444577,1.3844377516550619,1.3823653828308093,0.0021749351075677215,0.001965139679117064,0.00020979542845065736,0.002368990729818554,0.00138743363870957,0.0009815570911089842,0.0016029250129661055,0.0005365941389389825,0.001066330874027123,2.3541679215568028,0.08813913685138361,0.2167607842333444,0.38740225267235645,36.0,0.0,LONG,79148.1,0.07902829339348756,0.01592205773642148,0.22696098981334875,0.05352563572817855,60.29354963306317,76.97194917285985,78.49264705882331,54.547610577493074,79092.76867402595,79044.51005978399,78988.7594639308,78857.98749107608,78808.11802006034,78690.45368277843,78601.37828293558,78531.51315898263,58.07438935281243,62.244590386763406,126.24119891808368,95.21141483804912,83.28284570512187,13.623737491287365,86.55394997358962,99.54486868833587,1.109132155453627,1.244791101357436,1.9840723367822632,0.40938927761710064,0.060582629273476185,0.12818645407424992,0.2310496759510694,0.49922685627143365
2026-09-01T14:51:06.503066,NVIDIA_USDT,OPEN,LONG,39.0,220.58,219.80797,222.12406,,,77.08333333332814,57.142857142856755,55.39906103286428,0.004533502584105235,49672533.7878,0.21889874121143302,5.664950170368662,HIGH_EDGE,2026-09-01 14:50:57.663,2026-09-01 14:50:36.129,220.58,220.57,220.58,22608805.0,0.004,0.0,9541978.0,-1.1431758226855488,220.55094848070013,220.46660219380007,220.41180787598879,220.3525051171417,220.33761731585676,220.31270206851175,0.08336296969693535,0.0688167183932088,0.014546251303726554,0.04776602135203234,0.020538063297439017,0.027227958054593323,0.023993008157617624,0.007073773591917659,0.016919234565699964,2.312759238310709,0.02040076162843582,0.05213527971710988,0.10912788363146525,40.0,1.0,LONG,79148.1,0.07902829339348756,0.01592205773642148,0.22696098981334875,0.05352563572817855,60.29354963306317,76.97194917285985,78.49264705882331,54.547610577493074,79092.76867402595,79044.51005978399,78988.7594639308,78857.98749107608,78808.11802006034,78690.45368277843,78601.37828293558,78531.51315898263,58.07438935281243,62.244590386763406,126.24119891808368,95.21141483804912,83.28284570512187,13.623737491287365,86.55394997358962,99.54486868833587,1.109132155453627,1.244791101357436,1.9840723367822632,0.40938927761710064,0.060582629273476185,0.12818645407424992,0.2310496759510694,0.49922685627143365
2026-09-01T14:51:06.503221,SUI_USDT,OPEN,LONG,37.0,0.7353,0.73272645,0.7404470999999999,,,67.64705882352985,71.90082644628093,61.8852459016393,0.013599891200883995,41405059.6341,0.8218070226944147,0.6914445869102037,HIGH_EDGE,2026-09-01 14:50:58.754,2026-09-01 14:50:36.007,0.7353,0.7353,0.7354,57146509.0,0.0208,7.9e-05,79408063.0,-1.5248482207415108,0.7343346181337322,0.7333273489349569,0.7325740774704863,0.7316603278149966,0.7314695466160142,0.7305554623045737,0.0010534531469081898,0.0009387437795953916,0.00011470936731279818,0.0006841853608069437,0.00015312387079352753,0.0005310614900134161,0.0010509691637118346,0.0010209670158838925,3.0002147827942055e-05,3.096968670175773,0.09131355520584372,0.22634104641448896,0.44782498882866223,37.0,0.0,LONG,79148.1,0.07902829339348756,0.01592205773642148,0.22696098981334875,0.05352563572817855,60.29354963306317,76.97194917285985,78.49264705882331,54.547610577493074,79092.76867402595,79044.51005978399,78988.7594639308,78857.98749107608,78808.11802006034,78690.45368277843,78601.37828293558,78531.51315898263,58.07438935281243,62.244590386763406,126.24119891808368,95.21141483804912,83.28284570512187,13.623737491287365,86.55394997358962,99.54486868833587,1.109132155453627,1.244791101357436,1.9840723367822632,0.40938927761710064,0.060582629273476185,0.12818645407424992,0.2310496759510694,0.49922685627143365
2026-09-01T15:01:17.900979,HYPE_USDT,OPEN,LONG,38.0,84.32,84.02488,84.91023999999999,,,70.88388214904631,67.09075487701443,61.463163317877644,0.001185958254258259,185070493.1648,0.5077836535273931,1.1433479960224746,HIGH_EDGE,2026-09-01 15:01:00.328,2026-09-01 15:00:49.805,84.32,84.313,84.314,22271816.0,0.0264,2.1e-05,9029826.0,-0.8215059144142299,84.32095369036927,84.24609182312054,84.20777030724543,84.137716656851,84.11139188040652,84.08139961609572,0.07278888312518461,0.05690006616263665,0.015888816962547958,0.054855039888067836,0.020634769297846658,0.034220270590221175,0.03147148776926656,0.012053169675967795,0.019418318093298765,1.784516773103988,0.09496137164543678,0.22253659528327785,0.3668846570886422,38.0,0.0,LONG,79149.6,0.0029059740509188694,-0.016674498628139845,0.017817540800280304,0.5763952424519745,55.04364694471428,75.6467439785911,82.97551272378026,64.17422188989647,79138.81512050018,79102.77400560805,79048.77405691615,78909.68823664954,78876.41441604834,78732.19312728186,78711.02262634865,78587.70794591516,45.66099319275236,50.27317590598369,137.60078327041992,109.90230874388558,108.31576233399392,32.57141561459431,124.84043193486286,104.54990279585228,0.6935846747198595,1.5233384490411193,1.3655894687170673,0.7053109766469883,0.05545556407468533,0.13529533223884016,0.23048577810699028,0.4932792729572498
2026-09-01T15:01:17.901208,SNDKSTOCK_USDT,OPEN,LONG,38.0,1553.34,1547.90331,1564.2133799999997,,,60.161870503596965,58.58960763520686,64.27676109300602,0.0038626443663296785,159632215.42621,2.5942231877943405,0.6060495264313923,HIGH_EDGE,2026-09-01 15:01:01.160,2026-09-01 15:00:49.788,1553.34,1553.64,1553.7,105060385.0,0.0251,0.0,12742369.0,-2.4071316860514096,1551.9728836324048,1550.9277613525148,1549.3004779278644,1547.8748541083562,1547.7314884075508,1545.8816243896106,1.0870545688947004,0.9097728491481448,0.1772817197465556,1.2877244130818326,0.8348052687133451,0.45291914436848746,2.357880979577203,2.2841424976218305,0.07373848195537258,0.39939484271392106,0.06764226027233604,0.15570135505242827,0.34051049443687015,38.0,0.0,LONG,79149.6,0.0029059740509188694,-0.016674498628139845,0.017817540800280304,0.5763952424519745,55.04364694471428,75.6467439785911,82.97551272378026,64.17422188989647,79138.81512050018,79102.77400560805,79048.77405691615,78909.68823664954,78876.41441604834,78732.19312728186,78711.02262634865,78587.70794591516,45.66099319275236,50.27317590598369,137.60078327041992,109.90230874388558,108.31576233399392,32.57141561459431,124.84043193486286,104.54990279585228,0.6935846747198595,1.5233384490411193,1.3655894687170673,0.7053109766469883,0.05545556407468533,0.13529533223884016,0.23048577810699028,0.4932792729572498
2026-09-01T15:01:17.901387,MUSTOCK_USDT,OPEN,LONG,39.0,960.92,957.55678,967.6464399999999,,,59.37500000000056,56.61434977578522,65.76368876080687,0.0010406693585304609,84187080.5974,1.2980289039727675,2.694578042282274,HIGH_EDGE,2026-09-01 15:01:02.846,2026-09-01 15:00:49.803,960.92,960.97,960.98,8920535.0,0.0242,0.0,1279216.0,0.5107977826929045,960.5650087555279,959.9747031362473,959.1213341429592,958.3342169746775,958.2504835704473,957.4188363481906,0.6245206685376843,0.5508767271071483,0.07364394143053599,0.6965026237934353,0.430911501308171,0.2655911224852643,1.0044921266006668,0.9127937902663836,0.09169833633428315,0.6723435283415936,0.0619941603582292,0.12740766289448877,0.23623194438663098,39.0,0.0,LONG,79149.6,0.0029059740509188694,-0.016674498628139845,0.017817540800280304,0.5763952424519745,55.04364694471428,75.6467439785911,82.97551272378026,64.17422188989647,79138.81512050018,79102.77400560805,79048.77405691615,78909.68823664954,78876.41441604834,78732.19312728186,78711.02262634865,78587.70794591516,45.66099319275236,50.27317590598369,137.60078327041992,109.90230874388558,108.31576233399392,32.57141561459431,124.84043193486286,104.54990279585228,0.6935846747198595,1.5233384490411193,1.3655894687170673,0.7053109766469883,0.05545556407468533,0.13529533223884016,0.23048577810699028,0.4932792729572498
2026-09-01T15:11:06.781355,XRP_USDT,LOSS,LONG,36.0,1.3939,1.38902135,1.4036572999999997,1.38902135,-1.0,,,,,,,,SL,,,,,,,,,,,,,,,,,,,,,,,,,,,,,,,,,,,,,,,,,,,,,,,,,,,,,,,,,,,,,,,,,
2026-09-01T15:11:06.781477,SUI_USDT,LOSS,LONG,37.0,0.7353,0.73272645,0.7404470999999999,0.73272645,-1.0,,,,,,,,SL,,,,,,,,,,,,,,,,,,,,,,,,,,,,,,,,,,,,,,,,,,,,,,,,,,,,,,,,,,,,,,,,,
2026-09-01T15:21:06.172184,SOL_USDT,LOSS,LONG,39.0,104.23,103.86519500000001,104.95961,103.86519500000001,-1.0,,,,,,,,SL,,,,,,,,,,,,,,,,,,,,,,,,,,,,,,,,,,,,,,,,,,,,,,,,,,,,,,,,,,,,,,,,,
2026-09-01T15:31:23.167353,SNDKSTOCK_USDT,LOSS,LONG,38.0,1553.34,1547.90331,1564.2133799999997,1547.90331,-1.0,,,,,,,,SL,,,,,,,,,,,,,,,,,,,,,,,,,,,,,,,,,,,,,,,,,,,,,,,,,,,,,,,,,,,,,,,,,
2026-09-01T15:31:23.167484,SKHYNIXSTOCK_USDT,OPEN,LONG,42.0,1239.72,1235.2337142857143,1248.6925714285715,,,64.23462088698145,69.35817805383012,63.56571428571435,0.0008066337560086878,270775615.07835,1.9228366455495463,1.6351943227264212,HIGH_EDGE,2026-09-01 15:30:54.914,2026-09-01 15:30:42.874,1239.72,1239.72,1239.73,221313387.0,0.0218,0.0,18211408.0,-2.9506580886157723,1240.2334943459578,1239.7218847736233,1239.5036768752457,1238.3108452162357,1237.9368796717704,1235.1604454182411,0.36865135075117905,0.07878268100436076,0.2898686697468183,1.3725976344237552,1.3693804501619629,0.003217184261792294,2.946182359175964,2.5510503084613227,0.3951320507146412,1.8228249587456455,0.11298634253817756,0.30156579135380623,0.4687118289383325,42.0,0.0,LONG,78861.9,0.004945598417401125,0.06788616441902133,-0.17481012658228584,0.5763952424519745,44.02540690750237,53.12779267202867,64.58030403172452,64.17422188989647,78854.27076554425,78896.07621207704,78940.0039447759,78912.96192846907,78893.28522627111,78766.11391486443,78711.02262634865,78587.70794591516,-48.04461940769397,-50.68433793744552,56.46807333441393,92.37750461331062,107.49960089035449,60.73886721087045,124.84043193486286,104.54990279585228,0.3734353428205724,0.7908011334760985,1.0065107226257488,0.7053109766469883,0.035188094631245156,0.13761850960802363,0.24128073433251168,0.49507882948365617
2026-09-01T15:51:12.559859,SKHYNIXSTOCK_USDT,LOSS,LONG,42.0,1239.72,1235.2337142857143,1248.6925714285715,1235.2337142857143,-1.0,,,,,,,,SL,,,,,,,,,,,,,,,,,,,,,,,,,,,,,,,,,,,,,,,,,,,,,,,,,,,,,,,,,,,,,,,,,
2026-09-01T16:01:23.291435,HYPE_USDT,LOSS,LONG,38.0,84.32,84.02488,84.91023999999999,84.02488,-1.0,,,,,,,,SL,,,,,,,,,,,,,,,,,,,,,,,,,,,,,,,,,,,,,,,,,,,,,,,,,,,,,,,,,,,,,,,,,
2026-09-01T16:21:25.848724,TESLA_USDT,OPEN,LONG,35.5,367.82,366.53263000000004,370.39473999999996,,,59.25925925925887,52.76073619632,62.94416243654781,0.0027187211135856954,31472149.0587,0.0033427301191126164,1.1992755945893967,HIGH_EDGE,2026-09-01 16:21:15.257,2026-09-01 16:20:39.895,367.82,367.81,367.82,8665159.0,0.006,0.0,1346700.0,-1.9612839162488598,367.75166875192485,367.706610694166,367.693546657792,367.5498354790748,367.4515365778312,367.162151906918,0.03425596660537167,0.012184535637890641,0.02207143096748103,0.18427223288546202,0.21202260146576885,-0.027750368580306828,0.30267646798677106,0.22954996262807856,0.0731265053586925,2.7574216719088196,0.03223626463254701,0.06291897434304174,0.11826436844108704,37.0,1.5,LONG,78742.0,0.04002007356070664,0.06773526567347397,-0.02172648013234834,-0.560710351031468,45.5255959359135,32.996132103540475,46.92754509324341,52.002537869775566,78720.01429143918,78730.04623584493,78770.92245205032,78823.45720289715,78816.07483585045,78759.94764037368,78709.97810107908,78598.44863922421,-16.841501249393332,-23.236748621348013,-32.295284724692465,-0.36033312820352403,63.53642002539709,69.4026353793261,118.00437930422777,107.18607992865262,0.5011778866552279,1.0195413386081087,1.3629009428777892,0.53815453291408,0.031286625035829456,0.09351516888790465,0.21445262466572493,0.5009488492255003
2026-09-01T16:31:14.662450,SILVER_USDT,OPEN,SHORT,37.0,66.48,66.71268,66.01464,,,33.96226415094283,39.784946236559335,43.60189573459696,0.01504211793019089,194215695.8268,0.5496943752131997,0.3299291692882104,HIGH_EDGE,2026-09-01 16:30:54.255,2026-09-01 16:30:40.746,66.48,66.48,66.49,291139271.0,0.0045,0.0,159850665.0,1.0306141585982664,66.58520078716174,66.60047378786032,66.59516493229577,66.61876072709529,66.6116885970703,66.6266089862103,-0.010414304343385083,-0.0002901366341581148,-0.010124167709226969,-0.018574223324151262,-0.007545763967567215,-0.011028459356584048,-0.011578206564166749,-0.005590787139346535,-0.005987419424820214,0.4212759541474438,0.08595495960117173,0.18480316314251166,0.3384476534296004,0.0,37.0,SHORT,78748.1,0.06518689451159757,0.033154645461250756,0.07548733172616746,-0.560710351031468,55.7930258717671,39.11564625850458,53.76017882803804,52.002537869775566,78725.00340979331,78728.98672764328,78758.53036931262,78808.22209668341,78802.47986868028,78758.86963953268,78709.97810107908,78598.44863922421,-7.3075724735390395,-9.538989864649162,-35.55148381329491,-13.018391878309737,54.28536906836962,66.38533315400836,118.00437930422777,107.18607992865262,0.8201343347467372,1.2665091898471719,1.2765292238886123,0.53815453291408,0.041996478100964275,0.08968923876077084,0.21048126875441941,0.5009100446323701
2026-09-01T16:31:14.662640,TAO_USDT,OPEN,SHORT,36.0,229.15,229.95202500000002,227.54595,,,37.17948717948704,43.55670103092774,38.82978723404261,0.013091861226271498,26543968.4541,0.47918906465980643,1.1387005720280767,HIGH_EDGE,2026-09-01 16:31:11.934,2026-09-01 16:30:40.776,229.15,229.04,229.07,11595260.0,0.0143,5e-05,29466460.0,-0.12566967818129737,229.2080402167317,229.28618347131663,229.43932730093888,229.6694920828377,229.68067546370222,229.8472027612677,-0.08505551800715239,-0.07263712070059092,-0.012418397306561468,-0.194539653247773,-0.10581164662961495,-0.08872800661815805,-0.10306910506153599,0.003940852039088234,-0.10700995710062422,0.9089456053174646,0.061407063370842514,0.19481936348617382,0.404912565069665,0.0,36.0,SHORT,78748.1,0.06518689451159757,0.033154645461250756,0.07548733172616746,-0.560710351031468,55.7930258717671,39.11564625850458,53.76017882803804,52.002537869775566,78725.00340979331,78728.98672764328,78758.53036931262,78808.22209668341,78802.47986868028,78758.86963953268,78709.97810107908,78598.44863922421,-7.3075724735390395,-9.538989864649162,-35.55148381329491,-13.018391878309737,54.28536906836962,66.38533315400836,118.00437930422777,107.18607992865262,0.8201343347467372,1.2665091898471719,1.2765292238886123,0.53815453291408,0.041996478100964275,0.08968923876077084,0.21048126875441941,0.5009100446323701
2026-09-01T16:41:08.688066,ETH_USDT,LOSS,LONG,36.0,2475.78,2467.11477,2493.11046,2467.11477,-1.0,,,,,,,,SL,,,,,,,,,,,,,,,,,,,,,,,,,,,,,,,,,,,,,,,,,,,,,,,,,,,,,,,,,,,,,,,,,
2026-09-01T16:41:08.688184,MUSTOCK_USDT,LOSS,LONG,39.0,960.92,957.55678,967.6464399999999,957.55678,-1.0,,,,,,,,SL,,,,,,,,,,,,,,,,,,,,,,,,,,,,,,,,,,,,,,,,,,,,,,,,,,,,,,,,,,,,,,,,,
2026-09-01T16:51:08.307808,USOIL_USDT,WIN,LONG,35.0,86.47,86.167355,87.07529,87.07529,2.0,,,,,,,,TP,,,,,,,,,,,,,,,,,,,,,,,,,,,,,,,,,,,,,,,,,,,,,,,,,,,,,,,,,,,,,,,,,
2026-09-01T16:51:08.307911,TESLA_USDT,LOSS,LONG,35.5,367.82,366.53263000000004,370.39473999999996,366.53263000000004,-1.0,,,,,,,,SL,,,,,,,,,,,,,,,,,,,,,,,,,,,,,,,,,,,,,,,,,,,,,,,,,,,,,,,,,,,,,,,,,
2026-09-01T17:11:17.682405,XAU_USDT,WIN,SHORT,36.0,4439.32,4454.85762,4408.24476,4408.24476,2.0,,,,,,,,TP,,,,,,,,,,,,,,,,,,,,,,,,,,,,,,,,,,,,,,,,,,,,,,,,,,,,,,,,,,,,,,,,,
2026-09-01T17:11:17.682525,XAUT_USDT,WIN,SHORT,35.0,4421.8,4437.2763,4390.847400000001,4390.847400000001,2.0,,,,,,,,TP,,,,,,,,,,,,,,,,,,,,,,,,,,,,,,,,,,,,,,,,,,,,,,,,,,,,,,,,,,,,,,,,,
2026-09-01T17:11:17.682604,NVIDIA_USDT,LOSS,LONG,39.0,220.58,219.80797,222.12406,219.80797,-1.0,,,,,,,,SL,,,,,,,,,,,,,,,,,,,,,,,,,,,,,,,,,,,,,,,,,,,,,,,,,,,,,,,,,,,,,,,,,
2026-09-01T17:11:17.682669,SILVER_USDT,WIN,SHORT,37.0,66.48,66.71268,66.01464,66.01464,2.0,,,,,,,,TP,,,,,,,,,,,,,,,,,,,,,,,,,,,,,,,,,,,,,,,,,,,,,,,,,,,,,,,,,,,,,,,,,
2026-09-01T17:11:17.682727,TAO_USDT,WIN,SHORT,36.0,229.15,229.95202500000002,227.54595,227.54595,2.0,,,,,,,,TP,,,,,,,,,,,,,,,,,,,,,,,,,,,,,,,,,,,,,,,,,,,,,,,,,,,,,,,,,,,,,,,,,
2026-09-01T17:21:12.605062,XAU_USDT,OPEN,SHORT,36.0,4402.24,4417.64784,4371.42432,,,31.902123730378122,27.248213563434803,36.641610396228465,0.0006814712509937065,576323773.8088,0.18488886494784967,1.2234754042162177,HIGH_EDGE,2026-09-01 17:20:43.772,2026-09-01 17:20:35.691,4402.24,4402.35,4402.38,129765073.0,-0.0064,0.000139,67000570.0,4.2646395801264445,4405.149219130056,4409.924664782782,4415.478907443117,4423.919230237778,4427.928985492121,4434.304375293914,-5.249315334916901,-5.01460317687022,-0.23471215804668066,-7.578868455090742,-4.849161495184842,-2.7297069599059,-5.835522615006994,-3.8748885115158718,-1.960634103491122,3.638942582541603,0.10825657587306098,0.1959716611802848,0.21649692624014688,0.0,36.0,SHORT,78198.0,0.074225748656258,-0.10347602805350092,-0.40865035966829233,-0.1341705439751655,26.098360655737224,20.65548780487785,36.28108694179091,44.40454564657155,78247.55665459816,78342.13158156435,78441.80297893206,78593.75969409215,78638.20889276429,78689.43294423667,78688.02248086227,78598.61016781228,-99.27388283777691,-88.82273592213531,-133.8079740043613,-84.07648976275378,-19.862514495966025,37.28386988968025,102.90033272228902,106.30873424209716,0.8379755879834329,2.4768690454882583,2.5334299637052484,0.7722355432399121,0.08936107244248011,0.14930049361875863,0.2327059880961494,0.4820547109352457
2026-09-01T17:21:12.605306,SKHYNIXSTOCK_USDT,OPEN,SHORT,35.0,1218.68,1222.9453800000001,1210.14924,,,37.50884642604427,23.042505592841266,33.507634386111846,0.0008205599501092086,277775357.95265,0.7261035945908176,3.5540619287247237,HIGH_EDGE,2026-09-01 17:20:47.011,2026-09-01 17:20:35.703,1218.68,1218.66,1218.67,226968480.0,0.0045,-0.000437,14482470.0,-2.895708601637645,1219.3779529498697,1220.4866560390751,1223.067920060509,1227.4861990158042,1229.0075650117578,1231.6073837770184,-1.450646714819868,-1.6715247999452525,0.22087808512538443,-4.213069991922794,-3.2198984103406967,-0.993171581582097,-1.36810361929588,0.7309856239287619,-2.099089243224642,2.207859274180586,0.15502721914577391,0.24481992225780708,0.5024757465923344,2.0,37.0,SHORT,78198.0,0.074225748656258,-0.10347602805350092,-0.40865035966829233,-0.1341705439751655,26.098360655737224,20.65548780487785,36.28108694179091,44.40454564657155,78247.55665459816,78342.13158156435,78441.80297893206,78593.75969409215,78638.20889276429,78689.43294423667,78688.02248086227,78598.61016781228,-99.27388283777691,-88.82273592213531,-133.8079740043613,-84.07648976275378,-19.862514495966025,37.28386988968025,102.90033272228902,106.30873424209716,0.8379755879834329,2.4768690454882583,2.5334299637052484,0.7722355432399121,0.08936107244248011,0.14930049361875863,0.2327059880961494,0.4820547109352457
2026-09-01T17:21:12.605487,SILVER_USDT,OPEN,SHORT,43.0,65.94,66.24257142857142,65.33485714285713,,,32.110091743119526,35.34482758620689,43.98496240601516,0.015165301789491818,203776196.2614,0.858826201760895,1.7691392508237649,HIGH_EDGE,2026-09-01 17:20:48.093,2026-09-01 17:20:35.690,65.94,65.93,65.94,305723995.0,-0.0036,0.0,159763838.0,0.4758678372587139,66.00155562235119,66.098953072095,66.2030242666546,66.36409972533578,66.44942456169986,66.5413651455815,-0.10362424699492578,-0.09445626498804777,-0.009167982006878017,-0.1444099684978255,-0.09301440639937031,-0.051395562098455194,-0.07291464156523375,-0.02991697073721364,-0.04299767082802011,5.05921487310949,0.18415009315827963,0.38238225226396455,0.465791412106242,0.0,43.0,SHORT,78198.0,0.074225748656258,-0.10347602805350092,-0.40865035966829233,-0.1341705439751655,26.098360655737224,20.65548780487785,36.28108694179091,44.40454564657155,78247.55665459816,78342.13158156435,78441.80297893206,78593.75969409215,78638.20889276429,78689.43294423667,78688.02248086227,78598.61016781228,-99.27388283777691,-88.82273592213531,-133.8079740043613,-84.07648976275378,-19.862514495966025,37.28386988968025,102.90033272228902,106.30873424209716,0.8379755879834329,2.4768690454882583,2.5334299637052484,0.7722355432399121,0.08936107244248011,0.14930049361875863,0.2327059880961494,0.4820547109352457
2026-09-01T17:31:10.463189,SPX500_USDT,LOSS,LONG,36.0,7689.5,7662.58675,7743.326499999999,7662.58675,-1.0,,,,,,,,SL,,,,,,,,,,,,,,,,,,,,,,,,,,,,,,,,,,,,,,,,,,,,,,,,,,,,,,,,,,,,,,,,,
2026-09-01T17:31:10.463305,SILVER_USDT,WIN,SHORT,43.0,65.94,66.24257142857142,65.33485714285713,65.33485714285713,2.0,,,,,,,,TP,,,,,,,,,,,,,,,,,,,,,,,,,,,,,,,,,,,,,,,,,,,,,,,,,,,,,,,,,,,,,,,,,
2026-09-01T17:31:10.463398,ETH_USDT,OPEN,SHORT,37.5,2446.5,2455.06275,2429.3745,,,19.742027946972968,16.291161178508645,32.71788452511376,0.00040874718985340415,1815801252.1154,1.50280698555213,3.985048792654541,HIGH_EDGE,2026-09-01 17:30:46.772,2026-09-01 17:30:42.850,2446.5,2446.71,2446.72,73746794.0,-0.008,7.5e-05,98391747.0,0.12736373443544002,2453.6206721074864,2458.078621088608,2461.1401761259704,2466.7688087517417,2466.0874643316533,2469.220449378551,-4.296912896359572,-3.2129473938912003,-1.0839655024683719,-4.733357836124014,-2.504618757895029,-2.228739078228985,-1.8219927042305244,0.680314011913239,-2.5023067161437633,3.0159414771581936,0.12528101369303177,0.22002277305771864,0.2888090858661063,2.5,40.0,SHORT,77859.7,-0.044804132764028226,-0.28214651639344634,-0.5356481304053486,-0.1341705439751655,18.282668203429637,11.808501428447329,27.79223538159259,44.40454564657155,77998.46075239973,78137.68626111712,78267.49390651622,78484.56496001415,78482.50711421134,78614.00200892237,78688.02248086227,78598.61016781228,-141.7170164350391,-118.15230410903996,-190.68244793379563,-117.02900340682217,-82.8967208374088,13.264433931304694,102.90033272228902,106.30873424209716,1.4808431176506736,3.163337266099333,3.11174339421827,0.7722355432399121,0.09875822427116614,0.18312242588729177,0.26766093370511107,0.48414923619939904
2026-09-01T17:31:10.463603,SILVER_USDT,OPEN,SHORT,35.0,65.09,65.43457142857143,64.40085714285715,,,10.204081632653754,26.27737226277398,33.62068965517243,0.015363343063436632,208165591.3389,0.7426050276658379,1.3929532853955089,HIGH_EDGE,2026-09-01 17:30:51.942,2026-09-01 17:30:42.850,65.09,65.09,65.1,312426762.0,-0.0164,0.0,163086069.0,2.0794636893988487,65.53241597626989,65.75254294424533,65.91793553065892,66.20008080045406,66.21953964936031,66.42851460114288,-0.21709124038611094,-0.17195758320277915,-0.04513365718333179,-0.24373973470436283,-0.13869027023030228,-0.10504946447406055,-0.16202196494273835,-0.0563483050422038,-0.10567365990053455,3.037585540134614,0.17228891864012236,0.44114742225051135,0.5563724952263891,1.0,36.0,SHORT,77859.7,-0.044804132764028226,-0.28214651639344634,-0.5356481304053486,-0.1341705439751655,18.282668203429637,11.808501428447329,27.79223538159259,44.40454564657155,77998.46075239973,78137.68626111712,78267.49390651622,78484.56496001415,78482.50711421134,78614.00200892237,78688.02248086227,78598.61016781228,-141.7170164350391,-118.15230410903996,-190.68244793379563,-117.02900340682217,-82.8967208374088,13.264433931304694,102.90033272228902,106.30873424209716,1.4808431176506736,3.163337266099333,3.11174339421827,0.7722355432399121,0.09875822427116614,0.18312242588729177,0.26766093370511107,0.48414923619939904
2026-09-01T17:31:10.463781,PEPE_USDT,OPEN,SHORT,37.5,3.4763e-06,3.4920799999999994e-06,3.44474e-06,,,20.508982035928113,11.255924170616211,32.67008985879342,0.002876621695474952,106028977.263,1.5569298542866825,3.128339648304673,HIGH_EDGE,2026-09-01 17:30:55.254,2026-09-01 17:30:42.909,3.4763e-06,3.4744e-06,3.4745e-06,2974811.0,-0.0198,3.5e-05,1532471.0,-13.112518724393931,3.483324819463982e-06,3.4944697497139213e-06,3.5040774395248416e-06,3.5194602610094238e-06,3.5187240604429613e-06,3.5338961653023464e-06,-1.1283180581057588e-08,-9.414342198351155e-09,-1.8688383827064326e-09,-1.3658809180266345e-08,-8.358542692525438e-09,-5.300266487740907e-09,-1.2951207801965558e-08,-6.845567690654836e-09,-6.105640111310722e-09,4.925477441638556,0.23012973563846695,0.3782757529557272,0.5525168385105668,2.5,40.0,SHORT,77859.7,-0.044804132764028226,-0.28214651639344634,-0.5356481304053486,-0.1341705439751655,18.282668203429637,11.808501428447329,27.79223538159259,44.40454564657155,77998.46075239973,78137.68626111712,78267.49390651622,78484.56496001415,78482.50711421134,78614.00200892237,78688.02248086227,78598.61016781228,-141.7170164350391,-118.15230410903996,-190.68244793379563,-117.02900340682217,-82.8967208374088,13.264433931304694,102.90033272228902,106.30873424209716,1.4808431176506736,3.163337266099333,3.11174339421827,0.7722355432399121,0.09875822427116614,0.18312242588729177,0.26766093370511107,0.48414923619939904
2026-09-01T17:31:10.463945,DOGE_USDT,OPEN,SHORT,36.5,0.08246,0.08274861000000001,0.08188278,,,24.242424242424917,14.772727272727082,37.681159420289845,0.012127091923352077,63277770.174,0.39524879720285466,1.8593160392863248,HIGH_EDGE,2026-09-01 17:30:57.735,2026-09-01 17:30:42.893,0.08246,0.08239,0.0824,7624646.0,-0.0039,6.4e-05,7937319.0,-1.4458579310421895,0.08255116473558559,0.08271406916930056,0.08287683126829662,0.0831339708365351,0.08311676721593299,0.08320363582834088,-0.00016957438179057704,-0.00014655567206991774,-2.3018709720659306e-05,-0.0002127944956421962,-0.00010963642953825718,-0.00010315806610393903,-2.3778476626767908e-05,8.620295194089044e-05,-0.00010998142856765835,1.9676405803649724,0.13339801115692332,0.2641973597588426,0.39672915006410037,1.5,38.0,SHORT,77859.7,-0.044804132764028226,-0.28214651639344634,-0.5356481304053486,-0.1341705439751655,18.282668203429637,11.808501428447329,27.79223538159259,44.40454564657155,77998.46075239973,78137.68626111712,78267.49390651622,78484.56496001415,78482.50711421134,78614.00200892237,78688.02248086227,78598.61016781228,-141.7170164350391,-118.15230410903996,-190.68244793379563,-117.02900340682217,-82.8967208374088,13.264433931304694,102.90033272228902,106.30873424209716,1.4808431176506736,3.163337266099333,3.11174339421827,0.7722355432399121,0.09875822427116614,0.18312242588729177,0.26766093370511107,0.48414923619939904
2026-09-01T17:41:03.304735,PEPE_USDT,LOSS,SHORT,37.5,3.4763e-06,3.4920799999999994e-06,3.44474e-06,3.4920799999999994e-06,-1.0,,,,,,,,SL,,,,,,,,,,,,,,,,,,,,,,,,,,,,,,,,,,,,,,,,,,,,,,,,,,,,,,,,,,,,,,,,,
2026-09-01T17:41:03.304861,DOGE_USDT,LOSS,SHORT,36.5,0.08246,0.08274861000000001,0.08188278,0.08274861000000001,-1.0,,,,,,,,SL,,,,,,,,,,,,,,,,,,,,,,,,,,,,,,,,,,,,,,,,,,,,,,,,,,,,,,,,,,,,,,,,,
2026-09-01T17:41:03.304972,PEPE_USDT,OPEN,SHORT,37.0,3.4791e-06,3.496217142857143e-06,3.444865714285714e-06,,,46.322067594433314,22.58726899383977,32.67008985879342,0.0028743065735454365,107911990.659,0.09397468634737417,5.247405868942633,HIGH_EDGE,2026-09-01 17:40:48.097,2026-09-01 17:40:35.808,3.4791e-06,3.4785e-06,3.4786e-06,3028824.0,-0.019,6.3e-05,1547694.0,0.9933630065430277,3.4826997715552867e-06,3.4868700849565076e-06,3.4967175612959164e-06,3.5132786242481437e-06,3.5187240604429613e-06,3.5338961653023464e-06,-6.116278355231856e-09,-7.827571090715106e-09,1.7112927354832493e-09,-1.5363048212106465e-08,-1.0727514699385915e-08,-4.63553351272055e-09,-1.2951207801965558e-08,-6.845567690654836e-09,-6.105640111310722e-09,4.925477441638556,0.19360507848910044,0.4099993019541161,0.5520721697319086,1.0,38.0,SHORT,77920.6,-0.03669056257150974,-0.06963779370026554,-0.5356481304053486,-0.1341705439751655,44.21320874920358,17.63785686351119,27.79223538159259,44.40454564657155,77938.20530304096,78006.2552504914,78151.30010016984,78391.17189202398,78482.50711421134,78614.00200892237,78688.02248086227,78598.61016781228,-93.16207767391461,-112.8812659172958,-219.68267729623767,-151.7589952789322,-82.8967208374088,13.264433931304694,102.90033272228902,106.30873424209716,0.6349529111787635,1.5548219421486065,3.11174339421827,0.7722355432399121,0.08743332498539348,0.19581288058429697,0.2674517393346539,0.48377084218697425
2026-09-01T17:41:03.305152,USOIL_USDT,OPEN,LONG,39.0,87.63,87.323295,88.24340999999998,,,66.98113207547141,67.28110599078352,61.003861003861196,0.022823234052276885,54894549.44231,0.45918564958132085,2.1634783830884885,HIGH_EDGE,2026-09-01 17:40:51.592,2026-09-01 17:40:35.752,87.63,87.63,87.65,63662875.0,0.0251,-0.000116,79286979.0,0.1638813776450434,87.52464678804796,87.4239678819247,87.30987465848335,87.08489683856935,86.9449545137332,86.7533353090184,0.09976681690318401,0.0770064592310139,0.022760357672170106,0.21618427687430142,0.16592885104270488,0.050255425831596534,0.17552366454046364,0.10857316434915595,0.06695050019130769,0.8803131935155928,0.12878824929492727,0.26246719160104975,0.3879949788885089,39.0,0.0,LONG,77920.6,-0.03669056257150974,-0.06963779370026554,-0.5356481304053486,-0.1341705439751655,44.21320874920358,17.63785686351119,27.79223538159259,44.40454564657155,77938.20530304096,78006.2552504914,78151.30010016984,78391.17189202398,78482.50711421134,78614.00200892237,78688.02248086227,78598.61016781228,-93.16207767391461,-112.8812659172958,-219.68267729623767,-151.7589952789322,-82.8967208374088,13.264433931304694,102.90033272228902,106.30873424209716,0.6349529111787635,1.5548219421486065,3.11174339421827,0.7722355432399121,0.08743332498539348,0.19581288058429697,0.2674517393346539,0.48377084218697425
2026-09-01T17:41:03.305329,UKOIL_USDT,OPEN,LONG,36.0,92.2,91.8773,92.8454,,,65.51724137931079,66.16161616161638,65.60000000000002,0.02169197396962692,22300428.49148,0.6070817696765465,0.48370480889072576,HIGH_EDGE,2026-09-01 17:41:03.233,2026-09-01 17:40:32.802,92.2,92.19,92.21,24566539.0,0.0196,-0.000155,50355459.0,0.4235519890412788,92.15358294474152,92.09523006634205,91.99611308830222,91.77420078028493,91.64644401241924,91.3941332440206,0.0625514052984073,0.05408540337697131,0.00846600192143599,0.22596555067408985,0.1934879865621176,0.03247756411197225,0.23066491832436498,0.14764844961703055,0.08301646870733442,1.1175505169382458,0.09916330957545716,0.2362875735977675,0.36334056399132186,36.0,0.0,LONG,77920.6,-0.03669056257150974,-0.06963779370026554,-0.5356481304053486,-0.1341705439751655,44.21320874920358,17.63785686351119,27.79223538159259,44.40454564657155,77938.20530304096,78006.2552504914,78151.30010016984,78391.17189202398,78482.50711421134,78614.00200892237,78688.02248086227,78598.61016781228,-93.16207767391461,-112.8812659172958,-219.68267729623767,-151.7589952789322,-82.8967208374088,13.264433931304694,102.90033272228902,106.30873424209716,0.6349529111787635,1.5548219421486065,3.11174339421827,0.7722355432399121,0.08743332498539348,0.19581288058429697,0.2674517393346539,0.48377084218697425
2026-09-01T17:51:17.590983,SKHYNIXSTOCK_USDT,WIN,SHORT,35.0,1218.68,1222.9453800000001,1210.14924,1210.14924,2.0,,,,,,,,TP,,,,,,,,,,,,,,,,,,,,,,,,,,,,,,,,,,,,,,,,,,,,,,,,,,,,,,,,,,,,,,,,,
2026-09-01T17:51:17.591104,ARB_USDT,OPEN,SHORT,36.5,0.10766,0.10938285714285716,0.10421428571428573,,,30.022831050228334,15.499425947187063,36.65008291873961,0.04644250417983315,73368050.56971,2.8855034712079837,1.6068916711119492,HIGH_EDGE,2026-09-01 17:50:59.264,2026-09-01 17:50:40.874,0.10766,0.10765,0.1077,677935364.0,0.232,-6.4e-05,172417334.0,-11.53651555325186,0.10832014395449566,0.10912813403190286,0.1098927510912564,0.11093978827126988,0.11096049175614575,0.11127299975905912,-0.0008746970519395714,-0.0008213547759349418,-5.3342276004629584e-05,-0.0007813751807417002,-0.00021696341343273076,-0.0005644117673089694,0.00014524227076873064,0.0006823688895728912,-0.0005371266188041605,1.8725256492597533,0.7974841432021463,1.333563334306412,1.863671346301848,1.5,38.0,SHORT,77894.9,-0.03926827546824316,-0.05427446713508172,0.09953801517344661,-0.1341705439751655,43.3193056286166,21.132281885312494,25.765765765766417,44.40454564657155,77932.19243634095,77957.77944068238,78065.76406410839,78308.53706894034,78373.44569136924,78552.47519427267,78688.02248086227,78598.61016781228,-46.31659885622503,-64.60556946629741,-233.00871042042854,-180.00040836017402,-125.16270328768587,-14.416071721172475,102.90033272228902,106.30873424209716,2.006704331338749,1.570806213655814,2.5282847177373435,0.7722355432399121,0.07088305616193835,0.1929889780057073,0.2647523412040701,0.48393045354335584
2026-09-01T18:01:48.338643,SKHYNIXSTOCK_USDT,OPEN,SHORT,36.0,1202.01,1210.4665714285713,1185.096857142857,,,33.46804748673895,30.252100840336055,20.160347419408865,0.0008319398341104405,287637250.98814,1.7433006838589997,2.828991637895634,HIGH_EDGE,2026-09-01 18:01:16.020,2026-09-01 18:01:03.895,1202.01,1201.73,1201.74,235157619.0,-0.0092,-0.000945,13077514.0,-9.161832909769647,1204.1033277527329,1207.0296994988814,1209.5315014888354,1217.3236037269035,1219.1843532859873,1226.0681308815385,-3.222470475093587,-3.074948248160556,-0.14752222693303096,-7.520299174071852,-5.766142707488519,-1.754156466583333,-5.133818230733823,-1.5658994726215199,-3.5679187581123033,2.875214869438734,0.39600336103693035,0.5862798859529355,0.6751785996551009,2.0,38.0,SHORT,77863.6,0.016056292075513384,-0.02735243809101602,-0.11047356076429647,-0.9530510100483095,35.71617685994296,13.198357367967489,19.062814914343832,31.183978139891522,77865.71380840283,77892.61552089114,77991.89300102938,78230.90750514428,78268.97655309478,78488.71422094306,78520.63798468918,78530.6552182244,-39.08778791052464,-46.486717622162615,-239.28046197128424,-201.00100440912794,-163.71427813425544,-44.26542536114879,30.14276451402111,91.06608007265123,0.6771291016996572,0.42044264208076176,1.5291796835943432,1.6724516906705893,0.06321494070583557,0.1919840776508039,0.26508810645428743,0.5218558020509135
2026-09-01T18:01:48.338890,SKR_USDT,OPEN,SHORT,35.0,0.02656,0.02748057142857143,0.024718857142857143,,,45.16129032258064,34.38113948919448,34.194528875379945,0.037650602409637024,42277786.11,4.720276365032147,1.0599988407063063,HIGH_EDGE,2026-09-01 18:01:31.660,2026-09-01 18:01:03.883,0.02656,0.02655,0.02656,15382744.0,-0.0687,-0.004965,1333940.0,2.04653041490589,0.02671907068972698,0.026723700985901103,0.026858208202115506,0.02733748765102405,0.027490977197505227,0.028107007862290173,-1.7843551538249125e-05,-1.9897514448175814e-05,2.053962909926689e-06,-0.0005037359063341865,-0.00045888553493973934,-4.485037139444713e-05,-0.0005254489857200138,-0.00030269746738902597,-0.00022275151833098787,1.3195037184699734,0.8067986230636849,2.888339070567986,3.9237306368330485,2.0,37.0,SHORT,77863.6,0.016056292075513384,-0.02735243809101602,-0.11047356076429647,-0.9530510100483095,35.71617685994296,13.198357367967489,19.062814914343832,31.183978139891522,77865.71380840283,77892.61552089114,77991.89300102938,78230.90750514428,78268.97655309478,78488.71422094306,78520.63798468918,78530.6552182244,-39.08778791052464,-46.486717622162615,-239.28046197128424,-201.00100440912794,-163.71427813425544,-44.26542536114879,30.14276451402111,91.06608007265123,0.6771291016996572,0.42044264208076176,1.5291796835943432,1.6724516906705893,0.06321494070583557,0.1919840776508039,0.26508810645428743,0.5218558020509135
2026-09-01T18:31:17.819819,ARB_USDT,LOSS,SHORT,36.5,0.10766,0.10938285714285716,0.10421428571428573,0.10938285714285716,-1.0,,,,,,,,SL,,,,,,,,,,,,,,,,,,,,,,,,,,,,,,,,,,,,,,,,,,,,,,,,,,,,,,,,,,,,,,,,,
2026-09-01T18:31:17.819987,TESLA_USDT,OPEN,SHORT,35.0,362.88,364.15008,360.33984,,,33.62831858406889,36.864406779660676,20.142180094786198,0.0027557319223960827,31941749.465,0.7033390845427789,2.447617739302936,HIGH_EDGE,2026-09-01 18:31:11.732,2026-09-01 18:30:42.990,362.88,362.91,362.92,8782601.0,-0.0074,0.0,1395495.0,4.479181952401346,362.90575190650696,363.03293723156065,363.3617781132211,364.27058235564687,364.50760095470264,365.60695719789817,-0.17752880444021457,-0.21097898837654427,0.0334501839363297,-0.9680078705912365,-0.8939541712840199,-0.07405369930721661,-0.8727411029539667,-0.38406894916945405,-0.4886721537845126,1.691008186711294,0.04645376669186219,0.16042296548249,0.23246567145376673,3.0,38.0,SHORT,77889.1,-0.026184226570564795,-0.05902346952785073,0.12868143310751626,-0.9530510100483095,68.22721598002492,32.26547249971256,14.090365221355626,31.183978139891522,77892.14592615078,77873.61215731589,77897.21971406123,78068.3634844268,78116.20499397945,78376.3743030443,78520.63798468918,78530.6552182244,13.305889918920002,5.442027410052024,-201.84576636334532,-215.55227197640778,-212.86533037628396,-102.41624514300366,30.14276451402111,91.06608007265123,1.0348380559171708,0.5888718595169671,1.0643655930339395,1.6724516906705893,0.04071723221129236,0.1700678088645096,0.2611221779243987,0.5216849524332867
2026-09-01T18:41:12.449106,XAU_USDT,WIN,SHORT,36.0,4402.24,4417.64784,4371.42432,4371.42432,2.0,,,,,,,,TP,,,,,,,,,,,,,,,,,,,,,,,,,,,,,,,,,,,,,,,,,,,,,,,,,,,,,,,,,,,,,,,,,
2026-09-01T19:11:03.586173,HYPE_USDT,OPEN,SHORT,35.0,82.872,83.162052,82.291896,,,22.318840579709686,43.94299287410913,29.1666666666669,0.001206680181490461,194183677.1887,2.013240178443664,1.6834119335657167,HIGH_EDGE,2026-09-01 19:10:46.801,2026-09-01 19:10:33.748,82.872,82.871,82.872,23308889.0,0.0088,3.4e-05,8365696.0,0.7347061253767604,82.9371782825218,83.0371650278007,83.10232547678827,83.19565611773326,83.24850066663802,83.50973316817351,-0.09768834616622257,-0.07866338431492648,-0.019024961851296096,-0.11028055140090487,-0.10425005756145359,-0.006030493839451284,-0.2553239824836737,-0.21139745582098318,-0.043926526662690535,0.7408819953087132,0.10549832443837934,0.23564740115565316,0.4696571649221505,0.0,35.0,SHORT,77821.5,-0.02954608225372377,-0.08178704041332255,-0.17356749134725571,0.03018582910196516,34.70212049815005,47.80480569563879,21.361025700528472,33.07018753447332,77867.17520503211,77886.57721821836,77884.78290401578,77974.09817956369,78050.89119614645,78300.47776818706,78391.43038775212,78471.01665650534,-15.326349322553142,-6.591873428050409,-125.39754615318088,-153.2589105927424,-221.87707569879421,-144.0460603634071,-25.345877602594555,67.75537290899894,1.3819992345863021,0.656301124537698,0.9516241206897477,1.0825178319814464,0.04288201662962976,0.12406597148602999,0.2543274398095977,0.5094075177535416
2026-09-01T19:31:22.139896,ETH_USDT,LOSS,SHORT,37.5,2446.5,2455.06275,2429.3745,2455.06275,-1.0,,,,,,,,SL,,,,,,,,,,,,,,,,,,,,,,,,,,,,,,,,,,,,,,,,,,,,,,,,,,,,,,,,,,,,,,,,,
2026-09-01T19:31:22.140034,PEPE_USDT,LOSS,SHORT,37.0,3.4791e-06,3.496217142857143e-06,3.444865714285714e-06,3.496217142857143e-06,-1.0,,,,,,,,SL,,,,,,,,,,,,,,,,,,,,,,,,,,,,,,,,,,,,,,,,,,,,,,,,,,,,,,,,,,,,,,,,,
2026-09-01T19:31:22.140116,SKR_USDT,WIN,SHORT,35.0,0.02656,0.02748057142857143,0.024718857142857143,0.024718857142857143,2.0,,,,,,,,TP,,,,,,,,,,,,,,,,,,,,,,,,,,,,,,,,,,,,,,,,,,,,,,,,,,,,,,,,,,,,,,,,,
2026-09-01T19:31:22.140174,TESLA_USDT,LOSS,SHORT,35.0,362.88,364.15008,360.33984,364.15008,-1.0,,,,,,,,SL,,,,,,,,,,,,,,,,,,,,,,,,,,,,,,,,,,,,,,,,,,,,,,,,,,,,,,,,,,,,,,,,,
2026-09-01T19:31:22.140223,HYPE_USDT,LOSS,SHORT,35.0,82.872,83.162052,82.291896,83.162052,-1.0,,,,,,,,SL,,,,,,,,,,,,,,,,,,,,,,,,,,,,,,,,,,,,,,,,,,,,,,,,,,,,,,,,,,,,,,,,,
2026-09-01T20:01:24.689243,USELESS_USDT,OPEN,LONG,38.5,0.09969,0.097764,0.10354200000000001,,,73.35701598579031,81.9776714513556,63.869863013698584,0.02006219279766501,25087605.037,1.690083820971058,1.867335204668338,HIGH_EDGE,2026-09-01 20:01:19.364,2026-09-01 20:00:52.898,0.09969,0.09969,0.09971,2794420.0,0.3322,1.8e-05,374527.0,-2.239838374557566,0.09916008450794915,0.09816056376532278,0.09648132399279366,0.09413645448216684,0.0940760141558785,0.09291077701151856,0.0011430361405970202,0.0011166017496868235,2.6434390910196667e-05,0.0020266619269413144,0.0012223497339638777,0.0008043121929774367,0.0007664841836601127,-0.00011840067886584847,0.0008848848625259612,2.9296614665687457,0.9851969677428629,1.6099909720132415,2.6274307496095055,40.0,1.5,LONG,77988.0,-0.019101853905424262,0.02308580223162755,-0.136245364584393,0.14561872548943322,31.038798498124322,56.075495242551625,29.75118546539484,35.852272727272634,77999.16788779812,78019.1316602286,77997.23448868441,77992.02877947554,78014.14935394263,78199.28521026937,78310.74431020263,78427.11016385072,-12.612892420467688,-1.754574843590588,-24.148828267949284,-56.01195525705835,-194.65840796430712,-182.08418207381388,-59.49443211029575,42.26932839962745,0.363498600903151,0.6434040152153491,0.8075805943347006,1.1450886109664493,0.040977000124559425,0.1386568629606028,0.29254500692414137,0.513036804196984
2026-09-01T20:41:06.927300,USELESS_USDT,WIN,LONG,38.5,0.09969,0.097764,0.10354200000000001,0.10354200000000001,2.0,,,,,,,,TP,,,,,,,,,,,,,,,,,,,,,,,,,,,,,,,,,,,,,,,,,,,,,,,,,,,,,,,,,,,,,,,,,
2026-09-01T21:01:27.996722,SOXL_USDT,OPEN,SHORT,36.0,106.79,107.30428571428573,105.76142857142858,,,14.795918367346573,25.449101796407106,28.64157119476269,0.009364172675348923,50068369.8633,2.6076609731955167,3.62942337542397,HIGH_EDGE,2026-09-01 21:01:10.595,2026-09-01 21:00:52.245,106.79,106.74,106.75,44792522.0,-0.0376,0.000273,12516616.0,7.137601530050977,107.2205041867355,107.5683608219043,107.7840086978113,108.14198425780444,108.2334913995692,109.48699463667272,-0.2995248253788816,-0.17335796985988441,-0.12616685551899717,-0.4243867062499618,-0.4127568980345595,-0.01162980821540227,-1.313923463802226,-1.1984669386798945,-0.1154565251223314,2.526836251910825,0.19196553984455408,0.40132168608617613,0.7337498160608966,1.0,37.0,SHORT,78056.4,0.026654501278888555,-0.08691277873850867,-0.018957054586073878,0.08770580089243753,42.27226202661058,52.343876723438285,58.611330006128995,35.287770996999,78069.09608923885,78072.34435175311,78050.40161703166,78021.75650913057,78019.03653537526,78141.18056298385,78259.87544816364,78393.41504708776,5.864477274415549,18.4614307920218,14.609760537583497,-3.641882925735497,-151.23675561057462,-173.85248919320637,-80.11912836630654,17.755336346798824,0.8421965014513161,1.3457152404210309,1.1044115242637094,0.9920675417588732,0.038717425568469604,0.1203342345132088,0.24027498065501332,0.51081196233932
2026-09-01T21:01:27.996952,NVIDIA_USDT,OPEN,SHORT,37.0,217.57,218.33149500000002,216.04701,,,17.073170731707705,30.58823529411795,33.93393393393423,0.009192443811178843,49207211.7538,0.08793047651372236,10.451672104404567,HIGH_EDGE,2026-09-01 21:01:12.413,2026-09-01 21:00:52.238,217.57,217.55,217.57,22396884.0,-0.0096,0.0,9371392.0,0.10226646149284252,217.7212226508945,217.91554689232646,218.03055103505196,218.16507577063314,218.18621643987157,218.69344607262636,-0.16842722847653135,-0.10055402096258309,-0.06787320751394826,-0.15368811522318993,-0.13809915495953481,-0.01558896026365511,-0.5503084515231933,-0.5277327205548404,-0.02257573096835286,4.606708599306523,0.05088674252621433,0.09684896158215146,0.18286397152968809,1.0,38.0,SHORT,78056.4,0.026654501278888555,-0.08691277873850867,-0.018957054586073878,0.08770580089243753,42.27226202661058,52.343876723438285,58.611330006128995,35.287770996999,78069.09608923885,78072.34435175311,78050.40161703166,78021.75650913057,78019.03653537526,78141.18056298385,78259.87544816364,78393.41504708776,5.864477274415549,18.4614307920218,14.609760537583497,-3.641882925735497,-151.23675561057462,-173.85248919320637,-80.11912836630654,17.755336346798824,0.8421965014513161,1.3457152404210309,1.1044115242637094,0.9920675417588732,0.038717425568469604,0.1203342345132088,0.24027498065501332,0.51081196233932
2026-09-01T21:21:11.945334,USOIL_USDT,LOSS,LONG,39.0,87.63,87.323295,88.24340999999998,87.323295,-1.0,,,,,,,,SL,,,,,,,,,,,,,,,,,,,,,,,,,,,,,,,,,,,,,,,,,,,,,,,,,,,,,,,,,,,,,,,,,
2026-09-01T22:11:18.402436,SOXL_USDT,WIN,SHORT,36.0,106.79,107.30428571428573,105.76142857142858,105.76142857142858,2.0,,,,,,,,TP,,,,,,,,,,,,,,,,,,,,,,,,,,,,,,,,,,,,,,,,,,,,,,,,,,,,,,,,,,,,,,,,,
2026-09-01T22:21:14.986098,SILVER_USDT,WIN,SHORT,35.0,65.09,65.43457142857143,64.40085714285715,64.40085714285715,2.0,,,,,,,,TP,,,,,,,,,,,,,,,,,,,,,,,,,,,,,,,,,,,,,,,,,,,,,,,,,,,,,,,,,,,,,,,,,
2026-09-01T22:31:15.829694,TESLA_USDT,OPEN,SHORT,38.0,360.6,361.86210000000005,358.0758,,,36.438923395445386,25.428571428571047,26.011560693641783,0.011092623405425297,33764266.8483,8.871235276799755,6.491267416484808,HIGH_EDGE,2026-09-01 22:31:12.504,2026-09-01 22:30:44.836,360.6,360.72,360.76,9262216.0,-0.0137,0.0,1214881.0,0.3506421418163676,360.9940549767232,361.28978012179334,361.76100179096557,362.3330543385923,362.4664331511266,363.4761886656448,-0.29189155819460666,-0.22713944044379453,-0.06475211775081213,-0.5979522176812111,-0.5276711990422792,-0.07028101863893188,-1.0205898217146796,-0.8493220593939438,-0.17126776232073582,5.233957056728941,0.16876634181126882,0.1535139846287944,0.23413358687901215,0.0,38.0,SHORT,77852.2,0.006037445004652801,0.16416938781285623,0.08986620349358938,-0.12324421828318638,59.24773755656088,45.674960296453236,48.818066694807456,38.84064425146569,77801.65849821112,77802.70099506296,77824.16740270334,77883.18335956479,77925.5276959285,78038.295837137,78199.94035853204,78354.03560404599,-10.417219244933221,-22.48282755145504,-58.10148082283558,-45.68346821448355,-136.47988116576744,-146.15818657337007,-103.07006740078214,-6.479789216373561,0.631426959086863,0.8025984723551881,0.8622925882424971,1.5636216701387078,0.07338080546031023,0.2109308223971637,0.28411895507494445,0.5107113222233933
2026-09-01T22:41:13.048040,SKHYNIXSTOCK_USDT,LOSS,SHORT,36.0,1202.01,1210.4665714285713,1185.096857142857,1210.4665714285713,-1.0,,,,,,,,SL,,,,,,,,,,,,,,,,,,,,,,,,,,,,,,,,,,,,,,,,,,,,,,,,,,,,,,,,,,,,,,,,,
2026-09-01T22:41:13.048163,NVIDIA_USDT,WIN,SHORT,37.0,217.57,218.33149500000002,216.04701,216.04701,2.0,,,,,,,,TP,,,,,,,,,,,,,,,,,,,,,,,,,,,,,,,,,,,,,,,,,,,,,,,,,,,,,,,,,,,,,,,,,
2026-09-01T22:41:13.048242,TESLA_USDT,WIN,SHORT,38.0,360.6,361.86210000000005,358.0758,358.0758,2.0,,,,,,,,TP,,,,,,,,,,,,,,,,,,,,,,,,,,,,,,,,,,,,,,,,,,,,,,,,,,,,,,,,,,,,,,,,,
2026-09-01T23:01:36.752128,ZEC_USDT,OPEN,LONG,35.0,853.68,847.6097142857143,865.8205714285714,,,50.5315822388992,56.568457538994934,62.246642246642374,0.033970574454137065,192762879.1931,1.022268620674201,0.5973584021302426,HIGH_EDGE,2026-09-01 23:01:13.696,2026-09-01 23:00:55.734,853.68,853.55,853.84,22674655.0,0.0137,5.5e-05,9732214.0,0.09752402925432892,852.6572485096568,851.3862844012979,849.8383560214878,849.3888311871923,849.6788724936235,849.3027164804929,1.4759238147653377,1.5664543118871468,-0.09053049712180905,0.21323399171353685,-0.3388988855006667,0.5521328772142036,0.07209678040703693,-0.33316721215655437,0.4052639925635913,1.8121934731836336,0.2997945031259607,0.5925606115372797,0.9408008353749133,36.0,1.0,LONG,78039.0,0.06513805934744347,0.0430739410348589,0.19927122199995,0.10107721632320456,62.48736097067776,52.751955142393555,53.39885339885314,40.756165574186035,77997.81577616985,77941.30348861018,77911.20782601427,77897.43207575442,77941.54572539525,78025.59551014806,78167.75228682563,78325.39683280366,60.9115889970999,59.70309589672378,-6.209135732147843,-37.20172041181022,-114.04749974144215,-137.43059010860236,-113.5921159270074,-27.96301111952397,0.5799250925571167,0.48752708788672633,1.6637143217056027,2.401676793721394,0.11231563705326744,0.27294045285049784,0.31992245635423805,0.5615415735355771
2026-09-01T23:01:36.752322,PEPE_USDT,OPEN,LONG,39.0,3.5316e-06,3.5105828571428575e-06,3.573634285714286e-06,,,79.87012987012932,61.33200795228625,65.70363466915204,0.005663155510250736,106113167.178,0.05764187105513445,5.274154591457088,HIGH_EDGE,2026-09-01 23:01:17.437,2026-09-01 23:00:55.778,3.5316e-06,3.5325e-06,3.5327e-06,2993700.0,-0.0042,0.0001,1608309.0,3.3299517693460694,3.523639342507607e-06,3.515041633614668e-06,3.5084724571885126e-06,3.5033237677519847e-06,3.504418227421011e-06,3.5032534771524817e-06,8.205409942323956e-09,6.274621641421529e-09,1.930788300902427e-09,4.132933713878544e-09,1.57518665645268e-09,2.557747057425864e-09,-2.2222781864665552e-09,-6.550604023421598e-09,4.328325836955043e-09,6.4179972802777305,0.2526171868679502,0.4959306182547768,0.623553872789346,40.0,1.0,LONG,78039.0,0.06513805934744347,0.0430739410348589,0.19927122199995,0.10107721632320456,62.48736097067776,52.751955142393555,53.39885339885314,40.756165574186035,77997.81577616985,77941.30348861018,77911.20782601427,77897.43207575442,77941.54572539525,78025.59551014806,78167.75228682563,78325.39683280366,60.9115889970999,59.70309589672378,-6.209135732147843,-37.20172041181022,-114.04749974144215,-137.43059010860236,-113.5921159270074,-27.96301111952397,0.5799250925571167,0.48752708788672633,1.6637143217056027,2.401676793721394,0.11231563705326744,0.27294045285049784,0.31992245635423805,0.5615415735355771
2026-09-01T23:01:36.752472,SUI_USDT,OPEN,LONG,37.0,0.7305,0.7265142857142858,0.7384714285714287,,,70.58823529411758,60.32608695652159,64.52991452991444,0.013689253935659,41079560.7863,4.525983146067416,0.26994182836338587,HIGH_EDGE,2026-09-01 23:01:27.776,2026-09-01 23:00:55.747,0.7305,0.7307,0.7308,56546888.0,0.0141,8.3e-05,74391928.0,1.7261936587347635,0.7296697624745507,0.7285780439376573,0.7277527475079102,0.7270317008517427,0.7273463270263552,0.726849459685623,0.0011420595772229092,0.0010327331483667138,0.00010932642885619543,0.0004815013014833891,-5.591081002258164e-05,0.0005374121115059707,0.0002418509187379625,-0.00015064586918724483,0.00039249678792520733,0.9518260931831618,0.18676053583651342,0.45467879143443807,0.5827710961181206,37.0,0.0,LONG,78039.0,0.06513805934744347,0.0430739410348589,0.19927122199995,0.10107721632320456,62.48736097067776,52.751955142393555,53.39885339885314,40.756165574186035,77997.81577616985,77941.30348861018,77911.20782601427,77897.43207575442,77941.54572539525,78025.59551014806,78167.75228682563,78325.39683280366,60.9115889970999,59.70309589672378,-6.209135732147843,-37.20172041181022,-114.04749974144215,-137.43059010860236,-113.5921159270074,-27.96301111952397,0.5799250925571167,0.48752708788672633,1.6637143217056027,2.401676793721394,0.11231563705326744,0.27294045285049784,0.31992245635423805,0.5615415735355771
2026-09-01T23:31:19.776696,ARB_USDT,OPEN,SHORT,39.0,0.10916,0.11071485714285714,0.1060502857142857,,,29.73621103117526,44.892086330935236,39.16256157635472,0.009160864785632213,99300578.30792,2.914570233843511,2.72362949642028,HIGH_EDGE,2026-09-01 23:30:59.831,2026-09-01 23:30:44.763,0.10916,0.10907,0.10908,909972115.0,0.2492,5e-06,222158797.0,0.9462622821836089,0.10998796335634912,0.11024906861023856,0.11008859084988974,0.11038677185038905,0.11028483157337912,0.11074048103014818,-0.00020175793395198205,-7.322855522437941e-05,-0.00012852937872760264,-0.0003166544939579574,-0.00027663245143270406,-4.0022042525253356e-05,-0.00029488867867606683,-2.237355565907753e-05,-0.0002725151230169893,1.0638228731399244,0.620321415484479,1.186986337224521,2.1416793173847046,0.0,39.0,SHORT,78214.1,-0.004986064588706153,-0.05175414608214724,-0.02466977020043659,0.10107721632320456,41.16346317400915,64.25080385852127,61.74789566663247,40.756165574186035,78241.64694834533,78218.16214254749,78139.16544994227,78037.35866384914,78042.75326425383,78059.91066186115,78167.75228682563,78325.39683280366,35.37101606390206,43.8151674964599,81.01640813426638,36.93627401743504,-60.00907322310377,-113.30402707041146,-113.5921159270074,-27.96301111952397,0.3379018955893733,0.7145251662595414,1.0102286044915871,2.401676793721394,0.09431072621724787,0.28106002808773844,0.34445743889437175,0.5602844353785685
2026-09-01T23:41:14.833760,ARB_USDT,LOSS,SHORT,39.0,0.10916,0.11071485714285714,0.1060502857142857,0.11071485714285714,-1.0,,,,,,,,SL,,,,,,,,,,,,,,,,,,,,,,,,,,,,,,,,,,,,,,,,,,,,,,,,,,,,,,,,,,,,,,,,,
2026-09-01T23:51:14.808326,LINK_USDT,OPEN,LONG,36.0,11.471,11.42522857142857,11.562542857142857,,,58.66666666666607,77.73109243697456,61.46179401993369,0.008717635777172399,33865724.434,0.2190795726978223,1.8232238269103116,HIGH_EDGE,2026-09-01 23:51:11.380,2026-09-01 23:50:34.989,11.471,11.465,11.466,29733456.0,0.0081,0.0001,20559636.0,0.7143842820468091,11.468276624425302,11.460829644837593,11.449004444597954,11.430434393269438,11.425677442118094,11.415907971326114,0.007904917821786484,0.00685256338779958,0.0010523544339869038,0.015842093036804172,0.009039149801224389,0.006802943235579784,0.007882750650397341,0.0031281906052860564,0.004754560045111284,0.7779612061522206,0.09527130527915366,0.3325155360723341,0.6127252574815996,36.0,0.0,LONG,78275.2,-0.07072587213682613,-0.11471943505464643,0.19305981913747008,0.10107721632320456,48.23372583870151,74.24242424242378,69.30803571428658,40.756165574186035,78314.63441162609,78294.11961741478,78240.05432829604,78124.09035934409,78107.22261140322,78087.6563683895,78167.75228682563,78325.39683280366,26.98369248837116,30.337528926988007,105.78921277227346,75.24212236185149,-28.93203002055816,-96.42006495077085,-113.5921159270074,-27.96301111952397,1.4522025253962791,0.8204795714576304,0.8861790980088591,2.401676793721394,0.07584047784519884,0.25125637311872623,0.34866909132321106,0.5598470889520933
2026-09-02T00:11:17.610066,ZEC_USDT,LOSS,LONG,35.0,853.68,847.6097142857143,865.8205714285714,847.6097142857143,-1.0,,,,,,,,SL,,,,,,,,,,,,,,,,,,,,,,,,,,,,,,,,,,,,,,,,,,,,,,,,,,,,,,,,,,,,,,,,,
2026-09-02T00:11:17.610192,PEPE_USDT,LOSS,LONG,39.0,3.5316e-06,3.5105828571428575e-06,3.573634285714286e-06,3.5105828571428575e-06,-1.0,,,,,,,,SL,,,,,,,,,,,,,,,,,,,,,,,,,,,,,,,,,,,,,,,,,,,,,,,,,,,,,,,,,,,,,,,,,
2026-09-02T00:11:17.610277,SUI_USDT,LOSS,LONG,37.0,0.7305,0.7265142857142858,0.7384714285714287,0.7265142857142858,-1.0,,,,,,,,SL,,,,,,,,,,,,,,,,,,,,,,,,,,,,,,,,,,,,,,,,,,,,,,,,,,,,,,,,,,,,,,,,,
2026-09-02T00:11:17.610336,LINK_USDT,LOSS,LONG,36.0,11.471,11.42522857142857,11.562542857142857,11.42522857142857,-1.0,,,,,,,,SL,,,,,,,,,,,,,,,,,,,,,,,,,,,,,,,,,,,,,,,,,,,,,,,,,,,,,,,,,,,,,,,,,
2026-09-02T00:11:17.610441,ARB_USDT,OPEN,SHORT,39.0,0.1081,0.10955285714285715,0.10519428571428571,,,34.10596026490052,44.978783592644945,32.17623497997327,0.009250693802031567,101583990.56992,2.27863434504921,1.3096672528846791,HIGH_EDGE,2026-09-02 00:10:56.638,2026-09-02 00:10:38.734,0.1081,0.1081,0.10811,930034509.0,0.2371,4e-05,163684022.0,4.727314350075909,0.10942472065421342,0.10961784953168963,0.10967651568624047,0.11000401122352399,0.11012989220696331,0.11058825101819718,-0.0001807481790553206,-0.0001244908075646283,-5.625737149069228e-05,-0.00034576761624714736,-0.0002988856764813253,-4.6881939765822046e-05,-0.00034040974497183407,-0.00013189560109896909,-0.00020851414387286499,0.5751904753400732,0.3759746266684297,1.1199947138892563,2.009382846570637,0.0,39.0,SHORT,77750.1,-0.020960209036278342,-0.08211889891278457,-0.29171148891535365,0.12493753123438281,11.367537669274355,39.46619995624602,56.60685154975558,41.397098334228815,77837.46242824524,77974.38046236453,78061.55585286974,78073.93185599067,78113.07808912265,78092.0964592971,78161.50182945965,78308.22521346083,-132.44644967728527,-105.3907007006817,16.018283618497662,63.81976269622866,-22.47642804775387,-81.60586652811016,-112.75894632116251,-44.96768024501909,0.5062392358281226,0.9947629880261993,1.0373280460588215,1.7711612985826921,0.0963894028983345,0.22697260655797363,0.3650431685250906,0.5663382702126065
2026-09-02T00:31:24.414748,ARB_USDT,LOSS,SHORT,39.0,0.1081,0.10955285714285715,0.10519428571428571,0.10955285714285715,-1.0,,,,,,,,SL,,,,,,,,,,,,,,,,,,,,,,,,,,,,,,,,,,,,,,,,,,,,,,,,,,,,,,,,,,,,,,,,,
2026-09-02T00:31:24.414866,NVIDIA_USDT,OPEN,LONG,37.0,219.14,218.37301,220.67397999999997,,,86.39999999999738,62.58064516129013,61.63636363636347,0.004563292872132384,24604187.8359,8.658222505344364,2.1932133959466533,HIGH_EDGE,2026-09-02 00:31:24.349,2026-09-02 00:30:52.117,219.14,219.13,219.14,11225229.0,-0.0025,0.0,9881751.0,5.414766674610488,218.74830405855923,218.55767347561903,218.3821414770157,218.04634353716116,218.0377725492189,218.0150800944219,0.17333606632615783,0.11312763643400903,0.06020842989214881,0.3113296072659466,0.23278783029135894,0.07854177697458767,-0.16120978892234916,-0.41106571609138864,0.24985592716903948,1.2188267101252404,0.0664936961368473,0.18546526030326518,0.3474621572641075,38.0,1.0,LONG,77832.2,0.027759713972121108,0.029173815536659525,0.06222375353221902,0.12493753123438281,61.57688191223513,33.46272519159929,42.85441101478835,41.397098334228815,77795.98503659273,77815.24119909109,77911.1559973371,77988.3708309111,78004.21797703873,78042.98551465009,78161.50182945965,78308.22521346083,-38.608351955452235,-57.85450981351239,-48.73271837711218,5.288811291689569,-58.79590070422273,-71.19251094698318,-112.75894632116251,-44.96768024501909,0.5709399837920917,0.4441967923661546,0.7724405925820568,1.7711612985826921,0.05567838797530472,0.17947951765832013,0.38128728946924856,0.565740877719725
2026-09-02T01:11:12.103714,HYPE_USDT,OPEN,SHORT,35.5,82.869,83.16025714285713,82.28648571428572,,,25.78034682081008,19.442556084295845,44.39626417611745,0.0024134477307501466,194090464.2816,1.7543994058221763,1.851274436072625,HIGH_EDGE,2026-09-02 01:10:49.498,2026-09-02 01:10:33.892,82.869,82.867,82.869,23145019.0,-0.0046,5e-05,8710534.0,2.183327940980839,83.09121818683758,83.18855440526482,83.24792396619372,83.41450110895873,83.4834366110754,83.53009052546976,-0.08718258690696246,-0.054824756674971754,-0.0323578302319907,-0.1473795777409208,-0.09659358660761327,-0.050785991133307534,-0.03603440730931595,-0.0031864679034147546,-0.032847939405901194,0.5780406952559224,0.1340325436187586,0.29288912103957626,0.6385293139085271,1.5,37.0,SHORT,77766.5,-0.06900521972443799,-0.14227509171479097,-0.1270897348428387,-0.3317271697606075,26.8740210337876,30.3484172509028,47.72063120981878,41.13187399893209,77839.1283570862,77875.75517527277,77889.52989168988,77940.53461025373,77974.3835053056,78022.41745427765,78104.66146356695,78269.0506589631,-29.25984817960125,-13.55868649874499,-45.664898063230794,-31.380161803657998,-63.199389575223904,-67.31989834473528,-131.5059172744659,-62.32374616244968,0.7810786724106842,0.9214871907483081,0.7198108955905952,1.5305492531012985,0.06638003326808892,0.17109827863815655,0.38194007518845097,0.5678537673676977
2026-09-02T01:21:07.586235,ETH_USDT,OPEN,SHORT,35.0,2431.8,2440.3113000000003,2414.7774,,,21.540362438221052,45.8038994066123,41.117764471057995,0.00041121802780731464,1677535028.6901,2.5779234044690047,1.340002845048424,HIGH_EDGE,2026-09-02 01:20:40.347,2026-09-02 01:20:34.688,2431.8,2431.79,2431.8,68164148.0,-0.0065,1.4e-05,102556222.0,0.4835695179387709,2435.4588574487743,2439.0613498031453,2440.3538397095754,2442.87966608561,2443.7437551729017,2447.3968780166624,-3.390598151085669,-2.553267472942737,-0.8373306781429322,-2.1199642212836807,-0.9768590293822474,-1.1431051919014332,-4.09010296551287,-3.87866670323805,-0.2114362622748196,0.8413747314102625,0.10812096859469027,0.20372916005780717,0.4650582167236508,1.0,36.0,SHORT,77569.7,0.01985705499243005,-0.07870587447251068,-0.3165235569286557,-0.3317271697606075,19.688409518916288,38.00212822559138,42.074616098114056,41.13187399893209,77653.02837987934,77740.34814073295,77784.16713068173,77881.2260144597,77905.66680424559,77986.8134570061,78104.66146356695,78269.0506589631,-81.63307226306642,-59.235988477403595,-82.92795498488704,-46.97744689650932,-86.8459755602671,-71.21113266980356,-131.5059172744659,-62.32374616244968,1.558223890799477,1.5697510019634355,1.013097709273752,1.5305492531012985,0.0789612438877538,0.1598562325237805,0.38990739940982005,0.5692944538911465
2026-09-02T01:21:07.586490,ARB_USDT,OPEN,SHORT,35.0,0.10808,0.10929457142857142,0.10565085714285713,,,30.650154798761662,44.701348747591574,46.49190439475714,0.018504811250918067,104982145.27163,0.5331589107665468,1.036220919075048,HIGH_EDGE,2026-09-02 01:20:50.244,2026-09-02 01:20:34.687,0.10808,0.10806,0.10808,960985365.0,-0.0137,0.0001,171340839.0,1.9213902261767575,0.10863616145415757,0.10889068763556783,0.10906375216385726,0.10936448196618656,0.10961929907837786,0.11013479218240799,-0.00023777746606747086,-0.00017436019948325533,-6.341726658421552e-05,-0.0003265849525124348,-0.00028959776547981213,-3.698718703262267e-05,-0.0004618014888500832,-0.00032863159494663093,-0.00013316989390345227,0.8672052278326924,0.3919054668499537,0.9364756265200394,1.8802210003172275,0.0,35.0,SHORT,77569.7,0.01985705499243005,-0.07870587447251068,-0.3165235569286557,-0.3317271697606075,19.688409518916288,38.00212822559138,42.074616098114056,41.13187399893209,77653.02837987934,77740.34814073295,77784.16713068173,77881.2260144597,77905.66680424559,77986.8134570061,78104.66146356695,78269.0506589631,-81.63307226306642,-59.235988477403595,-82.92795498488704,-46.97744689650932,-86.8459755602671,-71.21113266980356,-131.5059172744659,-62.32374616244968,1.558223890799477,1.5697510019634355,1.013097709273752,1.5305492531012985,0.0789612438877538,0.1598562325237805,0.38990739940982005,0.5692944538911465
2026-09-02T01:21:07.586686,UNI_USDT,OPEN,SHORT,35.0,5.672,5.707142857142857,5.6017142857142845,,,29.91452991452951,44.55958549222781,38.25,0.01763046544427796,43232368.2536,7.228671168613967,0.9628572237341734,HIGH_EDGE,2026-09-02 01:20:57.267,2026-09-02 01:20:34.714,5.672,5.674,5.675,77257548.0,-0.0085,0.0001,45724932.0,1.1946183548565588,5.686876259769138,5.696312150448725,5.699844684487002,5.714311172155925,5.721084058267145,5.726164586974268,-0.009901141985010575,-0.008875195866071354,-0.0010259461189392211,-0.013013295291067983,-0.007825012929407096,-0.005188282361660888,0.006334506680328644,0.018725433473577524,-0.01239092679324888,0.2442792422133048,0.2443078782994134,0.5163207737255728,1.1333870642756392,0.0,35.0,SHORT,77569.7,0.01985705499243005,-0.07870587447251068,-0.3165235569286557,-0.3317271697606075,19.688409518916288,38.00212822559138,42.074616098114056,41.13187399893209,77653.02837987934,77740.34814073295,77784.16713068173,77881.2260144597,77905.66680424559,77986.8134570061,78104.66146356695,78269.0506589631,-81.63307226306642,-59.235988477403595,-82.92795498488704,-46.97744689650932,-86.8459755602671,-71.21113266980356,-131.5059172744659,-62.32374616244968,1.558223890799477,1.5697510019634355,1.013097709273752,1.5305492531012985,0.0789612438877538,0.1598562325237805,0.38990739940982005,0.5692944538911465
2026-09-02T01:21:07.586848,0G_USDT,OPEN,SHORT,38.0,0.2025,0.20467714285714286,0.19814571428571431,,,37.113402061855645,46.30872483221479,38.267148014440394,0.04938271604939098,26607265.5547,0.08377989466475919,0.6747394389998574,HIGH_EDGE,2026-09-02 01:21:04.709,2026-09-02 01:20:34.702,0.2025,0.2024,0.2025,114880010.0,-0.0034,-0.000285,11508107.0,7.643808564917835,0.20254177134974463,0.2030457898927525,0.2030566318862015,0.20454760968008132,0.2049768087290696,0.20976233451312198,-0.0004976412556151055,-0.00039779404424848187,-9.984721136662366e-05,-0.0016994157945325883,-0.0016473809733812594,-5.2034821151328856e-05,-0.0055003746658245645,-0.005481569140564538,-1.8805525260026656e-05,2.4067507786404914,0.4832451499118171,0.8959435626102293,1.802469135802466,1.5,39.5,SHORT,77569.7,0.01985705499243005,-0.07870587447251068,-0.3165235569286557,-0.3317271697606075,19.688409518916288,38.00212822559138,42.074616098114056,41.13187399893209,77653.02837987934,77740.34814073295,77784.16713068173,77881.2260144597,77905.66680424559,77986.8134570061,78104.66146356695,78269.0506589631,-81.63307226306642,-59.235988477403595,-82.92795498488704,-46.97744689650932,-86.8459755602671,-71.21113266980356,-131.5059172744659,-62.32374616244968,1.558223890799477,1.5697510019634355,1.013097709273752,1.5305492531012985,0.0789612438877538,0.1598562325237805,0.38990739940982005,0.5692944538911465
2026-09-02T01:31:22.176002,HYPE_USDT,WIN,SHORT,35.5,82.869,83.16025714285713,82.28648571428572,82.28648571428572,2.0,,,,,,,,TP,,,,,,,,,,,,,,,,,,,,,,,,,,,,,,,,,,,,,,,,,,,,,,,,,,,,,,,,,,,,,,,,,
2026-09-02T01:31:22.176142,ZEC_USDT,OPEN,SHORT,35.0,840.14,846.4168571428571,827.5862857142857,,,27.864583333333385,44.115292233787095,44.40877474585341,0.0011902778108399677,194550580.5285,0.5919196123316586,1.3393464395306618,HIGH_EDGE,2026-09-02 01:30:59.913,2026-09-02 01:30:44.762,840.14,840.19,840.2,22825135.0,-0.0155,5.8e-05,9589579.0,-1.193621093357581,841.2970221358199,844.1922733236772,846.5604345548758,849.742137367484,849.614071242192,850.4007420858438,-3.166519823809267,-3.071490955658037,-0.09502886815123013,-2.3670870427919226,-0.6651373937710928,-1.70194964902083,-0.31523253503553406,0.6207381100389512,-0.9359706450744852,1.8936934518886561,0.3642250101173588,0.6226003149135,1.0497400093181741,1.5,36.5,SHORT,77587.6,-0.0694216366247357,0.14288129752224427,-0.05564801599364825,-0.3317271697606075,42.98511995141259,39.423913043478905,40.504587155963314,41.13187399893209,77580.14447960671,77626.76605187403,77695.69096363621,77821.11907052578,77842.053443397,77950.5191692732,78104.66146356695,78269.0506589631,-63.4100075863098,-79.09582590835662,-110.5442547302082,-68.83720511015129,-107.8223610707646,-78.51316496203629,-131.5059172744659,-62.32374616244968,0.6821977829434916,1.0204022240393182,1.285741476676968,1.5305492531012985,0.08887649941116926,0.1671290625968932,0.40082804100507774,0.569163113693426
2026-09-02T01:31:22.176296,TESLA_USDT,OPEN,SHORT,36.0,356.96,358.20936,354.46128,,,18.367346938775867,33.586337760911306,38.04878048780499,0.0028014343343925785,37824220.4646,1.8381358398822059,0.7037699546715735,HIGH_EDGE,2026-09-02 01:31:14.261,2026-09-02 01:30:44.841,356.96,356.96,356.97,10436240.0,-0.0064,7e-06,1247848.0,1.313583438407559,357.28206747502367,357.798127051129,358.3253452317023,358.80225870986067,358.86651120032127,360.20190681566896,-0.5238041947094416,-0.4477496540296486,-0.076054540679793,-0.4599198118665413,-0.30096542290466183,-0.15895438896187947,-1.5014064002809278,-1.4783674597655367,-0.023038940515391015,0.7566908993405057,0.08804507908049217,0.2003025549081162,0.6303227252353227,1.0,37.0,SHORT,77587.6,-0.0694216366247357,0.14288129752224427,-0.05564801599364825,-0.3317271697606075,42.98511995141259,39.423913043478905,40.504587155963314,41.13187399893209,77580.14447960671,77626.76605187403,77695.69096363621,77821.11907052578,77842.053443397,77950.5191692732,78104.66146356695,78269.0506589631,-63.4100075863098,-79.09582590835662,-110.5442547302082,-68.83720511015129,-107.8223610707646,-78.51316496203629,-131.5059172744659,-62.32374616244968,0.6821977829434916,1.0204022240393182,1.285741476676968,1.5305492531012985,0.08887649941116926,0.1671290625968932,0.40082804100507774,0.569163113693426
2026-09-02T01:41:11.518698,ARB_USDT,LOSS,SHORT,35.0,0.10808,0.10929457142857142,0.10565085714285713,0.10929457142857142,-1.0,,,,,,,,SL,,,,,,,,,,,,,,,,,,,,,,,,,,,,,,,,,,,,,,,,,,,,,,,,,,,,,,,,,,,,,,,,,
2026-09-02T01:41:11.518815,TESLA_USDT,LOSS,SHORT,36.0,356.96,358.20936,354.46128,358.20936,-1.0,,,,,,,,SL,,,,,,,,,,,,,,,,,,,,,,,,,,,,,,,,,,,,,,,,,,,,,,,,,,,,,,,,,,,,,,,,,
2026-09-02T02:01:41.140635,UNI_USDT,LOSS,SHORT,35.0,5.672,5.707142857142857,5.6017142857142845,5.707142857142857,-1.0,,,,,,,,SL,,,,,,,,,,,,,,,,,,,,,,,,,,,,,,,,,,,,,,,,,,,,,,,,,,,,,,,,,,,,,,,,,
2026-09-02T02:01:41.140802,TESLA_USDT,OPEN,SHORT,35.0,356.99,358.23946500000005,354.49107,,,48.29268292682935,35.74074074074102,38.891997761611755,0.005602397826264548,37758172.9497,0.7433406153066274,0.5996950952035142,HIGH_EDGE,2026-09-02 02:01:32.177,2026-09-02 02:00:56.948,356.99,357.05,357.07,10427495.0,-0.0064,3.6e-05,1261531.0,4.5485585664726855,357.32207525785543,357.42575677344115,357.7145922604223,358.247862231906,358.3005671682055,359.6973311691811,-0.1243627138395027,-0.12140409152609676,-0.002958622313405948,-0.5577092885818047,-0.47309073979754335,-0.08461854878426134,-1.556427961950419,-1.5041145022064024,-0.05231345974401669,0.6877325620796066,0.06462766063875261,0.19028144045651632,0.6280688134521584,0.0,35.0,SHORT,77560.0,-0.016371739026741484,-0.05541022898599281,0.19713877484582332,-0.40743579964893867,64.65836418714306,30.90643748986578,42.86272594040061,36.035305188694586,77562.8307430968,77546.95013278208,77577.5356279716,77692.86556644764,77716.09820377314,77870.1257139014,77995.7291708538,78204.59052492773,9.31062170882069,1.3150291646455672,-121.68696795038704,-113.00042007690008,-146.8257247721922,-101.55213140530236,-170.00400589093624,-83.89727765468481,0.2729300675517975,0.7358792258678402,0.8090262494620446,1.8365969011556413,0.05088226626390896,0.19610624033006918,0.3807006557135479,0.6047576070139244
2026-09-02T02:21:08.384683,ARB_USDT,OPEN,SHORT,39.0,0.10805,0.10928,0.10558999999999999,,,45.023696682464674,42.689295039164506,36.11111111111105,0.009254974548816403,107439682.37135,1.980758734802598,0.544985836494893,HIGH_EDGE,2026-09-02 02:20:52.586,2026-09-02 02:20:38.724,0.10805,0.10806,0.10807,982958584.0,-0.014,0.0001,183625407.0,1.3118700839817126,0.10806161976334458,0.10815892600508493,0.10830917450721714,0.10866584412771531,0.10899273690250538,0.10963588640238878,-0.0001076245281914634,-0.00010034406366579074,-7.280464525672659e-06,-0.00039374468453644285,-0.00036740976818605797,-2.6334916350384877e-05,-0.0006107469038415803,-0.00047692139683990723,-0.00013382550700167303,0.36095872177141197,0.283598862960269,0.9486348912540511,1.9177629404376304,0.0,39.0,SHORT,77520.0,0.03213106377047604,0.041296716911005574,-0.09283135636926251,-0.40743579964893867,45.593869731801476,38.5124429117348,40.51930631407476,36.035305188694586,77487.31085912907,77505.25623536459,77541.13715321774,77637.14324265509,77670.47856301814,77835.38450378514,77995.7291708538,78204.59052492773,-18.664146254159277,-16.65731307417377,-109.94105917481647,-113.39249026622537,-158.28157035926415,-112.8745930174755,-170.00400589093624,-83.89727765468481,0.8017037046995577,0.8960024861051942,0.5989288023461216,1.8365969011556413,0.05638176323161057,0.18160290431962473,0.3466478696741847,0.6050696594427242
2026-09-02T02:31:19.833166,USOIL_USDT,OPEN,LONG,36.5,89.56,89.24654000000001,90.18691999999999,,,57.14285714285686,59.42857142857131,68.39080459770122,0.022331397945506946,63052896.09466,1.7792591582856538,2.080720551060554,HIGH_EDGE,2026-09-02 02:31:07.228,2026-09-02 02:30:48.893,89.56,89.54,89.56,72045530.0,0.0153,-0.000164,88951564.0,-0.22332756205444668,89.50862759342364,89.47671659612767,89.39592673540687,89.11416858671498,89.01540920873374,88.48589052094425,0.033404368310399946,0.028884363787504027,0.004520004522895919,0.335373819306767,0.36062471685656194,-0.025250897549794926,0.5020168908925626,0.3598660364530017,0.14215085443956094,1.504968839078052,0.09889619090154662,0.28472532380527193,0.5168123524532662,38.0,1.5,LONG,77482.5,-0.0033554838285113145,-0.06719580677530523,-0.007097873219079084,-0.40743579964893867,51.13447703375783,45.37547730165496,35.640191980182564,36.035305188694586,77491.26153751777,77501.88232118657,77528.36377805963,77614.60869742288,77632.88285041439,77803.30237839899,77995.7291708538,78204.59052492773,-11.292935653953464,-9.76779216905467,-102.42052696467726,-109.67567101807953,-165.8910027275706,-123.45689405783779,-170.00400589093624,-83.89727765468481,0.8384245581975268,0.7730638826059485,0.6641262213929641,1.8365969011556413,0.07200704306502444,0.16288470668492178,0.33427824716180204,0.6053625012099504
2026-09-02T03:01:21.592026,0G_USDT,WIN,SHORT,38.0,0.2025,0.20467714285714286,0.19814571428571431,0.19814571428571431,2.0,,,,,,,,TP,,,,,,,,,,,,,,,,,,,,,,,,,,,,,,,,,,,,,,,,,,,,,,,,,,,,,,,,,,,,,,,,,
2026-09-02T03:01:21.592136,DOGE_USDT,OPEN,SHORT,35.0,0.08204,0.08232714000000001,0.08146572,,,43.209876543209745,43.795620437956,37.14285714285728,0.012189176011696883,69403762.574,3.1050564555719196,1.8082564004699133,HIGH_EDGE,2026-09-02 03:01:08.206,2026-09-02 03:00:52.956,0.08204,0.08203,0.08204,8374132.0,-0.0075,7.7e-05,8397286.0,0.7073862280353962,0.08205406966768546,0.08215220136829632,0.08220709182280639,0.08225493536041015,0.08223667263108461,0.08240011848482304,-9.07561809467411e-05,-6.733080179942123e-05,-2.3425379147319863e-05,-5.606454522641413e-05,-5.284190876932956e-05,-3.2226364570845693e-06,-0.00016701165898801162,-0.0001409643619570495,-2.6047297030962126e-05,0.4364223323123948,0.11405586125235125,0.22637041164588748,0.48147245246221176,3.0,38.0,SHORT,77239.8,-0.03507323316969009,-0.12258419905191584,-0.31567644583940935,-0.41284167096441093,28.84939195509962,30.405238448233646,25.277848261862204,27.68643292201861,77311.32204910477,77379.69146522487,77428.49261023509,77530.23364980747,77530.50902426409,77725.7166438205,77844.54333668393,78116.88676836377,-66.76650924795831,-53.34100732084799,-109.25237465579994,-97.78672335855543,-190.45252392208204,-144.23536765726425,-223.78332607937045,-111.92061896768517,2.299742229697932,1.1659433288125578,0.9675590661972848,1.15162163040801,0.07753219750143428,0.1452803939345865,0.3216513470294549,0.6063398847300407
2026-09-02T03:01:21.592256,LINK_USDT,OPEN,SHORT,37.0,11.312,11.351592,11.232816,,,36.89320388349548,35.121951219512084,33.57487922705343,0.008840169731269644,34827057.2501,0.658095045945599,1.5853759394609794,HIGH_EDGE,2026-09-02 03:01:17.157,2026-09-02 03:00:52.953,11.312,11.312,11.313,30538081.0,-0.0098,0.0001,18925056.0,-0.7426785813561474,11.3143220214353,11.3333270199489,11.347245729996724,11.360938382985825,11.35878753608931,11.379921708754123,-0.018681745556413887,-0.015466213783232565,-0.0032155317731813217,-0.01336027591524136,-0.009764807531694564,-0.003595468383546796,-0.01796322920281135,-0.010042524581509447,-0.007920704621301901,0.5914432292479574,0.10481915538492424,0.24373610830470643,0.5026267932915737,1.0,38.0,SHORT,77239.8,-0.03507323316969009,-0.12258419905191584,-0.31567644583940935,-0.41284167096441093,28.84939195509962,30.405238448233646,25.277848261862204,27.68643292201861,77311.32204910477,77379.69146522487,77428.49261023509,77530.23364980747,77530.50902426409,77725.7166438205,77844.54333668393,78116.88676836377,-66.76650924795831,-53.34100732084799,-109.25237465579994,-97.78672335855543,-190.45252392208204,-144.23536765726425,-223.78332607937045,-111.92061896768517,2.299742229697932,1.1659433288125578,0.9675590661972848,1.15162163040801,0.07753219750143428,0.1452803939345865,0.3216513470294549,0.6063398847300407
2026-09-02T03:01:21.592346,TAO_USDT,OPEN,SHORT,37.0,222.52,223.42942857142856,220.70114285714286,,,40.31180400890865,37.14285714285735,28.733031674208178,0.013481934208161574,34147569.5161,0.8442378482951339,5.807861664634157,HIGH_EDGE,2026-09-02 03:01:18.054,2026-09-02 03:00:52.940,222.52,222.5,222.53,15054753.0,-0.014,5e-05,34449256.0,-0.44533252786232647,222.59427110778222,223.1781678342297,223.62783969816937,224.02393487772625,223.9675529065066,224.79079935236558,-0.5491492812753336,-0.4103672656918026,-0.13878201558353098,-0.3986350355189927,-0.30997900056738525,-0.08865603495160745,-0.8466340551764233,-0.7000597104997864,-0.14657434467663688,2.3741207144732437,0.2137849567294101,0.34057933797283113,0.6044400503325539,1.0,38.0,SHORT,77239.8,-0.03507323316969009,-0.12258419905191584,-0.31567644583940935,-0.41284167096441093,28.84939195509962,30.405238448233646,25.277848261862204,27.68643292201861,77311.32204910477,77379.69146522487,77428.49261023509,77530.23364980747,77530.50902426409,77725.7166438205,77844.54333668393,78116.88676836377,-66.76650924795831,-53.34100732084799,-109.25237465579994,-97.78672335855543,-190.45252392208204,-144.23536765726425,-223.78332607937045,-111.92061896768517,2.299742229697932,1.1659433288125578,0.9675590661972848,1.15162163040801,0.07753219750143428,0.1452803939345865,0.3216513470294549,0.6063398847300407
2026-09-02T03:11:17.700642,ETH_USDT,WIN,SHORT,35.0,2431.8,2440.3113000000003,2414.7774,2414.7774,2.0,,,,,,,,TP,,,,,,,,,,,,,,,,,,,,,,,,,,,,,,,,,,,,,,,,,,,,,,,,,,,,,,,,,,,,,,,,,
2026-09-02T03:11:17.700735,ZEC_USDT,WIN,SHORT,35.0,840.14,846.4168571428571,827.5862857142857,827.5862857142857,2.0,,,,,,,,TP,,,,,,,,,,,,,,,,,,,,,,,,,,,,,,,,,,,,,,,,,,,,,,,,,,,,,,,,,,,,,,,,,
2026-09-02T03:11:17.700798,TAO_USDT,WIN,SHORT,37.0,222.52,223.42942857142856,220.70114285714286,220.70114285714286,2.0,,,,,,,,TP,,,,,,,,,,,,,,,,,,,,,,,,,,,,,,,,,,,,,,,,,,,,,,,,,,,,,,,,,,,,,,,,,
2026-09-02T03:11:17.700854,SOL_USDT,OPEN,SHORT,35.0,100.34,100.69119,99.63762,,,42.857142857143074,33.53658536585377,31.220657276995325,0.009966115208282743,1291612186.491,1.4441117660768017,1.612351066241184,HIGH_EDGE,2026-09-02 03:10:48.603,2026-09-02 03:10:40.968,100.34,100.34,100.35,125763055.0,-0.0159,-8.9e-05,36958658.0,0.12156434571974524,100.45212915111408,100.55899831216847,100.65509739611787,100.90023360074717,101.02742656193873,101.44079428618565,-0.11548740883556263,-0.10729685135192989,-0.008190557483632746,-0.25979649167271646,-0.22915976535483432,-0.03063672631788214,-0.41454344718256664,-0.3327577364743932,-0.08178571070817342,0.7317490353804427,0.12742390159173142,0.27335630285600615,0.5374583558757375,0.0,35.0,SHORT,77122.9,-0.03525594911738499,-0.12833130455052422,-0.31567644583940935,-0.41284167096441093,30.440048445700498,23.89824435686154,25.277848261862204,27.68643292201861,77197.4334440104,77266.73158010255,77334.3352705499,77467.72722890184,77530.50902426409,77725.7166438205,77844.54333668393,78116.88676836377,-74.71301741396019,-69.3050068974299,-134.78991733357543,-108.7031125056396,-190.45252392208204,-144.23536765726425,-223.78332607937045,-111.92061896768517,1.6358674537822293,1.3156781368617332,0.9675590661972848,1.15162163040801,0.08416066156373728,0.15644788105367233,0.32213889408056096,0.6072589519918391
2026-09-02T03:11:17.700981,XRP_USDT,OPEN,SHORT,41.0,1.3577,1.36245195,1.3481961,,,36.363636363636104,34.38735177865574,37.010676156583635,0.007365397363186934,342602313.1064,2.388757107849591,1.634140172593827,HIGH_EDGE,2026-09-02 03:10:53.277,2026-09-02 03:10:40.968,1.3577,1.3577,1.3578,248774296.0,-0.0144,1.8e-05,127316215.0,-0.9173719392892761,1.3601345177928996,1.3621796439998541,1.3634267343300068,1.3658693876693255,1.3671489381492827,1.3699268720034234,-0.0020614834103749313,-0.001717195385486068,-0.0003442880248888634,-0.002310569555777686,-0.0015900449811258506,-0.0007205245746518356,-0.0026169437659318007,-0.0018623931496026967,-0.000754550616329104,0.79639906762165,0.1362598512189746,0.27988509980113385,0.5539831016740494,0.0,41.0,SHORT,77122.9,-0.03525594911738499,-0.12833130455052422,-0.31567644583940935,-0.41284167096441093,30.440048445700498,23.89824435686154,25.277848261862204,27.68643292201861,77197.4334440104,77266.73158010255,77334.3352705499,77467.72722890184,77530.50902426409,77725.7166438205,77844.54333668393,78116.88676836377,-74.71301741396019,-69.3050068974299,-134.78991733357543,-108.7031125056396,-190.45252392208204,-144.23536765726425,-223.78332607937045,-111.92061896768517,1.6358674537822293,1.3156781368617332,0.9675590661972848,1.15162163040801,0.08416066156373728,0.15644788105367233,0.32213889408056096,0.6072589519918391
2026-09-02T03:11:17.701128,SUI_USDT,OPEN,SHORT,36.0,0.7246,0.7280199999999999,0.7177600000000001,,,45.90163934426225,45.73991031390131,42.10526315789473,0.013800717637315621,42146357.3636,1.9965028047974944,1.145716883043856,HIGH_EDGE,2026-09-02 03:11:08.102,2026-09-02 03:10:40.979,0.7246,0.7245,0.7246,57874723.0,-0.0094,0.0001,75903490.0,-0.1685377475522293,0.7258124659830951,0.7270879090489342,0.7277670491873538,0.7281991123369314,0.7281616267706037,0.7281961014221293,-0.0012784023333048955,-0.0010945675011924698,-0.00018383483211242575,-0.0002559949955285301,0.000130935090443223,-0.0003869300859717531,7.563006413902063e-05,0.00023394061500132797,-0.00015831055086230734,1.4215363756690613,0.19222428137691802,0.3933204526635367,0.710736958321831,0.0,36.0,SHORT,77122.9,-0.03525594911738499,-0.12833130455052422,-0.31567644583940935,-0.41284167096441093,30.440048445700498,23.89824435686154,25.277848261862204,27.68643292201861,77197.4334440104,77266.73158010255,77334.3352705499,77467.72722890184,77530.50902426409,77725.7166438205,77844.54333668393,78116.88676836377,-74.71301741396019,-69.3050068974299,-134.78991733357543,-108.7031125056396,-190.45252392208204,-144.23536765726425,-223.78332607937045,-111.92061896768517,1.6358674537822293,1.3156781368617332,0.9675590661972848,1.15162163040801,0.08416066156373728,0.15644788105367233,0.32213889408056096,0.6072589519918391
2026-09-02T03:21:14.143085,LINK_USDT,WIN,SHORT,37.0,11.312,11.351592,11.232816,11.232816,2.0,,,,,,,,TP,,,,,,,,,,,,,,,,,,,,,,,,,,,,,,,,,,,,,,,,,,,,,,,,,,,,,,,,,,,,,,,,,
2026-09-02T03:21:14.143209,SOL_USDT,WIN,SHORT,35.0,100.34,100.69119,99.63762,99.63762,2.0,,,,,,,,TP,,,,,,,,,,,,,,,,,,,,,,,,,,,,,,,,,,,,,,,,,,,,,,,,,,,,,,,,,,,,,,,,,
2026-09-02T03:31:26.839151,ARB_USDT,WIN,SHORT,39.0,0.10805,0.10928,0.10558999999999999,0.10558999999999999,2.0,,,,,,,,TP,,,,,,,,,,,,,,,,,,,,,,,,,,,,,,,,,,,,,,,,,,,,,,,,,,,,,,,,,,,,,,,,,
2026-09-02T03:31:26.839274,USOIL_USDT,WIN,LONG,36.5,89.56,89.24654000000001,90.18691999999999,90.18691999999999,2.0,,,,,,,,TP,,,,,,,,,,,,,,,,,,,,,,,,,,,,,,,,,,,,,,,,,,,,,,,,,,,,,,,,,,,,,,,,,
2026-09-02T03:31:26.839348,DOGE_USDT,WIN,SHORT,35.0,0.08204,0.08232714000000001,0.08146572,0.08146572,2.0,,,,,,,,TP,,,,,,,,,,,,,,,,,,,,,,,,,,,,,,,,,,,,,,,,,,,,,,,,,,,,,,,,,,,,,,,,,
2026-09-02T03:31:26.839404,XRP_USDT,WIN,SHORT,41.0,1.3577,1.36245195,1.3481961,1.3481961,2.0,,,,,,,,TP,,,,,,,,,,,,,,,,,,,,,,,,,,,,,,,,,,,,,,,,,,,,,,,,,,,,,,,,,,,,,,,,,
2026-09-02T03:31:26.839468,SUI_USDT,WIN,SHORT,36.0,0.7246,0.7280199999999999,0.7177600000000001,0.7177600000000001,2.0,,,,,,,,TP,,,,,,,,,,,,,,,,,,,,,,,,,,,,,,,,,,,,,,,,,,,,,,,,,,,,,,,,,,,,,,,,,
2026-09-02T03:31:26.839550,PEPE_USDT,OPEN,SHORT,41.0,3.4698e-06,3.485768571428571e-06,3.437862857142857e-06,,,45.92346089850269,42.79835390946481,35.69536423841046,0.011528041962061404,89763971.359,2.2622084753798566,3.7787737431019237,HIGH_EDGE,2026-09-02 03:31:08.813,2026-09-02 03:30:45.713,3.4698e-06,3.4694e-06,3.4698e-06,2540571.0,-0.0123,0.0001,1514484.0,0.06997373507111354,3.4693870895807057e-06,3.473062367856083e-06,3.4795100576844275e-06,3.484720867897672e-06,3.485116507968733e-06,3.4927730154095335e-06,-3.9661453381556634e-09,-3.5632104776786953e-09,-4.0293486047696817e-10,-5.132015225147231e-09,-3.856444575980288e-09,-1.2755706491669429e-09,-7.383790818167323e-09,-5.37565362153936e-09,-2.008137196627963e-09,0.9121745369299055,0.20338759747371066,0.383513253131099,0.6721260179672807,0.0,41.0,SHORT,77018.0,0.2903834885083664,-0.0870466536334594,-0.22554121470980296,-0.41284167096441093,40.66158453580226,25.69713400464866,19.148231919236196,27.68643292201861,77001.48954606408,77073.59631969611,77181.126766817,77345.53545196222,77373.86177552726,77617.27711394956,77844.54333668393,78116.88676836377,-77.19301109782828,-68.4081145010271,-166.52544900719658,-136.87193355221405,-233.74762801972975,-172.37707248375867,-223.78332607937045,-111.92061896768517,2.6082917204045692,3.97707337741542,1.7485412699196536,1.15162163040801,0.10260124720380792,0.1913931066207128,0.34317580676873066,0.6080860503852529
2026-09-02T03:31:26.839724,DOGE_USDT,OPEN,SHORT,39.0,0.08154,0.08183571428571429,0.08094857142857143,,,37.36263736263722,29.585798816567788,27.48091603053456,0.012263919548683005,72688763.557,1.6105462519936204,6.1195341854078995,HIGH_EDGE,2026-09-02 03:31:10.854,2026-09-02 03:30:45.709,0.08154,0.08144,0.08145,8776797.0,-0.0135,8.2e-05,8834302.0,4.7844555190128535,0.0814869614216906,0.08160676921271427,0.0817989777987979,0.0820023552526821,0.0820290704838919,0.08227315315157646,-0.00013270814165448896,-0.00012540975945449313,-7.298382199995838e-06,-0.00018759331683997071,-0.00012512068614293644,-6.247263069703428e-05,-0.00023175847526808735,-0.0001673439598168838,-6.441451545120355e-05,1.5522651150312055,0.14716703458425442,0.3022180174498075,0.5255965520866175,0.0,39.0,SHORT,77018.0,0.2903834885083664,-0.0870466536334594,-0.22554121470980296,-0.41284167096441093,40.66158453580226,25.69713400464866,19.148231919236196,27.68643292201861,77001.48954606408,77073.59631969611,77181.126766817,77345.53545196222,77373.86177552726,77617.27711394956,77844.54333668393,78116.88676836377,-77.19301109782828,-68.4081145010271,-166.52544900719658,-136.87193355221405,-233.74762801972975,-172.37707248375867,-223.78332607937045,-111.92061896768517,2.6082917204045692,3.97707337741542,1.7485412699196536,1.15162163040801,0.10260124720380792,0.1913931066207128,0.34317580676873066,0.6080860503852529
2026-09-02T03:31:26.839883,SUI_USDT,OPEN,SHORT,39.0,0.7212,0.7250485714285714,0.7135028571428571,,,35.39823008849538,39.14728682170535,36.4611260053619,0.027731558513600804,42984196.8277,1.1136067572254793,3.098093456264381,HIGH_EDGE,2026-09-02 03:31:17.289,2026-09-02 03:30:45.687,0.7212,0.7211,0.7213,59036568.0,-0.014,0.0001,74861955.0,-0.4893586476689517,0.7214608491208457,0.723006960156219,0.7249797833471455,0.7266295271580585,0.7263434411331559,0.7273372231826063,-0.001608104172055369,-0.0013815976721428585,-0.0002265064999125105,-0.0013073045666018857,-0.0005003542398596111,-0.0008069503267422746,-0.0006620210587721109,-5.766346347376193e-06,-0.0006562547124247348,1.1559367613760358,0.1951113223991798,0.4446953490214716,0.7309246493938649,0.0,39.0,SHORT,77018.0,0.2903834885083664,-0.0870466536334594,-0.22554121470980296,-0.41284167096441093,40.66158453580226,25.69713400464866,19.148231919236196,27.68643292201861,77001.48954606408,77073.59631969611,77181.126766817,77345.53545196222,77373.86177552726,77617.27711394956,77844.54333668393,78116.88676836377,-77.19301109782828,-68.4081145010271,-166.52544900719658,-136.87193355221405,-233.74762801972975,-172.37707248375867,-223.78332607937045,-111.92061896768517,2.6082917204045692,3.97707337741542,1.7485412699196536,1.15162163040801,0.10260124720380792,0.1913931066207128,0.34317580676873066,0.6080860503852529
2026-09-02T03:41:15.354698,TESLA_USDT,WIN,SHORT,35.0,356.99,358.23946500000005,354.49107,354.49107,2.0,,,,,,,,TP,,,,,,,,,,,,,,,,,,,,,,,,,,,,,,,,,,,,,,,,,,,,,,,,,,,,,,,,,,,,,,,,,
2026-09-02T03:41:15.354809,PEPE_USDT,WIN,SHORT,41.0,3.4698e-06,3.485768571428571e-06,3.437862857142857e-06,3.437862857142857e-06,2.0,,,,,,,,TP,,,,,,,,,,,,,,,,,,,,,,,,,,,,,,,,,,,,,,,,,,,,,,,,,,,,,,,,,,,,,,,,,
2026-09-02T03:41:15.354866,DOGE_USDT,WIN,SHORT,39.0,0.08154,0.08183571428571429,0.08094857142857143,0.08094857142857143,2.0,,,,,,,,TP,,,,,,,,,,,,,,,,,,,,,,,,,,,,,,,,,,,,,,,,,,,,,,,,,,,,,,,,,,,,,,,,,
2026-09-02T03:41:15.354902,SUI_USDT,WIN,SHORT,39.0,0.7212,0.7250485714285714,0.7135028571428571,0.7135028571428571,2.0,,,,,,,,TP,,,,,,,,,,,,,,,,,,,,,,,,,,,,,,,,,,,,,,,,,,,,,,,,,,,,,,,,,,,,,,,,,
2026-09-02T03:41:15.354950,SKHYNIXSTOCK_USDT,OPEN,SHORT,35.0,1185.84,1189.99044,1177.53912,,,32.349726775956356,28.89370932754852,34.26735677315747,0.0008432840855419708,393710639.7701,1.940552534277415,3.4455197504791206,HIGH_EDGE,2026-09-02 03:40:49.822,2026-09-02 03:40:37.744,1185.84,1185.67,1185.68,324597241.0,-0.0235,-0.000393,12310871.0,1.6939812574153497,1187.8287044614037,1188.4207121198115,1189.3470390667428,1192.9238830320703,1194.8259972481715,1198.805105790544,-0.6905396560421195,-0.6410086147925691,-0.049531041249550434,-3.6935772735660066,-3.2527997975372673,-0.4407774760287393,-3.8431540421306636,-2.6096670620027935,-1.23348698012787,0.7263500194832241,0.083003247848418,0.2314814814814805,0.5601213365329969,2.0,37.0,SHORT,76662.0,-0.046416054739660456,-0.31752966600871857,-0.22554121470980296,-0.41284167096441093,29.216867469878906,18.969820739733066,19.148231919236196,27.68643292201861,76803.41949639184,76916.75857232265,77033.31313076244,77247.08606119135,77373.86177552726,77617.27711394956,77844.54333668393,78116.88676836377,-113.18354886163434,-89.52183176231016,-208.06129627778137,-158.01083463206677,-233.74762801972975,-172.37707248375867,-223.78332607937045,-111.92061896768517,2.3603130101612733,2.6850932834451764,1.7485412699196536,1.15162163040801,0.14477278741190078,0.22765050294986386,0.3447694331704638,0.6109098566248129
2026-09-02T04:01:41.070060,UKOIL_USDT,WIN,LONG,36.0,92.2,91.8773,92.8454,92.8454,2.0,,,,,,,,TP,,,,,,,,,,,,,,,,,,,,,,,,,,,,,,,,,,,,,,,,,,,,,,,,,,,,,,,,,,,,,,,,,
2026-09-02T04:11:15.305520,SKHYNIXSTOCK_USDT,LOSS,SHORT,35.0,1185.84,1189.99044,1177.53912,1189.99044,-1.0,,,,,,,,SL,,,,,,,,,,,,,,,,,,,,,,,,,,,,,,,,,,,,,,,,,,,,,,,,,,,,,,,,,,,,,,,,,
2026-09-02T06:21:16.952883,DOGE_USDT,OPEN,SHORT,39.0,0.08136,0.08164476000000001,0.08079048,,,27.619047619047024,37.019230769230695,36.455696202531705,0.012291052114056199,74470960.926,0.9349204970023459,4.026157146234765,HIGH_EDGE,2026-09-02 06:20:59.110,2026-09-02 06:20:39.815,0.08136,0.08136,0.08137,9018360.0,-0.0157,7.1e-05,8513829.0,-0.6584978012345943,0.0811962344648637,0.08137148123508946,0.08155082280374057,0.08169178241421833,0.08174896094324509,0.08192798904248134,-0.00017351011306462882,-0.00014202293211213298,-3.1487180952495845e-05,-0.00011578877087753403,-4.927603697759603e-05,-6.6512733899938e-05,-0.0002044434099348763,-0.00020188034483416883,-2.563065100707481e-06,1.5540755149369934,0.13959123472397514,0.2844500632111233,0.6163084702907674,1.0,40.0,SHORT,76998.9,0.06731897628369146,-0.1052153606642525,-0.43273267454627656,0.16989352217867792,26.67297979797847,36.16261660716284,41.27545736969294,25.593707457267953,77041.74595525899,77144.23276425555,77224.91717559207,77261.77969850917,77276.43779122355,77375.99369464883,77576.13258838422,77909.32300778387,-98.76844529857044,-77.22760339392262,-20.672632827991038,14.7641870678683,-140.27178409365297,-173.70191739529406,-298.9067143650027,-199.3218365310333,1.4191518558782121,2.474479567456051,1.1099886841397195,0.6515911414298862,0.08082675763642527,0.14985371776183157,0.3823060181008149,0.6383115306099916
2026-09-02T07:31:15.581429,XRP_USDT,OPEN,SHORT,35.0,1.3415,1.34619525,1.3321094999999998,,,20.338983050847048,47.36842105263145,37.94266441821239,0.007454342154304062,368395890.408,2.4362579022964264,0.7206300412628195,HIGH_EDGE,2026-09-02 07:30:55.256,2026-09-02 07:30:42.976,1.3415,1.3414,1.3415,269057807.0,-0.0262,4.5e-05,131911362.0,0.16750604210900974,1.3443810056462884,1.346147398759067,1.3468054596388381,1.348135030225679,1.34809937759807,1.3531686541364571,-0.0015488556902247819,-0.0009799069525295188,-0.0005689487376952631,-0.0015521418329946801,-0.0014714683316494096,-8.067350134527049e-05,-0.00560675926353893,-0.005373504366471825,-0.0002332548970671042,0.6692457346290334,0.10382833714924578,0.27474575368723636,0.5926202012672404,1.0,36.0,SHORT,77037.0,-0.07821285570312178,-0.17674483695158458,-0.29624970394442335,-0.3030420461151015,33.53468027494331,52.00336523293741,46.84979455181848,24.40325953703011,77113.93209689391,77152.80256157773,77168.94423170717,77194.12109036614,77188.68790342729,77290.28942337607,77496.98607070757,77843.06077704598,-32.6384712360159,-18.30815218826377,-25.93060064940073,-21.566669894317336,-131.75400747724052,-146.8730738799723,-317.06161537216394,-222.8708237252606,1.3163231621144136,0.48175338961807795,0.6123591035757915,1.2758853230724698,0.053898034154274924,0.14662713093337285,0.27080679228348775,0.6663217489184228
2026-09-02T07:31:15.581638,PEPE_USDT,OPEN,SHORT,35.0,3.4496e-06,3.462585714285714e-06,3.4236285714285713e-06,,,30.76923076923154,45.0142450142452,32.2377622377621,0.0028988868274646127,87056681.162,1.0300873503720478,0.35256271548304263,HIGH_EDGE,2026-09-02 07:31:00.420,2026-09-02 07:30:43.026,3.4496e-06,3.449e-06,3.4491e-06,2482998.0,-0.0181,0.0001,1618687.0,1.275732858160905,3.4545998576689148e-06,3.4577503243155638e-06,3.4606591850911003e-06,3.46624522351402e-06,3.4666873106559018e-06,3.4765128147217705e-06,-3.1523452717074782e-09,-2.6402081509590664e-09,-5.121371207484118e-10,-5.969190869030254e-09,-5.421043867340679e-09,-5.48147001689575e-10,-9.544438382494373e-09,-7.1405613489925064e-09,-2.403877033501867e-09,0.27244424446535137,0.11181420620196006,0.31370096739994646,0.6213970978001605,0.0,35.0,SHORT,77037.0,-0.07821285570312178,-0.17674483695158458,-0.29624970394442335,-0.3030420461151015,33.53468027494331,52.00336523293741,46.84979455181848,24.40325953703011,77113.93209689391,77152.80256157773,77168.94423170717,77194.12109036614,77188.68790342729,77290.28942337607,77496.98607070757,77843.06077704598,-32.6384712360159,-18.30815218826377,-25.93060064940073,-21.566669894317336,-131.75400747724052,-146.8730738799723,-317.06161537216394,-222.8708237252606,1.3163231621144136,0.48175338961807795,0.6123591035757915,1.2758853230724698,0.053898034154274924,0.14662713093337285,0.27080679228348775,0.6663217489184228
2026-09-02T07:51:19.802478,XRP_USDT,LOSS,SHORT,35.0,1.3415,1.34619525,1.3321094999999998,1.34619525,-1.0,,,,,,,,SL,,,,,,,,,,,,,,,,,,,,,,,,,,,,,,,,,,,,,,,,,,,,,,,,,,,,,,,,,,,,,,,,,
2026-09-02T07:51:19.802558,PEPE_USDT,LOSS,SHORT,35.0,3.4496e-06,3.462585714285714e-06,3.4236285714285713e-06,3.462585714285714e-06,-1.0,,,,,,,,SL,,,,,,,,,,,,,,,,,,,,,,,,,,,,,,,,,,,,,,,,,,,,,,,,,,,,,,,,,,,,,,,,,
2026-09-02T08:31:18.365940,AAVE_USDT,OPEN,LONG,38.0,127.39,126.916,128.33800000000002,,,63.63636363636363,64.22535211267578,62.65060240963841,0.015699819452073178,32522804.2846,1.5824440832900426,0.25327309710843643,HIGH_EDGE,2026-09-02 08:31:16.434,2026-09-02 08:30:47.852,127.39,127.4,127.42,25877875.0,0.0019,7.9e-05,17090476.0,-1.558318937094465,127.09946801513064,127.02374923976906,126.86722705930774,126.5472334110427,126.4791564049294,126.2437387819574,0.0797945761904657,0.060326083501424,0.019468492689041703,0.306581762783253,0.23493676440544844,0.07164499837780455,0.14894911854294435,-0.016507774740383344,0.1654568932833277,0.4235697800400567,0.11943076940329525,0.3100714341785086,0.5691184551377686,38.0,0.0,LONG,77360.0,0.02611850560771697,0.09704341075240992,0.17481385561670443,0.0765738451731344,64.59427904261506,59.55487336914789,52.70203272186429,35.32206969376962,77302.51288345561,77278.06962039493,77259.82267300534,77226.25084536131,77228.33296524518,77275.8585071665,77445.4888565664,77788.19490721541,23.258693162424606,16.000348423355085,22.09489433548879,1.0634242785134713,-85.68892648399924,-122.34673299335564,-322.95226814721536,-242.88099131759037,1.6541304524998823,0.748829344575158,0.36598038716093867,0.7370369007276231,0.044975254838233655,0.1260248928940727,0.2558354262077119,0.6167731570394439
2026-09-02T08:41:12.208767,DOGE_USDT,LOSS,SHORT,39.0,0.08136,0.08164476000000001,0.08079048,0.08164476000000001,-1.0,,,,,,,,SL,,,,,,,,,,,,,,,,,,,,,,,,,,,,,,,,,,,,,,,,,,,,,,,,,,,,,,,,,,,,,,,,,
2026-09-02T09:21:18.673483,SKHYNIXSTOCK_USDT,OPEN,LONG,36.0,1200.37,1195.0205714285714,1211.068857142857,,,60.12829169480084,69.73684210526295,64.48559670781901,0.004998458808548431,446016545.65071,1.1465040112162668,2.7648474461970105,HIGH_EDGE,2026-09-02 09:20:48.098,2026-09-02 09:20:34.849,1200.37,1199.57,1199.63,369347996.0,-0.0115,0.0,11734880.0,-2.153838251928552,1200.623690860425,1197.9876549527878,1195.39572857426,1192.2153353193671,1191.4722008514836,1191.2870109814994,2.7972675412540866,2.5728425986859023,0.22442494256818435,2.5929966406579297,1.2550072375428336,1.337989403115096,-0.9061815797042527,-2.3476643864367004,1.4414828067324477,4.496480099244915,0.2810442970560296,0.37137358838167944,0.3902963252996975,37.0,1.0,LONG,77364.1,-0.09065749932523066,0.0015511310977376,-0.04793281653747522,0.20779523430369176,42.98153953326584,60.54013503375932,50.223895126224754,39.31273644388382,77383.28357219792,77389.50751047739,77384.53795554208,77341.89358004792,77317.99847820654,77311.17528059424,77436.39108525278,77752.90543995424,-9.071132533092168,-13.226650306852834,48.450676848733565,51.77431239769067,-34.174911425754544,-83.72432768756718,-311.07097608724143,-256.49768678025544,1.2446785624766863,0.8287123347581944,0.6135692943192317,0.6071889052997962,0.04064269750808953,0.115742129932172,0.2665041943596208,0.631374426713608
2026-09-02T09:21:18.673679,HYPE_USDT,OPEN,LONG,36.0,83.17,82.878905,83.75219,,,65.88235294117558,75.24143985952612,55.427335016227865,0.0012023566189789286,170283066.7734,1.0694456641589338,2.6984922997282257,HIGH_EDGE,2026-09-02 09:20:54.474,2026-09-02 09:20:34.855,83.17,83.172,83.173,20512242.0,-0.001,5e-05,8488319.0,-0.25635316008500453,83.04271560983202,82.96546476136396,82.87973360638259,82.70233565765785,82.61922292488475,82.48574739083264,0.08050226213093481,0.06928316191552358,0.011219100215411226,0.17081229966719036,0.12979477623596763,0.041017523431222724,0.06660711704118683,-0.03530065855547707,0.10190777559666389,0.3597070253515331,0.06424019649942254,0.1818993799275171,0.4595578762946791,36.0,0.0,LONG,77364.1,-0.09065749932523066,0.0015511310977376,-0.04793281653747522,0.20779523430369176,42.98153953326584,60.54013503375932,50.223895126224754,39.31273644388382,77383.28357219792,77389.50751047739,77384.53795554208,77341.89358004792,77317.99847820654,77311.17528059424,77436.39108525278,77752.90543995424,-9.071132533092168,-13.226650306852834,48.450676848733565,51.77431239769067,-34.174911425754544,-83.72432768756718,-311.07097608724143,-256.49768678025544,1.2446785624766863,0.8287123347581944,0.6135692943192317,0.6071889052997962,0.04064269750808953,0.115742129932172,0.2665041943596208,0.631374426713608
2026-09-02T09:31:24.897842,HYPE_USDT,LOSS,LONG,36.0,83.17,82.878905,83.75219,82.878905,-1.0,,,,,,,,SL,,,,,,,,,,,,,,,,,,,,,,,,,,,,,,,,,,,,,,,,,,,,,,,,,,,,,,,,,,,,,,,,,
2026-09-02T09:51:20.127494,AAVE_USDT,LOSS,LONG,38.0,127.39,126.916,128.33800000000002,126.916,-1.0,,,,,,,,SL,,,,,,,,,,,,,,,,,,,,,,,,,,,,,,,,,,,,,,,,,,,,,,,,,,,,,,,,,,,,,,,,,
2026-09-02T10:11:07.318128,XAU_USDT,OPEN,SHORT,38.0,4318.87,4333.986045000001,4288.6379099999995,,,37.52455795677853,35.28888888888801,32.648148148147214,0.000694626140628112,884176229.57014,0.5812881779759308,3.1090720380850647,HIGH_EDGE,2026-09-02 10:10:44.126,2026-09-02 10:10:37.814,4318.87,4318.87,4318.9,202020781.0,-0.0134,0.000342,85599639.0,7.390747738709531,4317.552378243829,4321.925333574304,4325.231297973158,4330.445903478162,4333.8564324121635,4337.78687023619,-4.43096087354661,-3.759945363392362,-0.6710155101542479,-4.441697715345072,-2.3693778844758704,-2.0723198308692012,-4.920181515688455,-5.063660232532174,0.1434787168437186,2.093142854781777,0.1259423347840003,0.2114805823877856,0.19404877400140036,2.0,40.0,SHORT,77192.5,0.08933711600598802,0.025915967475460815,-0.02655440414507772,-0.2848837209302325,52.966610617343306,25.0300842358604,50.68515105377057,32.631578947368425,77169.11312437017,77181.9408284775,77212.84965848681,77255.35993909079,77259.84802084128,77283.73557041887,77385.01286820085,77700.77624489299,-16.126635404318222,-16.798076914647496,-30.915190835425165,-9.028721418971891,-46.79378284714767,-63.78018256833086,-315.8043850752729,-268.33762075091056,1.8356202074776407,0.9785484454366966,0.6273033039961367,0.5470209795675028,0.05275308944706798,0.12000610718102378,0.2273074271649249,0.6278182095780945
2026-09-02T10:11:07.318288,XAUT_USDT,OPEN,SHORT,37.0,4315.1,4330.202850000001,4284.8943,,,36.79775280898941,34.72949389179736,33.46228239845249,0.00695233018933934,413544450.1785,0.2948818450438997,1.5348648665000817,HIGH_EDGE,2026-09-02 10:10:45.860,2026-09-02 10:10:37.843,4315.1,4314.8,4315.1,94553159.0,-0.0122,2.3e-05,53569846.0,-2.0622008279122617,4313.699086716386,4317.874666716411,4321.009597598902,4325.948766969087,4329.1085160008815,4332.34767618142,-4.236859205989276,-3.596011402970829,-0.6408478030184472,-4.1246896925149485,-2.0566434814342305,-2.068046211080718,-4.121702491218457,-4.263298307332769,0.14159581611431182,2.4115785864865646,0.10958196631761523,0.19300992858963614,0.16304869610702613,2.0,39.0,SHORT,77192.5,0.08933711600598802,0.025915967475460815,-0.02655440414507772,-0.2848837209302325,52.966610617343306,25.0300842358604,50.68515105377057,32.631578947368425,77169.11312437017,77181.9408284775,77212.84965848681,77255.35993909079,77259.84802084128,77283.73557041887,77385.01286820085,77700.77624489299,-16.126635404318222,-16.798076914647496,-30.915190835425165,-9.028721418971891,-46.79378284714767,-63.78018256833086,-315.8043850752729,-268.33762075091056,1.8356202074776407,0.9785484454366966,0.6273033039961367,0.5470209795675028,0.05275308944706798,0.12000610718102378,0.2273074271649249,0.6278182095780945
2026-09-02T10:11:07.318420,SILVER_USDT,OPEN,SHORT,38.0,64.0,64.224,63.552,,,34.14634146341473,37.209302325581234,42.016806722689154,0.015625000000007994,253091877.3094,0.41319836177366664,1.9783623749445471,HIGH_EDGE,2026-09-02 10:10:47.664,2026-09-02 10:10:37.839,64.0,64.0,64.01,388362744.0,-0.02,0.000205,242247612.0,1.4842676029402149,63.98052806606072,64.05708167034422,64.1067987195878,64.18622811387924,64.21561556257365,64.28100747643637,-0.07654032812537537,-0.06263406187911477,-0.013906266246260596,-0.059035473376624736,-0.015254076231220558,-0.043781397145404174,-0.09661522624102759,-0.11733598093164097,0.02072075469061338,1.9962757681303442,0.1997767857142872,0.29017857142857156,0.2868303571428556,2.0,40.0,SHORT,77192.5,0.08933711600598802,0.025915967475460815,-0.02655440414507772,-0.2848837209302325,52.966610617343306,25.0300842358604,50.68515105377057,32.631578947368425,77169.11312437017,77181.9408284775,77212.84965848681,77255.35993909079,77259.84802084128,77283.73557041887,77385.01286820085,77700.77624489299,-16.126635404318222,-16.798076914647496,-30.915190835425165,-9.028721418971891,-46.79378284714767,-63.78018256833086,-315.8043850752729,-268.33762075091056,1.8356202074776407,0.9785484454366966,0.6273033039961367,0.5470209795675028,0.05275308944706798,0.12000610718102378,0.2273074271649249,0.6278182095780945
2026-09-02T10:21:06.928362,SPY_USDT,LOSS,LONG,38.0,771.21,768.5107650000001,776.60847,768.5107650000001,-1.0,,,,,,,,SL,,,,,,,,,,,,,,,,,,,,,,,,,,,,,,,,,,,,,,,,,,,,,,,,,,,,,,,,,,,,,,,,,
2026-09-02T10:31:30.694628,SILVER_USDT,LOSS,SHORT,38.0,64.0,64.224,63.552,64.224,-1.0,,,,,,,,SL,,,,,,,,,,,,,,,,,,,,,,,,,,,,,,,,,,,,,,,,,,,,,,,,,,,,,,,,,,,,,,,,,
2026-09-02T10:41:10.095147,SKHYNIXSTOCK_USDT,LOSS,LONG,36.0,1200.37,1195.0205714285714,1211.068857142857,1195.0205714285714,-1.0,,,,,,,,SL,,,,,,,,,,,,,,,,,,,,,,,,,,,,,,,,,,,,,,,,,,,,,,,,,,,,,,,,,,,,,,,,,
2026-09-02T10:51:07.792193,ETH_USDT,OPEN,SHORT,40.0,2386.85,2395.203975,2370.14205,,,25.441289332309225,25.173210161662993,33.64775011597369,0.00041896223056406056,2132452259.9792,1.8817421813540063,3.0177212304837617,HIGH_EDGE,2026-09-02 10:50:42.205,2026-09-02 10:50:35.716,2386.85,2386.85,2386.86,87593600.0,-0.0249,-7e-06,108241299.0,-0.22689076644968886,2395.098810934975,2399.3524743959406,2402.0724633401633,2407.0622447530354,2407.9426718563072,2412.1775585450737,-4.2362665525047305,-3.489503979857258,-0.7467625726474725,-4.262027508581468,-2.33645769864589,-1.9255698099355785,-4.610140482781844,-3.9231138392063065,-0.6870266435755377,1.904268661819291,0.15286136240531908,0.2089723754260708,0.3410651815453117,0.0,40.0,SHORT,76795.9,-0.039830006573260295,-0.07819818882065918,-0.34219442711932224,-0.2848837209302325,24.47329740323245,27.60685767966106,37.49313480197722,32.631578947368425,76883.5188124916,76967.69962293116,77028.0130670561,77142.24332971117,77163.41338667038,77233.46362229397,77385.01286820085,77700.77624489299,-87.08887062844587,-76.24592180888475,-94.28719171421835,-46.587860907644654,-75.97516989735595,-60.63979143376764,-315.8043850752729,-268.33762075091056,0.8853589298766906,1.6259572368731874,1.2077928101777409,0.5470209795675028,0.07731997597341729,0.14731069162360308,0.25659852004747646,0.631060475140692
2026-09-02T10:51:07.792373,SILVER_USDT,OPEN,SHORT,35.0,63.77,63.99885714285715,63.31228571428572,,,42.10526315789464,31.297709923663987,36.76470588235263,0.015681354869057567,261732075.9196,0.3653314417911591,0.7145705434279502,HIGH_EDGE,2026-09-02 10:50:47.582,2026-09-02 10:50:35.740,63.77,63.75,63.76,401879927.0,-0.0235,0.000189,237028712.0,0.12428226925089451,63.7771816699094,63.841810642787586,63.919450831072105,64.0397163197853,64.07343516803758,64.19363360156912,-0.07123201262001544,-0.06834997421650785,-0.002882038403507592,-0.10965291679892175,-0.07454685303737166,-0.035106063761550094,-0.1338959294921267,-0.11977329667927714,-0.014122632812849562,2.2415954038276587,0.08848764533255585,0.29906583928851155,0.33938932323752546,1.0,36.0,SHORT,76795.9,-0.039830006573260295,-0.07819818882065918,-0.34219442711932224,-0.2848837209302325,24.47329740323245,27.60685767966106,37.49313480197722,32.631578947368425,76883.5188124916,76967.69962293116,77028.0130670561,77142.24332971117,77163.41338667038,77233.46362229397,77385.01286820085,77700.77624489299,-87.08887062844587,-76.24592180888475,-94.28719171421835,-46.587860907644654,-75.97516989735595,-60.63979143376764,-315.8043850752729,-268.33762075091056,0.8853589298766906,1.6259572368731874,1.2077928101777409,0.5470209795675028,0.07731997597341729,0.14731069162360308,0.25659852004747646,0.631060475140692
2026-09-02T10:51:07.792532,SUI_USDT,OPEN,SHORT,38.0,0.7081,0.7110314285714284,0.7022371428571429,,,29.473684210526727,26.923076923076735,33.5504885993484,0.0141222991102936,47869148.1068,0.1156127147908214,1.5910784939792826,HIGH_EDGE,2026-09-02 10:50:56.685,2026-09-02 10:50:35.742,0.7081,0.708,0.7081,65967738.0,-0.0319,0.0001,74794163.0,-1.3783269792768487,0.7113805520697587,0.7128699677915782,0.714284090796897,0.7166855696040617,0.7169015679648805,0.718783428480362,-0.001642581744833671,-0.0015837589491670004,-5.882279566667061e-05,-0.002000345385695934,-0.00100794356795078,-0.000992401817745154,-0.001928925020443617,-0.0015574686003167137,-0.00037145642012690336,2.3645116891770184,0.19266850929045432,0.344987592551496,0.6001977121875419,0.0,38.0,SHORT,76795.9,-0.039830006573260295,-0.07819818882065918,-0.34219442711932224,-0.2848837209302325,24.47329740323245,27.60685767966106,37.49313480197722,32.631578947368425,76883.5188124916,76967.69962293116,77028.0130670561,77142.24332971117,77163.41338667038,77233.46362229397,77385.01286820085,77700.77624489299,-87.08887062844587,-76.24592180888475,-94.28719171421835,-46.587860907644654,-75.97516989735595,-60.63979143376764,-315.8043850752729,-268.33762075091056,0.8853589298766906,1.6259572368731874,1.2077928101777409,0.5470209795675028,0.07731997597341729,0.14731069162360308,0.25659852004747646,0.631060475140692
2026-09-02T10:51:07.792653,LINK_USDT,OPEN,SHORT,43.0,11.083,11.121790500000001,11.005419,,,34.86238532110116,34.07079646017711,34.108527131782964,0.009022827754213172,38681785.9288,1.0813551737017144,2.9682112475928126,HIGH_EDGE,2026-09-02 10:51:01.178,2026-09-02 10:50:35.757,11.083,11.079,11.08,34123539.0,-0.0299,0.0001,19783834.0,-2.474840008149512,11.119002242903953,11.12827487734929,11.134606626564326,11.155634194328515,11.159668773996609,11.185081441397228,-0.010004235180790744,-0.009308283632141402,-0.0006959515486493414,-0.01921554913253054,-0.013051024345607874,-0.006164524786922667,-0.029728281920771593,-0.028935303591188753,-0.0007929783295828399,1.8905898704799307,0.1308310024361631,0.2816411234709537,0.4195614905711471,0.0,43.0,SHORT,76795.9,-0.039830006573260295,-0.07819818882065918,-0.34219442711932224,-0.2848837209302325,24.47329740323245,27.60685767966106,37.49313480197722,32.631578947368425,76883.5188124916,76967.69962293116,77028.0130670561,77142.24332971117,77163.41338667038,77233.46362229397,77385.01286820085,77700.77624489299,-87.08887062844587,-76.24592180888475,-94.28719171421835,-46.587860907644654,-75.97516989735595,-60.63979143376764,-315.8043850752729,-268.33762075091056,0.8853589298766906,1.6259572368731874,1.2077928101777409,0.5470209795675028,0.07731997597341729,0.14731069162360308,0.25659852004747646,0.631060475140692
2026-09-02T10:51:07.792769,SPY_USDT,OPEN,SHORT,35.0,761.48,764.1451800000001,756.14964,,,9.876543209868231,28.272251308900778,46.20938628158872,0.0013132321269095583,32342960.58063,0.7860874066715768,1.1147821445096384,HIGH_EDGE,2026-09-02 10:51:06.853,2026-09-02 10:50:36.505,761.48,761.47,761.48,42324347.0,-0.0045,3.3e-05,24585066.0,1.2489811810010225,761.7207556424764,761.8753130457784,762.0367637192605,762.2464667726454,762.3161312683657,762.4803946696663,-0.14814851157757403,-0.1108269831934791,-0.03732152838409493,-0.19239631358652787,-0.13501430695036848,-0.05738200663615939,-0.15596012132596115,-0.08963376344296385,-0.0663263578829973,2.344799940302242,0.010224450130949369,0.03142376875107894,0.07157115091663172,1.0,36.0,SHORT,76795.9,-0.039830006573260295,-0.07819818882065918,-0.34219442711932224,-0.2848837209302325,24.47329740323245,27.60685767966106,37.49313480197722,32.631578947368425,76883.5188124916,76967.69962293116,77028.0130670561,77142.24332971117,77163.41338667038,77233.46362229397,77385.01286820085,77700.77624489299,-87.08887062844587,-76.24592180888475,-94.28719171421835,-46.587860907644654,-75.97516989735595,-60.63979143376764,-315.8043850752729,-268.33762075091056,0.8853589298766906,1.6259572368731874,1.2077928101777409,0.5470209795675028,0.07731997597341729,0.14731069162360308,0.25659852004747646,0.631060475140692
2026-09-02T11:01:36.720390,ETH_USDT,LOSS,SHORT,40.0,2386.85,2395.203975,2370.14205,2395.203975,-1.0,,,,,,,,SL,,,,,,,,,,,,,,,,,,,,,,,,,,,,,,,,,,,,,,,,,,,,,,,,,,,,,,,,,,,,,,,,,
2026-09-02T11:01:36.720519,SUI_USDT,LOSS,SHORT,38.0,0.7081,0.7110314285714284,0.7022371428571429,0.7110314285714284,-1.0,,,,,,,,SL,,,,,,,,,,,,,,,,,,,,,,,,,,,,,,,,,,,,,,,,,,,,,,,,,,,,,,,,,,,,,,,,,
2026-09-02T11:11:07.486915,LINK_USDT,LOSS,SHORT,43.0,11.083,11.121790500000001,11.005419,11.121790500000001,-1.0,,,,,,,,SL,,,,,,,,,,,,,,,,,,,,,,,,,,,,,,,,,,,,,,,,,,,,,,,,,,,,,,,,,,,,,,,,,
2026-09-02T11:31:21.773002,ARB_USDT,OPEN,LONG,40.0,0.1114,0.11031142857142857,0.11357714285714285,,,71.56626506024111,64.4873699851411,67.17226435536296,0.026929982046680654,75338200.86643,1.263393223707795,4.045868861365743,HIGH_EDGE,2026-09-02 11:31:04.274,2026-09-02 11:30:43.958,0.1114,0.11139,0.11142,682499524.0,0.0165,0.0001,158549551.0,2.7777011597538652,0.1112074325891503,0.11067758432474682,0.11026610440459164,0.10968110617467565,0.10978329546575422,0.10908682878676258,0.0004985515918286831,0.000356484805306858,0.00014206678652182515,0.0005190587949273767,0.00031361890056917033,0.00020543989435820639,0.0005802888881891038,0.000319646110251221,0.00026064277793788284,1.9542279477460884,0.38984354962810636,0.8143113618876618,1.110541164401127,41.0,1.0,LONG,77293.4,-0.026515283797609486,0.09414574071459737,0.3144666331823794,-0.25175078874571993,73.93100097181696,50.13094915560345,51.63859670456602,28.16907149262262,77232.66072049396,77163.74161452442,77109.58983516785,77112.9183978042,77148.62925397625,77205.1893530645,77305.0502945602,77635.72352438618,70.02297278768674,59.88113476541906,-27.075720699343947,-62.77861629618141,-69.54374470774201,-70.15306725112356,-331.4182183006342,-280.9413667609611,0.5109241568556988,0.6629729348284051,0.7608181048510394,0.7666353394151292,0.06357962923465282,0.19316932992615551,0.27864142161093486,0.658160057280809
2026-09-02T11:31:21.773223,UNI_USDT,OPEN,LONG,38.0,5.937,5.880000000000001,6.051,,,70.05076142131972,63.70967741935486,67.9405520169852,0.016843523665156374,48799027.7817,0.21349314458994176,4.837269022209298,HIGH_EDGE,2026-09-02 11:31:08.768,2026-09-02 11:30:43.983,5.937,5.936,5.937,85167313.0,0.0377,0.0001,44759682.0,4.41011783218049,5.943969459615755,5.913925449780242,5.888427367812125,5.865080768094748,5.868428477852164,5.828999909981514,0.03113367995665417,0.027824489981667068,0.003309189974987102,0.01832567676947594,0.005172309385276318,0.013153367384199623,0.0420190252814141,0.038530402265397445,0.0034886230160166565,2.5991689840653813,0.3837917177987941,0.8000673740946639,1.1116725618999501,39.0,1.0,LONG,77293.4,-0.026515283797609486,0.09414574071459737,0.3144666331823794,-0.25175078874571993,73.93100097181696,50.13094915560345,51.63859670456602,28.16907149262262,77232.66072049396,77163.74161452442,77109.58983516785,77112.9183978042,77148.62925397625,77205.1893530645,77305.0502945602,77635.72352438618,70.02297278768674,59.88113476541906,-27.075720699343947,-62.77861629618141,-69.54374470774201,-70.15306725112356,-331.4182183006342,-280.9413667609611,0.5109241568556988,0.6629729348284051,0.7608181048510394,0.7666353394151292,0.06357962923465282,0.19316932992615551,0.27864142161093486,0.658160057280809
2026-09-02T11:41:05.036531,SILVER_USDT,LOSS,SHORT,35.0,63.77,63.99885714285715,63.31228571428572,63.99885714285715,-1.0,,,,,,,,SL,,,,,,,,,,,,,,,,,,,,,,,,,,,,,,,,,,,,,,,,,,,,,,,,,,,,,,,,,,,,,,,,,
2026-09-02T12:01:25.205406,UNI_USDT,WIN,LONG,38.0,5.937,5.880000000000001,6.051,6.051,2.0,,,,,,,,TP,,,,,,,,,,,,,,,,,,,,,,,,,,,,,,,,,,,,,,,,,,,,,,,,,,,,,,,,,,,,,,,,,
2026-09-02T12:31:15.710355,UNI_USDT,OPEN,LONG,35.0,5.994,5.942914285714285,6.096171428571428,,,56.96969696969698,62.46246246246248,63.28903654485058,0.03336670003336303,49917547.1523,1.891018595631951,1.0515232583582685,HIGH_EDGE,2026-09-02 12:31:02.972,2026-09-02 12:30:40.975,5.994,5.995,5.997,86937991.0,0.0477,0.0001,42397349.0,-1.87625034600042,5.994228910629319,5.9887048219383505,5.976105287021271,5.942118171680997,5.941322704528352,5.879702378975698,0.00568320133097,0.004120664146407068,0.001562537184562932,0.03617879190052342,0.03328508733773391,0.0028937045627895133,0.061005969456785714,0.04852737877671666,0.012478590680069054,0.7409384002584939,0.24905858239191214,0.7102340435673771,1.289384622717959,35.0,0.0,LONG,77621.5,-0.014684495877384691,0.1459196680617918,0.1865069633568672,0.4089097644742144,66.57030766054038,79.54839468422949,56.25035272870942,37.645958083832454,77606.1661661731,77539.5075701296,77437.23925712284,77313.22675033913,77319.87678242866,77271.93357236998,77304.04023564814,77605.20290461586,73.06170323152037,68.1775590204143,103.06604389665881,54.88550915624451,12.275302858397481,-41.791080577749966,-314.7591340568906,-287.6905744558286,0.9632250444371488,1.6249595403014014,1.2330548748085364,0.6388570327210276,0.07134437163487883,0.15265468606359794,0.29534342933336505,0.6535284314636679
2026-09-02T12:31:15.710577,AAVE_USDT,OPEN,LONG,36.5,129.64,129.01857142857142,130.88285714285712,,,57.19063545150511,85.53921568627442,61.1995104039168,0.0077136686207890355,29566798.5383,0.05675856105308906,2.0649699079109562,HIGH_EDGE,2026-09-02 12:31:15.647,2026-09-02 12:30:41.022,129.64,129.71,129.72,23433706.0,0.0196,0.0001,17329960.0,2.0978475508890897,129.59129513778439,129.2377349436124,128.625722755038,127.83959206505679,127.78389346601456,127.18978206486823,0.412435487992866,0.4190156601433049,-0.006580172150438879,0.6726890174227975,0.38184362318356924,0.2908453942392283,0.49717969114151117,0.24194049824619993,0.2552391928953113,3.3196804728020846,0.22039053202274592,0.3994578392912249,0.7173711817340326,39.0,2.5,LONG,77621.5,-0.014684495877384691,0.1459196680617918,0.1865069633568672,0.4089097644742144,66.57030766054038,79.54839468422949,56.25035272870942,37.645958083832454,77606.1661661731,77539.5075701296,77437.23925712284,77313.22675033913,77319.87678242866,77271.93357236998,77304.04023564814,77605.20290461586,73.06170323152037,68.1775590204143,103.06604389665881,54.88550915624451,12.275302858397481,-41.791080577749966,-314.7591340568906,-287.6905744558286,0.9632250444371488,1.6249595403014014,1.2330548748085364,0.6388570327210276,0.07134437163487883,0.15265468606359794,0.29534342933336505,0.6535284314636679
2026-09-02T12:41:12.191724,XAU_USDT,WIN,SHORT,38.0,4318.87,4333.986045000001,4288.6379099999995,4288.6379099999995,2.0,,,,,,,,TP,,,,,,,,,,,,,,,,,,,,,,,,,,,,,,,,,,,,,,,,,,,,,,,,,,,,,,,,,,,,,,,,,
2026-09-02T12:41:12.191828,AAVE_USDT,LOSS,LONG,36.5,129.64,129.01857142857142,130.88285714285712,129.01857142857142,-1.0,,,,,,,,SL,,,,,,,,,,,,,,,,,,,,,,,,,,,,,,,,,,,,,,,,,,,,,,,,,,,,,,,,,,,,,,,,,
2026-09-02T12:41:12.191906,ZEC_USDT,OPEN,LONG,36.0,839.18,835.7077142857142,846.1245714285715,,,54.48943661971827,70.84531339850477,60.40299906279288,0.0011916394575646352,167603388.4641,2.2408309937327062,0.9323818124870958,HIGH_EDGE,2026-09-02 12:40:51.542,2026-09-02 12:40:38.914,839.18,839.22,839.23,19899448.0,-0.0167,1e-06,8779622.0,2.2064386542301606,838.7998377652001,838.1065218684546,836.7090396618182,833.4641016043431,831.9976909375451,829.888231026381,0.7895286542560598,0.728799864776032,0.0607287894800278,3.101697545251227,2.3931468587559315,0.7085506864952955,1.125734274567776,-0.44938720457317916,1.5751214791409551,1.2477483627069599,0.14674188748880718,0.3448093887570519,0.6827242920810417,36.0,0.0,LONG,77616.9,0.14618675777639795,0.15083870967741184,0.1865069633568672,0.4089097644742144,43.10633213858881,67.6911298260967,56.25035272870942,37.645958083832454,77540.14255865478,77531.92115401493,77483.21312455826,77356.26443346264,77319.87678242866,77271.93357236998,77304.04023564814,77605.20290461586,19.34409359791607,29.632909028552046,112.80951418951736,74.35385998584528,12.275302858397481,-41.791080577749966,-314.7591340568906,-287.6905744558286,0.9391422574449617,0.8081735301136097,1.2330548748085364,0.6388570327210276,0.05954152473788905,0.15346436886075457,0.29536093299268323,0.6535671631159851
2026-09-02T12:51:21.518876,SPX500_USDT,OPEN,SHORT,41.0,7625.8,7652.4903,7572.4194,,,40.84507042253558,37.837837837832964,34.163701067615406,0.001311337826855724,52477144.5231,2.1192282735093255,4.762436719968581,HIGH_EDGE,2026-09-02 12:51:06.840,2026-09-02 12:50:40.096,7625.8,7625.7,7625.8,68607880.0,-0.0044,6.2e-05,86032146.0,0.8725037008428089,7626.731427144166,7627.370951252352,7628.2453300299285,7629.174132925823,7629.638665477685,7631.786337032517,-0.7209179611809304,-0.7077152218380414,-0.01320273934288907,-0.9407091396133183,-0.6947317401263868,-0.24597739948693143,-2.4029309741117686,-2.265958410133022,-0.13697256397874646,0.9193495988228132,0.009085697800325995,0.022011742093568723,0.055263522703003616,0.0,41.0,SHORT,77610.3,0.030933296213377873,0.12565650362714945,-0.13990968996992564,0.4089097644742144,63.535353535353664,70.72472353870467,54.06856894868186,37.645958083832454,77569.65659659007,77552.01759577176,77513.38039971772,77392.30005970034,77358.48142594208,77293.83859324518,77304.04023564814,77605.20290461586,20.095195278248866,17.175620233180126,114.59726078473614,88.15765859331482,28.955329908043495,-27.619359110197028,-314.7591340568906,-287.6905744558286,0.4055408324610828,0.6363608610834596,0.9285014522829661,0.6388570327210276,0.05566271487160747,0.1574165137506569,0.29427242812579363,0.6536227426367003
2026-09-02T12:51:21.519041,BTR_USDT,OPEN,SHORT,41.5,0.07223,0.07610942857142858,0.06447114285714287,,,33.22517845554832,21.76165803108809,35.76244813278008,0.013844662882453443,36050314.4019,3.0279166168485956,1.908429255104525,HIGH_EDGE,2026-09-02 12:51:11.692,2026-09-02 12:50:39.955,0.07223,0.07215,0.07216,30759135.0,-0.2899,-0.000279,9791436.0,1.1016606222798064,0.07626131355044684,0.07827894243596785,0.0812442612486705,0.0850644559541574,0.08642886415004247,0.08842875456315961,-0.002209715945874366,-0.0020163253574894025,-0.00019339058838496346,-0.0032359872736347217,-0.0017554094896990904,-0.0014805777839356313,-0.0018929074302001803,-0.0011879671195968895,-0.0007049403106032907,6.1365465944250115,2.340736931627147,4.4757817290006106,7.297126243547394,1.5,43.0,SHORT,77610.3,0.030933296213377873,0.12565650362714945,-0.13990968996992564,0.4089097644742144,63.535353535353664,70.72472353870467,54.06856894868186,37.645958083832454,77569.65659659007,77552.01759577176,77513.38039971772,77392.30005970034,77358.48142594208,77293.83859324518,77304.04023564814,77605.20290461586,20.095195278248866,17.175620233180126,114.59726078473614,88.15765859331482,28.955329908043495,-27.619359110197028,-314.7591340568906,-287.6905744558286,0.4055408324610828,0.6363608610834596,0.9285014522829661,0.6388570327210276,0.05566271487160747,0.1574165137506569,0.29427242812579363,0.6536227426367003
2026-09-02T13:11:16.642152,ARB_USDT,WIN,LONG,40.0,0.1114,0.11031142857142857,0.11357714285714285,0.11357714285714285,2.0,,,,,,,,TP,,,,,,,,,,,,,,,,,,,,,,,,,,,,,,,,,,,,,,,,,,,,,,,,,,,,,,,,,,,,,,,,,
2026-09-02T13:11:16.642277,UNI_USDT,WIN,LONG,35.0,5.994,5.942914285714285,6.096171428571428,6.096171428571428,2.0,,,,,,,,TP,,,,,,,,,,,,,,,,,,,,,,,,,,,,,,,,,,,,,,,,,,,,,,,,,,,,,,,,,,,,,,,,,
2026-09-02T13:11:16.642381,ZEC_USDT,LOSS,LONG,36.0,839.18,835.7077142857142,846.1245714285715,835.7077142857142,-1.0,,,,,,,,SL,,,,,,,,,,,,,,,,,,,,,,,,,,,,,,,,,,,,,,,,,,,,,,,,,,,,,,,,,,,,,,,,,
2026-09-02T13:21:10.221419,BTR_USDT,LOSS,SHORT,41.5,0.07223,0.07610942857142858,0.06447114285714287,0.07610942857142858,-1.0,,,,,,,,SL,,,,,,,,,,,,,,,,,,,,,,,,,,,,,,,,,,,,,,,,,,,,,,,,,,,,,,,,,,,,,,,,,
2026-09-02T14:01:31.545259,LINK_USDT,OPEN,LONG,35.0,11.251,11.2116215,11.329756999999999,,,79.24528301886704,55.66502463054161,66.10169491525438,0.008888098835654126,39257850.4282,0.7055864468570736,1.8496981733705513,HIGH_EDGE,2026-09-02 14:01:25.833,2026-09-02 14:00:54.111,11.251,11.25,11.251,34686736.0,-0.0152,0.0001,19715535.0,-1.4978367583410557,11.241612334258635,11.23032327333712,11.220044513455735,11.207740121962077,11.204152742964348,11.194454207297367,0.0125345567385029,0.012270240630335692,0.0002643161081672084,0.011605698555140265,0.007790203701704075,0.0038154948534361898,0.0027196781001723735,-0.006808529768127266,0.009528207868299639,0.8977961506206069,0.07237451909036932,0.2361694833475142,0.5263024239115235,36.0,1.0,LONG,77526.0,-0.002708695298873338,0.019610170453662056,-0.043837029396596186,-0.010833900823368957,30.300500834726236,42.304181121051364,61.29624478442315,38.85338689063356,77525.32740186884,77515.04058710423,77499.37193461809,77457.71011788517,77442.49644165311,77363.28667405903,77385.28975081476,77592.14956292174,16.2179790573864,22.32943872877314,50.81738777529972,53.74614282621188,59.16399349528365,23.84984706872914,-249.2155950666056,-278.6453812942045,1.784358024933035,0.7626347299027342,0.49594190560859347,0.406633283177253,0.017100253924031052,0.09562690489089051,0.27598114549588837,0.6219664554932715
2026-09-02T14:11:11.269153,SNDKSTOCK_USDT,OPEN,SHORT,39.0,1530.77,1536.1276950000001,1520.05461,,,19.592476489027888,39.10891089108921,36.161449752882696,0.0006532660033833238,108992919.56358,1.5060701684479778,3.881896348645465,HIGH_EDGE,2026-09-02 14:10:53.789,2026-09-02 14:10:38.914,1530.77,1530.86,1530.87,70423968.0,-0.0431,0.000107,11529426.0,8.462612214532983,1530.2190640625986,1530.9778048876738,1531.3132784550126,1532.0703313577242,1532.6528640185534,1534.2351715273232,-0.6609601493762511,-0.4191518023226417,-0.24180834705360943,-0.849907132352655,-0.819347611273143,-0.030559521079511986,-1.8045929824841096,-1.7081224437422646,-0.09647053874184497,0.5610913492947217,0.050114834831023455,0.11072858757357523,0.2506674978698853,1.0,40.0,SHORT,77444.9,0.0015495127428016607,-0.011619815141652003,-0.043837029396596186,-0.010833900823368957,39.11229135053029,41.90631217218295,61.29624478442315,38.85338689063356,77449.39901741467,77472.10361582396,77481.20203815601,77456.23100243896,77442.49644165311,77363.28667405903,77385.28975081476,77592.14956292174,-17.36327597904892,-7.500520598656289,37.75480003199482,48.995988479858035,59.16399349528365,23.84984706872914,-249.2155950666056,-278.6453812942045,1.3936388860516442,0.9498250468396182,0.49594190560859347,0.406633283177253,0.036864919445954214,0.09431590349119888,0.2762701518849433,0.6226177763619215
2026-09-02T14:31:26.957244,SNDKSTOCK_USDT,LOSS,SHORT,39.0,1530.77,1536.1276950000001,1520.05461,1536.1276950000001,-1.0,,,,,,,,SL,,,,,,,,,,,,,,,,,,,,,,,,,,,,,,,,,,,,,,,,,,,,,,,,,,,,,,,,,,,,,,,,,
2026-09-02T15:11:12.733841,PEPE_USDT,OPEN,SHORT,36.0,3.4608e-06,3.4729128e-06,3.4365744e-06,,,38.181818181817896,36.229749631811586,41.6819012797074,0.002889505316683881,78365942.806,0.3488733006393941,1.3895950299751225,HIGH_EDGE,2026-09-02 15:10:57.616,2026-09-02 15:10:39.727,3.4608e-06,3.4607e-06,3.4608e-06,2245106.0,-0.0149,0.0001,1706832.0,0.41718120584253715,3.4616633404387942e-06,3.464111313301998e-06,3.4655812833424638e-06,3.468560018780019e-06,3.4707017319424958e-06,3.471525632062773e-06,-2.3460009794779438e-09,-1.7874045536138727e-09,-5.58596425864071e-10,-2.690734048757806e-09,-1.8093470297333467e-09,-8.813870190244591e-10,-6.746660142221634e-10,6.948270258430898e-11,-7.441487168064724e-10,0.7742420446003507,0.11434185324615094,0.24106730070669022,0.4427134931642557,0.0,36.0,SHORT,77654.9,0.00038632611588799434,0.00888625592416312,-0.06643517356187968,0.11879885457782655,54.19580419580505,59.67572436571076,61.88593601288601,44.95994399937785,77651.12046519718,77652.63077375956,77647.31276374643,77595.4127501525,77561.15646250243,77451.89713158834,77431.85180065327,77594.50663532852,-1.5923612859187415,-2.7614552061107243,62.64903760420566,66.69211452060213,94.72902687976602,61.25736027107677,-215.34651694957574,-265.95006711664905,0.2240055721205029,0.719978229958653,0.9349857579827011,0.5643724622131756,0.039138363635594337,0.10903552586047911,0.21828261044331043,0.6104480942514323
2026-09-02T15:21:18.957042,BTR_USDT,OPEN,SHORT,38.0,0.0739,0.07787028571428571,0.06595942857142856,,,12.67676767676771,24.01559454191029,37.325174825174834,0.04059539918809506,35444166.1584,1.280210057541122,2.2035927764906993,HIGH_EDGE,2026-09-02 15:21:11.149,2026-09-02 15:20:39.962,0.0739,0.07372,0.07375,33774369.0,-0.2735,-0.000152,11105478.0,6.843747384340968,0.07552220035643209,0.07910486886530102,0.08202163028977451,0.08402318509387685,0.0842223384817303,0.08560601806291203,-0.0035305054535029468,-0.002870345327257386,-0.0006601601262455608,-0.0012516243195562493,0.00027946562228511174,-0.001531089941841361,-0.0016244247842228249,-0.001597567810273748,-2.6856973949076785e-05,2.1451027441579282,3.442876473999616,4.477092596172436,9.766093176106704,1.0,39.0,SHORT,77550.0,-0.04652895299545385,0.0064478689793023404,-0.0941790639039165,0.11879885457782655,33.92287619600077,57.50821545935213,63.049153427314046,44.95994399937785,77589.05873351831,77613.36398174026,77611.48016879802,77587.11688368858,77557.92517000143,77460.35782491611,77431.85180065327,77594.50663532852,-21.961493420923944,-14.951951595452899,41.28257246268913,59.060166344558766,89.264974556776,66.86726348223017,-215.34651694957574,-265.95006711664905,1.0898138530145811,1.2651382891923981,0.9302233041821091,0.5643724622131756,0.04572165423229467,0.11157778391820891,0.21863313990973404,0.6112738325504262
2026-09-02T15:31:20.036285,LINK_USDT,LOSS,LONG,35.0,11.251,11.2116215,11.329756999999999,11.2116215,-1.0,,,,,,,,SL,,,,,,,,,,,,,,,,,,,,,,,,,,,,,,,,,,,,,,,,,,,,,,,,,,,,,,,,,,,,,,,,,
2026-09-02T15:31:20.036430,ENA_USDT,OPEN,SHORT,37.0,0.15637,0.15750914285714288,0.1540917142857143,,,25.37313432835859,39.75535168195711,43.24693042291947,0.006395088571983117,47643256.9554,1.522748059611894,1.6499809684621924,HIGH_EDGE,2026-09-02 15:31:08.836,2026-09-02 15:30:44.134,0.15637,0.15638,0.15639,29947319.0,-0.0374,4.9e-05,19407400.0,-0.2579609924002419,0.1571629059889353,0.1576036434491397,0.15804784366948377,0.15860725794276315,0.15850403191491946,0.15862909917085619,-0.000472149537332045,-0.0004247808011187936,-4.7368736213251384e-05,-0.0004199618313020237,-0.0001284818460172492,-0.0002914799852847745,4.235486037534875e-06,0.0002311731374848614,-0.00022693765144732653,1.3442747603862821,0.18956869695502365,0.6070766222969328,1.1963383550004993,0.0,37.0,SHORT,77510.1,-0.07606121509724877,-0.057507797722112605,-0.04500612547552283,0.11879885457782655,40.524508273493275,40.29329608938479,58.267096875738126,44.95994399937785,77560.3665420962,77580.52498340629,77582.11930803166,77577.43517498254,77548.36013600059,77464.87735387444,77431.85180065327,77594.50663532852,-21.785993692683405,-20.445624937807185,23.917784771241713,47.98652424785867,81.17883983069623,69.73174959491864,-215.34651694957574,-265.95006711664905,1.3328291357921327,1.1190250996971023,0.9270112779573431,0.5643724622131756,0.040473987998248535,0.10347038643995965,0.21759376243501377,0.6115884989734957
2026-09-02T15:51:11.461029,BTR_USDT,WIN,SHORT,38.0,0.0739,0.07787028571428571,0.06595942857142856,0.06595942857142856,2.0,,,,,,,,TP,,,,,,,,,,,,,,,,,,,,,,,,,,,,,,,,,,,,,,,,,,,,,,,,,,,,,,,,,,,,,,,,,
2026-09-02T16:11:25.540027,ENA_USDT,LOSS,SHORT,37.0,0.15637,0.15750914285714288,0.1540917142857143,0.15750914285714288,-1.0,,,,,,,,SL,,,,,,,,,,,,,,,,,,,,,,,,,,,,,,,,,,,,,,,,,,,,,,,,,,,,,,,,,,,,,,,,,
2026-09-02T16:11:25.540138,USOIL_USDT,OPEN,SHORT,35.0,90.0,90.31500000000001,89.37,,,20.388349514563572,31.213872832370228,45.31250000000023,0.0222222222222178,92237877.40662,3.0197533860539747,7.687751524484087,HIGH_EDGE,2026-09-02 16:11:05.657,2026-09-02 16:10:46.749,90.0,89.98,90.0,103032553.0,0.0202,-0.000201,86913302.0,0.9064997536180038,90.22644621329152,90.38472406958354,90.49379189868988,90.56727943857419,90.6349940660244,90.68041539747277,-0.1401285999296249,-0.08710745480759279,-0.05302114512203211,-0.055170530166151366,-0.010228572010706365,-0.044941958155445,-0.021314063216948398,-0.0009223974509308249,-0.020391665766017572,0.6257521193424145,0.12142857142857265,0.23253968253968307,0.27857142857143014,1.0,36.0,SHORT,77612.8,0.047953222404979255,0.027064715601390867,-0.005284710558988094,-0.051405535564525186,76.8323203432276,49.50697674418576,47.88883471477311,50.396687009590174,77586.04709310777,77571.973559719,77570.10077432514,77567.22017837084,77559.75848703951,77484.88196994652,77461.12144052492,77593.02165110745,12.669643631539657,9.053253709147203,9.327113414183259,13.590963388461542,77.26003645465244,72.82296352675283,-189.5366834377055,-250.6334472986436,1.4608649314569861,0.6759239993572231,0.7226494543305827,0.5930634763613306,0.034723653830293626,0.10460351164461612,0.19522737044846694,0.5750708277868725
2026-09-02T16:21:21.565092,SILVER_USDT,OPEN,LONG,36.0,64.19,63.965335,64.63932999999999,,,54.28571428571486,54.166666666666664,76.63551401869195,0.015578750584188979,256248905.1459,1.5511096395730992,2.1341153257500394,HIGH_EDGE,2026-09-02 16:20:57.236,2026-09-02 16:20:43.981,64.19,64.18,64.19,395904505.0,-0.0171,0.000224,239224557.0,0.2344831327709784,64.20362336104489,64.19016214642944,64.15358898234847,64.10091526127759,64.08235311632748,64.02956013115384,0.022681949977553018,0.03356865334479182,-0.0108867033672388,0.058292217203018026,0.05516595895111995,0.0031262582518980786,0.01878344544748245,-0.02876144720946711,0.047544892656949556,2.901799409432933,0.07455544922439306,0.2036365254935076,0.28264304631339593,37.0,1.0,LONG,77591.6,0.02887744104619969,-0.06221028105392763,0.0795326522141492,-0.051405535564525186,50.44274809160436,44.50616212463192,56.48886163907639,50.396687009590174,77604.71511575583,77601.00216150074,77585.56849556793,77575.4433003927,77575.78678963082,77498.97485992464,77461.12144052492,77593.02165110745,9.331583036386291,17.267787962940144,14.024387382596615,13.783896421884215,79.4020854706032,74.12620761491154,-189.5366834377055,-250.6334472986436,0.7821509244535063,0.7385808433616721,0.862885876034081,0.5930634763613306,0.04190438876667503,0.11094720857117656,0.19718629336165117,0.5752279517738643
2026-09-02T16:41:10.825260,XAUT_USDT,LOSS,SHORT,37.0,4315.1,4330.202850000001,4284.8943,4330.202850000001,-1.0,,,,,,,,SL,,,,,,,,,,,,,,,,,,,,,,,,,,,,,,,,,,,,,,,,,,,,,,,,,,,,,,,,,,,,,,,,,
2026-09-02T17:11:12.922275,ARB_USDT,OPEN,LONG,37.0,0.11693,0.11570428571428572,0.11938142857142857,,,76.58227848101254,64.89988221436988,60.10781671159022,0.042760626015572026,61601176.42052,0.6788351487790176,6.387378341868812,HIGH_EDGE,2026-09-02 17:10:58.467,2026-09-02 17:10:37.799,0.11693,0.11688,0.11693,558089485.0,0.0669,0.0001,124260458.0,-29.475090927760444,0.11605277434809541,0.11539150653340738,0.11508346100587133,0.11451151564534393,0.11397623541141527,0.113017956063874,0.0005636190640352506,0.0003158066753628228,0.0002478123886724278,0.0005764340414159547,0.00045955173176949503,0.00011688230964645963,0.0010874685139205947,0.0010781127424231776,9.35577149741712e-06,1.0049585590409544,0.4416561801321897,0.873538502889396,1.133767455498407,37.0,0.0,LONG,77484.7,-0.0018067756668728083,0.044028064340355354,-0.10113466906774757,-0.17556478495247002,48.70879120879006,36.99582753824756,52.282249173097874,54.7914691943127,77471.62860766353,77478.95499987487,77500.7946266115,77531.48604191515,77538.15963629007,77500.16135246256,77457.2971524215,77579.28979390318,-15.29970729300112,-25.071877885041435,-22.73164811244351,-8.311872532633107,51.79592071814113,68.13972201069666,-178.01693823069218,-236.07715411565096,0.5578012849775307,0.9756688228425221,0.7763545652917152,0.40368157885708994,0.04458944798134448,0.09387106652760015,0.18070848641270826,0.5584328260934069
2026-09-02T17:21:13.905153,ARB_USDT,WIN,LONG,37.0,0.11693,0.11570428571428572,0.11938142857142857,0.11938142857142857,2.0,,,,,,,,TP,,,,,,,,,,,,,,,,,,,,,,,,,,,,,,,,,,,,,,,,,,,,,,,,,,,,,,,,,,,,,,,,,
2026-09-02T17:31:17.678149,USOIL_USDT,LOSS,SHORT,35.0,90.0,90.31500000000001,89.37,90.31500000000001,-1.0,,,,,,,,SL,,,,,,,,,,,,,,,,,,,,,,,,,,,,,,,,,,,,,,,,,,,,,,,,,,,,,,,,,,,,,,,,,
2026-09-02T17:41:17.429230,SKHYNIXSTOCK_USDT,OPEN,SHORT,35.0,1176.55,1180.667925,1168.31415,,,34.625322997414884,29.32728647014389,44.081098757357495,0.007649483659846003,497275811.54199,1.223029697109693,1.8876576224054,HIGH_EDGE,2026-09-02 17:40:49.759,2026-09-02 17:40:39.901,1176.55,1176.44,1176.53,415849921.0,-0.0311,0.0,15004018.0,11.57454366334095,1177.9444428250363,1179.2404770817864,1180.178550626262,1181.7050413661682,1182.6552086484505,1185.1024749961284,-1.271029086319004,-0.9917303062400036,-0.27929878007900033,-1.4314407182105242,-0.9431302462699497,-0.48831047194057453,-2.7176355480007715,-2.659180851099846,-0.05845469690092564,1.2673593668203473,0.07467353096522962,0.1532325139481643,0.42357498011741196,1.0,36.0,SHORT,77082.3,0.04269987825993289,-0.02282752636513312,-0.21941726495991937,-0.17556478495247002,25.03740648378998,10.183333333334062,33.53931387172344,54.7914691943127,77112.85935591134,77189.24971871066,77272.99759939872,77393.83893236199,77449.71016722638,77465.05528634836,77457.2971524215,77579.28979390318,-83.05078053912439,-78.09202622816736,-102.18550941481953,-55.98720133691732,9.918617794537568,51.30122613781041,-178.01693823069218,-236.07715411565096,0.8698084184030206,1.8531617357623482,1.1132453793910773,0.40368157885708994,0.05669265187987412,0.11755524382936416,0.1964597764800903,0.5613480656389315
2026-09-02T17:51:14.316628,PEPE_USDT,WIN,SHORT,36.0,3.4608e-06,3.4729128e-06,3.4365744e-06,3.4365744e-06,2.0,,,,,,,,TP,,,,,,,,,,,,,,,,,,,,,,,,,,,,,,,,,,,,,,,,,,,,,,,,,,,,,,,,,,,,,,,,,
2026-09-02T17:51:14.316780,ETH_USDT,OPEN,SHORT,35.5,2392.7,2401.07445,2375.9510999999998,,,29.30077691453944,4.7118751989813035,33.188077392365074,0.00041793789441900496,2300327847.8122,0.698473526974569,2.9556186002210474,HIGH_EDGE,2026-09-02 17:50:49.928,2026-09-02 17:50:45.833,2392.7,2392.92,2392.93,94858889.0,-0.0225,3.1e-05,113400243.0,1.4769944898110068,2395.983882862105,2401.008988945307,2405.5992498532573,2411.8079493544483,2412.9751800280237,2414.709396921178,-5.1869026436243075,-4.496277826986171,-0.6906248166381364,-4.963986686303997,-2.1700835130936706,-2.7939031732103263,-0.797648389695496,1.107126730370449,-1.904775120065945,3.727332452687237,0.14529312372752726,0.1951769966982923,0.3012138110562488,2.5,38.0,SHORT,76829.9,-0.02901673602057314,-0.14919806042521824,-0.3526425528057331,-0.17556478495247002,19.90762124711452,5.514974433893656,23.022077141138297,54.7914691943127,76927.94752981806,77029.73437254064,77131.85046361457,77305.45443203389,77348.70813378117,77417.75338041787,77457.2971524215,77579.28979390318,-107.63777570903767,-95.36743213918689,-149.2531987180264,-85.5714499415679,-32.45999636812485,34.51782015111578,-178.01693823069218,-236.07715411565096,1.4742946798039729,2.4891654257770717,2.199876862075998,0.40368157885708994,0.06856519587891234,0.14133262477982006,0.20936789304312753,0.5631921947054443
2026-09-02T17:51:14.316981,PEPE_USDT,OPEN,SHORT,37.5,3.4239e-06,3.43588365e-06,3.3999327e-06,,,24.413145539905557,16.817359855334118,32.94849023090603,0.0029206460469119793,79910756.471,1.3709607927617407,2.9855636053696997,HIGH_EDGE,2026-09-02 17:50:59.235,2026-09-02 17:50:45.896,3.4239e-06,3.4231e-06,3.4232e-06,2292541.0,-0.0254,0.0001,1595694.0,4.320044141855396,3.4279880910080906e-06,3.4351153919917133e-06,3.439779635669644e-06,3.448039036414748e-06,3.449935992549332e-06,3.4582218622822632e-06,-7.008676929359278e-09,-5.584728733841375e-09,-1.423948195517903e-09,-7.303364299676703e-09,-4.276510803955803e-09,-3.0268534957208996e-09,-7.397205207072926e-09,-4.54608545723247e-09,-2.851119749840456e-09,3.6612704138075776,0.17231811676743042,0.25576514667901484,0.4084732114172233,1.5,39.0,SHORT,76829.9,-0.02901673602057314,-0.14919806042521824,-0.3526425528057331,-0.17556478495247002,19.90762124711452,5.514974433893656,23.022077141138297,54.7914691943127,76927.94752981806,77029.73437254064,77131.85046361457,77305.45443203389,77348.70813378117,77417.75338041787,77457.2971524215,77579.28979390318,-107.63777570903767,-95.36743213918689,-149.2531987180264,-85.5714499415679,-32.45999636812485,34.51782015111578,-178.01693823069218,-236.07715411565096,1.4742946798039729,2.4891654257770717,2.199876862075998,0.40368157885708994,0.06856519587891234,0.14133262477982006,0.20936789304312753,0.5631921947054443
2026-09-02T17:51:14.317171,ENA_USDT,OPEN,SHORT,46.0,0.15545,0.1566962857142857,0.15295742857142858,,,32.3185011709607,41.32712456344585,43.07891332470889,0.006432936635580573,48225248.9851,2.2543936212354776,4.118318162837076,HIGH_EDGE,2026-09-02 17:51:05.997,2026-09-02 17:50:45.861,0.15545,0.1555,0.15551,30274388.0,-0.043,1.9e-05,19844935.0,2.2454872470684637,0.15608768169221143,0.15673481864258537,0.15712491037741255,0.15744031449728105,0.157507692248222,0.15787338308907112,-0.0006665921256774343,-0.0006005931640755485,-6.599896160188585e-05,-0.00024243285549116478,-4.291008288609422e-05,-0.00019952277260507057,-0.00033110659366861195,-0.000230717165035936,-0.00010038942863267595,3.2938177978424514,0.2761567798557217,0.6681064191517713,1.1593070808252515,0.0,46.0,SHORT,76829.9,-0.02901673602057314,-0.14919806042521824,-0.3526425528057331,-0.17556478495247002,19.90762124711452,5.514974433893656,23.022077141138297,54.7914691943127,76927.94752981806,77029.73437254064,77131.85046361457,77305.45443203389,77348.70813378117,77417.75338041787,77457.2971524215,77579.28979390318,-107.63777570903767,-95.36743213918689,-149.2531987180264,-85.5714499415679,-32.45999636812485,34.51782015111578,-178.01693823069218,-236.07715411565096,1.4742946798039729,2.4891654257770717,2.199876862075998,0.40368157885708994,0.06856519587891234,0.14133262477982006,0.20936789304312753,0.5631921947054443
2026-09-02T18:01:24.840262,SILVER_USDT,LOSS,LONG,36.0,64.19,63.965335,64.63932999999999,63.965335,-1.0,,,,,,,,SL,,,,,,,,,,,,,,,,,,,,,,,,,,,,,,,,,,,,,,,,,,,,,,,,,,,,,,,,,,,,,,,,,
2026-09-02T18:11:21.769859,PEPE_USDT,LOSS,SHORT,37.5,3.4239e-06,3.43588365e-06,3.3999327e-06,3.43588365e-06,-1.0,,,,,,,,SL,,,,,,,,,,,,,,,,,,,,,,,,,,,,,,,,,,,,,,,,,,,,,,,,,,,,,,,,,,,,,,,,,
2026-09-02T18:11:21.769971,ENA_USDT,LOSS,SHORT,46.0,0.15545,0.1566962857142857,0.15295742857142858,0.1566962857142857,-1.0,,,,,,,,SL,,,,,,,,,,,,,,,,,,,,,,,,,,,,,,,,,,,,,,,,,,,,,,,,,,,,,,,,,,,,,,,,,
2026-09-02T18:31:23.694928,XAU_USDT,OPEN,SHORT,35.0,4313.62,4328.71767,4283.42466,,,31.96078431372321,28.181586330018646,38.67924528301863,0.0013909431057786891,920853015.78942,0.6478690485691007,3.3672776939853653,HIGH_EDGE,2026-09-02 18:30:56.558,2026-09-02 18:30:48.790,4313.62,4313.6,4313.66,211984406.0,-0.0146,0.000159,84415278.0,13.438637297039039,4314.072450914351,4316.921715908323,4320.083377550732,4323.924773012202,4323.085260588859,4323.514070818408,-2.9164963213806914,-2.4897091513622813,-0.42678717001841004,-3.0575247159558785,-1.4656986287991423,-1.5918260871567362,-0.041385217155038845,1.0908631012658085,-1.1322483184208474,2.2891213815398634,0.03714149269390623,0.11238489117857242,0.20400498884926796,1.0,36.0,SHORT,76863.9,0.07408178942022756,0.1876957608130355,-0.07150388266082848,-0.8035691226982812,48.77538203893538,30.585522523264714,19.100294985250116,44.256019599586494,76813.17680357306,76843.81446139456,76902.79115541466,77069.20195346189,77115.26416449525,77281.25329221,77329.77772193917,77510.23445047975,-37.0062765336188,-39.994621288186465,-174.8987834615982,-159.91826488221713,-122.68041945162986,-32.556276532393895,-216.6048396078986,-232.1545982406202,0.6675014106193629,0.9894947185316193,2.2136276605566616,0.9577750803013222,0.0852155563274841,0.18073689803851764,0.25103740879286685,0.5527859725343823
2026-09-02T18:31:23.695206,XAUT_USDT,OPEN,SHORT,36.0,4308.1,4323.178350000001,4277.9433,,,25.190839694653732,26.5251989389933,37.59842519684985,0.006963626656745952,410536640.3697,0.45302266717987366,2.388401315398193,HIGH_EDGE,2026-09-02 18:30:58.610,2026-09-02 18:30:48.831,4308.1,4308.1,4308.4,94651207.0,-0.0138,4.3e-05,46980313.0,-9.080174824228164,4308.481038857868,4311.387619461769,4314.262664203609,4318.22164936979,4317.458846259911,4318.23322450662,-2.9413347589761543,-2.4663609817675565,-0.4749737772085978,-3.2121432300982633,-1.630735440966371,-1.5814077891318923,-0.35016829444521136,0.8553900771292929,-1.2055583715745044,2.208104910292317,0.041118557401844065,0.11108642523884184,0.19663955273620848,1.0,37.0,SHORT,76863.9,0.07408178942022756,0.1876957608130355,-0.07150388266082848,-0.8035691226982812,48.77538203893538,30.585522523264714,19.100294985250116,44.256019599586494,76813.17680357306,76843.81446139456,76902.79115541466,77069.20195346189,77115.26416449525,77281.25329221,77329.77772193917,77510.23445047975,-37.0062765336188,-39.994621288186465,-174.8987834615982,-159.91826488221713,-122.68041945162986,-32.556276532393895,-216.6048396078986,-232.1545982406202,0.6675014106193629,0.9894947185316193,2.2136276605566616,0.9577750803013222,0.0852155563274841,0.18073689803851764,0.25103740879286685,0.5527859725343823
2026-09-02T18:31:23.695404,LINK_USDT,OPEN,SHORT,36.0,11.075,11.114685714285713,10.99562857142857,,,38.73239436619685,32.342007434944136,29.116945107398507,0.009029345372455493,41783752.0143,6.1036821831104655,0.4398561559255701,HIGH_EDGE,2026-09-02 18:31:18.165,2026-09-02 18:30:48.839,11.075,11.077,11.078,37018353.0,-0.0306,0.0001,22010994.0,4.297394023872838,11.096720433326825,11.104997952555792,11.115597898143681,11.145081909676065,11.150962804982914,11.183495604983168,-0.007748295315902709,-0.005455024002383813,-0.002293271313518896,-0.03221106409238317,-0.03135507222886065,-0.0008559918635225178,-0.024956430891407422,-0.008107823248316923,-0.0168486076430905,1.7567408683014543,0.14898419864559811,0.29861335053208937,0.5224121251209268,1.5,37.5,SHORT,76863.9,0.07408178942022756,0.1876957608130355,-0.07150388266082848,-0.8035691226982812,48.77538203893538,30.585522523264714,19.100294985250116,44.256019599586494,76813.17680357306,76843.81446139456,76902.79115541466,77069.20195346189,77115.26416449525,77281.25329221,77329.77772193917,77510.23445047975,-37.0062765336188,-39.994621288186465,-174.8987834615982,-159.91826488221713,-122.68041945162986,-32.556276532393895,-216.6048396078986,-232.1545982406202,0.6675014106193629,0.9894947185316193,2.2136276605566616,0.9577750803013222,0.0852155563274841,0.18073689803851764,0.25103740879286685,0.5527859725343823
2026-09-02T18:41:08.392852,SKHYNIXSTOCK_USDT,WIN,SHORT,35.0,1176.55,1180.667925,1168.31415,1168.31415,2.0,,,,,,,,TP,,,,,,,,,,,,,,,,,,,,,,,,,,,,,,,,,,,,,,,,,,,,,,,,,,,,,,,,,,,,,,,,,
2026-09-02T18:41:08.392950,ETH_USDT,WIN,SHORT,35.5,2392.7,2401.07445,2375.9510999999998,2375.9510999999998,2.0,,,,,,,,TP,,,,,,,,,,,,,,,,,,,,,,,,,,,,,,,,,,,,,,,,,,,,,,,,,,,,,,,,,,,,,,,,,
2026-09-02T18:41:08.393024,XRP_USDT,OPEN,SHORT,35.0,1.3238,1.3293714285714286,1.3126571428571427,,,23.35766423357599,28.211586901763027,25.699745547073718,0.007554011179935714,368995764.4344,0.620231293288327,1.9671971543217828,HIGH_EDGE,2026-09-02 18:40:46.833,2026-09-02 18:40:35.820,1.3238,1.3237,1.3238,272207990.0,-0.039,8.4e-05,138894782.0,1.10841552953158,1.3249926630410105,1.3271863990235502,1.3293438620212634,1.3338075244489886,1.3367900365458874,1.3413138218268124,-0.002112236186544436,-0.0015996912555632742,-0.0005125449309811619,-0.004628077920470819,-0.004070994482606813,-0.0005570834378640062,-0.00387178151563794,-0.0020560260599554805,-0.0018157554556824593,2.221122954803293,0.15755509032439385,0.350721947639912,0.4624133986575461,0.0,35.0,SHORT,76560.7,0.010319674786544945,-0.15948776130303055,-0.07150388266082848,-0.8035691226982812,25.893599334994974,26.545636480594908,19.100294985250116,44.256019599586494,76625.33487119206,76707.71395189759,76799.20633946554,76991.05620046961,77115.26416449525,77281.25329221,77329.77772193917,77510.23445047975,-82.39691319013946,-66.64913999151477,-197.0466057722806,-171.05190096918722,-122.68041945162986,-32.556276532393895,-216.6048396078986,-232.1545982406202,0.40353185010981263,1.6420085481036162,2.2136276605566616,0.9577750803013222,0.08470403222541285,0.20540191358901141,0.2520315812905843,0.554975146704321
2026-09-02T19:31:22.441953,LINK_USDT,WIN,SHORT,36.0,11.075,11.114685714285713,10.99562857142857,10.99562857142857,2.0,,,,,,,,TP,,,,,,,,,,,,,,,,,,,,,,,,,,,,,,,,,,,,,,,,,,,,,,,,,,,,,,,,,,,,,,,,,
2026-09-02T20:41:17.379195,XAU_USDT,LOSS,SHORT,35.0,4313.62,4328.71767,4283.42466,4328.71767,-1.0,,,,,,,,SL,,,,,,,,,,,,,,,,,,,,,,,,,,,,,,,,,,,,,,,,,,,,,,,,,,,,,,,,,,,,,,,,,
2026-09-02T20:41:17.379335,XAUT_USDT,LOSS,SHORT,36.0,4308.1,4323.178350000001,4277.9433,4323.178350000001,-1.0,,,,,,,,SL,,,,,,,,,,,,,,,,,,,,,,,,,,,,,,,,,,,,,,,,,,,,,,,,,,,,,,,,,,,,,,,,,
2026-09-02T20:51:12.219972,USOIL_USDT,OPEN,SHORT,35.0,89.35,89.662725,88.72455,,,52.307692307691134,22.754491017963772,40.53030303030308,0.022383883603800808,92535957.0828,2.933459461464676,1.7604508269257344,HIGH_EDGE,2026-09-02 20:50:56.647,2026-09-02 20:50:41.739,89.35,89.34,89.36,102961242.0,0.0129,-7.9e-05,80488479.0,-3.281132717220063,89.51284650803818,89.53467188497376,89.63088806340072,89.86161472420034,89.90975588087875,90.133030963015,-0.04229169934509969,-0.05919996114650648,0.016908261801406796,-0.21374180137533472,-0.15170283317030708,-0.062038968205027634,-0.20375056739482034,-0.13607546736664777,-0.06767510002817256,2.11935690457963,0.08553841234311242,0.2574146614437638,0.4172995443280815,3.0,38.0,SHORT,76584.0,-0.04085345877390405,-0.03902686066104739,0.1910608125249991,-0.10297439587268194,47.055427251733384,54.60045019696121,29.994305533985056,34.46771029347018,76602.4027047269,76587.60924410383,76579.81080300843,76605.5321207782,76663.26439026708,76886.71859588694,77093.77374204122,77365.56591205098,19.589357826160267,24.799029281543216,-56.5256786832615,-86.67201995253794,-225.79118205342093,-195.8549419423093,-283.9604448779137,-245.6758189080803,0.5979608430554842,0.5417373252395462,1.168233831705757,1.1854330118813117,0.05746258077032318,0.20283050543940653,0.35954917849308055,0.5994724746683362
2026-09-02T21:31:24.511200,XRP_USDT,LOSS,SHORT,35.0,1.3238,1.3293714285714286,1.3126571428571427,1.3293714285714286,-1.0,,,,,,,,SL,,,,,,,,,,,,,,,,,,,,,,,,,,,,,,,,,,,,,,,,,,,,,,,,,,,,,,,,,,,,,,,,,
2026-09-02T21:31:24.511325,USOIL_USDT,LOSS,SHORT,35.0,89.35,89.662725,88.72455,89.662725,-1.0,,,,,,,,SL,,,,,,,,,,,,,,,,,,,,,,,,,,,,,,,,,,,,,,,,,,,,,,,,,,,,,,,,,,,,,,,,,
2026-09-02T22:21:20.977659,SNDKSTOCK_USDT,OPEN,LONG,35.5,1538.03,1532.457714285714,1549.1745714285717,,,62.72251308900563,58.9016294508145,65.42735042735043,0.0006501823761559206,112285506.30262,0.5093651895602849,1.0051900930679587,HIGH_EDGE,2026-09-02 22:21:01.238,2026-09-02 22:20:43.680,1538.03,1538.02,1538.03,72555795.0,-0.0386,0.000355,11728935.0,-0.11795326935192382,1535.485497942677,1534.7010065860711,1534.4420316992243,1532.5169650626315,1531.2627948235192,1529.4458673571585,0.5172653247620929,0.025269765490821938,0.4919955592712709,2.390866034306555,2.744401023699288,-0.3535349893927333,0.8628927182105599,-0.6829020535638807,1.5457947717744407,1.6184996042516175,0.06562197839351132,0.30191683052811014,0.40752502505524335,37.0,1.5,LONG,76784.4,0.0,0.11003911342893635,0.16415429197524115,-0.2789480195602168,42.54957507082132,51.64872139973053,54.94729485760866,37.0462688892351,76759.13057276625,76746.53414770355,76739.40014079485,76729.18953856087,76720.7283803217,76829.63056165079,76941.03519490334,77245.93112561612,8.412260567434714,1.6949790309884967,11.332090547992266,15.932388283593964,-140.14071128494106,-165.19524897562235,-314.66488011296315,-267.01109937561483,0.37010694538513284,0.6211755669015602,1.0689497997487523,1.0059895838946715,0.04946131170989454,0.15200260171894903,0.3200985021511053,0.5956939169935552
2026-09-02T22:31:29.950315,SNDKSTOCK_USDT,LOSS,LONG,35.5,1538.03,1532.457714285714,1549.1745714285717,1532.457714285714,-1.0,,,,,,,,SL,,,,,,,,,,,,,,,,,,,,,,,,,,,,,,,,,,,,,,,,,,,,,,,,,,,,,,,,,,,,,,,,,
2026-09-02T22:31:29.950474,SOXL_USDT,OPEN,LONG,37.0,104.25,103.65171428571428,105.44657142857145,,,64.48598130841117,55.477855477855435,72.38239757207896,0.009592326139093636,37886490.2514,1.206214694582848,1.6153250552824474,HIGH_EDGE,2026-09-02 22:31:25.319,2026-09-02 22:30:53.919,104.25,104.21,104.22,36255128.0,-0.0318,0.000328,15998358.0,0.4042060626265223,104.26113537001217,104.00694156264893,103.90082352802088,103.63851213798532,103.66249715838966,103.35269655626134,0.24260640759518992,0.18837636203824942,0.0542300455569405,0.2879831859313384,0.2658639684463036,0.022119217485034814,0.1695685280257635,-0.05987594752123227,0.22944447554699576,2.003179219915316,0.26036313806098055,0.47824597464885554,0.8228845495032548,38.0,1.0,LONG,76840.1,-0.08581894024011098,0.11908996504176453,0.18265971316819535,-0.2789480195602168,63.630214205186554,50.976685570258674,53.65444524323033,37.0462688892351,76808.74826346178,76775.62342378177,76761.02809010909,76740.88343099736,76744.60270425657,76830.58021013786,76941.03519490334,77245.93112561612,26.365107490040828,11.399344214538498,18.377753760491032,15.68593709718295,-121.69878783109016,-156.4653696124761,-314.66488011296315,-267.01109937561483,1.196950078885184,1.2553098395045201,0.7763708573412784,1.0059895838946715,0.06232794744262334,0.16007267038955056,0.31665014193667795,0.5952621092372333
2026-09-02T22:51:07.969654,SOXL_USDT,LOSS,LONG,37.0,104.25,103.65171428571428,105.44657142857145,103.65171428571428,-1.0,,,,,,,,SL,,,,,,,,,,,,,,,,,,,,,,,,,,,,,,,,,,,,,,,,,,,,,,,,,,,,,,,,,,,,,,,,,
2026-09-02T23:11:15.289176,SPY_USDT,LOSS,SHORT,35.0,761.48,764.1451800000001,756.14964,764.1451800000001,-1.0,,,,,,,,SL,,,,,,,,,,,,,,,,,,,,,,,,,,,,,,,,,,,,,,,,,,,,,,,,,,,,,,,,,,,,,,,,,
2026-09-02T23:11:15.289282,SPX500_USDT,LOSS,SHORT,41.0,7625.8,7652.4903,7572.4194,7652.4903,-1.0,,,,,,,,SL,,,,,,,,,,,,,,,,,,,,,,,,,,,,,,,,,,,,,,,,,,,,,,,,,,,,,,,,,,,,,,,,,
