direction,entry_price,entry_time_jst,event_id,risk_units,sl_price,spec_version,tp_price,trade_id
LONG,10.62,2026-09-25T06:54:31.192000+09:00,511_202609250650_AVAX_USDT_LONG,1,10.566899999999999,1.0,10.673099999999998,511_202609250650_AVAX_USDT_LONG_B1_REFERENCE
SHORT,100.04,2026-09-25T06:54:09.392000+09:00,511_202609250650_UKOIL_USDT_SHORT,1,100.5402,1.0,99.5398,511_202609250650_UKOIL_USDT_SHORT_B1_REFERENCE
SHORT,92.352,2026-09-25T07:03:55.277000+09:00,511_202609250700_HYPE_USDT_SHORT,1,92.81375999999999,1.0,91.89024,511_202609250700_HYPE_USDT_SHORT_B1_REFERENCE
SHORT,9.163,2026-09-25T07:04:05.868000+09:00,511_202609250700_UNI_USDT_SHORT,1,9.208815,1.0,9.117185000000001,511_202609250700_UNI_USDT_SHORT_B1_REFERENCE
SHORT,94.38,2026-09-25T07:03:57.914000+09:00,511_202609250700_USOIL_USDT_SHORT,1,94.85189999999999,1.0,93.90809999999999,511_202609250700_USOIL_USDT_SHORT_B1_REFERENCE
SHORT,0.09513,2026-09-25T07:23:45.700000+09:00,511_202609250720_DOGE_USDT_SHORT,1,0.09560565,1.0,0.09465435000000001,511_202609250720_DOGE_USDT_SHORT_B1_REFERENCE
SHORT,9.117,2026-09-25T07:23:59.659000+09:00,511_202609250720_UNI_USDT_SHORT,1,9.162585,1.0,9.071415,511_202609250720_UNI_USDT_SHORT_B1_REFERENCE
SHORT,10.13,2026-09-25T08:15:34.166000+09:00,511_202609250815_AVAX_USDT_SHORT,1,10.18065,1.0,10.079350000000002,511_202609250815_AVAX_USDT_SHORT_B1_REFERENCE
SHORT,0.09561,2026-09-25T08:15:21.025000+09:00,511_202609250815_DOGE_USDT_SHORT,1,0.09608805,1.0,0.09513195,511_202609250815_DOGE_USDT_SHORT_B1_REFERENCE
SHORT,116.58,2026-09-25T08:15:13.916000+09:00,511_202609250815_SOL_USDT_SHORT,1,117.16289999999998,1.0,115.9971,511_202609250815_SOL_USDT_SHORT_B1_REFERENCE
SHORT,7691.9,2026-09-25T08:15:28.030000+09:00,511_202609250815_SPX500_USDT_SHORT,1,7730.359499999999,1.0,7653.4405,511_202609250815_SPX500_USDT_SHORT_B1_REFERENCE
SHORT,0.21728,2026-09-25T08:23:53.047000+09:00,511_202609250820_ARB_USDT_SHORT,1,0.2183664,1.0,0.2161936,511_202609250820_ARB_USDT_SHORT_B1_REFERENCE
SHORT,4.594,2026-09-25T08:23:37.358000+09:00,511_202609250820_NEAR_USDT_SHORT,1,4.61697,1.0,4.57103,511_202609250820_NEAR_USDT_SHORT_B1_REFERENCE
SHORT,8.035,2026-09-25T08:44:02.852000+09:00,511_202609250840_INJ_USDT_SHORT,1,8.075175,1.0,7.9948250000000005,511_202609250840_INJ_USDT_SHORT_B1_REFERENCE
SHORT,4.4186e-06,2026-09-25T08:43:46.959000+09:00,511_202609250840_PEPE_USDT_SHORT,1,4.440693e-06,1.0,4.396507e-06,511_202609250840_PEPE_USDT_SHORT_B1_REFERENCE
SHORT,0.21682,2026-09-25T08:52:41.665000+09:00,511_202609250850_ARB_USDT_SHORT,1,0.2179041,1.0,0.2157359,511_202609250850_ARB_USDT_SHORT_B1_REFERENCE
SHORT,4.608,2026-09-25T08:52:25.168000+09:00,511_202609250850_NEAR_USDT_SHORT,1,4.63104,1.0,4.58496,511_202609250850_NEAR_USDT_SHORT_B1_REFERENCE
LONG,71.94,2026-09-25T09:04:07.149000+09:00,511_202609250900_LTC_USDT_LONG,1,71.5803,1.0,72.29969999999999,511_202609250900_LTC_USDT_LONG_B1_REFERENCE
SHORT,766.74,2026-09-25T09:04:22.389000+09:00,511_202609250900_SPY_USDT_SHORT,1,770.5736999999999,1.0,762.9063,511_202609250900_SPY_USDT_SHORT_B1_REFERENCE
LONG,0.2497,2026-09-25T09:13:49.159000+09:00,511_202609250910_ADA_USDT_LONG,1,0.2484515,1.0,0.25094849999999996,511_202609250910_ADA_USDT_LONG_B1_REFERENCE
LONG,13.325,2026-09-25T09:13:47.092000+09:00,511_202609250910_LINK_USDT_LONG,1,13.258375,1.0,13.391624999999998,511_202609250910_LINK_USDT_LONG_B1_REFERENCE
LONG,0.5254,2026-09-25T09:13:40.024000+09:00,511_202609250910_ONDO_USDT_LONG,1,0.5227729999999999,1.0,0.5280269999999999,511_202609250910_ONDO_USDT_LONG_B1_REFERENCE
LONG,117.45,2026-09-25T09:13:31.819000+09:00,511_202609250910_SOL_USDT_LONG,1,116.86275,1.0,118.03724999999999,511_202609250910_SOL_USDT_LONG_B1_REFERENCE
LONG,1.0225,2026-09-25T09:13:37.090000+09:00,511_202609250910_SUI_USDT_LONG,1,1.0173875,1.0,1.0276124999999998,511_202609250910_SUI_USDT_LONG_B1_REFERENCE
SHORT,93.87,2026-09-25T09:13:46.070000+09:00,511_202609250910_USOIL_USDT_SHORT,1,94.33935,1.0,93.40065,511_202609250910_USOIL_USDT_SHORT_B1_REFERENCE
LONG,1.5433,2026-09-25T09:13:30.808000+09:00,511_202609250910_XRP_USDT_LONG,1,1.5355835,1.0,1.5510164999999998,511_202609250910_XRP_USDT_LONG_B1_REFERENCE
SHORT,10.248,2026-09-25T09:23:43.853000+09:00,511_202609250920_AVAX_USDT_SHORT,1,10.299239999999998,1.0,10.19676,511_202609250920_AVAX_USDT_SHORT_B1_REFERENCE
SHORT,8.025,2026-09-25T09:23:47.064000+09:00,511_202609250920_INJ_USDT_SHORT,1,8.065125,1.0,7.984875000000001,511_202609250920_INJ_USDT_SHORT_B1_REFERENCE
LONG,297.96,2026-09-25T09:23:33.263000+09:00,511_202609250920_TAO_USDT_LONG,1,296.4702,1.0,299.4497999999999,511_202609250920_TAO_USDT_LONG_B1_REFERENCE
SHORT,71.2,2026-09-25T09:33:56.442000+09:00,511_202609250930_LTC_USDT_SHORT,1,71.556,1.0,70.84400000000001,511_202609250930_LTC_USDT_SHORT_B1_REFERENCE
SHORT,91.32,2026-09-25T09:43:53.110000+09:00,511_202609250940_HYPE_USDT_SHORT,1,91.77659999999999,1.0,90.8634,511_202609250940_HYPE_USDT_SHORT_B1_REFERENCE
LONG,1764.3,2026-09-25T09:43:54.928000+09:00,511_202609250940_SNDKSTOCK_USDT_LONG,1,1755.4785,1.0,1773.1214999999997,511_202609250940_SNDKSTOCK_USDT_LONG_B1_REFERENCE
SHORT,93.63,2026-09-25T09:43:55.811000+09:00,511_202609250940_USOIL_USDT_SHORT,1,94.09814999999999,1.0,93.16185,511_202609250940_USOIL_USDT_SHORT_B1_REFERENCE
LONG,1.5485,2026-09-25T09:43:41.640000+09:00,511_202609250940_XRP_USDT_LONG,1,1.5407575,1.0,1.5562424999999998,511_202609250940_XRP_USDT_LONG_B1_REFERENCE
LONG,0.23455,2026-09-25T09:53:56.014000+09:00,511_202609250950_ENA_USDT_LONG,1,0.23337725,1.0,0.23572274999999998,511_202609250950_ENA_USDT_LONG_B1_REFERENCE
LONG,1.0355,2026-09-25T09:53:34.722000+09:00,511_202609250950_SUI_USDT_LONG,1,1.0303225,1.0,1.0406775,511_202609250950_SUI_USDT_LONG_B1_REFERENCE
LONG,0.23682,2026-09-25T10:04:15.767000+09:00,511_202609251000_ENA_USDT_LONG,1,0.2356359,1.0,0.23800409999999997,511_202609251000_ENA_USDT_LONG_B1_REFERENCE
LONG,1.0547,2026-09-25T10:03:51.864000+09:00,511_202609251000_SUI_USDT_LONG,1,1.0494265,1.0,1.0599735,511_202609251000_SUI_USDT_LONG_B1_REFERENCE
LONG,0.252,2026-09-25T10:14:32.894000+09:00,511_202609251010_ADA_USDT_LONG,1,0.25074,1.0,0.25326,511_202609251010_ADA_USDT_LONG_B1_REFERENCE
LONG,13.401,2026-09-25T10:14:30.925000+09:00,511_202609251010_LINK_USDT_LONG,1,13.333995,1.0,13.468004999999998,511_202609251010_LINK_USDT_LONG_B1_REFERENCE
SHORT,71.41,2026-09-25T10:24:15.033000+09:00,511_202609251020_LTC_USDT_SHORT,1,71.76704999999998,1.0,71.05295,511_202609251020_LTC_USDT_SHORT_B1_REFERENCE
LONG,1084.91,2026-09-25T10:24:12.479000+09:00,511_202609251020_MUSTOCK_USDT_LONG,1,1079.4854500000001,1.0,1090.33455,511_202609251020_MUSTOCK_USDT_LONG_B1_REFERENCE
SHORT,91.43,2026-09-25T10:33:53.482000+09:00,511_202609251030_HYPE_USDT_SHORT,1,91.88714999999999,1.0,90.97285000000001,511_202609251030_HYPE_USDT_SHORT_B1_REFERENCE
LONG,0.2507,2026-09-25T10:43:50.246000+09:00,511_202609251040_ADA_USDT_LONG,1,0.2494465,1.0,0.25195349999999994,511_202609251040_ADA_USDT_LONG_B1_REFERENCE
LONG,0.09608,2026-09-25T10:43:41.499000+09:00,511_202609251040_DOGE_USDT_LONG,1,0.09559959999999999,1.0,0.09656039999999999,511_202609251040_DOGE_USDT_LONG_B1_REFERENCE
LONG,767.87,2026-09-25T10:43:53.483000+09:00,511_202609251040_SPY_USDT_LONG,1,764.03065,1.0,771.70935,511_202609251040_SPY_USDT_LONG_B1_REFERENCE
LONG,13.404,2026-09-25T10:53:51.597000+09:00,511_202609251050_LINK_USDT_LONG,1,13.33698,1.0,13.47102,511_202609251050_LINK_USDT_LONG_B1_REFERENCE
SHORT,93.28,2026-09-25T10:53:49.571000+09:00,511_202609251050_USOIL_USDT_SHORT,1,93.7464,1.0,92.8136,511_202609251050_USOIL_USDT_SHORT_B1_REFERENCE
LONG,0.21954,2026-09-25T11:03:30.608000+09:00,511_202609251100_ARB_USDT_LONG,1,0.2184423,1.0,0.2206377,511_202609251100_ARB_USDT_LONG_B1_REFERENCE
LONG,13.441,2026-09-25T11:03:21.782000+09:00,511_202609251100_LINK_USDT_LONG,1,13.373795000000001,1.0,13.508204999999998,511_202609251100_LINK_USDT_LONG_B1_REFERENCE
LONG,1333.6,2026-09-25T11:03:34.182000+09:00,511_202609251100_SKHYNIXSTOCK_USDT_LONG,1,1326.932,1.0,1340.2679999999998,511_202609251100_SKHYNIXSTOCK_USDT_LONG_B1_REFERENCE
LONG,0.2514,2026-09-25T11:12:44.729000+09:00,511_202609251110_ADA_USDT_LONG,1,0.250143,1.0,0.25265699999999996,511_202609251110_ADA_USDT_LONG_B1_REFERENCE
LONG,1556.78,2026-09-25T11:12:20.696000+09:00,511_202609251110_ZEC_USDT_LONG,1,1548.9961,1.0,1564.5638999999999,511_202609251110_ZEC_USDT_LONG_B1_REFERENCE
LONG,84769.4,2026-09-25T11:22:59.532000+09:00,511_202609251120_BTC_USDT_LONG,1,84345.553,1.0,85193.24699999999,511_202609251120_BTC_USDT_LONG_B1_REFERENCE
LONG,64.04,2026-09-25T11:23:05.790000+09:00,511_202609251120_SILVER_USDT_LONG,1,63.719800000000006,1.0,64.3602,511_202609251120_SILVER_USDT_LONG_B1_REFERENCE
SHORT,0.4386,2026-09-25T11:23:19.537000+09:00,511_202609251120_WLD_USDT_SHORT,1,0.44079299999999993,1.0,0.436407,511_202609251120_WLD_USDT_SHORT_B1_REFERENCE
LONG,0.5398,2026-09-25T11:34:00.068000+09:00,511_202609251130_ONDO_USDT_LONG,1,0.5371009999999999,1.0,0.5424989999999998,511_202609251130_ONDO_USDT_LONG_B1_REFERENCE
LONG,1084.43,2026-09-25T11:43:34.875000+09:00,511_202609251140_MUSTOCK_USDT_LONG,1,1079.00785,1.0,1089.85215,511_202609251140_MUSTOCK_USDT_LONG_B1_REFERENCE
SHORT,4.464,2026-09-25T11:52:27.597000+09:00,511_202609251150_NEAR_USDT_SHORT,1,4.48632,1.0,4.441680000000001,511_202609251150_NEAR_USDT_SHORT_B1_REFERENCE
SHORT,4.3871e-06,2026-09-25T11:52:33.110000+09:00,511_202609251150_PEPE_USDT_SHORT,1,4.409035499999999e-06,1.0,4.3651645e-06,511_202609251150_PEPE_USDT_SHORT_B1_REFERENCE
SHORT,4.496,2026-09-25T12:03:57.107000+09:00,511_202609251200_NEAR_USDT_SHORT,1,4.51848,1.0,4.473520000000001,511_202609251200_NEAR_USDT_SHORT_B1_REFERENCE
SHORT,10.15,2026-09-25T12:13:53.357000+09:00,511_202609251210_AVAX_USDT_SHORT,1,10.20075,1.0,10.09925,511_202609251210_AVAX_USDT_SHORT_B1_REFERENCE
SHORT,4.3907e-06,2026-09-25T12:13:41.953000+09:00,511_202609251210_PEPE_USDT_SHORT,1,4.4126535e-06,1.0,4.3687465e-06,511_202609251210_PEPE_USDT_SHORT_B1_REFERENCE
LONG,1775.04,2026-09-25T12:13:46.018000+09:00,511_202609251210_SNDKSTOCK_USDT_LONG,1,1766.1648,1.0,1783.9151999999997,511_202609251210_SNDKSTOCK_USDT_LONG_B1_REFERENCE
SHORT,1539.74,2026-09-25T12:13:28.575000+09:00,511_202609251210_ZEC_USDT_SHORT,1,1547.4387,1.0,1532.0413,511_202609251210_ZEC_USDT_SHORT_B1_REFERENCE
SHORT,294.81,2026-09-25T12:23:58.419000+09:00,511_202609251220_TAO_USDT_SHORT,1,296.28405,1.0,293.33595,511_202609251220_TAO_USDT_SHORT_B1_REFERENCE
SHORT,9.097,2026-09-25T12:24:08.046000+09:00,511_202609251220_UNI_USDT_SHORT,1,9.142484999999999,1.0,9.051515,511_202609251220_UNI_USDT_SHORT_B1_REFERENCE
SHORT,0.09489,2026-09-25T12:33:58.547000+09:00,511_202609251230_DOGE_USDT_SHORT,1,0.09536444999999999,1.0,0.09441555,511_202609251230_DOGE_USDT_SHORT_B1_REFERENCE
SHORT,10.165,2026-09-25T12:54:01.893000+09:00,511_202609251250_AVAX_USDT_SHORT,1,10.215824999999999,1.0,10.114175,511_202609251250_AVAX_USDT_SHORT_B1_REFERENCE
SHORT,293.61,2026-09-25T12:53:51.679000+09:00,511_202609251250_TAO_USDT_SHORT,1,295.07804999999996,1.0,292.14195,511_202609251250_TAO_USDT_SHORT_B1_REFERENCE
SHORT,0.2472,2026-09-25T13:04:08.683000+09:00,511_202609251300_ADA_USDT_SHORT,1,0.248436,1.0,0.245964,511_202609251300_ADA_USDT_SHORT_B1_REFERENCE
SHORT,0.221,2026-09-25T13:04:15.594000+09:00,511_202609251300_ENA_USDT_SHORT,1,0.22210499999999997,1.0,0.219895,511_202609251300_ENA_USDT_SHORT_B1_REFERENCE
SHORT,2674.93,2026-09-25T13:03:47.968000+09:00,511_202609251300_ETH_USDT_SHORT,1,2688.3046499999996,1.0,2661.5553499999996,511_202609251300_ETH_USDT_SHORT_B1_REFERENCE
SHORT,9.092,2026-09-25T13:04:14.623000+09:00,511_202609251300_UNI_USDT_SHORT,1,9.137459999999999,1.0,9.04654,511_202609251300_UNI_USDT_SHORT_B1_REFERENCE
SHORT,0.431,2026-09-25T13:04:11.674000+09:00,511_202609251300_WLD_USDT_SHORT,1,0.43315499999999996,1.0,0.428845,511_202609251300_WLD_USDT_SHORT_B1_REFERENCE
SHORT,84055.8,2026-09-25T13:13:42.031000+09:00,511_202609251310_BTC_USDT_SHORT,1,84476.079,1.0,83635.52100000001,511_202609251310_BTC_USDT_SHORT_B1_REFERENCE
SHORT,0.09503,2026-09-25T13:13:54.906000+09:00,511_202609251310_DOGE_USDT_SHORT,1,0.09550515,1.0,0.09455485000000001,511_202609251310_DOGE_USDT_SHORT_B1_REFERENCE
SHORT,1.5287,2026-09-25T13:13:44.649000+09:00,511_202609251310_XRP_USDT_SHORT,1,1.5363434999999999,1.0,1.5210565,511_202609251310_XRP_USDT_SHORT_B1_REFERENCE
SHORT,4.47,2026-09-25T13:53:34.396000+09:00,511_202609251350_NEAR_USDT_SHORT,1,4.492349999999999,1.0,4.447649999999999,511_202609251350_NEAR_USDT_SHORT_B1_REFERENCE
SHORT,116.8,2026-09-25T13:53:28.913000+09:00,511_202609251350_SOL_USDT_SHORT,1,117.38399999999999,1.0,116.216,511_202609251350_SOL_USDT_SHORT_B1_REFERENCE
LONG,299.5,2026-09-25T13:53:38.794000+09:00,511_202609251350_TAO_USDT_LONG,1,298.0025,1.0,300.99749999999995,511_202609251350_TAO_USDT_LONG_B1_REFERENCE
LONG,0.5347,2026-09-25T14:03:56.501000+09:00,511_202609251400_ONDO_USDT_LONG,1,0.5320265,1.0,0.5373735,511_202609251400_ONDO_USDT_LONG_B1_REFERENCE
SHORT,0.09501,2026-09-25T14:13:53.595000+09:00,511_202609251410_DOGE_USDT_SHORT,1,0.09548504999999999,1.0,0.09453494999999999,511_202609251410_DOGE_USDT_SHORT_B1_REFERENCE
SHORT,116.27,2026-09-25T14:13:45.638000+09:00,511_202609251410_SOL_USDT_SHORT,1,116.85134999999998,1.0,115.68865,511_202609251410_SOL_USDT_SHORT_B1_REFERENCE
SHORT,1.01,2026-09-25T14:13:49.946000+09:00,511_202609251410_SUI_USDT_SHORT,1,1.01505,1.0,1.00495,511_202609251410_SUI_USDT_SHORT_B1_REFERENCE
SHORT,4261.87,2026-09-25T14:13:46.489000+09:00,511_202609251410_XAU_USDT_SHORT,1,4283.179349999999,1.0,4240.560649999999,511_202609251410_XAU_USDT_SHORT_B1_REFERENCE
SHORT,0.09485,2026-09-25T14:23:42.893000+09:00,511_202609251420_DOGE_USDT_SHORT,1,0.09532425,1.0,0.09437575000000001,511_202609251420_DOGE_USDT_SHORT_B1_REFERENCE
SHORT,0.2464,2026-09-25T14:34:01.153000+09:00,511_202609251430_ADA_USDT_SHORT,1,0.247632,1.0,0.245168,511_202609251430_ADA_USDT_SHORT_B1_REFERENCE
SHORT,1.5269,2026-09-25T14:33:43.786000+09:00,511_202609251430_XRP_USDT_SHORT,1,1.5345344999999997,1.0,1.5192655,511_202609251430_XRP_USDT_SHORT_B1_REFERENCE
SHORT,0.09499,2026-09-25T14:43:42.648000+09:00,511_202609251440_DOGE_USDT_SHORT,1,0.09546494999999999,1.0,0.09451505,511_202609251440_DOGE_USDT_SHORT_B1_REFERENCE
SHORT,10.2,2026-09-25T14:53:57.013000+09:00,511_202609251450_AVAX_USDT_SHORT,1,10.250999999999998,1.0,10.149,511_202609251450_AVAX_USDT_SHORT_B1_REFERENCE
LONG,298.55,2026-09-25T14:53:46.828000+09:00,511_202609251450_TAO_USDT_LONG,1,297.05725,1.0,300.04274999999996,511_202609251450_TAO_USDT_LONG_B1_REFERENCE
SHORT,4267.2,2026-09-25T14:53:36.539000+09:00,511_202609251450_XAUT_USDT_SHORT,1,4288.535999999999,1.0,4245.864,511_202609251450_XAUT_USDT_SHORT_B1_REFERENCE
SHORT,4273.0,2026-09-25T14:53:35.560000+09:00,511_202609251450_XAU_USDT_SHORT,1,4294.365,1.0,4251.635,511_202609251450_XAU_USDT_SHORT_B1_REFERENCE
SHORT,0.22162,2026-09-25T15:04:10.690000+09:00,511_202609251500_ENA_USDT_SHORT,1,0.22272809999999998,1.0,0.2205119,511_202609251500_ENA_USDT_SHORT_B1_REFERENCE
LONG,13.439,2026-09-25T15:04:01.827000+09:00,511_202609251500_LINK_USDT_LONG,1,13.371805,1.0,13.506194999999998,511_202609251500_LINK_USDT_LONG_B1_REFERENCE
LONG,0.5364,2026-09-25T15:03:53.060000+09:00,511_202609251500_ONDO_USDT_LONG,1,0.533718,1.0,0.539082,511_202609251500_ONDO_USDT_LONG_B1_REFERENCE
LONG,151.62,2026-09-25T15:04:11.648000+09:00,511_202609251500_SOXL_USDT_LONG,1,150.8619,1.0,152.3781,511_202609251500_SOXL_USDT_LONG_B1_REFERENCE
SHORT,83932.0,2026-09-25T15:13:31.368000+09:00,511_202609251510_BTC_USDT_SHORT,1,84351.65999999999,1.0,83512.34,511_202609251510_BTC_USDT_SHORT_B1_REFERENCE
LONG,1788.04,2026-09-25T15:13:51.117000+09:00,511_202609251510_SNDKSTOCK_USDT_LONG,1,1779.0998,1.0,1796.9801999999997,511_202609251510_SNDKSTOCK_USDT_LONG_B1_REFERENCE
SHORT,9.073,2026-09-25T15:13:57.922000+09:00,511_202609251510_UNI_USDT_SHORT,1,9.118364999999999,1.0,9.027635,511_202609251510_UNI_USDT_SHORT_B1_REFERENCE
SHORT,1.5206,2026-09-25T15:13:34.403000+09:00,511_202609251510_XRP_USDT_SHORT,1,1.5282029999999998,1.0,1.512997,511_202609251510_XRP_USDT_SHORT_B1_REFERENCE
LONG,1790.3,2026-09-25T15:23:49.597000+09:00,511_202609251520_SNDKSTOCK_USDT_LONG,1,1781.3485,1.0,1799.2514999999999,511_202609251520_SNDKSTOCK_USDT_LONG_B1_REFERENCE
SHORT,0.21511,2026-09-25T15:34:03.619000+09:00,511_202609251530_ARB_USDT_SHORT,1,0.21618554999999998,1.0,0.21403445,511_202609251530_ARB_USDT_SHORT_B1_REFERENCE
LONG,91.986,2026-09-25T15:33:54.820000+09:00,511_202609251530_HYPE_USDT_LONG,1,91.52607,1.0,92.44592999999999,511_202609251530_HYPE_USDT_LONG_B1_REFERENCE
SHORT,1.5266,2026-09-25T15:33:40.178000+09:00,511_202609251530_XRP_USDT_SHORT,1,1.5342329999999997,1.0,1.518967,511_202609251530_XRP_USDT_SHORT_B1_REFERENCE
SHORT,1540.15,2026-09-25T15:33:39.176000+09:00,511_202609251530_ZEC_USDT_SHORT,1,1547.8507499999998,1.0,1532.4492500000001,511_202609251530_ZEC_USDT_SHORT_B1_REFERENCE
SHORT,0.247,2026-09-25T15:44:00.766000+09:00,511_202609251540_ADA_USDT_SHORT,1,0.24823499999999998,1.0,0.24576499999999998,511_202609251540_ADA_USDT_SHORT_B1_REFERENCE
SHORT,0.09481,2026-09-25T15:43:52.284000+09:00,511_202609251540_DOGE_USDT_SHORT,1,0.09528405,1.0,0.09433595,511_202609251540_DOGE_USDT_SHORT_B1_REFERENCE
SHORT,2671.88,2026-09-25T15:43:39.298000+09:00,511_202609251540_ETH_USDT_SHORT,1,2685.2394,1.0,2658.5206000000003,511_202609251540_ETH_USDT_SHORT_B1_REFERENCE
SHORT,1.527,2026-09-25T15:43:41.423000+09:00,511_202609251540_XRP_USDT_SHORT,1,1.5346349999999997,1.0,1.5193649999999999,511_202609251540_XRP_USDT_SHORT_B1_REFERENCE
LONG,92.21,2026-09-25T15:53:35.587000+09:00,511_202609251550_HYPE_USDT_LONG,1,91.74895,1.0,92.67104999999998,511_202609251550_HYPE_USDT_LONG_B1_REFERENCE
LONG,71.26,2026-09-25T15:53:29.202000+09:00,511_202609251550_LTC_USDT_LONG,1,70.9037,1.0,71.6163,511_202609251550_LTC_USDT_LONG_B1_REFERENCE
LONG,0.5447,2026-09-25T15:53:27.169000+09:00,511_202609251550_ONDO_USDT_LONG,1,0.5419765,1.0,0.5474235,511_202609251550_ONDO_USDT_LONG_B1_REFERENCE
LONG,92.245,2026-09-25T16:04:04.266000+09:00,511_202609251600_HYPE_USDT_LONG,1,91.783775,1.0,92.70622499999999,511_202609251600_HYPE_USDT_LONG_B1_REFERENCE
SHORT,0.247,2026-09-25T16:14:24.905000+09:00,511_202609251610_ADA_USDT_SHORT,1,0.24823499999999998,1.0,0.24576499999999998,511_202609251610_ADA_USDT_SHORT_B1_REFERENCE
LONG,0.5465,2026-09-25T16:14:14.978000+09:00,511_202609251610_ONDO_USDT_LONG,1,0.5437675,1.0,0.5492324999999999,511_202609251610_ONDO_USDT_LONG_B1_REFERENCE
SHORT,4.3692e-06,2026-09-25T16:14:18.743000+09:00,511_202609251610_PEPE_USDT_SHORT,1,4.391045999999999e-06,1.0,4.347353999999999e-06,511_202609251610_PEPE_USDT_SHORT_B1_REFERENCE
SHORT,9.063,2026-09-25T16:14:30.227000+09:00,511_202609251610_UNI_USDT_SHORT,1,9.108315,1.0,9.017685,511_202609251610_UNI_USDT_SHORT_B1_REFERENCE
SHORT,1.5269,2026-09-25T16:14:08.796000+09:00,511_202609251610_XRP_USDT_SHORT,1,1.5345344999999997,1.0,1.5192655,511_202609251610_XRP_USDT_SHORT_B1_REFERENCE
LONG,71.35,2026-09-25T16:23:41.884000+09:00,511_202609251620_LTC_USDT_LONG,1,70.99324999999999,1.0,71.70674999999999,511_202609251620_LTC_USDT_LONG_B1_REFERENCE
SHORT,0.21576,2026-09-25T16:34:39.928000+09:00,511_202609251630_ARB_USDT_SHORT,1,0.2168388,1.0,0.21468120000000002,511_202609251630_ARB_USDT_SHORT_B1_REFERENCE
SHORT,4.3914e-06,2026-09-25T16:34:26.715000+09:00,511_202609251630_PEPE_USDT_SHORT,1,4.413357e-06,1.0,4.369443e-06,511_202609251630_PEPE_USDT_SHORT_B1_REFERENCE
SHORT,116.04,2026-09-25T16:34:17.464000+09:00,511_202609251630_SOL_USDT_SHORT,1,116.6202,1.0,115.4598,511_202609251630_SOL_USDT_SHORT_B1_REFERENCE
SHORT,0.2467,2026-09-25T16:43:21.849000+09:00,511_202609251640_ADA_USDT_SHORT,1,0.24793349999999997,1.0,0.2454665,511_202609251640_ADA_USDT_SHORT_B1_REFERENCE
SHORT,1.0082,2026-09-25T16:43:12.037000+09:00,511_202609251640_SUI_USDT_SHORT,1,1.0132409999999998,1.0,1.003159,511_202609251640_SUI_USDT_SHORT_B1_REFERENCE
LONG,92.75,2026-09-25T16:52:52.536000+09:00,511_202609251650_HYPE_USDT_LONG,1,92.28625,1.0,93.21374999999999,511_202609251650_HYPE_USDT_LONG_B1_REFERENCE
LONG,71.46,2026-09-25T16:52:45.686000+09:00,511_202609251650_LTC_USDT_LONG,1,71.1027,1.0,71.81729999999999,511_202609251650_LTC_USDT_LONG_B1_REFERENCE
LONG,63.85,2026-09-25T16:52:40.766000+09:00,511_202609251650_SILVER_USDT_LONG,1,63.53075,1.0,64.16924999999999,511_202609251650_SILVER_USDT_LONG_B1_REFERENCE
LONG,0.4373,2026-09-25T16:52:57.075000+09:00,511_202609251650_WLD_USDT_LONG,1,0.43511350000000004,1.0,0.4394865,511_202609251650_WLD_USDT_LONG_B1_REFERENCE
LONG,1557.83,2026-09-25T16:52:35.604000+09:00,511_202609251650_ZEC_USDT_LONG,1,1550.0408499999999,1.0,1565.6191499999998,511_202609251650_ZEC_USDT_LONG_B1_REFERENCE
LONG,13.549,2026-09-25T17:04:19.560000+09:00,511_202609251700_LINK_USDT_LONG,1,13.481254999999999,1.0,13.616744999999998,511_202609251700_LINK_USDT_LONG_B1_REFERENCE
LONG,1091.89,2026-09-25T17:04:11.279000+09:00,511_202609251700_MUSTOCK_USDT_LONG,1,1086.43055,1.0,1097.34945,511_202609251700_MUSTOCK_USDT_LONG_B1_REFERENCE
LONG,0.5667,2026-09-25T17:04:13.296000+09:00,511_202609251700_ONDO_USDT_LONG,1,0.5638664999999999,1.0,0.5695334999999999,511_202609251700_ONDO_USDT_LONG_B1_REFERENCE
LONG,298.44,2026-09-25T17:04:18.569000+09:00,511_202609251700_TAO_USDT_LONG,1,296.9478,1.0,299.93219999999997,511_202609251700_TAO_USDT_LONG_B1_REFERENCE
LONG,13.588,2026-09-25T17:13:54.425000+09:00,511_202609251710_LINK_USDT_LONG,1,13.520059999999999,1.0,13.655939999999998,511_202609251710_LINK_USDT_LONG_B1_REFERENCE
LONG,1094.58,2026-09-25T17:13:47.196000+09:00,511_202609251710_MUSTOCK_USDT_LONG,1,1089.1071,1.0,1100.0529,511_202609251710_MUSTOCK_USDT_LONG_B1_REFERENCE
LONG,63.98,2026-09-25T17:13:46.173000+09:00,511_202609251710_SILVER_USDT_LONG,1,63.6601,1.0,64.2999,511_202609251710_SILVER_USDT_LONG_B1_REFERENCE
LONG,1793.74,2026-09-25T17:13:59.507000+09:00,511_202609251710_SNDKSTOCK_USDT_LONG,1,1784.7713,1.0,1802.7087,511_202609251710_SNDKSTOCK_USDT_LONG_B1_REFERENCE
LONG,0.4416,2026-09-25T17:14:03.614000+09:00,511_202609251710_WLD_USDT_LONG,1,0.439392,1.0,0.4438079999999999,511_202609251710_WLD_USDT_LONG_B1_REFERENCE
LONG,4285.28,2026-09-25T17:13:44.117000+09:00,511_202609251710_XAU_USDT_LONG,1,4263.8535999999995,1.0,4306.706399999999,511_202609251710_XAU_USDT_LONG_B1_REFERENCE
LONG,0.2527,2026-09-25T17:23:19.049000+09:00,511_202609251720_ADA_USDT_LONG,1,0.25143649999999995,1.0,0.25396349999999995,511_202609251720_ADA_USDT_LONG_B1_REFERENCE
LONG,13.741,2026-09-25T17:23:12.236000+09:00,511_202609251720_LINK_USDT_LONG,1,13.672295,1.0,13.809704999999997,511_202609251720_LINK_USDT_LONG_B1_REFERENCE
LONG,4275.3,2026-09-25T17:23:04.548000+09:00,511_202609251720_XAUT_USDT_LONG,1,4253.9235,1.0,4296.6765,511_202609251720_XAUT_USDT_LONG_B1_REFERENCE
LONG,4284.8,2026-09-25T17:23:03.591000+09:00,511_202609251720_XAU_USDT_LONG,1,4263.376,1.0,4306.224,511_202609251720_XAU_USDT_LONG_B1_REFERENCE
LONG,1575.76,2026-09-25T17:23:00.723000+09:00,511_202609251720_ZEC_USDT_LONG,1,1567.8812,1.0,1583.6387999999997,511_202609251720_ZEC_USDT_LONG_B1_REFERENCE
LONG,0.2526,2026-09-25T17:34:00.920000+09:00,511_202609251730_ADA_USDT_LONG,1,0.251337,1.0,0.25386299999999995,511_202609251730_ADA_USDT_LONG_B1_REFERENCE
LONG,0.22001,2026-09-25T17:34:05.542000+09:00,511_202609251730_ARB_USDT_LONG,1,0.21890995000000002,1.0,0.22111004999999997,511_202609251730_ARB_USDT_LONG_B1_REFERENCE
LONG,4.448e-06,2026-09-25T17:33:56.250000+09:00,511_202609251730_PEPE_USDT_LONG,1,4.42576e-06,1.0,4.470239999999999e-06,511_202609251730_PEPE_USDT_LONG_B1_REFERENCE
LONG,1.0318,2026-09-25T17:33:49.794000+09:00,511_202609251730_SUI_USDT_LONG,1,1.0266410000000001,1.0,1.036959,511_202609251730_SUI_USDT_LONG_B1_REFERENCE
LONG,303.62,2026-09-25T17:33:55.304000+09:00,511_202609251730_TAO_USDT_LONG,1,302.1019,1.0,305.13809999999995,511_202609251730_TAO_USDT_LONG_B1_REFERENCE
LONG,1.5455,2026-09-25T17:33:44.210000+09:00,511_202609251730_XRP_USDT_LONG,1,1.5377725,1.0,1.5532275,511_202609251730_XRP_USDT_LONG_B1_REFERENCE
LONG,1581.8,2026-09-25T17:33:43.017000+09:00,511_202609251730_ZEC_USDT_LONG,1,1573.8909999999998,1.0,1589.7089999999998,511_202609251730_ZEC_USDT_LONG_B1_REFERENCE
LONG,770.12,2026-09-25T17:43:53.266000+09:00,511_202609251740_SPY_USDT_LONG,1,766.2694,1.0,773.9705999999999,511_202609251740_SPY_USDT_LONG_B1_REFERENCE
LONG,13.837,2026-09-25T17:53:19.104000+09:00,511_202609251750_LINK_USDT_LONG,1,13.767814999999999,1.0,13.906184999999999,511_202609251750_LINK_USDT_LONG_B1_REFERENCE
LONG,4296.06,2026-09-25T17:53:11.597000+09:00,511_202609251750_XAU_USDT_LONG,1,4274.5797,1.0,4317.5403,511_202609251750_XAU_USDT_LONG_B1_REFERENCE
LONG,4.739,2026-09-25T18:04:13.626000+09:00,511_202609251800_NEAR_USDT_LONG,1,4.715305,1.0,4.762694999999999,511_202609251800_NEAR_USDT_LONG_B1_REFERENCE
LONG,0.5648,2026-09-25T18:04:12.582000+09:00,511_202609251800_ONDO_USDT_LONG,1,0.5619759999999999,1.0,0.5676239999999999,511_202609251800_ONDO_USDT_LONG_B1_REFERENCE
LONG,4.4583e-06,2026-09-25T18:04:18.886000+09:00,511_202609251800_PEPE_USDT_LONG,1,4.4360085e-06,1.0,4.4805915e-06,511_202609251800_PEPE_USDT_LONG_B1_REFERENCE
LONG,153.84,2026-09-25T18:04:31.114000+09:00,511_202609251800_SOXL_USDT_LONG,1,153.0708,1.0,154.6092,511_202609251800_SOXL_USDT_LONG_B1_REFERENCE
LONG,0.4482,2026-09-25T18:04:26.560000+09:00,511_202609251800_WLD_USDT_LONG,1,0.445959,1.0,0.4504409999999999,511_202609251800_WLD_USDT_LONG_B1_REFERENCE
LONG,0.2526,2026-09-25T18:13:50.053000+09:00,511_202609251810_ADA_USDT_LONG,1,0.251337,1.0,0.25386299999999995,511_202609251810_ADA_USDT_LONG_B1_REFERENCE
LONG,84560.4,2026-09-25T18:13:29.217000+09:00,511_202609251810_BTC_USDT_LONG,1,84137.598,1.0,84983.20199999999,511_202609251810_BTC_USDT_LONG_B1_REFERENCE
LONG,1.0407,2026-09-25T18:13:38.208000+09:00,511_202609251810_SUI_USDT_LONG,1,1.0354965,1.0,1.0459034999999999,511_202609251810_SUI_USDT_LONG_B1_REFERENCE
LONG,9.263,2026-09-25T18:13:57.045000+09:00,511_202609251810_UNI_USDT_LONG,1,9.216685,1.0,9.309315,511_202609251810_UNI_USDT_LONG_B1_REFERENCE
LONG,0.09633,2026-09-25T18:23:35.489000+09:00,511_202609251820_DOGE_USDT_LONG,1,0.09584835,1.0,0.09681164999999999,511_202609251820_DOGE_USDT_LONG_B1_REFERENCE
LONG,1.0356,2026-09-25T18:23:31.303000+09:00,511_202609251820_SUI_USDT_LONG,1,1.0304220000000002,1.0,1.040778,511_202609251820_SUI_USDT_LONG_B1_REFERENCE
LONG,1.549,2026-09-25T18:23:25.006000+09:00,511_202609251820_XRP_USDT_LONG,1,1.5412549999999998,1.0,1.5567449999999998,511_202609251820_XRP_USDT_LONG_B1_REFERENCE
LONG,0.2531,2026-09-25T18:33:33.182000+09:00,511_202609251830_ADA_USDT_LONG,1,0.2518345,1.0,0.25436549999999997,511_202609251830_ADA_USDT_LONG_B1_REFERENCE
LONG,0.2208,2026-09-25T18:33:38.315000+09:00,511_202609251830_ARB_USDT_LONG,1,0.219696,1.0,0.22190399999999996,511_202609251830_ARB_USDT_LONG_B1_REFERENCE
LONG,84669.7,2026-09-25T18:33:11.593000+09:00,511_202609251830_BTC_USDT_LONG,1,84246.35149999999,1.0,85093.04849999999,511_202609251830_BTC_USDT_LONG_B1_REFERENCE
LONG,4.959,2026-09-25T18:33:23.163000+09:00,511_202609251830_NEAR_USDT_LONG,1,4.9342049999999995,1.0,4.983794999999999,511_202609251830_NEAR_USDT_LONG_B1_REFERENCE
LONG,4.4808e-06,2026-09-25T18:33:28.285000+09:00,511_202609251830_PEPE_USDT_LONG,1,4.458396e-06,1.0,4.503204e-06,511_202609251830_PEPE_USDT_LONG_B1_REFERENCE
LONG,1796.26,2026-09-25T18:33:32.216000+09:00,511_202609251830_SNDKSTOCK_USDT_LONG,1,1787.2787,1.0,1805.2413,511_202609251830_SNDKSTOCK_USDT_LONG_B1_REFERENCE
LONG,118.45,2026-09-25T18:33:15.783000+09:00,511_202609251830_SOL_USDT_LONG,1,117.85775,1.0,119.04225,511_202609251830_SOL_USDT_LONG_B1_REFERENCE
LONG,9.31,2026-09-25T18:33:40.214000+09:00,511_202609251830_UNI_USDT_LONG,1,9.26345,1.0,9.35655,511_202609251830_UNI_USDT_LONG_B1_REFERENCE
LONG,0.22222,2026-09-25T18:44:05.033000+09:00,511_202609251840_ARB_USDT_LONG,1,0.2211089,1.0,0.22333109999999998,511_202609251840_ARB_USDT_LONG_B1_REFERENCE
LONG,118.32,2026-09-25T18:43:45.237000+09:00,511_202609251840_SOL_USDT_LONG,1,117.7284,1.0,118.91159999999998,511_202609251840_SOL_USDT_LONG_B1_REFERENCE
LONG,0.22373,2026-09-25T18:54:00.742000+09:00,511_202609251850_ENA_USDT_LONG,1,0.22261135,1.0,0.22484864999999998,511_202609251850_ENA_USDT_LONG_B1_REFERENCE
SHORT,70.72,2026-09-25T18:53:44.705000+09:00,511_202609251850_LTC_USDT_SHORT,1,71.07359999999998,1.0,70.3664,511_202609251850_LTC_USDT_SHORT_B1_REFERENCE
LONG,9.349,2026-09-25T18:53:59.781000+09:00,511_202609251850_UNI_USDT_LONG,1,9.302255,1.0,9.395745,511_202609251850_UNI_USDT_LONG_B1_REFERENCE
SHORT,70.47,2026-09-25T19:13:48.098000+09:00,511_202609251910_LTC_USDT_SHORT,1,70.82234999999999,1.0,70.11765,511_202609251910_LTC_USDT_SHORT_B1_REFERENCE
LONG,2701.88,2026-09-25T19:23:34.570000+09:00,511_202609251920_ETH_USDT_LONG,1,2688.3706,1.0,2715.3894,511_202609251920_ETH_USDT_LONG_B1_REFERENCE
LONG,4.987,2026-09-25T19:23:44.700000+09:00,511_202609251920_NEAR_USDT_LONG,1,4.962065,1.0,5.011934999999999,511_202609251920_NEAR_USDT_LONG_B1_REFERENCE
LONG,4.4668e-06,2026-09-25T19:23:49.711000+09:00,511_202609251920_PEPE_USDT_LONG,1,4.444466e-06,1.0,4.489134e-06,511_202609251920_PEPE_USDT_LONG_B1_REFERENCE
LONG,0.2526,2026-09-25T19:34:37.938000+09:00,511_202609251930_ADA_USDT_LONG,1,0.251337,1.0,0.25386299999999995,511_202609251930_ADA_USDT_LONG_B1_REFERENCE
LONG,84657.4,2026-09-25T19:34:16.149000+09:00,511_202609251930_BTC_USDT_LONG,1,84234.113,1.0,85080.68699999999,511_202609251930_BTC_USDT_LONG_B1_REFERENCE
LONG,0.22702,2026-09-25T19:34:44.160000+09:00,511_202609251930_ENA_USDT_LONG,1,0.2258849,1.0,0.22815509999999997,511_202609251930_ENA_USDT_LONG_B1_REFERENCE
LONG,118.84,2026-09-25T19:34:20.344000+09:00,511_202609251930_SOL_USDT_LONG,1,118.2458,1.0,119.43419999999999,511_202609251930_SOL_USDT_LONG_B1_REFERENCE
LONG,1.553,2026-09-25T19:34:19.271000+09:00,511_202609251930_XRP_USDT_LONG,1,1.545235,1.0,1.5607649999999997,511_202609251930_XRP_USDT_LONG_B1_REFERENCE
LONG,0.22882,2026-09-25T19:42:44.486000+09:00,511_202609251940_ENA_USDT_LONG,1,0.2276759,1.0,0.22996409999999998,511_202609251940_ENA_USDT_LONG_B1_REFERENCE
LONG,1.0549,2026-09-25T19:42:27.838000+09:00,511_202609251940_SUI_USDT_LONG,1,1.0496254999999999,1.0,1.0601744999999998,511_202609251940_SUI_USDT_LONG_B1_REFERENCE
LONG,4.5303e-06,2026-09-25T19:53:05.489000+09:00,511_202609251950_PEPE_USDT_LONG,1,4.5076485e-06,1.0,4.552951499999999e-06,511_202609251950_PEPE_USDT_LONG_B1_REFERENCE
LONG,1.0699,2026-09-25T19:52:54.941000+09:00,511_202609251950_SUI_USDT_LONG,1,1.0645505000000002,1.0,1.0752495,511_202609251950_SUI_USDT_LONG_B1_REFERENCE
LONG,303.92,2026-09-25T19:53:03.997000+09:00,511_202609251950_TAO_USDT_LONG,1,302.4004,1.0,305.4396,511_202609251950_TAO_USDT_LONG_B1_REFERENCE
LONG,1597.06,2026-09-25T19:52:49.599000+09:00,511_202609251950_ZEC_USDT_LONG,1,1589.0747,1.0,1605.0452999999998,511_202609251950_ZEC_USDT_LONG_B1_REFERENCE
LONG,0.09701,2026-09-25T20:04:03.458000+09:00,511_202609252000_DOGE_USDT_LONG,1,0.09652495,1.0,0.09749504999999999,511_202609252000_DOGE_USDT_LONG_B1_REFERENCE
LONG,2715.01,2026-09-25T20:03:50.675000+09:00,511_202609252000_ETH_USDT_LONG,1,2701.4349500000003,1.0,2728.58505,511_202609252000_ETH_USDT_LONG_B1_REFERENCE
LONG,64.99,2026-09-25T20:03:58.668000+09:00,511_202609252000_SILVER_USDT_LONG,1,64.66505,1.0,65.31494999999998,511_202609252000_SILVER_USDT_LONG_B1_REFERENCE
LONG,119.43,2026-09-25T20:03:53.890000+09:00,511_202609252000_SOL_USDT_LONG,1,118.83285000000001,1.0,120.02714999999999,511_202609252000_SOL_USDT_LONG_B1_REFERENCE
LONG,0.2559,2026-09-25T20:14:04.727000+09:00,511_202609252010_ADA_USDT_LONG,1,0.2546205,1.0,0.2571795,511_202609252010_ADA_USDT_LONG_B1_REFERENCE
LONG,0.22441,2026-09-25T20:14:09.749000+09:00,511_202609252010_ARB_USDT_LONG,1,0.22328794999999999,1.0,0.22553204999999998,511_202609252010_ARB_USDT_LONG_B1_REFERENCE
LONG,10.534,2026-09-25T20:14:07.778000+09:00,511_202609252010_AVAX_USDT_LONG,1,10.48133,1.0,10.58667,511_202609252010_AVAX_USDT_LONG_B1_REFERENCE
LONG,85100.0,2026-09-25T20:13:44.309000+09:00,511_202609252010_BTC_USDT_LONG,1,84674.5,1.0,85525.49999999999,511_202609252010_BTC_USDT_LONG_B1_REFERENCE
LONG,0.0983,2026-09-25T20:13:55.697000+09:00,511_202609252010_DOGE_USDT_LONG,1,0.09780849999999999,1.0,0.09879149999999999,511_202609252010_DOGE_USDT_LONG_B1_REFERENCE
LONG,0.23891,2026-09-25T20:14:10.796000+09:00,511_202609252010_ENA_USDT_LONG,1,0.23771545000000002,1.0,0.24010454999999997,511_202609252010_ENA_USDT_LONG_B1_REFERENCE
LONG,2737.47,2026-09-25T20:13:45.213000+09:00,511_202609252010_ETH_USDT_LONG,1,2723.7826499999996,1.0,2751.1573499999995,511_202609252010_ETH_USDT_LONG_B1_REFERENCE
LONG,4.5986e-06,2026-09-25T20:13:59.415000+09:00,511_202609252010_PEPE_USDT_LONG,1,4.575607000000001e-06,1.0,4.621593e-06,511_202609252010_PEPE_USDT_LONG_B1_REFERENCE
LONG,1.5728,2026-09-25T20:13:47.076000+09:00,511_202609252010_XRP_USDT_LONG,1,1.5649359999999999,1.0,1.5806639999999998,511_202609252010_XRP_USDT_LONG_B1_REFERENCE
LONG,0.2559,2026-09-25T20:23:53.073000+09:00,511_202609252020_ADA_USDT_LONG,1,0.2546205,1.0,0.2571795,511_202609252020_ADA_USDT_LONG_B1_REFERENCE
LONG,0.09813,2026-09-25T20:23:43.858000+09:00,511_202609252020_DOGE_USDT_LONG,1,0.09763935,1.0,0.09862064999999999,511_202609252020_DOGE_USDT_LONG_B1_REFERENCE
LONG,1.1283,2026-09-25T20:23:39.059000+09:00,511_202609252020_SUI_USDT_LONG,1,1.1226585,1.0,1.1339415,511_202609252020_SUI_USDT_LONG_B1_REFERENCE
LONG,1609.99,2026-09-25T20:23:34.070000+09:00,511_202609252020_ZEC_USDT_LONG,1,1601.94005,1.0,1618.0399499999999,511_202609252020_ZEC_USDT_LONG_B1_REFERENCE
LONG,0.22369,2026-09-25T20:34:17.159000+09:00,511_202609252030_ARB_USDT_LONG,1,0.22257155,1.0,0.22480844999999997,511_202609252030_ARB_USDT_LONG_B1_REFERENCE
LONG,10.6,2026-09-25T20:34:14.671000+09:00,511_202609252030_AVAX_USDT_LONG,1,10.546999999999999,1.0,10.652999999999999,511_202609252030_AVAX_USDT_LONG_B1_REFERENCE
LONG,120.86,2026-09-25T20:33:58.107000+09:00,511_202609252030_SOL_USDT_LONG,1,120.2557,1.0,121.46429999999998,511_202609252030_SOL_USDT_LONG_B1_REFERENCE
LONG,307.8,2026-09-25T20:34:08.061000+09:00,511_202609252030_TAO_USDT_LONG,1,306.261,1.0,309.339,511_202609252030_TAO_USDT_LONG_B1_REFERENCE
LONG,9.71,2026-09-25T20:34:18.855000+09:00,511_202609252030_UNI_USDT_LONG,1,9.66145,1.0,9.75855,511_202609252030_UNI_USDT_LONG_B1_REFERENCE
LONG,0.2431,2026-09-25T20:44:05.232000+09:00,511_202609252040_ENA_USDT_LONG,1,0.2418845,1.0,0.2443155,511_202609252040_ENA_USDT_LONG_B1_REFERENCE
SHORT,70.26,2026-09-25T20:53:13.495000+09:00,511_202609252050_LTC_USDT_SHORT,1,70.6113,1.0,69.90870000000001,511_202609252050_LTC_USDT_SHORT_B1_REFERENCE
LONG,153.33,2026-09-25T20:53:25.848000+09:00,511_202609252050_SOXL_USDT_LONG,1,152.56335,1.0,154.09664999999998,511_202609252050_SOXL_USDT_LONG_B1_REFERENCE
LONG,0.459,2026-09-25T20:53:21.782000+09:00,511_202609252050_WLD_USDT_LONG,1,0.456705,1.0,0.46129499999999996,511_202609252050_WLD_USDT_LONG_B1_REFERENCE
LONG,4298.5,2026-09-25T20:53:07.572000+09:00,511_202609252050_XAUT_USDT_LONG,1,4277.0075,1.0,4319.992499999999,511_202609252050_XAUT_USDT_LONG_B1_REFERENCE
LONG,4307.54,2026-09-25T20:53:06.461000+09:00,511_202609252050_XAU_USDT_LONG,1,4286.0023,1.0,4329.0777,511_202609252050_XAU_USDT_LONG_B1_REFERENCE
LONG,307.19,2026-09-25T21:02:53.360000+09:00,511_202609252100_TAO_USDT_LONG,1,305.65405,1.0,308.72594999999995,511_202609252100_TAO_USDT_LONG_B1_REFERENCE
LONG,1.6092,2026-09-25T21:02:39.496000+09:00,511_202609252100_XRP_USDT_LONG,1,1.601154,1.0,1.6172459999999997,511_202609252100_XRP_USDT_LONG_B1_REFERENCE
LONG,0.4591,2026-09-25T21:12:59.853000+09:00,511_202609252110_WLD_USDT_LONG,1,0.4568045,1.0,0.46139549999999996,511_202609252110_WLD_USDT_LONG_B1_REFERENCE
LONG,1.6005,2026-09-25T21:23:44.834000+09:00,511_202609252120_XRP_USDT_LONG,1,1.5924975000000001,1.0,1.6085025,511_202609252120_XRP_USDT_LONG_B1_REFERENCE
LONG,0.2235,2026-09-25T21:33:37.344000+09:00,511_202609252130_ARB_USDT_LONG,1,0.2223825,1.0,0.22461749999999997,511_202609252130_ARB_USDT_LONG_B1_REFERENCE
LONG,10.593,2026-09-25T21:33:32.990000+09:00,511_202609252130_AVAX_USDT_LONG,1,10.540035,1.0,10.645964999999999,511_202609252130_AVAX_USDT_LONG_B1_REFERENCE
LONG,0.098,2026-09-25T21:33:24.230000+09:00,511_202609252130_DOGE_USDT_LONG,1,0.09751,1.0,0.09849,511_202609252130_DOGE_USDT_LONG_B1_REFERENCE
SHORT,70.1,2026-09-25T21:33:25.071000+09:00,511_202609252130_LTC_USDT_SHORT,1,70.45049999999999,1.0,69.7495,511_202609252130_LTC_USDT_SHORT_B1_REFERENCE
LONG,0.2571,2026-09-25T21:43:16.450000+09:00,511_202609252140_ADA_USDT_LONG,1,0.2558145,1.0,0.2583855,511_202609252140_ADA_USDT_LONG_B1_REFERENCE
SHORT,69.91,2026-09-25T21:43:11.223000+09:00,511_202609252140_LTC_USDT_SHORT,1,70.25954999999999,1.0,69.56045,511_202609252140_LTC_USDT_SHORT_B1_REFERENCE
LONG,0.46,2026-09-25T21:43:20.001000+09:00,511_202609252140_WLD_USDT_LONG,1,0.4577,1.0,0.4623,511_202609252140_WLD_USDT_LONG_B1_REFERENCE
SHORT,0.5474,2026-09-25T21:53:44.267000+09:00,511_202609252150_ONDO_USDT_SHORT,1,0.550137,1.0,0.544663,511_202609252150_ONDO_USDT_SHORT_B1_REFERENCE
SHORT,98.35,2026-09-25T21:54:00.135000+09:00,511_202609252150_UKOIL_USDT_SHORT,1,98.84174999999999,1.0,97.85825,511_202609252150_UKOIL_USDT_SHORT_B1_REFERENCE
LONG,1811.07,2026-09-25T22:14:34.024000+09:00,511_202609252210_SNDKSTOCK_USDT_LONG,1,1802.0146499999998,1.0,1820.1253499999998,511_202609252210_SNDKSTOCK_USDT_LONG_B1_REFERENCE
SHORT,98.12,2026-09-25T22:14:39.956000+09:00,511_202609252210_UKOIL_USDT_SHORT,1,98.61059999999999,1.0,97.6294,511_202609252210_UKOIL_USDT_SHORT_B1_REFERENCE
SHORT,70.23,2026-09-25T22:23:49.138000+09:00,511_202609252220_LTC_USDT_SHORT,1,70.58115,1.0,69.87885,511_202609252220_LTC_USDT_SHORT_B1_REFERENCE
SHORT,149.25,2026-09-25T22:34:11.384000+09:00,511_202609252230_SOXL_USDT_SHORT,1,149.99624999999997,1.0,148.50375,511_202609252230_SOXL_USDT_SHORT_B1_REFERENCE
LONG,5.13,2026-09-25T22:43:53.740000+09:00,511_202609252240_NEAR_USDT_LONG,1,5.10435,1.0,5.15565,511_202609252240_NEAR_USDT_LONG_B1_REFERENCE
LONG,1803.29,2026-09-25T22:44:01.545000+09:00,511_202609252240_SNDKSTOCK_USDT_LONG,1,1794.27355,1.0,1812.3064499999998,511_202609252240_SNDKSTOCK_USDT_LONG_B1_REFERENCE
SHORT,91.875,2026-09-25T22:53:56.467000+09:00,511_202609252250_HYPE_USDT_SHORT,1,92.334375,1.0,91.415625,511_202609252250_HYPE_USDT_SHORT_B1_REFERENCE
SHORT,64.06,2026-09-25T22:53:44.523000+09:00,511_202609252250_SILVER_USDT_SHORT,1,64.38029999999999,1.0,63.7397,511_202609252250_SILVER_USDT_SHORT_B1_REFERENCE
SHORT,1768.81,2026-09-25T23:04:12.306000+09:00,511_202609252300_SNDKSTOCK_USDT_SHORT,1,1777.6540499999999,1.0,1759.96595,511_202609252300_SNDKSTOCK_USDT_SHORT_B1_REFERENCE
SHORT,151.4,2026-09-25T23:04:18.196000+09:00,511_202609252300_SOXL_USDT_SHORT,1,152.15699999999998,1.0,150.643,511_202609252300_SOXL_USDT_SHORT_B1_REFERENCE
SHORT,4270.13,2026-09-25T23:03:57.859000+09:00,511_202609252300_XAU_USDT_SHORT,1,4291.4806499999995,1.0,4248.77935,511_202609252300_XAU_USDT_SHORT_B1_REFERENCE
SHORT,0.5433,2026-09-25T23:13:44.068000+09:00,511_202609252310_ONDO_USDT_SHORT,1,0.5460164999999999,1.0,0.5405835,511_202609252310_ONDO_USDT_SHORT_B1_REFERENCE
SHORT,63.85,2026-09-25T23:13:41.064000+09:00,511_202609252310_SILVER_USDT_SHORT,1,64.16924999999999,1.0,63.53075,511_202609252310_SILVER_USDT_SHORT_B1_REFERENCE
SHORT,1763.26,2026-09-25T23:13:52.112000+09:00,511_202609252310_SNDKSTOCK_USDT_SHORT,1,1772.0762999999997,1.0,1754.4437,511_202609252310_SNDKSTOCK_USDT_SHORT_B1_REFERENCE
LONG,93.46,2026-09-25T23:13:51.157000+09:00,511_202609252310_USOIL_USDT_LONG,1,92.9927,1.0,93.92729999999999,511_202609252310_USOIL_USDT_LONG_B1_REFERENCE
SHORT,4264.8,2026-09-25T23:13:39.076000+09:00,511_202609252310_XAUT_USDT_SHORT,1,4286.124,1.0,4243.476000000001,511_202609252310_XAUT_USDT_SHORT_B1_REFERENCE
SHORT,91.945,2026-09-25T23:23:57.554000+09:00,511_202609252320_HYPE_USDT_SHORT,1,92.40472499999998,1.0,91.48527499999999,511_202609252320_HYPE_USDT_SHORT_B1_REFERENCE
SHORT,148.93,2026-09-25T23:24:02.846000+09:00,511_202609252320_SOXL_USDT_SHORT,1,149.67464999999999,1.0,148.18535,511_202609252320_SOXL_USDT_SHORT_B1_REFERENCE
SHORT,768.02,2026-09-25T23:24:00.786000+09:00,511_202609252320_SPY_USDT_SHORT,1,771.8600999999999,1.0,764.1799,511_202609252320_SPY_USDT_SHORT_B1_REFERENCE
SHORT,149.29,2026-09-25T23:34:20.076000+09:00,511_202609252330_SOXL_USDT_SHORT,1,150.03644999999997,1.0,148.54354999999998,511_202609252330_SOXL_USDT_SHORT_B1_REFERENCE
LONG,0.24865,2026-09-25T23:44:01.899000+09:00,511_202609252340_ENA_USDT_LONG,1,0.24740675,1.0,0.24989324999999998,511_202609252340_ENA_USDT_LONG_B1_REFERENCE
SHORT,4.4712e-06,2026-09-25T23:43:52.644000+09:00,511_202609252340_PEPE_USDT_SHORT,1,4.493555999999999e-06,1.0,4.448844e-06,511_202609252340_PEPE_USDT_SHORT_B1_REFERENCE
SHORT,302.59,2026-09-25T23:43:53.676000+09:00,511_202609252340_TAO_USDT_SHORT,1,304.10294999999996,1.0,301.07705,511_202609252340_TAO_USDT_SHORT_B1_REFERENCE
LONG,99.28,2026-09-25T23:53:56.221000+09:00,511_202609252350_UKOIL_USDT_LONG,1,98.7836,1.0,99.7764,511_202609252350_UKOIL_USDT_LONG_B1_REFERENCE
LONG,0.2518,2026-09-26T00:04:17.735000+09:00,511_202609260000_ENA_USDT_LONG,1,0.250541,1.0,0.253059,511_202609260000_ENA_USDT_LONG_B1_REFERENCE
LONG,1.585,2026-09-26T00:03:54.430000+09:00,511_202609260000_XRP_USDT_LONG,1,1.577075,1.0,1.5929249999999997,511_202609260000_XRP_USDT_LONG_B1_REFERENCE
SHORT,64.22,2026-09-26T00:13:50.892000+09:00,511_202609260010_SILVER_USDT_SHORT,1,64.54109999999999,1.0,63.8989,511_202609260010_SILVER_USDT_SHORT_B1_REFERENCE
SHORT,1770.59,2026-09-26T00:14:03.063000+09:00,511_202609260010_SNDKSTOCK_USDT_SHORT,1,1779.4429499999997,1.0,1761.73705,511_202609260010_SNDKSTOCK_USDT_SHORT_B1_REFERENCE
SHORT,150.83,2026-09-26T00:14:10.698000+09:00,511_202609260010_SOXL_USDT_SHORT,1,151.58415,1.0,150.07585,511_202609260010_SOXL_USDT_SHORT_B1_REFERENCE
SHORT,4280.64,2026-09-26T00:13:47.713000+09:00,511_202609260010_XAU_USDT_SHORT,1,4302.0432,1.0,4259.236800000001,511_202609260010_XAU_USDT_SHORT_B1_REFERENCE
SHORT,1564.25,2026-09-26T00:13:44.484000+09:00,511_202609260010_ZEC_USDT_SHORT,1,1572.0712499999997,1.0,1556.42875,511_202609260010_ZEC_USDT_SHORT_B1_REFERENCE
SHORT,10.357,2026-09-26T00:23:58.743000+09:00,511_202609260020_AVAX_USDT_SHORT,1,10.408784999999998,1.0,10.305214999999999,511_202609260020_AVAX_USDT_SHORT_B1_REFERENCE
SHORT,2691.49,2026-09-26T00:23:36.660000+09:00,511_202609260020_ETH_USDT_SHORT,1,2704.9474499999997,1.0,2678.03255,511_202609260020_ETH_USDT_SHORT_B1_REFERENCE
SHORT,69.63,2026-09-26T00:23:51.981000+09:00,511_202609260020_LTC_USDT_SHORT,1,69.97814999999999,1.0,69.28184999999999,511_202609260020_LTC_USDT_SHORT_B1_REFERENCE
SHORT,0.5372,2026-09-26T00:23:46.984000+09:00,511_202609260020_ONDO_USDT_SHORT,1,0.539886,1.0,0.534514,511_202609260020_ONDO_USDT_SHORT_B1_REFERENCE
SHORT,1081.65,2026-09-26T00:34:25.441000+09:00,511_202609260030_MUSTOCK_USDT_SHORT,1,1087.05825,1.0,1076.2417500000001,511_202609260030_MUSTOCK_USDT_SHORT_B1_REFERENCE
SHORT,2675.75,2026-09-26T00:43:38.822000+09:00,511_202609260040_ETH_USDT_SHORT,1,2689.12875,1.0,2662.37125,511_202609260040_ETH_USDT_SHORT_B1_REFERENCE
SHORT,90.964,2026-09-26T00:43:55.070000+09:00,511_202609260040_HYPE_USDT_SHORT,1,91.41881999999998,1.0,90.50918,511_202609260040_HYPE_USDT_SHORT_B1_REFERENCE
SHORT,4.4035e-06,2026-09-26T00:53:49.624000+09:00,511_202609260050_PEPE_USDT_SHORT,1,4.4255175e-06,1.0,4.3814825e-06,511_202609260050_PEPE_USDT_SHORT_B1_REFERENCE
SHORT,299.56,2026-09-26T00:53:50.602000+09:00,511_202609260050_TAO_USDT_SHORT,1,301.0578,1.0,298.0622,511_202609260050_TAO_USDT_SHORT_B1_REFERENCE
SHORT,4269.6,2026-09-26T00:53:40.893000+09:00,511_202609260050_XAUT_USDT_SHORT,1,4290.948,1.0,4248.252,511_202609260050_XAUT_USDT_SHORT_B1_REFERENCE
SHORT,2687.09,2026-09-26T01:23:35.730000+09:00,511_202609260120_ETH_USDT_SHORT,1,2700.5254499999996,1.0,2673.65455,511_202609260120_ETH_USDT_SHORT_B1_REFERENCE
LONG,7731.7,2026-09-26T01:23:53.567000+09:00,511_202609260120_SPX500_USDT_LONG,1,7693.041499999999,1.0,7770.358499999999,511_202609260120_SPX500_USDT_LONG_B1_REFERENCE
LONG,770.88,2026-09-26T01:23:56.151000+09:00,511_202609260120_SPY_USDT_LONG,1,767.0255999999999,1.0,774.7343999999999,511_202609260120_SPY_USDT_LONG_B1_REFERENCE
SHORT,1549.29,2026-09-26T01:23:36.580000+09:00,511_202609260120_ZEC_USDT_SHORT,1,1557.0364499999998,1.0,1541.5435499999999,511_202609260120_ZEC_USDT_SHORT_B1_REFERENCE
LONG,121.55,2026-09-26T01:33:55.830000+09:00,511_202609260130_SOL_USDT_LONG,1,120.94225,1.0,122.15774999999998,511_202609260130_SOL_USDT_LONG_B1_REFERENCE
LONG,1.1176,2026-09-26T01:33:58.438000+09:00,511_202609260130_SUI_USDT_LONG,1,1.112012,1.0,1.1231879999999999,511_202609260130_SUI_USDT_LONG_B1_REFERENCE
LONG,153.02,2026-09-26T01:44:11.546000+09:00,511_202609260140_SOXL_USDT_LONG,1,152.25490000000002,1.0,153.7851,511_202609260140_SOXL_USDT_LONG_B1_REFERENCE
SHORT,96.74,2026-09-26T01:44:15.368000+09:00,511_202609260140_UKOIL_USDT_SHORT,1,97.22369999999998,1.0,96.2563,511_202609260140_UKOIL_USDT_SHORT_B1_REFERENCE
SHORT,0.5377,2026-09-26T01:53:13.533000+09:00,511_202609260150_ONDO_USDT_SHORT,1,0.5403884999999999,1.0,0.5350115,511_202609260150_ONDO_USDT_SHORT_B1_REFERENCE
SHORT,92.01,2026-09-26T01:53:18.229000+09:00,511_202609260150_USOIL_USDT_SHORT,1,92.47005,1.0,91.54995000000001,511_202609260150_USOIL_USDT_SHORT_B1_REFERENCE
SHORT,1.5696,2026-09-26T01:53:06.715000+09:00,511_202609260150_XRP_USDT_SHORT,1,1.577448,1.0,1.561752,511_202609260150_XRP_USDT_SHORT_B1_REFERENCE
LONG,0.22525,2026-09-26T02:13:27.583000+09:00,511_202609260210_ARB_USDT_LONG,1,0.22412375,1.0,0.22637624999999997,511_202609260210_ARB_USDT_LONG_B1_REFERENCE
SHORT,13.853,2026-09-26T02:23:54.323000+09:00,511_202609260220_LINK_USDT_SHORT,1,13.922264999999998,1.0,13.783735,511_202609260220_LINK_USDT_SHORT_B1_REFERENCE
SHORT,0.09704,2026-09-26T02:33:55.245000+09:00,511_202609260230_DOGE_USDT_SHORT,1,0.09752519999999999,1.0,0.0965548,511_202609260230_DOGE_USDT_SHORT_B1_REFERENCE
SHORT,92.13,2026-09-26T02:33:59.900000+09:00,511_202609260230_USOIL_USDT_SHORT,1,92.59064999999998,1.0,91.66935,511_202609260230_USOIL_USDT_SHORT_B1_REFERENCE
LONG,152.75,2026-09-26T02:44:03.902000+09:00,511_202609260240_SOXL_USDT_LONG,1,151.98625,1.0,153.51375,511_202609260240_SOXL_USDT_LONG_B1_REFERENCE
LONG,0.4606,2026-09-26T02:44:06.225000+09:00,511_202609260240_WLD_USDT_LONG,1,0.458297,1.0,0.46290299999999995,511_202609260240_WLD_USDT_LONG_B1_REFERENCE
LONG,4284.6,2026-09-26T02:43:44.649000+09:00,511_202609260240_XAUT_USDT_LONG,1,4263.177000000001,1.0,4306.023,511_202609260240_XAUT_USDT_LONG_B1_REFERENCE
LONG,4291.0,2026-09-26T02:43:43.636000+09:00,511_202609260240_XAU_USDT_LONG,1,4269.545,1.0,4312.455,511_202609260240_XAU_USDT_LONG_B1_REFERENCE
LONG,0.22449,2026-09-26T02:53:28.243000+09:00,511_202609260250_ARB_USDT_LONG,1,0.22336755,1.0,0.22561244999999996,511_202609260250_ARB_USDT_LONG_B1_REFERENCE
SHORT,96.96,2026-09-26T02:53:27.386000+09:00,511_202609260250_UKOIL_USDT_SHORT,1,97.44479999999999,1.0,96.47519999999999,511_202609260250_UKOIL_USDT_SHORT_B1_REFERENCE
SHORT,1.5595,2026-09-26T02:53:06.530000+09:00,511_202609260250_XRP_USDT_SHORT,1,1.5672975,1.0,1.5517025000000002,511_202609260250_XRP_USDT_SHORT_B1_REFERENCE
LONG,0.26056,2026-09-26T03:04:18.998000+09:00,511_202609260300_ENA_USDT_LONG,1,0.2592572,1.0,0.2618628,511_202609260300_ENA_USDT_LONG_B1_REFERENCE
LONG,1.1321,2026-09-26T03:13:44.386000+09:00,511_202609260310_SUI_USDT_LONG,1,1.1264395,1.0,1.1377605,511_202609260310_SUI_USDT_LONG_B1_REFERENCE
LONG,0.2551,2026-09-26T03:33:30.333000+09:00,511_202609260330_ADA_USDT_LONG,1,0.2538245,1.0,0.2563755,511_202609260330_ADA_USDT_LONG_B1_REFERENCE
LONG,10.507,2026-09-26T03:33:34.220000+09:00,511_202609260330_AVAX_USDT_LONG,1,10.454464999999999,1.0,10.559534999999999,511_202609260330_AVAX_USDT_LONG_B1_REFERENCE
LONG,64.55,2026-09-26T03:33:21.324000+09:00,511_202609260330_SILVER_USDT_LONG,1,64.22725,1.0,64.87275,511_202609260330_SILVER_USDT_LONG_B1_REFERENCE
SHORT,92.15,2026-09-26T03:33:31.306000+09:00,511_202609260330_USOIL_USDT_SHORT,1,92.61075,1.0,91.68925,511_202609260330_USOIL_USDT_SHORT_B1_REFERENCE
SHORT,1542.2,2026-09-26T03:33:14.736000+09:00,511_202609260330_ZEC_USDT_SHORT,1,1549.9109999999998,1.0,1534.489,511_202609260330_ZEC_USDT_SHORT_B1_REFERENCE
LONG,4294.64,2026-09-26T03:43:49.785000+09:00,511_202609260340_XAU_USDT_LONG,1,4273.1668,1.0,4316.1132,511_202609260340_XAU_USDT_LONG_B1_REFERENCE
LONG,4291.3,2026-09-26T03:53:13.067000+09:00,511_202609260350_XAUT_USDT_LONG,1,4269.8435,1.0,4312.7564999999995,511_202609260350_XAUT_USDT_LONG_B1_REFERENCE
SHORT,5.002,2026-09-26T04:05:09.311000+09:00,511_202609260405_NEAR_USDT_SHORT,1,5.027009999999999,1.0,4.97699,511_202609260405_NEAR_USDT_SHORT_B1_REFERENCE
SHORT,1.5655,2026-09-26T04:05:03.173000+09:00,511_202609260405_XRP_USDT_SHORT,1,1.5733274999999998,1.0,1.5576724999999998,511_202609260405_XRP_USDT_SHORT_B1_REFERENCE
LONG,10.466,2026-09-26T04:14:00.196000+09:00,511_202609260410_AVAX_USDT_LONG,1,10.41367,1.0,10.518329999999999,511_202609260410_AVAX_USDT_LONG_B1_REFERENCE
LONG,64.54,2026-09-26T04:13:50.054000+09:00,511_202609260410_SILVER_USDT_LONG,1,64.21730000000001,1.0,64.8627,511_202609260410_SILVER_USDT_LONG_B1_REFERENCE
LONG,307.3,2026-09-26T04:13:55.109000+09:00,511_202609260410_TAO_USDT_LONG,1,305.7635,1.0,308.8365,511_202609260410_TAO_USDT_LONG_B1_REFERENCE
LONG,0.4651,2026-09-26T04:24:01.925000+09:00,511_202609260420_WLD_USDT_LONG,1,0.46277450000000003,1.0,0.46742549999999994,511_202609260420_WLD_USDT_LONG_B1_REFERENCE
LONG,0.09782,2026-09-26T04:33:59.008000+09:00,511_202609260430_DOGE_USDT_LONG,1,0.0973309,1.0,0.0983091,511_202609260430_DOGE_USDT_LONG_B1_REFERENCE
SHORT,1775.51,2026-09-26T04:34:02.927000+09:00,511_202609260430_SNDKSTOCK_USDT_SHORT,1,1784.3875499999997,1.0,1766.63245,511_202609260430_SNDKSTOCK_USDT_SHORT_B1_REFERENCE
LONG,1.1346,2026-09-26T04:33:53.970000+09:00,511_202609260430_SUI_USDT_LONG,1,1.128927,1.0,1.1402729999999999,511_202609260430_SUI_USDT_LONG_B1_REFERENCE
LONG,0.26275,2026-09-26T04:53:59.055000+09:00,511_202609260450_ENA_USDT_LONG,1,0.26143625,1.0,0.26406374999999993,511_202609260450_ENA_USDT_LONG_B1_REFERENCE
LONG,307.34,2026-09-26T04:53:52.579000+09:00,511_202609260450_TAO_USDT_LONG,1,305.8033,1.0,308.8766999999999,511_202609260450_TAO_USDT_LONG_B1_REFERENCE
LONG,0.4688,2026-09-26T04:54:01.616000+09:00,511_202609260450_WLD_USDT_LONG,1,0.466456,1.0,0.47114399999999995,511_202609260450_WLD_USDT_LONG_B1_REFERENCE
SHORT,151.13,2026-09-26T05:04:15.634000+09:00,511_202609260500_SOXL_USDT_SHORT,1,151.88564999999997,1.0,150.37435,511_202609260500_SOXL_USDT_SHORT_B1_REFERENCE
LONG,1.1579,2026-09-26T05:03:58.796000+09:00,511_202609260500_SUI_USDT_LONG,1,1.1521104999999998,1.0,1.1636894999999998,511_202609260500_SUI_USDT_LONG_B1_REFERENCE
LONG,307.85,2026-09-26T05:04:06.975000+09:00,511_202609260500_TAO_USDT_LONG,1,306.31075000000004,1.0,309.38925,511_202609260500_TAO_USDT_LONG_B1_REFERENCE
SHORT,1548.13,2026-09-26T05:03:52.844000+09:00,511_202609260500_ZEC_USDT_SHORT,1,1555.8706499999998,1.0,1540.3893500000001,511_202609260500_ZEC_USDT_SHORT_B1_REFERENCE
LONG,0.22523,2026-09-26T05:24:29.756000+09:00,511_202609260520_ARB_USDT_LONG,1,0.22410385000000002,1.0,0.22635614999999998,511_202609260520_ARB_USDT_LONG_B1_REFERENCE
LONG,10.563,2026-09-26T05:24:23.602000+09:00,511_202609260520_AVAX_USDT_LONG,1,10.510185,1.0,10.615815,511_202609260520_AVAX_USDT_LONG_B1_REFERENCE
LONG,84012.5,2026-09-26T05:24:05.645000+09:00,511_202609260520_BTC_USDT_LONG,1,83592.4375,1.0,84432.56249999999,511_202609260520_BTC_USDT_LONG_B1_REFERENCE
LONG,0.547,2026-09-26T05:24:15.894000+09:00,511_202609260520_ONDO_USDT_LONG,1,0.544265,1.0,0.549735,511_202609260520_ONDO_USDT_LONG_B1_REFERENCE
LONG,4.499e-06,2026-09-26T05:24:16.734000+09:00,511_202609260520_PEPE_USDT_LONG,1,4.476505e-06,1.0,4.5214949999999995e-06,511_202609260520_PEPE_USDT_LONG_B1_REFERENCE
LONG,1.1598,2026-09-26T05:24:11.633000+09:00,511_202609260520_SUI_USDT_LONG,1,1.1540009999999998,1.0,1.1655989999999998,511_202609260520_SUI_USDT_LONG_B1_REFERENCE
LONG,0.4818,2026-09-26T05:24:26.163000+09:00,511_202609260520_WLD_USDT_LONG,1,0.479391,1.0,0.48420899999999995,511_202609260520_WLD_USDT_LONG_B1_REFERENCE
LONG,0.2571,2026-09-26T05:34:10.448000+09:00,511_202609260530_ADA_USDT_LONG,1,0.2558145,1.0,0.2583855,511_202609260530_ADA_USDT_LONG_B1_REFERENCE
LONG,84039.5,2026-09-26T05:33:54.998000+09:00,511_202609260530_BTC_USDT_LONG,1,83619.3025,1.0,84459.6975,511_202609260530_BTC_USDT_LONG_B1_REFERENCE
LONG,13.917,2026-09-26T05:34:07.398000+09:00,511_202609260530_LINK_USDT_LONG,1,13.847415,1.0,13.986584999999998,511_202609260530_LINK_USDT_LONG_B1_REFERENCE
LONG,315.13,2026-09-26T05:34:08.291000+09:00,511_202609260530_TAO_USDT_LONG,1,313.55435,1.0,316.70564999999993,511_202609260530_TAO_USDT_LONG_B1_REFERENCE
LONG,0.4893,2026-09-26T05:34:17.243000+09:00,511_202609260530_WLD_USDT_LONG,1,0.4868535,1.0,0.4917465,511_202609260530_WLD_USDT_LONG_B1_REFERENCE
LONG,0.09841,2026-09-26T05:43:48.745000+09:00,511_202609260540_DOGE_USDT_LONG,1,0.09791795,1.0,0.09890204999999999,511_202609260540_DOGE_USDT_LONG_B1_REFERENCE
LONG,122.53,2026-09-26T05:43:40.158000+09:00,511_202609260540_SOL_USDT_LONG,1,121.91735,1.0,123.14264999999999,511_202609260540_SOL_USDT_LONG_B1_REFERENCE
LONG,0.11282,2026-09-26T05:44:07.127000+09:00,511_202609260540_XPL_USDT_LONG,1,0.1122559,1.0,0.11338409999999999,511_202609260540_XPL_USDT_LONG_B1_REFERENCE
SHORT,91.627,2026-09-26T06:04:15.948000+09:00,511_202609260600_HYPE_USDT_SHORT,1,92.08513499999998,1.0,91.168865,511_202609260600_HYPE_USDT_SHORT_B1_REFERENCE
SHORT,2678.22,2026-09-26T06:13:46.839000+09:00,511_202609260610_ETH_USDT_SHORT,1,2691.6110999999996,1.0,2664.8289,511_202609260610_ETH_USDT_SHORT_B1_REFERENCE
SHORT,1531.45,2026-09-26T06:13:47.898000+09:00,511_202609260610_ZEC_USDT_SHORT,1,1539.1072499999998,1.0,1523.79275,511_202609260610_ZEC_USDT_SHORT_B1_REFERENCE
LONG,70.85,2026-09-26T06:23:07.777000+09:00,511_202609260620_LTC_USDT_LONG,1,70.49575,1.0,71.20424999999999,511_202609260620_LTC_USDT_LONG_B1_REFERENCE
LONG,7744.2,2026-09-26T06:23:00.638000+09:00,511_202609260620_SPX500_USDT_LONG,1,7705.478999999999,1.0,7782.920999999999,511_202609260620_SPX500_USDT_LONG_B1_REFERENCE
SHORT,4.902,2026-09-26T06:53:46.086000+09:00,511_202609260650_NEAR_USDT_SHORT,1,4.9265099999999995,1.0,4.87749,511_202609260650_NEAR_USDT_SHORT_B1_REFERENCE
LONG,772.53,2026-09-26T06:54:03.137000+09:00,511_202609260650_SPY_USDT_LONG,1,768.6673499999999,1.0,776.3926499999999,511_202609260650_SPY_USDT_LONG_B1_REFERENCE
SHORT,13.743,2026-09-26T07:04:10.074000+09:00,511_202609260700_LINK_USDT_SHORT,1,13.811715,1.0,13.674285000000001,511_202609260700_LINK_USDT_SHORT_B1_REFERENCE
LONG,10.539,2026-09-26T07:14:01.994000+09:00,511_202609260710_AVAX_USDT_LONG,1,10.486305,1.0,10.591694999999998,511_202609260710_AVAX_USDT_LONG_B1_REFERENCE
LONG,71.7,2026-09-26T07:14:06.131000+09:00,511_202609260710_LTC_USDT_LONG,1,71.3415,1.0,72.0585,511_202609260710_LTC_USDT_LONG_B1_REFERENCE
LONG,151.93,2026-09-26T07:14:05.303000+09:00,511_202609260710_SOXL_USDT_LONG,1,151.17035,1.0,152.68965,511_202609260710_SOXL_USDT_LONG_B1_REFERENCE
LONG,1.1769,2026-09-26T07:13:50.243000+09:00,511_202609260710_SUI_USDT_LONG,1,1.1710155,1.0,1.1827845,511_202609260710_SUI_USDT_LONG_B1_REFERENCE
LONG,72.29,2026-09-26T07:24:11.776000+09:00,511_202609260720_LTC_USDT_LONG,1,71.92855,1.0,72.65145,511_202609260720_LTC_USDT_LONG_B1_REFERENCE
LONG,1084.95,2026-09-26T07:23:56.256000+09:00,511_202609260720_MUSTOCK_USDT_LONG,1,1079.5252500000001,1.0,1090.37475,511_202609260720_MUSTOCK_USDT_LONG_B1_REFERENCE
LONG,1.1951,2026-09-26T07:23:54.311000+09:00,511_202609260720_SUI_USDT_LONG,1,1.1891245000000001,1.0,1.2010755,511_202609260720_SUI_USDT_LONG_B1_REFERENCE
LONG,314.86,2026-09-26T07:24:04.043000+09:00,511_202609260720_TAO_USDT_LONG,1,313.2857,1.0,316.4343,511_202609260720_TAO_USDT_LONG_B1_REFERENCE
LONG,92.32,2026-09-26T07:34:07.700000+09:00,511_202609260730_HYPE_USDT_LONG,1,91.85839999999999,1.0,92.78159999999998,511_202609260730_HYPE_USDT_LONG_B1_REFERENCE
LONG,1085.24,2026-09-26T07:33:54.903000+09:00,511_202609260730_MUSTOCK_USDT_LONG,1,1079.8138,1.0,1090.6662,511_202609260730_MUSTOCK_USDT_LONG_B1_REFERENCE
LONG,0.4814,2026-09-26T07:34:09.733000+09:00,511_202609260730_WLD_USDT_LONG,1,0.478993,1.0,0.48380699999999993,511_202609260730_WLD_USDT_LONG_B1_REFERENCE
LONG,0.09969,2026-09-26T07:53:41.168000+09:00,511_202609260750_DOGE_USDT_LONG,1,0.09919155,1.0,0.10018844999999998,511_202609260750_DOGE_USDT_LONG_B1_REFERENCE
LONG,1.2059,2026-09-26T08:13:50.109000+09:00,511_202609260810_SUI_USDT_LONG,1,1.1998705,1.0,1.2119294999999999,511_202609260810_SUI_USDT_LONG_B1_REFERENCE
LONG,318.82,2026-09-26T08:14:00.003000+09:00,511_202609260810_TAO_USDT_LONG,1,317.22589999999997,1.0,320.41409999999996,511_202609260810_TAO_USDT_LONG_B1_REFERENCE
LONG,0.259,2026-09-26T08:24:10.513000+09:00,511_202609260820_ADA_USDT_LONG,1,0.257705,1.0,0.260295,511_202609260820_ADA_USDT_LONG_B1_REFERENCE
LONG,13.899,2026-09-26T08:24:07.798000+09:00,511_202609260820_LINK_USDT_LONG,1,13.829505,1.0,13.968494999999997,511_202609260820_LINK_USDT_LONG_B1_REFERENCE
LONG,1087.12,2026-09-26T08:24:00.489000+09:00,511_202609260820_MUSTOCK_USDT_LONG,1,1081.6843999999999,1.0,1092.5555999999997,511_202609260820_MUSTOCK_USDT_LONG_B1_REFERENCE
LONG,0.4993,2026-09-26T08:24:15.352000+09:00,511_202609260820_WLD_USDT_LONG,1,0.4968035,1.0,0.5017965,511_202609260820_WLD_USDT_LONG_B1_REFERENCE
LONG,0.2591,2026-09-26T08:34:08.974000+09:00,511_202609260830_ADA_USDT_LONG,1,0.2578045,1.0,0.26039549999999995,511_202609260830_ADA_USDT_LONG_B1_REFERENCE
LONG,84048.7,2026-09-26T08:33:51.296000+09:00,511_202609260830_BTC_USDT_LONG,1,83628.4565,1.0,84468.9435,511_202609260830_BTC_USDT_LONG_B1_REFERENCE
LONG,0.498,2026-09-26T08:34:13.475000+09:00,511_202609260830_WLD_USDT_LONG,1,0.49551,1.0,0.50049,511_202609260830_WLD_USDT_LONG_B1_REFERENCE
LONG,0.5506,2026-09-26T08:43:48.936000+09:00,511_202609260840_ONDO_USDT_LONG,1,0.547847,1.0,0.5533529999999999,511_202609260840_ONDO_USDT_LONG_B1_REFERENCE
LONG,0.07471,2026-09-26T08:44:05.079000+09:00,511_202609260840_SEI_USDT_LONG,1,0.07433645,1.0,0.07508354999999999,511_202609260840_SEI_USDT_LONG_B1_REFERENCE
LONG,0.09904,2026-09-26T08:53:55.261000+09:00,511_202609260850_DOGE_USDT_LONG,1,0.0985448,1.0,0.09953519999999999,511_202609260850_DOGE_USDT_LONG_B1_REFERENCE
LONG,13.924,2026-09-26T08:53:58.389000+09:00,511_202609260850_LINK_USDT_LONG,1,13.854379999999999,1.0,13.993619999999998,511_202609260850_LINK_USDT_LONG_B1_REFERENCE
SHORT,4.957,2026-09-26T08:53:53.362000+09:00,511_202609260850_NEAR_USDT_SHORT,1,4.9817849999999995,1.0,4.932215,511_202609260850_NEAR_USDT_SHORT_B1_REFERENCE
LONG,4.4943e-06,2026-09-26T08:53:57.383000+09:00,511_202609260850_PEPE_USDT_LONG,1,4.471828500000001e-06,1.0,4.5167715e-06,511_202609260850_PEPE_USDT_LONG_B1_REFERENCE
LONG,92.53,2026-09-26T09:04:35.576000+09:00,511_202609260900_USOIL_USDT_LONG,1,92.06735,1.0,92.99265,511_202609260900_USOIL_USDT_LONG_B1_REFERENCE
LONG,13.962,2026-09-26T09:13:34.535000+09:00,511_202609260910_LINK_USDT_LONG,1,13.89219,1.0,14.031809999999998,511_202609260910_LINK_USDT_LONG_B1_REFERENCE
LONG,0.551,2026-09-26T09:13:32.805000+09:00,511_202609260910_ONDO_USDT_LONG,1,0.5482450000000001,1.0,0.553755,511_202609260910_ONDO_USDT_LONG_B1_REFERENCE
LONG,4.4862e-06,2026-09-26T09:13:33.681000+09:00,511_202609260910_PEPE_USDT_LONG,1,4.4637690000000006e-06,1.0,4.508631e-06,511_202609260910_PEPE_USDT_LONG_B1_REFERENCE
LONG,317.87,2026-09-26T09:13:35.429000+09:00,511_202609260910_TAO_USDT_LONG,1,316.28065,1.0,319.45935,511_202609260910_TAO_USDT_LONG_B1_REFERENCE
LONG,0.5066,2026-09-26T09:13:38.070000+09:00,511_202609260910_WLD_USDT_LONG,1,0.504067,1.0,0.509133,511_202609260910_WLD_USDT_LONG_B1_REFERENCE
LONG,0.2583,2026-09-26T09:23:59.951000+09:00,511_202609260920_ADA_USDT_LONG,1,0.2570085,1.0,0.2595914999999999,511_202609260920_ADA_USDT_LONG_B1_REFERENCE
LONG,0.09912,2026-09-26T09:23:54.751000+09:00,511_202609260920_DOGE_USDT_LONG,1,0.0986244,1.0,0.09961559999999998,511_202609260920_DOGE_USDT_LONG_B1_REFERENCE
LONG,0.27287,2026-09-26T09:24:01.245000+09:00,511_202609260920_ENA_USDT_LONG,1,0.27150565,1.0,0.27423434999999996,511_202609260920_ENA_USDT_LONG_B1_REFERENCE
SHORT,64.24,2026-09-26T09:34:02.826000+09:00,511_202609260930_SILVER_USDT_SHORT,1,64.56119999999999,1.0,63.9188,511_202609260930_SILVER_USDT_SHORT_B1_REFERENCE
LONG,13.947,2026-09-26T09:43:07.006000+09:00,511_202609260940_LINK_USDT_LONG,1,13.877265,1.0,14.016734999999997,511_202609260940_LINK_USDT_LONG_B1_REFERENCE
SHORT,4.916,2026-09-26T09:43:01.601000+09:00,511_202609260940_NEAR_USDT_SHORT,1,4.94058,1.0,4.89142,511_202609260940_NEAR_USDT_SHORT_B1_REFERENCE
LONG,0.4962,2026-09-26T10:04:13.300000+09:00,511_202609261000_WLD_USDT_LONG,1,0.49371899999999996,1.0,0.49868099999999993,511_202609261000_WLD_USDT_LONG_B1_REFERENCE
LONG,0.2606,2026-09-26T10:43:54.747000+09:00,511_202609261040_ADA_USDT_LONG,1,0.259297,1.0,0.261903,511_202609261040_ADA_USDT_LONG_B1_REFERENCE
LONG,10.897,2026-09-26T10:43:59.764000+09:00,511_202609261040_AVAX_USDT_LONG,1,10.842515,1.0,10.951485,511_202609261040_AVAX_USDT_LONG_B1_REFERENCE
LONG,0.0993,2026-09-26T10:43:50.568000+09:00,511_202609261040_DOGE_USDT_LONG,1,0.0988035,1.0,0.09979649999999998,511_202609261040_DOGE_USDT_LONG_B1_REFERENCE
LONG,13.977,2026-09-26T10:43:53.073000+09:00,511_202609261040_LINK_USDT_LONG,1,13.907115000000001,1.0,14.046885,511_202609261040_LINK_USDT_LONG_B1_REFERENCE
LONG,316.87,2026-09-26T10:43:53.912000+09:00,511_202609261040_TAO_USDT_LONG,1,315.28565,1.0,318.45435,511_202609261040_TAO_USDT_LONG_B1_REFERENCE
LONG,4.4988e-06,2026-09-26T11:04:09.758000+09:00,511_202609261100_PEPE_USDT_LONG,1,4.476306e-06,1.0,4.521294e-06,511_202609261100_PEPE_USDT_LONG_B1_REFERENCE
SHORT,1354.13,2026-09-26T11:04:24.169000+09:00,511_202609261100_SKHYNIXSTOCK_USDT_SHORT,1,1360.90065,1.0,1347.3593500000002,511_202609261100_SKHYNIXSTOCK_USDT_SHORT_B1_REFERENCE
LONG,2692.72,2026-09-26T11:23:47.156000+09:00,511_202609261120_ETH_USDT_LONG,1,2679.2563999999998,1.0,2706.1835999999994,511_202609261120_ETH_USDT_LONG_B1_REFERENCE
SHORT,0.5426,2026-09-26T11:24:00.992000+09:00,511_202609261120_ONDO_USDT_SHORT,1,0.5453129999999999,1.0,0.539887,511_202609261120_ONDO_USDT_SHORT_B1_REFERENCE
LONG,73.18,2026-09-26T11:33:31.158000+09:00,511_202609261130_LTC_USDT_LONG,1,72.81410000000001,1.0,73.5459,511_202609261130_LTC_USDT_LONG_B1_REFERENCE
SHORT,1082.25,2026-09-26T11:33:17.401000+09:00,511_202609261130_MUSTOCK_USDT_SHORT,1,1087.6612499999999,1.0,1076.83875,511_202609261130_MUSTOCK_USDT_SHORT_B1_REFERENCE
LONG,94.32,2026-09-26T11:33:30.314000+09:00,511_202609261130_USOIL_USDT_LONG,1,93.8484,1.0,94.79159999999999,511_202609261130_USOIL_USDT_LONG_B1_REFERENCE
SHORT,1539.01,2026-09-26T11:33:12.292000+09:00,511_202609261130_ZEC_USDT_SHORT,1,1546.7050499999998,1.0,1531.31495,511_202609261130_ZEC_USDT_SHORT_B1_REFERENCE
SHORT,0.5401,2026-09-26T11:42:35.442000+09:00,511_202609261140_ONDO_USDT_SHORT,1,0.5428005,1.0,0.5373995,511_202609261140_ONDO_USDT_SHORT_B1_REFERENCE
SHORT,1536.85,2026-09-26T11:42:25.589000+09:00,511_202609261140_ZEC_USDT_SHORT,1,1544.5342499999997,1.0,1529.16575,511_202609261140_ZEC_USDT_SHORT_B1_REFERENCE
LONG,84001.8,2026-09-26T11:53:40.426000+09:00,511_202609261150_BTC_USDT_LONG,1,83581.791,1.0,84421.809,511_202609261150_BTC_USDT_LONG_B1_REFERENCE
SHORT,4289.04,2026-09-26T12:03:59.582000+09:00,511_202609261200_XAU_USDT_SHORT,1,4310.485199999999,1.0,4267.5948,511_202609261200_XAU_USDT_SHORT_B1_REFERENCE
SHORT,120.66,2026-09-26T12:23:41.996000+09:00,511_202609261220_SOL_USDT_SHORT,1,121.26329999999999,1.0,120.05669999999999,511_202609261220_SOL_USDT_SHORT_B1_REFERENCE
SHORT,0.09815,2026-09-26T12:33:22.682000+09:00,511_202609261230_DOGE_USDT_SHORT,1,0.09864074999999999,1.0,0.09765925,511_202609261230_DOGE_USDT_SHORT_B1_REFERENCE
LONG,14.038,2026-09-26T12:43:53.245000+09:00,511_202609261240_LINK_USDT_LONG,1,13.96781,1.0,14.108189999999999,511_202609261240_LINK_USDT_LONG_B1_REFERENCE
SHORT,4.4488e-06,2026-09-26T12:53:59.034000+09:00,511_202609261250_PEPE_USDT_SHORT,1,4.4710439999999996e-06,1.0,4.426556e-06,511_202609261250_PEPE_USDT_SHORT_B1_REFERENCE
LONG,94.36,2026-09-26T12:54:10.535000+09:00,511_202609261250_USOIL_USDT_LONG,1,93.8882,1.0,94.83179999999999,511_202609261250_USOIL_USDT_LONG_B1_REFERENCE
LONG,0.27574,2026-09-26T13:13:56.713000+09:00,511_202609261310_ENA_USDT_LONG,1,0.2743613,1.0,0.27711869999999994,511_202609261310_ENA_USDT_LONG_B1_REFERENCE
SHORT,0.2564,2026-09-26T13:23:57.273000+09:00,511_202609261320_ADA_USDT_SHORT,1,0.25768199999999997,1.0,0.255118,511_202609261320_ADA_USDT_SHORT_B1_REFERENCE
SHORT,0.09791,2026-09-26T13:23:52.251000+09:00,511_202609261320_DOGE_USDT_SHORT,1,0.09839954999999999,1.0,0.09742044999999999,511_202609261320_DOGE_USDT_SHORT_B1_REFERENCE
LONG,0.27263,2026-09-26T13:23:58.250000+09:00,511_202609261320_ENA_USDT_LONG,1,0.27126685,1.0,0.27399314999999996,511_202609261320_ENA_USDT_LONG_B1_REFERENCE
SHORT,2687.0,2026-09-26T13:23:42.172000+09:00,511_202609261320_ETH_USDT_SHORT,1,2700.4349999999995,1.0,2673.565,511_202609261320_ETH_USDT_SHORT_B1_REFERENCE
SHORT,91.825,2026-09-26T13:24:02.159000+09:00,511_202609261320_HYPE_USDT_SHORT,1,92.28412499999999,1.0,91.365875,511_202609261320_HYPE_USDT_SHORT_B1_REFERENCE
LONG,14.123,2026-09-26T13:23:55.208000+09:00,511_202609261320_LINK_USDT_LONG,1,14.052385,1.0,14.193614999999998,511_202609261320_LINK_USDT_LONG_B1_REFERENCE
SHORT,1080.97,2026-09-26T13:23:49.323000+09:00,511_202609261320_MUSTOCK_USDT_SHORT,1,1086.37485,1.0,1075.5651500000001,511_202609261320_MUSTOCK_USDT_SHORT_B1_REFERENCE
SHORT,4.4577e-06,2026-09-26T13:23:53.246000+09:00,511_202609261320_PEPE_USDT_SHORT,1,4.479988499999999e-06,1.0,4.4354115e-06,511_202609261320_PEPE_USDT_SHORT_B1_REFERENCE
SHORT,0.0736,2026-09-26T13:24:08.080000+09:00,511_202609261320_SEI_USDT_SHORT,1,0.07396799999999999,1.0,0.07323199999999999,511_202609261320_SEI_USDT_SHORT_B1_REFERENCE
SHORT,311.68,2026-09-26T13:23:56.188000+09:00,511_202609261320_TAO_USDT_SHORT,1,313.23839999999996,1.0,310.1216,511_202609261320_TAO_USDT_SHORT_B1_REFERENCE
SHORT,0.4835,2026-09-26T13:23:59.213000+09:00,511_202609261320_WLD_USDT_SHORT,1,0.48591749999999995,1.0,0.48108249999999997,511_202609261320_WLD_USDT_SHORT_B1_REFERENCE
SHORT,0.09775,2026-09-26T13:33:57.428000+09:00,511_202609261330_DOGE_USDT_SHORT,1,0.09823875,1.0,0.09726125000000001,511_202609261330_DOGE_USDT_SHORT_B1_REFERENCE
SHORT,71.85,2026-09-26T13:34:10.888000+09:00,511_202609261330_LTC_USDT_SHORT,1,72.20924999999998,1.0,71.49074999999999,511_202609261330_LTC_USDT_SHORT_B1_REFERENCE
SHORT,120.4,2026-09-26T13:33:49.546000+09:00,511_202609261330_SOL_USDT_SHORT,1,121.002,1.0,119.798,511_202609261330_SOL_USDT_SHORT_B1_REFERENCE
SHORT,310.88,2026-09-26T13:34:01.683000+09:00,511_202609261330_TAO_USDT_SHORT,1,312.4344,1.0,309.3256,511_202609261330_TAO_USDT_SHORT_B1_REFERENCE
LONG,0.2768,2026-09-26T13:43:59.511000+09:00,511_202609261340_ENA_USDT_LONG,1,0.275416,1.0,0.278184,511_202609261340_ENA_USDT_LONG_B1_REFERENCE
LONG,14.123,2026-09-26T13:43:55.100000+09:00,511_202609261340_LINK_USDT_LONG,1,14.052385,1.0,14.193614999999998,511_202609261340_LINK_USDT_LONG_B1_REFERENCE
LONG,14.153,2026-09-26T13:53:52.487000+09:00,511_202609261350_LINK_USDT_LONG,1,14.082235,1.0,14.223764999999998,511_202609261350_LINK_USDT_LONG_B1_REFERENCE
SHORT,0.2558,2026-09-26T14:04:13.217000+09:00,511_202609261400_ADA_USDT_SHORT,1,0.257079,1.0,0.25452100000000005,511_202609261400_ADA_USDT_SHORT_B1_REFERENCE
SHORT,10.645,2026-09-26T14:04:16.415000+09:00,511_202609261400_AVAX_USDT_SHORT,1,10.698224999999999,1.0,10.591775,511_202609261400_AVAX_USDT_SHORT_B1_REFERENCE
SHORT,72.14,2026-09-26T14:04:19.759000+09:00,511_202609261400_LTC_USDT_SHORT,1,72.5007,1.0,71.7793,511_202609261400_LTC_USDT_SHORT_B1_REFERENCE
SHORT,120.55,2026-09-26T14:03:56.832000+09:00,511_202609261400_SOL_USDT_SHORT,1,121.15274999999998,1.0,119.94725,511_202609261400_SOL_USDT_SHORT_B1_REFERENCE
SHORT,312.37,2026-09-26T14:04:11.027000+09:00,511_202609261400_TAO_USDT_SHORT,1,313.93185,1.0,310.80815,511_202609261400_TAO_USDT_SHORT_B1_REFERENCE
SHORT,0.4832,2026-09-26T14:04:14.328000+09:00,511_202609261400_WLD_USDT_SHORT,1,0.485616,1.0,0.480784,511_202609261400_WLD_USDT_SHORT_B1_REFERENCE
SHORT,1.1589,2026-09-26T14:13:52.825000+09:00,511_202609261410_SUI_USDT_SHORT,1,1.1646945,1.0,1.1531055000000001,511_202609261410_SUI_USDT_SHORT_B1_REFERENCE
SHORT,0.4801,2026-09-26T14:24:00.140000+09:00,511_202609261420_WLD_USDT_SHORT,1,0.4825005,1.0,0.4776995,511_202609261420_WLD_USDT_SHORT_B1_REFERENCE
SHORT,1.553,2026-09-26T14:23:44.856000+09:00,511_202609261420_XRP_USDT_SHORT,1,1.5607649999999997,1.0,1.545235,511_202609261420_XRP_USDT_SHORT_B1_REFERENCE
SHORT,91.605,2026-09-26T14:33:32.530000+09:00,511_202609261430_HYPE_USDT_SHORT,1,92.063025,1.0,91.146975,511_202609261430_HYPE_USDT_SHORT_B1_REFERENCE
LONG,152.72,2026-09-26T14:33:35.920000+09:00,511_202609261430_SOXL_USDT_LONG,1,151.9564,1.0,153.4836,511_202609261430_SOXL_USDT_LONG_B1_REFERENCE
SHORT,310.07,2026-09-26T14:33:27.352000+09:00,511_202609261430_TAO_USDT_SHORT,1,311.62035,1.0,308.51965,511_202609261430_TAO_USDT_SHORT_B1_REFERENCE
LONG,0.27302,2026-09-26T14:42:36.625000+09:00,511_202609261440_ENA_USDT_LONG,1,0.2716549,1.0,0.27438509999999994,511_202609261440_ENA_USDT_LONG_B1_REFERENCE
SHORT,7736.3,2026-09-26T14:54:19.320000+09:00,511_202609261450_SPX500_USDT_SHORT,1,7774.981499999999,1.0,7697.6185000000005,511_202609261450_SPX500_USDT_SHORT_B1_REFERENCE
SHORT,2683.57,2026-09-26T15:03:54.201000+09:00,511_202609261500_ETH_USDT_SHORT,1,2696.98785,1.0,2670.1521500000003,511_202609261500_ETH_USDT_SHORT_B1_REFERENCE
SHORT,91.495,2026-09-26T15:22:41.691000+09:00,511_202609261520_HYPE_USDT_SHORT,1,91.95247499999999,1.0,91.037525,511_202609261520_HYPE_USDT_SHORT_B1_REFERENCE
SHORT,1.5487,2026-09-26T15:33:55.598000+09:00,511_202609261530_XRP_USDT_SHORT,1,1.5564434999999999,1.0,1.5409565,511_202609261530_XRP_USDT_SHORT_B1_REFERENCE
SHORT,4.4555e-06,2026-09-26T16:02:53.880000+09:00,511_202609261600_PEPE_USDT_SHORT,1,4.4777775e-06,1.0,4.4332225e-06,511_202609261600_PEPE_USDT_SHORT_B1_REFERENCE
SHORT,0.4797,2026-09-26T16:02:59.190000+09:00,511_202609261600_WLD_USDT_SHORT,1,0.4820985,1.0,0.4773015,511_202609261600_WLD_USDT_SHORT_B1_REFERENCE
LONG,0.5507,2026-09-26T16:13:13.027000+09:00,511_202609261610_ONDO_USDT_LONG,1,0.5479465,1.0,0.5534534999999999,511_202609261610_ONDO_USDT_LONG_B1_REFERENCE
SHORT,4.463e-06,2026-09-26T16:13:10.951000+09:00,511_202609261610_PEPE_USDT_SHORT,1,4.4853149999999994e-06,1.0,4.440685e-06,511_202609261610_PEPE_USDT_SHORT_B1_REFERENCE
LONG,1356.7,2026-09-26T16:13:23.706000+09:00,511_202609261610_SKHYNIXSTOCK_USDT_LONG,1,1349.9165,1.0,1363.4834999999998,511_202609261610_SKHYNIXSTOCK_USDT_LONG_B1_REFERENCE
SHORT,7735.2,2026-09-26T16:13:22.653000+09:00,511_202609261610_SPX500_USDT_SHORT,1,7773.875999999999,1.0,7696.523999999999,511_202609261610_SPX500_USDT_SHORT_B1_REFERENCE
LONG,73.49,2026-09-26T16:23:59.791000+09:00,511_202609261620_LTC_USDT_LONG,1,73.12254999999999,1.0,73.85744999999999,511_202609261620_LTC_USDT_LONG_B1_REFERENCE
SHORT,151.54,2026-09-26T16:24:04.135000+09:00,511_202609261620_SOXL_USDT_SHORT,1,152.29769999999996,1.0,150.7823,511_202609261620_SOXL_USDT_SHORT_B1_REFERENCE
LONG,1772.53,2026-09-26T16:33:26.991000+09:00,511_202609261630_SNDKSTOCK_USDT_LONG,1,1763.66735,1.0,1781.3926499999998,511_202609261630_SNDKSTOCK_USDT_LONG_B1_REFERENCE
SHORT,1.5502,2026-09-26T16:33:10.470000+09:00,511_202609261630_XRP_USDT_SHORT,1,1.5579509999999999,1.0,1.542449,511_202609261630_XRP_USDT_SHORT_B1_REFERENCE
LONG,0.27393,2026-09-26T16:43:58.430000+09:00,511_202609261640_ENA_USDT_LONG,1,0.27256035,1.0,0.27529964999999995,511_202609261640_ENA_USDT_LONG_B1_REFERENCE
LONG,73.57,2026-09-26T16:44:05.207000+09:00,511_202609261640_LTC_USDT_LONG,1,73.20214999999999,1.0,73.93784999999998,511_202609261640_LTC_USDT_LONG_B1_REFERENCE
SHORT,4.4588e-06,2026-09-26T16:54:33.492000+09:00,511_202609261650_PEPE_USDT_SHORT,1,4.481094e-06,1.0,4.436506e-06,511_202609261650_PEPE_USDT_SHORT_B1_REFERENCE
SHORT,0.07262,2026-09-26T16:54:47.820000+09:00,511_202609261650_SEI_USDT_SHORT,1,0.0729831,1.0,0.0722569,511_202609261650_SEI_USDT_SHORT_B1_REFERENCE
LONG,64.27,2026-09-26T16:54:31.758000+09:00,511_202609261650_SILVER_USDT_LONG,1,63.948649999999994,1.0,64.59134999999999,511_202609261650_SILVER_USDT_LONG_B1_REFERENCE
SHORT,4.846,2026-09-26T17:03:30.330000+09:00,511_202609261700_NEAR_USDT_SHORT,1,4.870229999999999,1.0,4.82177,511_202609261700_NEAR_USDT_SHORT_B1_REFERENCE
LONG,0.27578,2026-09-26T17:13:18.235000+09:00,511_202609261710_ENA_USDT_LONG,1,0.2744011,1.0,0.2771589,511_202609261710_ENA_USDT_LONG_B1_REFERENCE
LONG,10.685,2026-09-26T17:22:40.760000+09:00,511_202609261720_AVAX_USDT_LONG,1,10.631575,1.0,10.738425,511_202609261720_AVAX_USDT_LONG_B1_REFERENCE
LONG,0.27676,2026-09-26T17:22:34.891000+09:00,511_202609261720_ENA_USDT_LONG,1,0.2753762,1.0,0.2781438,511_202609261720_ENA_USDT_LONG_B1_REFERENCE
LONG,73.11,2026-09-26T17:22:43.447000+09:00,511_202609261720_LTC_USDT_LONG,1,72.74445,1.0,73.47555,511_202609261720_LTC_USDT_LONG_B1_REFERENCE
SHORT,4.4353e-06,2026-09-26T17:22:34.063000+09:00,511_202609261720_PEPE_USDT_SHORT,1,4.457476499999999e-06,1.0,4.413123499999999e-06,511_202609261720_PEPE_USDT_SHORT_B1_REFERENCE
SHORT,0.4769,2026-09-26T17:22:39.080000+09:00,511_202609261720_WLD_USDT_SHORT,1,0.47928449999999995,1.0,0.4745155,511_202609261720_WLD_USDT_SHORT_B1_REFERENCE
LONG,84195.9,2026-09-26T17:33:49.654000+09:00,511_202609261730_BTC_USDT_LONG,1,83774.9205,1.0,84616.87949999998,511_202609261730_BTC_USDT_LONG_B1_REFERENCE
LONG,10.712,2026-09-26T17:43:20.619000+09:00,511_202609261740_AVAX_USDT_LONG,1,10.65844,1.0,10.765559999999999,511_202609261740_AVAX_USDT_LONG_B1_REFERENCE
LONG,84244.6,2026-09-26T17:43:03.204000+09:00,511_202609261740_BTC_USDT_LONG,1,83823.37700000001,1.0,84665.823,511_202609261740_BTC_USDT_LONG_B1_REFERENCE
SHORT,93.96,2026-09-26T17:43:25.027000+09:00,511_202609261740_USOIL_USDT_SHORT,1,94.42979999999999,1.0,93.49019999999999,511_202609261740_USOIL_USDT_SHORT_B1_REFERENCE
SHORT,0.22113,2026-09-26T17:54:09.135000+09:00,511_202609261750_ARB_USDT_SHORT,1,0.22223564999999998,1.0,0.22002434999999998,511_202609261750_ARB_USDT_SHORT_B1_REFERENCE
SHORT,4.4447e-06,2026-09-26T17:53:52.320000+09:00,511_202609261750_PEPE_USDT_SHORT,1,4.4669235e-06,1.0,4.4224765e-06,511_202609261750_PEPE_USDT_SHORT_B1_REFERENCE
SHORT,0.4805,2026-09-26T17:53:58.176000+09:00,511_202609261750_WLD_USDT_SHORT,1,0.48290249999999996,1.0,0.47809749999999995,511_202609261750_WLD_USDT_SHORT_B1_REFERENCE
SHORT,91.402,2026-09-26T18:14:05.866000+09:00,511_202609261810_HYPE_USDT_SHORT,1,91.85901,1.0,90.94499,511_202609261810_HYPE_USDT_SHORT_B1_REFERENCE
LONG,315.32,2026-09-26T18:14:00.607000+09:00,511_202609261810_TAO_USDT_LONG,1,313.7434,1.0,316.8966,511_202609261810_TAO_USDT_LONG_B1_REFERENCE
SHORT,0.2537,2026-09-26T18:23:53.716000+09:00,511_202609261820_ADA_USDT_SHORT,1,0.25496849999999993,1.0,0.2524315,511_202609261820_ADA_USDT_SHORT_B1_REFERENCE
SHORT,10.534,2026-09-26T18:23:59.755000+09:00,511_202609261820_AVAX_USDT_SHORT,1,10.58667,1.0,10.48133,511_202609261820_AVAX_USDT_SHORT_B1_REFERENCE
SHORT,0.09705,2026-09-26T18:23:50.770000+09:00,511_202609261820_DOGE_USDT_SHORT,1,0.09753524999999999,1.0,0.09656474999999999,511_202609261820_DOGE_USDT_SHORT_B1_REFERENCE
SHORT,2682.7,2026-09-26T18:23:40.898000+09:00,511_202609261820_ETH_USDT_SHORT,1,2696.1134999999995,1.0,2669.2864999999997,511_202609261820_ETH_USDT_SHORT_B1_REFERENCE
SHORT,4.4061e-06,2026-09-26T18:23:51.755000+09:00,511_202609261820_PEPE_USDT_SHORT,1,4.428130499999999e-06,1.0,4.3840695e-06,511_202609261820_PEPE_USDT_SHORT_B1_REFERENCE
SHORT,120.07,2026-09-26T18:23:42.894000+09:00,511_202609261820_SOL_USDT_SHORT,1,120.67034999999998,1.0,119.46964999999999,511_202609261820_SOL_USDT_SHORT_B1_REFERENCE
SHORT,1.5401,2026-09-26T18:23:43.901000+09:00,511_202609261820_XRP_USDT_SHORT,1,1.5478005,1.0,1.5323995,511_202609261820_XRP_USDT_SHORT_B1_REFERENCE
SHORT,2679.64,2026-09-26T18:33:51.439000+09:00,511_202609261830_ETH_USDT_SHORT,1,2693.0381999999995,1.0,2666.2418,511_202609261830_ETH_USDT_SHORT_B1_REFERENCE
LONG,74.61,2026-09-26T19:04:25.693000+09:00,511_202609261900_LTC_USDT_LONG,1,74.23695,1.0,74.98304999999999,511_202609261900_LTC_USDT_LONG_B1_REFERENCE
SHORT,150.61,2026-09-26T19:04:29.913000+09:00,511_202609261900_SOXL_USDT_SHORT,1,151.36305,1.0,149.85695,511_202609261900_SOXL_USDT_SHORT_B1_REFERENCE
LONG,314.57,2026-09-26T19:04:17.237000+09:00,511_202609261900_TAO_USDT_LONG,1,312.99715,1.0,316.14284999999995,511_202609261900_TAO_USDT_LONG_B1_REFERENCE
LONG,317.96,2026-09-26T19:13:33.538000+09:00,511_202609261910_TAO_USDT_LONG,1,316.37019999999995,1.0,319.54979999999995,511_202609261910_TAO_USDT_LONG_B1_REFERENCE
LONG,0.28441,2026-09-26T19:33:28.173000+09:00,511_202609261930_ENA_USDT_LONG,1,0.28298795,1.0,0.28583204999999995,511_202609261930_ENA_USDT_LONG_B1_REFERENCE
LONG,84123.9,2026-09-26T19:53:07.475000+09:00,511_202609261950_BTC_USDT_LONG,1,83703.2805,1.0,84544.51949999998,511_202609261950_BTC_USDT_LONG_B1_REFERENCE
LONG,14.171,2026-09-26T19:53:23.971000+09:00,511_202609261950_LINK_USDT_LONG,1,14.100145,1.0,14.241854999999997,511_202609261950_LINK_USDT_LONG_B1_REFERENCE
LONG,0.5548,2026-09-26T19:53:26.005000+09:00,511_202609261950_ONDO_USDT_LONG,1,0.5520259999999999,1.0,0.5575739999999999,511_202609261950_ONDO_USDT_LONG_B1_REFERENCE
LONG,0.07446,2026-09-26T20:04:22.381000+09:00,511_202609262000_SEI_USDT_LONG,1,0.07408769999999999,1.0,0.07483229999999999,511_202609262000_SEI_USDT_LONG_B1_REFERENCE
LONG,10.807,2026-09-26T20:13:24.989000+09:00,511_202609262010_AVAX_USDT_LONG,1,10.752965,1.0,10.861035,511_202609262010_AVAX_USDT_LONG_B1_REFERENCE
LONG,91.936,2026-09-26T20:13:27.836000+09:00,511_202609262010_HYPE_USDT_LONG,1,91.47632,1.0,92.39568,511_202609262010_HYPE_USDT_LONG_B1_REFERENCE
LONG,14.306,2026-09-26T20:23:22.115000+09:00,511_202609262020_LINK_USDT_LONG,1,14.23447,1.0,14.377529999999998,511_202609262020_LINK_USDT_LONG_B1_REFERENCE
LONG,0.2575,2026-09-26T20:34:05.579000+09:00,511_202609262030_ADA_USDT_LONG,1,0.2562125,1.0,0.2587875,511_202609262030_ADA_USDT_LONG_B1_REFERENCE
LONG,10.883,2026-09-26T20:34:10.501000+09:00,511_202609262030_AVAX_USDT_LONG,1,10.828584999999999,1.0,10.937414999999998,511_202609262030_AVAX_USDT_LONG_B1_REFERENCE
LONG,0.5535,2026-09-26T20:34:11.459000+09:00,511_202609262030_ONDO_USDT_LONG,1,0.5507325,1.0,0.5562674999999999,511_202609262030_ONDO_USDT_LONG_B1_REFERENCE
LONG,94.32,2026-09-26T20:34:18.419000+09:00,511_202609262030_USOIL_USDT_LONG,1,93.8484,1.0,94.79159999999999,511_202609262030_USOIL_USDT_LONG_B1_REFERENCE
LONG,0.22313,2026-09-26T20:44:15.460000+09:00,511_202609262040_ARB_USDT_LONG,1,0.22201435,1.0,0.22424564999999996,511_202609262040_ARB_USDT_LONG_B1_REFERENCE
LONG,1774.26,2026-09-26T20:44:06.018000+09:00,511_202609262040_SNDKSTOCK_USDT_LONG,1,1765.3887,1.0,1783.1312999999998,511_202609262040_SNDKSTOCK_USDT_LONG_B1_REFERENCE
LONG,322.98,2026-09-26T20:43:59.897000+09:00,511_202609262040_TAO_USDT_LONG,1,321.36510000000004,1.0,324.5949,511_202609262040_TAO_USDT_LONG_B1_REFERENCE
LONG,1543.66,2026-09-26T20:43:47.180000+09:00,511_202609262040_ZEC_USDT_LONG,1,1535.9417,1.0,1551.3782999999999,511_202609262040_ZEC_USDT_LONG_B1_REFERENCE
LONG,121.36,2026-09-26T20:53:43.430000+09:00,511_202609262050_SOL_USDT_LONG,1,120.75319999999999,1.0,121.96679999999999,511_202609262050_SOL_USDT_LONG_B1_REFERENCE
LONG,0.4853,2026-09-26T20:53:58.721000+09:00,511_202609262050_WLD_USDT_LONG,1,0.4828735,1.0,0.48772649999999995,511_202609262050_WLD_USDT_LONG_B1_REFERENCE
LONG,10.959,2026-09-26T21:04:22.220000+09:00,511_202609262100_AVAX_USDT_LONG,1,10.904205,1.0,11.013794999999998,511_202609262100_AVAX_USDT_LONG_B1_REFERENCE
LONG,331.71,2026-09-26T21:04:08.058000+09:00,511_202609262100_TAO_USDT_LONG,1,330.05145,1.0,333.36854999999997,511_202609262100_TAO_USDT_LONG_B1_REFERENCE
LONG,0.4879,2026-09-26T21:04:16.127000+09:00,511_202609262100_WLD_USDT_LONG,1,0.4854605,1.0,0.49033949999999993,511_202609262100_WLD_USDT_LONG_B1_REFERENCE
LONG,0.28224,2026-09-26T21:13:18.471000+09:00,511_202609262110_ENA_USDT_LONG,1,0.2808288,1.0,0.28365119999999994,511_202609262110_ENA_USDT_LONG_B1_REFERENCE
LONG,4.931,2026-09-26T21:13:15.033000+09:00,511_202609262110_NEAR_USDT_LONG,1,4.906345,1.0,4.955654999999999,511_202609262110_NEAR_USDT_LONG_B1_REFERENCE
LONG,0.4873,2026-09-26T21:13:22.977000+09:00,511_202609262110_WLD_USDT_LONG,1,0.4848635,1.0,0.48973649999999996,511_202609262110_WLD_USDT_LONG_B1_REFERENCE
SHORT,1.5438,2026-09-26T21:13:11.546000+09:00,511_202609262110_XRP_USDT_SHORT,1,1.5515189999999999,1.0,1.536081,511_202609262110_XRP_USDT_SHORT_B1_REFERENCE
LONG,1543.04,2026-09-26T21:13:09.818000+09:00,511_202609262110_ZEC_USDT_LONG,1,1535.3247999999999,1.0,1550.7551999999998,511_202609262110_ZEC_USDT_LONG_B1_REFERENCE
LONG,1083.23,2026-09-26T21:23:53.416000+09:00,511_202609262120_MUSTOCK_USDT_LONG,1,1077.81385,1.0,1088.6461499999998,511_202609262120_MUSTOCK_USDT_LONG_B1_REFERENCE
SHORT,4.4014e-06,2026-09-26T21:23:59.481000+09:00,511_202609262120_PEPE_USDT_SHORT,1,4.423407e-06,1.0,4.379393e-06,511_202609262120_PEPE_USDT_SHORT_B1_REFERENCE
LONG,1359.09,2026-09-26T21:24:04.517000+09:00,511_202609262120_SKHYNIXSTOCK_USDT_LONG,1,1352.2945499999998,1.0,1365.8854499999998,511_202609262120_SKHYNIXSTOCK_USDT_LONG_B1_REFERENCE
LONG,121.21,2026-09-26T21:23:49.487000+09:00,511_202609262120_SOL_USDT_LONG,1,120.60395,1.0,121.81604999999998,511_202609262120_SOL_USDT_LONG_B1_REFERENCE
LONG,0.4923,2026-09-26T21:24:03.394000+09:00,511_202609262120_WLD_USDT_LONG,1,0.4898385,1.0,0.49476149999999997,511_202609262120_WLD_USDT_LONG_B1_REFERENCE
LONG,0.22308,2026-09-26T21:34:15.668000+09:00,511_202609262130_ARB_USDT_LONG,1,0.2219646,1.0,0.2241954,511_202609262130_ARB_USDT_LONG_B1_REFERENCE
LONG,92.168,2026-09-26T21:34:09.338000+09:00,511_202609262130_HYPE_USDT_LONG,1,91.70716,1.0,92.62884,511_202609262130_HYPE_USDT_LONG_B1_REFERENCE
LONG,14.276,2026-09-26T21:34:02.805000+09:00,511_202609262130_LINK_USDT_LONG,1,14.20462,1.0,14.347379999999998,511_202609262130_LINK_USDT_LONG_B1_REFERENCE
SHORT,4.3941e-06,2026-09-26T21:34:01.028000+09:00,511_202609262130_PEPE_USDT_SHORT,1,4.416070499999999e-06,1.0,4.3721295e-06,511_202609262130_PEPE_USDT_SHORT_B1_REFERENCE
SHORT,64.2,2026-09-26T21:33:59.334000+09:00,511_202609262130_SILVER_USDT_SHORT,1,64.521,1.0,63.879000000000005,511_202609262130_SILVER_USDT_SHORT_B1_REFERENCE
LONG,1775.44,2026-09-26T21:34:06.187000+09:00,511_202609262130_SNDKSTOCK_USDT_LONG,1,1766.5628000000002,1.0,1784.3172,511_202609262130_SNDKSTOCK_USDT_LONG_B1_REFERENCE
LONG,94.46,2026-09-26T21:34:14.764000+09:00,511_202609262130_USOIL_USDT_LONG,1,93.98769999999999,1.0,94.93229999999998,511_202609262130_USOIL_USDT_LONG_B1_REFERENCE
LONG,2687.73,2026-09-26T21:53:53.740000+09:00,511_202609262150_ETH_USDT_LONG,1,2674.29135,1.0,2701.1686499999996,511_202609262150_ETH_USDT_LONG_B1_REFERENCE
LONG,121.03,2026-09-26T21:53:55.691000+09:00,511_202609262150_SOL_USDT_LONG,1,120.42485,1.0,121.63514999999998,511_202609262150_SOL_USDT_LONG_B1_REFERENCE
LONG,1539.18,2026-09-26T21:53:54.709000+09:00,511_202609262150_ZEC_USDT_LONG,1,1531.4841000000001,1.0,1546.8759,511_202609262150_ZEC_USDT_LONG_B1_REFERENCE
LONG,0.4873,2026-09-26T22:04:17.728000+09:00,511_202609262200_WLD_USDT_LONG,1,0.4848635,1.0,0.48973649999999996,511_202609262200_WLD_USDT_LONG_B1_REFERENCE
SHORT,4.815,2026-09-26T22:23:36.326000+09:00,511_202609262220_NEAR_USDT_SHORT,1,4.839075,1.0,4.7909250000000005,511_202609262220_NEAR_USDT_SHORT_B1_REFERENCE
SHORT,83867.8,2026-09-26T22:34:00.646000+09:00,511_202609262230_BTC_USDT_SHORT,1,84287.139,1.0,83448.461,511_202609262230_BTC_USDT_SHORT_B1_REFERENCE
SHORT,0.09692,2026-09-26T22:34:16.003000+09:00,511_202609262230_DOGE_USDT_SHORT,1,0.0974046,1.0,0.0964354,511_202609262230_DOGE_USDT_SHORT_B1_REFERENCE
SHORT,4.772,2026-09-26T22:34:08.202000+09:00,511_202609262230_NEAR_USDT_SHORT,1,4.795859999999999,1.0,4.74814,511_202609262230_NEAR_USDT_SHORT_B1_REFERENCE
SHORT,0.5444,2026-09-26T22:34:23.693000+09:00,511_202609262230_ONDO_USDT_SHORT,1,0.5471219999999999,1.0,0.541678,511_202609262230_ONDO_USDT_SHORT_B1_REFERENCE
SHORT,4.3615e-06,2026-09-26T22:34:12.670000+09:00,511_202609262230_PEPE_USDT_SHORT,1,4.383307499999999e-06,1.0,4.3396925e-06,511_202609262230_PEPE_USDT_SHORT_B1_REFERENCE
LONG,0.4938,2026-09-26T22:54:00.724000+09:00,511_202609262250_WLD_USDT_LONG,1,0.491331,1.0,0.49626899999999996,511_202609262250_WLD_USDT_LONG_B1_REFERENCE
SHORT,0.255,2026-09-26T23:04:24.553000+09:00,511_202609262300_ADA_USDT_SHORT,1,0.256275,1.0,0.253725,511_202609262300_ADA_USDT_SHORT_B1_REFERENCE
SHORT,0.09707,2026-09-26T23:04:18.610000+09:00,511_202609262300_DOGE_USDT_SHORT,1,0.09755535,1.0,0.09658465000000001,511_202609262300_DOGE_USDT_SHORT_B1_REFERENCE
LONG,14.293,2026-09-26T23:04:20.542000+09:00,511_202609262300_LINK_USDT_LONG,1,14.221535,1.0,14.364464999999997,511_202609262300_LINK_USDT_LONG_B1_REFERENCE
SHORT,72.03,2026-09-26T23:04:25.532000+09:00,511_202609262300_LTC_USDT_SHORT,1,72.39014999999999,1.0,71.66985,511_202609262300_LTC_USDT_SHORT_B1_REFERENCE
SHORT,0.5461,2026-09-26T23:04:26.518000+09:00,511_202609262300_ONDO_USDT_SHORT,1,0.5488305,1.0,0.5433695000000001,511_202609262300_ONDO_USDT_SHORT_B1_REFERENCE
SHORT,0.07249,2026-09-26T23:04:28.529000+09:00,511_202609262300_SEI_USDT_SHORT,1,0.07285244999999999,1.0,0.07212755,511_202609262300_SEI_USDT_SHORT_B1_REFERENCE
LONG,94.53,2026-09-26T23:04:32.491000+09:00,511_202609262300_USOIL_USDT_LONG,1,94.05735,1.0,95.00264999999999,511_202609262300_USOIL_USDT_LONG_B1_REFERENCE
LONG,14.436,2026-09-26T23:43:29.730000+09:00,511_202609262340_LINK_USDT_LONG,1,14.36382,1.0,14.508179999999998,511_202609262340_LINK_USDT_LONG_B1_REFERENCE
LONG,1086.5,2026-09-26T23:53:53.875000+09:00,511_202609262350_MUSTOCK_USDT_LONG,1,1081.0674999999999,1.0,1091.9325,511_202609262350_MUSTOCK_USDT_LONG_B1_REFERENCE
LONG,1544.44,2026-09-26T23:53:45.912000+09:00,511_202609262350_ZEC_USDT_LONG,1,1536.7178000000001,1.0,1552.1622,511_202609262350_ZEC_USDT_LONG_B1_REFERENCE
LONG,0.22749,2026-09-27T00:03:42.063000+09:00,511_202609270000_ARB_USDT_LONG,1,0.22635254999999999,1.0,0.22862744999999998,511_202609270000_ARB_USDT_LONG_B1_REFERENCE
LONG,0.07396,2026-09-27T00:03:34.762000+09:00,511_202609270000_SEI_USDT_LONG,1,0.0735902,1.0,0.07432979999999999,511_202609270000_SEI_USDT_LONG_B1_REFERENCE
LONG,328.7,2026-09-27T00:03:19.157000+09:00,511_202609270000_TAO_USDT_LONG,1,327.05649999999997,1.0,330.34349999999995,511_202609270000_TAO_USDT_LONG_B1_REFERENCE
LONG,1547.6,2026-09-27T00:03:14.924000+09:00,511_202609270000_ZEC_USDT_LONG,1,1539.8619999999999,1.0,1555.3379999999997,511_202609270000_ZEC_USDT_LONG_B1_REFERENCE
LONG,14.34,2026-09-27T00:14:00.581000+09:00,511_202609270010_LINK_USDT_LONG,1,14.2683,1.0,14.411699999999998,511_202609270010_LINK_USDT_LONG_B1_REFERENCE
LONG,0.08332,2026-09-27T00:14:17.791000+09:00,511_202609270010_PHA_USDT_LONG,1,0.0829034,1.0,0.0837366,511_202609270010_PHA_USDT_LONG_B1_REFERENCE
LONG,0.5327,2026-09-27T00:13:59.366000+09:00,511_202609270010_WLD_USDT_LONG,1,0.5300364999999999,1.0,0.5353634999999999,511_202609270010_WLD_USDT_LONG_B1_REFERENCE
LONG,0.2592,2026-09-27T00:24:22.859000+09:00,511_202609270020_ADA_USDT_LONG,1,0.25790399999999997,1.0,0.26049599999999995,511_202609270020_ADA_USDT_LONG_B1_REFERENCE
SHORT,0.5459,2026-09-27T00:24:29.275000+09:00,511_202609270020_ONDO_USDT_SHORT,1,0.5486295,1.0,0.5431705,511_202609270020_ONDO_USDT_SHORT_B1_REFERENCE
LONG,0.07442,2026-09-27T00:24:26.061000+09:00,511_202609270020_SEI_USDT_LONG,1,0.0740479,1.0,0.07479209999999999,511_202609270020_SEI_USDT_LONG_B1_REFERENCE
LONG,1.1779,2026-09-27T00:24:09.192000+09:00,511_202609270020_SUI_USDT_LONG,1,1.1720104999999998,1.0,1.1837894999999998,511_202609270020_SUI_USDT_LONG_B1_REFERENCE
LONG,92.364,2026-09-27T00:34:18.131000+09:00,511_202609270030_HYPE_USDT_LONG,1,91.90218,1.0,92.82582,511_202609270030_HYPE_USDT_LONG_B1_REFERENCE
SHORT,0.5476,2026-09-27T00:34:17.197000+09:00,511_202609270030_ONDO_USDT_SHORT,1,0.5503379999999999,1.0,0.544862,511_202609270030_ONDO_USDT_SHORT_B1_REFERENCE
LONG,121.61,2026-09-27T00:33:57.211000+09:00,511_202609270030_SOL_USDT_LONG,1,121.00195,1.0,122.21804999999999,511_202609270030_SOL_USDT_LONG_B1_REFERENCE
LONG,332.65,2026-09-27T00:34:00.288000+09:00,511_202609270030_TAO_USDT_LONG,1,330.98675,1.0,334.3132499999999,511_202609270030_TAO_USDT_LONG_B1_REFERENCE
LONG,121.63,2026-09-27T00:43:46.943000+09:00,511_202609270040_SOL_USDT_LONG,1,121.02185,1.0,122.23814999999998,511_202609270040_SOL_USDT_LONG_B1_REFERENCE
LONG,0.536,2026-09-27T00:43:56.260000+09:00,511_202609270040_WLD_USDT_LONG,1,0.53332,1.0,0.5386799999999999,511_202609270040_WLD_USDT_LONG_B1_REFERENCE
LONG,0.09847,2026-09-27T00:54:02.074000+09:00,511_202609270050_DOGE_USDT_LONG,1,0.09797765,1.0,0.09896234999999999,511_202609270050_DOGE_USDT_LONG_B1_REFERENCE
SHORT,0.27495,2026-09-27T00:53:57.846000+09:00,511_202609270050_ENA_USDT_SHORT,1,0.27632475,1.0,0.27357525000000005,511_202609270050_ENA_USDT_SHORT_B1_REFERENCE
LONG,92.5,2026-09-27T00:54:13.852000+09:00,511_202609270050_HYPE_USDT_LONG,1,92.0375,1.0,92.96249999999999,511_202609270050_HYPE_USDT_LONG_B1_REFERENCE
LONG,339.46,2026-09-27T00:53:54.672000+09:00,511_202609270050_TAO_USDT_LONG,1,337.7627,1.0,341.15729999999996,511_202609270050_TAO_USDT_LONG_B1_REFERENCE
LONG,0.229,2026-09-27T01:04:23.971000+09:00,511_202609270100_ARB_USDT_LONG,1,0.227855,1.0,0.230145,511_202609270100_ARB_USDT_LONG_B1_REFERENCE
LONG,0.09846,2026-09-27T01:04:10.541000+09:00,511_202609270100_DOGE_USDT_LONG,1,0.0979677,1.0,0.09895229999999999,511_202609270100_DOGE_USDT_LONG_B1_REFERENCE
LONG,0.0832,2026-09-27T01:04:25.725000+09:00,511_202609270100_PHA_USDT_LONG,1,0.082784,1.0,0.08361599999999998,511_202609270100_PHA_USDT_LONG_B1_REFERENCE
LONG,0.07403,2026-09-27T01:24:12.002000+09:00,511_202609270120_SEI_USDT_LONG,1,0.07365985,1.0,0.07440014999999998,511_202609270120_SEI_USDT_LONG_B1_REFERENCE
LONG,0.2593,2026-09-27T01:34:16.286000+09:00,511_202609270130_ADA_USDT_LONG,1,0.2580035,1.0,0.26059649999999995,511_202609270130_ADA_USDT_LONG_B1_REFERENCE
LONG,0.22847,2026-09-27T01:34:24.746000+09:00,511_202609270130_ARB_USDT_LONG,1,0.22732765,1.0,0.22961235,511_202609270130_ARB_USDT_LONG_B1_REFERENCE
LONG,0.09845,2026-09-27T01:34:11.599000+09:00,511_202609270130_DOGE_USDT_LONG,1,0.09795775,1.0,0.09894224999999998,511_202609270130_DOGE_USDT_LONG_B1_REFERENCE
LONG,4.4568e-06,2026-09-27T01:34:09.470000+09:00,511_202609270130_PEPE_USDT_LONG,1,4.434516e-06,1.0,4.479084e-06,511_202609270130_PEPE_USDT_LONG_B1_REFERENCE
LONG,121.69,2026-09-27T01:34:01.991000+09:00,511_202609270130_SOL_USDT_LONG,1,121.08155,1.0,122.29844999999999,511_202609270130_SOL_USDT_LONG_B1_REFERENCE
LONG,1.1842,2026-09-27T01:34:04.812000+09:00,511_202609270130_SUI_USDT_LONG,1,1.1782789999999999,1.0,1.1901209999999998,511_202609270130_SUI_USDT_LONG_B1_REFERENCE
LONG,1.548,2026-09-27T01:34:03.879000+09:00,511_202609270130_XRP_USDT_LONG,1,1.54026,1.0,1.55574,511_202609270130_XRP_USDT_LONG_B1_REFERENCE
SHORT,0.5458,2026-09-27T01:44:07.667000+09:00,511_202609270140_ONDO_USDT_SHORT,1,0.5485289999999999,1.0,0.543071,511_202609270140_ONDO_USDT_SHORT_B1_REFERENCE
SHORT,0.27399,2026-09-27T01:53:20.610000+09:00,511_202609270150_ENA_USDT_SHORT,1,0.27535994999999996,1.0,0.27262005,511_202609270150_ENA_USDT_SHORT_B1_REFERENCE
SHORT,0.5453,2026-09-27T01:53:33.207000+09:00,511_202609270150_ONDO_USDT_SHORT,1,0.5480265,1.0,0.5425735,511_202609270150_ONDO_USDT_SHORT_B1_REFERENCE
SHORT,0.26941,2026-09-27T02:12:38.500000+09:00,511_202609270210_ENA_USDT_SHORT,1,0.27075704999999994,1.0,0.26806294999999997,511_202609270210_ENA_USDT_SHORT_B1_REFERENCE
LONG,1569.57,2026-09-27T02:12:30.926000+09:00,511_202609270210_ZEC_USDT_LONG,1,1561.7221499999998,1.0,1577.4178499999998,511_202609270210_ZEC_USDT_LONG_B1_REFERENCE
SHORT,1.5357,2026-09-27T02:32:40.856000+09:00,511_202609270230_XRP_USDT_SHORT,1,1.5433785,1.0,1.5280215000000001,511_202609270230_XRP_USDT_SHORT_B1_REFERENCE
SHORT,91.511,2026-09-27T03:24:24.361000+09:00,511_202609270320_HYPE_USDT_SHORT,1,91.96855499999998,1.0,91.053445,511_202609270320_HYPE_USDT_SHORT_B1_REFERENCE
SHORT,0.07269,2026-09-27T03:24:23.386000+09:00,511_202609270320_SEI_USDT_SHORT,1,0.07305344999999999,1.0,0.07232655,511_202609270320_SEI_USDT_SHORT_B1_REFERENCE
SHORT,0.2555,2026-09-27T03:34:22.054000+09:00,511_202609270330_ADA_USDT_SHORT,1,0.2567775,1.0,0.2542225,511_202609270330_ADA_USDT_SHORT_B1_REFERENCE
SHORT,0.09745,2026-09-27T03:34:16.647000+09:00,511_202609270330_DOGE_USDT_SHORT,1,0.09793724999999999,1.0,0.09696275,511_202609270330_DOGE_USDT_SHORT_B1_REFERENCE
SHORT,71.91,2026-09-27T03:34:23.940000+09:00,511_202609270330_LTC_USDT_SHORT,1,72.26955,1.0,71.55045,511_202609270330_LTC_USDT_SHORT_B1_REFERENCE
SHORT,4.3745e-06,2026-09-27T03:44:00.706000+09:00,511_202609270340_PEPE_USDT_SHORT,1,4.3963725e-06,1.0,4.3526275e-06,511_202609270340_PEPE_USDT_SHORT_B1_REFERENCE
LONG,1573.75,2026-09-27T03:43:53.550000+09:00,511_202609270340_ZEC_USDT_LONG,1,1565.88125,1.0,1581.6187499999999,511_202609270340_ZEC_USDT_LONG_B1_REFERENCE
SHORT,2683.24,2026-09-27T03:53:11.604000+09:00,511_202609270350_ETH_USDT_SHORT,1,2696.6561999999994,1.0,2669.8237999999997,511_202609270350_ETH_USDT_SHORT_B1_REFERENCE
SHORT,71.64,2026-09-27T03:53:27.194000+09:00,511_202609270350_LTC_USDT_SHORT,1,71.9982,1.0,71.2818,511_202609270350_LTC_USDT_SHORT_B1_REFERENCE
SHORT,4.82,2026-09-27T03:53:16.825000+09:00,511_202609270350_NEAR_USDT_SHORT,1,4.8441,1.0,4.7959000000000005,511_202609270350_NEAR_USDT_SHORT_B1_REFERENCE
SHORT,0.07229,2026-09-27T03:53:30.660000+09:00,511_202609270350_SEI_USDT_SHORT,1,0.07265144999999998,1.0,0.07192855,511_202609270350_SEI_USDT_SHORT_B1_REFERENCE
SHORT,0.09726,2026-09-27T04:03:30.082000+09:00,511_202609270400_DOGE_USDT_SHORT,1,0.0977463,1.0,0.0967737,511_202609270400_DOGE_USDT_SHORT_B1_REFERENCE
SHORT,0.004413,2026-09-27T04:03:47.645000+09:00,511_202609270400_PUMPFUN_USDT_SHORT,1,0.004435065,1.0,0.004390935,511_202609270400_PUMPFUN_USDT_SHORT_B1_REFERENCE
SHORT,1.1602,2026-09-27T04:03:22.638000+09:00,511_202609270400_SUI_USDT_SHORT,1,1.1660009999999998,1.0,1.154399,511_202609270400_SUI_USDT_SHORT_B1_REFERENCE
SHORT,7.653,2026-09-27T04:14:23.732000+09:00,511_202609270410_INJ_USDT_SHORT,1,7.691264999999999,1.0,7.614735,511_202609270410_INJ_USDT_SHORT_B1_REFERENCE
SHORT,154.52,2026-09-27T04:34:20.758000+09:00,511_202609270430_AAVE_USDT_SHORT,1,155.2926,1.0,153.7474,511_202609270430_AAVE_USDT_SHORT_B1_REFERENCE
SHORT,10.76,2026-09-27T04:34:12.072000+09:00,511_202609270430_AVAX_USDT_SHORT,1,10.813799999999999,1.0,10.706199999999999,511_202609270430_AVAX_USDT_SHORT_B1_REFERENCE
SHORT,14.135,2026-09-27T04:34:08.301000+09:00,511_202609270430_LINK_USDT_SHORT,1,14.205674999999998,1.0,14.064325,511_202609270430_LINK_USDT_SHORT_B1_REFERENCE
SHORT,71.96,2026-09-27T04:34:15.199000+09:00,511_202609270430_LTC_USDT_SHORT,1,72.31979999999999,1.0,71.60019999999999,511_202609270430_LTC_USDT_SHORT_B1_REFERENCE
SHORT,4.807,2026-09-27T04:34:02.412000+09:00,511_202609270430_NEAR_USDT_SHORT,1,4.831035,1.0,4.782965000000001,511_202609270430_NEAR_USDT_SHORT_B1_REFERENCE
SHORT,0.00439,2026-09-27T04:34:22.632000+09:00,511_202609270430_PUMPFUN_USDT_SHORT,1,0.0044119499999999996,1.0,0.00436805,511_202609270430_PUMPFUN_USDT_SHORT_B1_REFERENCE
SHORT,0.07249,2026-09-27T04:34:17.982000+09:00,511_202609270430_SEI_USDT_SHORT,1,0.07285244999999999,1.0,0.07212755,511_202609270430_SEI_USDT_SHORT_B1_REFERENCE
SHORT,2681.91,2026-09-27T04:43:54.695000+09:00,511_202609270440_ETH_USDT_SHORT,1,2695.3195499999997,1.0,2668.50045,511_202609270440_ETH_USDT_SHORT_B1_REFERENCE
SHORT,0.004398,2026-09-27T04:54:53.771000+09:00,511_202609270450_PUMPFUN_USDT_SHORT,1,0.0044199899999999995,1.0,0.00437601,511_202609270450_PUMPFUN_USDT_SHORT_B1_REFERENCE
SHORT,0.5364,2026-09-27T05:03:47.704000+09:00,511_202609270500_ONDO_USDT_SHORT,1,0.539082,1.0,0.533718,511_202609270500_ONDO_USDT_SHORT_B1_REFERENCE
LONG,1567.56,2026-09-27T05:03:30.024000+09:00,511_202609270500_ZEC_USDT_LONG,1,1559.7222,1.0,1575.3977999999997,511_202609270500_ZEC_USDT_LONG_B1_REFERENCE
SHORT,14.081,2026-09-27T05:13:54.608000+09:00,511_202609270510_LINK_USDT_SHORT,1,14.151404999999999,1.0,14.010594999999999,511_202609270510_LINK_USDT_SHORT_B1_REFERENCE
SHORT,71.47,2026-09-27T05:13:59.746000+09:00,511_202609270510_LTC_USDT_SHORT,1,71.82735,1.0,71.11265,511_202609270510_LTC_USDT_SHORT_B1_REFERENCE
SHORT,0.5359,2026-09-27T05:13:58.896000+09:00,511_202609270510_ONDO_USDT_SHORT,1,0.5385795,1.0,0.5332205,511_202609270510_ONDO_USDT_SHORT_B1_REFERENCE
SHORT,120.89,2026-09-27T05:13:46.903000+09:00,511_202609270510_SOL_USDT_SHORT,1,121.49444999999999,1.0,120.28555,511_202609270510_SOL_USDT_SHORT_B1_REFERENCE
SHORT,319.4,2026-09-27T05:13:47.765000+09:00,511_202609270510_TAO_USDT_SHORT,1,320.99699999999996,1.0,317.803,511_202609270510_TAO_USDT_SHORT_B1_REFERENCE
LONG,0.0838,2026-09-27T05:24:11.967000+09:00,511_202609270520_PHA_USDT_LONG,1,0.083381,1.0,0.08421899999999999,511_202609270520_PHA_USDT_LONG_B1_REFERENCE
SHORT,0.2524,2026-09-27T05:34:56.858000+09:00,511_202609270530_ADA_USDT_SHORT,1,0.253662,1.0,0.25113800000000003,511_202609270530_ADA_USDT_SHORT_B1_REFERENCE
LONG,1581.52,2026-09-27T05:34:44.100000+09:00,511_202609270530_ZEC_USDT_LONG,1,1573.6124,1.0,1589.4275999999998,511_202609270530_ZEC_USDT_LONG_B1_REFERENCE
SHORT,153.99,2026-09-27T05:35:06.815000+09:00,511_202609270535_AAVE_USDT_SHORT,1,154.75995,1.0,153.22005000000001,511_202609270535_AAVE_USDT_SHORT_B1_REFERENCE
SHORT,7.661,2026-09-27T05:35:09.652000+09:00,511_202609270535_INJ_USDT_SHORT,1,7.699304999999999,1.0,7.622694999999999,511_202609270535_INJ_USDT_SHORT_B1_REFERENCE
SHORT,0.2493,2026-09-27T05:44:00.689000+09:00,511_202609270540_ADA_USDT_SHORT,1,0.25054649999999995,1.0,0.24805349999999998,511_202609270540_ADA_USDT_SHORT_B1_REFERENCE
SHORT,0.21906,2026-09-27T05:44:04.967000+09:00,511_202609270540_ARB_USDT_SHORT,1,0.22015529999999997,1.0,0.2179647,511_202609270540_ARB_USDT_SHORT_B1_REFERENCE
SHORT,10.596,2026-09-27T05:44:02.411000+09:00,511_202609270540_AVAX_USDT_SHORT,1,10.648979999999998,1.0,10.54302,511_202609270540_AVAX_USDT_SHORT_B1_REFERENCE
SHORT,71.28,2026-09-27T05:44:04.085000+09:00,511_202609270540_LTC_USDT_SHORT,1,71.6364,1.0,70.92360000000001,511_202609270540_LTC_USDT_SHORT_B1_REFERENCE
SHORT,4.774,2026-09-27T05:43:53.914000+09:00,511_202609270540_NEAR_USDT_SHORT,1,4.79787,1.0,4.75013,511_202609270540_NEAR_USDT_SHORT_B1_REFERENCE
SHORT,4.2845e-06,2026-09-27T05:43:55.581000+09:00,511_202609270540_PEPE_USDT_SHORT,1,4.3059225e-06,1.0,4.2630775e-06,511_202609270540_PEPE_USDT_SHORT_B1_REFERENCE
SHORT,1.1384,2026-09-27T05:43:53.103000+09:00,511_202609270540_SUI_USDT_SHORT,1,1.1440919999999999,1.0,1.132708,511_202609270540_SUI_USDT_SHORT_B1_REFERENCE
SHORT,314.4,2026-09-27T05:43:52.288000+09:00,511_202609270540_TAO_USDT_SHORT,1,315.9719999999999,1.0,312.828,511_202609270540_TAO_USDT_SHORT_B1_REFERENCE
SHORT,1.5081,2026-09-27T05:43:50.620000+09:00,511_202609270540_XRP_USDT_SHORT,1,1.5156405,1.0,1.5005595,511_202609270540_XRP_USDT_SHORT_B1_REFERENCE
SHORT,0.2492,2026-09-27T05:53:20.764000+09:00,511_202609270550_ADA_USDT_SHORT,1,0.250446,1.0,0.247954,511_202609270550_ADA_USDT_SHORT_B1_REFERENCE
SHORT,0.09564,2026-09-27T05:53:17.612000+09:00,511_202609270550_DOGE_USDT_SHORT,1,0.09611819999999999,1.0,0.0951618,511_202609270550_DOGE_USDT_SHORT_B1_REFERENCE
SHORT,0.26836,2026-09-27T05:53:15.417000+09:00,511_202609270550_ENA_USDT_SHORT,1,0.26970179999999994,1.0,0.2670182,511_202609270550_ENA_USDT_SHORT_B1_REFERENCE
SHORT,2671.82,2026-09-27T05:53:05.705000+09:00,511_202609270550_ETH_USDT_SHORT,1,2685.1791,1.0,2658.4609,511_202609270550_ETH_USDT_SHORT_B1_REFERENCE
SHORT,13.917,2026-09-27T05:53:18.679000+09:00,511_202609270550_LINK_USDT_SHORT,1,13.986584999999998,1.0,13.847415,511_202609270550_LINK_USDT_SHORT_B1_REFERENCE
SHORT,1084.49,2026-09-27T05:53:27.443000+09:00,511_202609270550_MUSTOCK_USDT_SHORT,1,1089.9124499999998,1.0,1079.06755,511_202609270550_MUSTOCK_USDT_SHORT_B1_REFERENCE
SHORT,0.00433,2026-09-27T05:53:32.837000+09:00,511_202609270550_PUMPFUN_USDT_SHORT,1,0.0043516499999999994,1.0,0.00430835,511_202609270550_PUMPFUN_USDT_SHORT_B1_REFERENCE
SHORT,0.07095,2026-09-27T05:53:28.484000+09:00,511_202609270550_SEI_USDT_SHORT,1,0.07130474999999999,1.0,0.07059525,511_202609270550_SEI_USDT_SHORT_B1_REFERENCE
SHORT,120.28,2026-09-27T05:53:08.962000+09:00,511_202609270550_SOL_USDT_SHORT,1,120.88139999999999,1.0,119.6786,511_202609270550_SOL_USDT_SHORT_B1_REFERENCE
SHORT,1.1375,2026-09-27T05:53:11.051000+09:00,511_202609270550_SUI_USDT_SHORT,1,1.1431874999999998,1.0,1.1318124999999999,511_202609270550_SUI_USDT_SHORT_B1_REFERENCE
SHORT,1.5091,2026-09-27T05:53:07.894000+09:00,511_202609270550_XRP_USDT_SHORT,1,1.5166454999999999,1.0,1.5015545000000001,511_202609270550_XRP_USDT_SHORT_B1_REFERENCE
SHORT,7.576,2026-09-27T06:04:42.248000+09:00,511_202609270600_INJ_USDT_SHORT,1,7.613879999999999,1.0,7.538119999999999,511_202609270600_INJ_USDT_SHORT_B1_REFERENCE
SHORT,0.5343,2026-09-27T06:04:31.410000+09:00,511_202609270600_ONDO_USDT_SHORT,1,0.5369714999999999,1.0,0.5316285,511_202609270600_ONDO_USDT_SHORT_B1_REFERENCE
LONG,1580.63,2026-09-27T06:04:14.567000+09:00,511_202609270600_ZEC_USDT_LONG,1,1572.72685,1.0,1588.53315,511_202609270600_ZEC_USDT_LONG_B1_REFERENCE
SHORT,0.5329,2026-09-27T06:14:14.347000+09:00,511_202609270610_ONDO_USDT_SHORT,1,0.5355645,1.0,0.5302355000000001,511_202609270610_ONDO_USDT_SHORT_B1_REFERENCE
LONG,121.75,2026-09-27T06:24:17.966000+09:00,511_202609270620_QNT_USDT_LONG,1,121.14125,1.0,122.35874999999999,511_202609270620_QNT_USDT_LONG_B1_REFERENCE
LONG,1636.06,2026-09-27T06:23:53.303000+09:00,511_202609270620_ZEC_USDT_LONG,1,1627.8797,1.0,1644.2402999999997,511_202609270620_ZEC_USDT_LONG_B1_REFERENCE
LONG,84163.7,2026-09-27T06:33:42.771000+09:00,511_202609270630_BTC_USDT_LONG,1,83742.8815,1.0,84584.51849999999,511_202609270630_BTC_USDT_LONG_B1_REFERENCE
LONG,0.08259,2026-09-27T06:34:06.780000+09:00,511_202609270630_PHA_USDT_LONG,1,0.08217705,1.0,0.08300294999999999,511_202609270630_PHA_USDT_LONG_B1_REFERENCE
LONG,1662.34,2026-09-27T06:33:44.560000+09:00,511_202609270630_ZEC_USDT_LONG,1,1654.0283,1.0,1670.6516999999997,511_202609270630_ZEC_USDT_LONG_B1_REFERENCE
SHORT,0.2525,2026-09-27T06:44:04.258000+09:00,511_202609270640_ADA_USDT_SHORT,1,0.2537625,1.0,0.2512375,511_202609270640_ADA_USDT_SHORT_B1_REFERENCE
SHORT,0.09645,2026-09-27T06:43:58.629000+09:00,511_202609270640_DOGE_USDT_SHORT,1,0.09693224999999998,1.0,0.09596774999999999,511_202609270640_DOGE_USDT_SHORT_B1_REFERENCE
SHORT,14.054,2026-09-27T06:44:00.701000+09:00,511_202609270640_LINK_USDT_SHORT,1,14.12427,1.0,13.98373,511_202609270640_LINK_USDT_SHORT_B1_REFERENCE
SHORT,0.5356,2026-09-27T06:44:06.275000+09:00,511_202609270640_ONDO_USDT_SHORT,1,0.5382779999999999,1.0,0.532922,511_202609270640_ONDO_USDT_SHORT_B1_REFERENCE
SHORT,4.345e-06,2026-09-27T06:43:55.191000+09:00,511_202609270640_PEPE_USDT_SHORT,1,4.366724999999999e-06,1.0,4.323275e-06,511_202609270640_PEPE_USDT_SHORT_B1_REFERENCE
SHORT,1.1521,2026-09-27T06:43:53.004000+09:00,511_202609270640_SUI_USDT_SHORT,1,1.1578604999999997,1.0,1.1463394999999998,511_202609270640_SUI_USDT_SHORT_B1_REFERENCE
SHORT,317.0,2026-09-27T06:53:42.340000+09:00,511_202609270650_TAO_USDT_SHORT,1,318.585,1.0,315.415,511_202609270650_TAO_USDT_SHORT_B1_REFERENCE
SHORT,0.07155,2026-09-27T07:24:35.727000+09:00,511_202609270720_SEI_USDT_SHORT,1,0.07190774999999999,1.0,0.07119225,511_202609270720_SEI_USDT_SHORT_B1_REFERENCE
LONG,132.59,2026-09-27T07:34:30.651000+09:00,511_202609270730_QNT_USDT_LONG,1,131.92705,1.0,133.25295,511_202609270730_QNT_USDT_LONG_B1_REFERENCE
LONG,2689.11,2026-09-27T07:53:47.071000+09:00,511_202609270750_ETH_USDT_LONG,1,2675.66445,1.0,2702.55555,511_202609270750_ETH_USDT_LONG_B1_REFERENCE
LONG,1087.53,2026-09-27T07:54:04.309000+09:00,511_202609270750_MUSTOCK_USDT_LONG,1,1082.09235,1.0,1092.9676499999998,511_202609270750_MUSTOCK_USDT_LONG_B1_REFERENCE
LONG,121.23,2026-09-27T07:53:49.041000+09:00,511_202609270750_SOL_USDT_LONG,1,120.62385,1.0,121.83614999999999,511_202609270750_SOL_USDT_LONG_B1_REFERENCE
LONG,144.32,2026-09-27T08:03:11.283000+09:00,511_202609270800_QNT_USDT_LONG,1,143.5984,1.0,145.0416,511_202609270800_QNT_USDT_LONG_B1_REFERENCE
LONG,92.024,2026-09-27T08:13:27.397000+09:00,511_202609270810_HYPE_USDT_LONG,1,91.56388,1.0,92.48411999999999,511_202609270810_HYPE_USDT_LONG_B1_REFERENCE
LONG,2693.44,2026-09-27T08:23:53.543000+09:00,511_202609270820_ETH_USDT_LONG,1,2679.9728,1.0,2706.9071999999996,511_202609270820_ETH_USDT_LONG_B1_REFERENCE
LONG,92.188,2026-09-27T08:34:39.361000+09:00,511_202609270830_HYPE_USDT_LONG,1,91.72706000000001,1.0,92.64894,511_202609270830_HYPE_USDT_LONG_B1_REFERENCE
LONG,149.12,2026-09-27T08:34:34.694000+09:00,511_202609270830_QNT_USDT_LONG,1,148.3744,1.0,149.8656,511_202609270830_QNT_USDT_LONG_B1_REFERENCE
LONG,92.28,2026-09-27T08:44:58.709000+09:00,511_202609270840_HYPE_USDT_LONG,1,91.8186,1.0,92.74139999999998,511_202609270840_HYPE_USDT_LONG_B1_REFERENCE
SHORT,0.5221,2026-09-27T08:44:46.143000+09:00,511_202609270840_WLD_USDT_SHORT,1,0.5247105,1.0,0.5194895,511_202609270840_WLD_USDT_SHORT_B1_REFERENCE
LONG,155.24,2026-09-27T08:45:00.465000+09:00,511_202609270845_AAVE_USDT_LONG,1,154.46380000000002,1.0,156.0162,511_202609270845_AAVE_USDT_LONG_B1_REFERENCE
LONG,155.54,2026-09-27T08:54:14.256000+09:00,511_202609270850_AAVE_USDT_LONG,1,154.76229999999998,1.0,156.31769999999997,511_202609270850_AAVE_USDT_LONG_B1_REFERENCE
LONG,10.861,2026-09-27T08:54:05.903000+09:00,511_202609270850_AVAX_USDT_LONG,1,10.806695000000001,1.0,10.915305,511_202609270850_AVAX_USDT_LONG_B1_REFERENCE
SHORT,0.2215,2026-09-27T09:05:14.161000+09:00,511_202609270905_ARB_USDT_SHORT,1,0.22260749999999999,1.0,0.2203925,511_202609270905_ARB_USDT_SHORT_B1_REFERENCE
LONG,5.01,2026-09-27T09:05:02.656000+09:00,511_202609270905_NEAR_USDT_LONG,1,4.9849499999999995,1.0,5.035049999999999,511_202609270905_NEAR_USDT_LONG_B1_REFERENCE
SHORT,0.522,2026-09-27T09:05:06.203000+09:00,511_202609270905_WLD_USDT_SHORT,1,0.5246099999999999,1.0,0.51939,511_202609270905_WLD_USDT_SHORT_B1_REFERENCE
SHORT,0.22158,2026-09-27T09:14:32.685000+09:00,511_202609270910_ARB_USDT_SHORT,1,0.22268789999999997,1.0,0.2204721,511_202609270910_ARB_USDT_SHORT_B1_REFERENCE
LONG,72.54,2026-09-27T09:24:24.422000+09:00,511_202609270920_DASH_USDT_LONG,1,72.1773,1.0,72.9027,511_202609270920_DASH_USDT_LONG_B1_REFERENCE
LONG,154.94,2026-09-27T09:34:21.021000+09:00,511_202609270930_AAVE_USDT_LONG,1,154.1653,1.0,155.7147,511_202609270930_AAVE_USDT_LONG_B1_REFERENCE
LONG,1.1674,2026-09-27T09:34:03.507000+09:00,511_202609270930_SUI_USDT_LONG,1,1.161563,1.0,1.1732369999999999,511_202609270930_SUI_USDT_LONG_B1_REFERENCE
SHORT,0.5233,2026-09-27T09:34:07.941000+09:00,511_202609270930_WLD_USDT_SHORT,1,0.5259164999999999,1.0,0.5206835,511_202609270930_WLD_USDT_SHORT_B1_REFERENCE
SHORT,1.5215,2026-09-27T09:34:00.913000+09:00,511_202609270930_XRP_USDT_SHORT,1,1.5291074999999998,1.0,1.5138925,511_202609270930_XRP_USDT_SHORT_B1_REFERENCE
LONG,156.05,2026-09-27T10:14:22.639000+09:00,511_202609271010_AAVE_USDT_LONG,1,155.26975000000002,1.0,156.83025,511_202609271010_AAVE_USDT_LONG_B1_REFERENCE
LONG,1.1651,2026-09-27T10:14:00.211000+09:00,511_202609271010_SUI_USDT_LONG,1,1.1592745,1.0,1.1709254999999998,511_202609271010_SUI_USDT_LONG_B1_REFERENCE
SHORT,14.057,2026-09-27T10:24:02.774000+09:00,511_202609271020_LINK_USDT_SHORT,1,14.127284999999999,1.0,13.986715,511_202609271020_LINK_USDT_SHORT_B1_REFERENCE
SHORT,120.76,2026-09-27T10:23:56.187000+09:00,511_202609271020_SOL_USDT_SHORT,1,121.3638,1.0,120.1562,511_202609271020_SOL_USDT_SHORT_B1_REFERENCE
LONG,0.004399,2026-09-27T10:34:33.120000+09:00,511_202609271030_PUMPFUN_USDT_LONG,1,0.004377005,1.0,0.004420995,511_202609271030_PUMPFUN_USDT_LONG_B1_REFERENCE
SHORT,120.76,2026-09-27T10:34:06.644000+09:00,511_202609271030_SOL_USDT_SHORT,1,121.3638,1.0,120.1562,511_202609271030_SOL_USDT_SHORT_B1_REFERENCE
SHORT,0.5193,2026-09-27T10:34:17.456000+09:00,511_202609271030_WLD_USDT_SHORT,1,0.5218964999999999,1.0,0.5167035,511_202609271030_WLD_USDT_SHORT_B1_REFERENCE
SHORT,1.5155,2026-09-27T10:34:05.595000+09:00,511_202609271030_XRP_USDT_SHORT,1,1.5230774999999999,1.0,1.5079225,511_202609271030_XRP_USDT_SHORT_B1_REFERENCE
LONG,177.7,2026-09-27T10:42:34.926000+09:00,511_202609271040_QNT_USDT_LONG,1,176.8115,1.0,178.58849999999998,511_202609271040_QNT_USDT_LONG_B1_REFERENCE
LONG,93.019,2026-09-27T10:53:26.400000+09:00,511_202609271050_HYPE_USDT_LONG,1,92.553905,1.0,93.484095,511_202609271050_HYPE_USDT_LONG_B1_REFERENCE
LONG,93.283,2026-09-27T11:04:43.676000+09:00,511_202609271100_HYPE_USDT_LONG,1,92.816585,1.0,93.74941499999998,511_202609271100_HYPE_USDT_LONG_B1_REFERENCE
LONG,14.157,2026-09-27T11:04:32.110000+09:00,511_202609271100_LINK_USDT_LONG,1,14.086215,1.0,14.227784999999999,511_202609271100_LINK_USDT_LONG_B1_REFERENCE
SHORT,71.82,2026-09-27T11:04:41.843000+09:00,511_202609271100_LTC_USDT_SHORT,1,72.17909999999999,1.0,71.4609,511_202609271100_LTC_USDT_SHORT_B1_REFERENCE
LONG,5.138,2026-09-27T11:04:29.582000+09:00,511_202609271100_NEAR_USDT_LONG,1,5.11231,1.0,5.163689999999999,511_202609271100_NEAR_USDT_LONG_B1_REFERENCE
LONG,1.1825,2026-09-27T11:04:28.765000+09:00,511_202609271100_SUI_USDT_LONG,1,1.1765875000000001,1.0,1.1884124999999999,511_202609271100_SUI_USDT_LONG_B1_REFERENCE
LONG,155.52,2026-09-27T11:14:57.353000+09:00,511_202609271110_AAVE_USDT_LONG,1,154.7424,1.0,156.2976,511_202609271110_AAVE_USDT_LONG_B1_REFERENCE
LONG,0.5402,2026-09-27T11:14:51.804000+09:00,511_202609271110_ONDO_USDT_LONG,1,0.5374990000000001,1.0,0.542901,511_202609271110_ONDO_USDT_LONG_B1_REFERENCE
LONG,156.16,2026-09-27T11:23:56.196000+09:00,511_202609271120_AAVE_USDT_LONG,1,155.3792,1.0,156.94079999999997,511_202609271120_AAVE_USDT_LONG_B1_REFERENCE
LONG,14.29,2026-09-27T11:23:38.358000+09:00,511_202609271120_LINK_USDT_LONG,1,14.218549999999999,1.0,14.361449999999998,511_202609271120_LINK_USDT_LONG_B1_REFERENCE
LONG,160.76,2026-09-27T11:23:59.403000+09:00,511_202609271120_MSTRSTOCK_USDT_LONG,1,159.9562,1.0,161.5638,511_202609271120_MSTRSTOCK_USDT_LONG_B1_REFERENCE
LONG,322.21,2026-09-27T11:23:32.766000+09:00,511_202609271120_TAO_USDT_LONG,1,320.59895,1.0,323.82104999999996,511_202609271120_TAO_USDT_LONG_B1_REFERENCE
LONG,14.256,2026-09-27T11:34:21.304000+09:00,511_202609271130_LINK_USDT_LONG,1,14.18472,1.0,14.327279999999998,511_202609271130_LINK_USDT_LONG_B1_REFERENCE
SHORT,71.76,2026-09-27T11:34:31.214000+09:00,511_202609271130_LTC_USDT_SHORT,1,72.1188,1.0,71.4012,511_202609271130_LTC_USDT_SHORT_B1_REFERENCE
LONG,5.1,2026-09-27T11:34:18.592000+09:00,511_202609271130_NEAR_USDT_LONG,1,5.0745,1.0,5.125499999999999,511_202609271130_NEAR_USDT_LONG_B1_REFERENCE
LONG,160.76,2026-09-27T11:54:26.927000+09:00,511_202609271150_MSTRSTOCK_USDT_LONG,1,159.9562,1.0,161.5638,511_202609271150_MSTRSTOCK_USDT_LONG_B1_REFERENCE
SHORT,1.5216,2026-09-27T11:54:01.088000+09:00,511_202609271150_XRP_USDT_SHORT,1,1.529208,1.0,1.513992,511_202609271150_XRP_USDT_SHORT_B1_REFERENCE
LONG,4287.52,2026-09-27T12:04:30.660000+09:00,511_202609271200_XAU_USDT_LONG,1,4266.0824,1.0,4308.9576,511_202609271200_XAU_USDT_LONG_B1_REFERENCE
SHORT,71.3,2026-09-27T12:24:26.022000+09:00,511_202609271220_DASH_USDT_SHORT,1,71.6565,1.0,70.9435,511_202609271220_DASH_USDT_SHORT_B1_REFERENCE
SHORT,0.09622,2026-09-27T12:34:09.718000+09:00,511_202609271230_DOGE_USDT_SHORT,1,0.09670109999999998,1.0,0.0957389,511_202609271230_DOGE_USDT_SHORT_B1_REFERENCE
LONG,0.5268,2026-09-27T12:34:11.665000+09:00,511_202609271230_WLD_USDT_LONG,1,0.524166,1.0,0.529434,511_202609271230_WLD_USDT_LONG_B1_REFERENCE
SHORT,120.6,2026-09-27T12:44:12.703000+09:00,511_202609271240_SOL_USDT_SHORT,1,121.20299999999997,1.0,119.997,511_202609271240_SOL_USDT_SHORT_B1_REFERENCE
LONG,321.56,2026-09-27T12:44:14.030000+09:00,511_202609271240_TAO_USDT_LONG,1,319.9522,1.0,323.16779999999994,511_202609271240_TAO_USDT_LONG_B1_REFERENCE
SHORT,4.3393e-06,2026-09-27T12:53:21.789000+09:00,511_202609271250_PEPE_USDT_SHORT,1,4.3609965e-06,1.0,4.3176035e-06,511_202609271250_PEPE_USDT_SHORT_B1_REFERENCE
SHORT,71.24,2026-09-27T13:04:33.884000+09:00,511_202609271300_LTC_USDT_SHORT,1,71.59619999999998,1.0,70.8838,511_202609271300_LTC_USDT_SHORT_B1_REFERENCE
LONG,1366.14,2026-09-27T13:04:26.309000+09:00,511_202609271300_SKHYNIXSTOCK_USDT_LONG,1,1359.3093000000001,1.0,1372.9706999999999,511_202609271300_SKHYNIXSTOCK_USDT_LONG_B1_REFERENCE
SHORT,154.5,2026-09-27T13:34:20.242000+09:00,511_202609271330_AAVE_USDT_SHORT,1,155.27249999999998,1.0,153.7275,511_202609271330_AAVE_USDT_SHORT_B1_REFERENCE
SHORT,0.2509,2026-09-27T13:34:12.783000+09:00,511_202609271330_ADA_USDT_SHORT,1,0.2521545,1.0,0.24964550000000002,511_202609271330_ADA_USDT_SHORT_B1_REFERENCE
SHORT,0.22247,2026-09-27T13:34:14.606000+09:00,511_202609271330_ARB_USDT_SHORT,1,0.22358234999999999,1.0,0.22135765,511_202609271330_ARB_USDT_SHORT_B1_REFERENCE
SHORT,4.32e-06,2026-09-27T13:34:06.463000+09:00,511_202609271330_PEPE_USDT_SHORT,1,4.3416e-06,1.0,4.2984e-06,511_202609271330_PEPE_USDT_SHORT_B1_REFERENCE
SHORT,0.004346,2026-09-27T13:34:22.945000+09:00,511_202609271330_PUMPFUN_USDT_SHORT,1,0.004367729999999999,1.0,0.00432427,511_202609271330_PUMPFUN_USDT_SHORT_B1_REFERENCE
SHORT,0.5144,2026-09-27T13:34:10.068000+09:00,511_202609271330_WLD_USDT_SHORT,1,0.5169719999999999,1.0,0.511828,511_202609271330_WLD_USDT_SHORT_B1_REFERENCE
SHORT,154.24,2026-09-27T13:44:17.466000+09:00,511_202609271340_AAVE_USDT_SHORT,1,155.0112,1.0,153.46880000000002,511_202609271340_AAVE_USDT_SHORT_B1_REFERENCE
SHORT,0.09555,2026-09-27T13:44:07.220000+09:00,511_202609271340_DOGE_USDT_SHORT,1,0.09602774999999998,1.0,0.09507225,511_202609271340_DOGE_USDT_SHORT_B1_REFERENCE
SHORT,0.26661,2026-09-27T13:44:05.512000+09:00,511_202609271340_ENA_USDT_SHORT,1,0.26794304999999996,1.0,0.26527695,511_202609271340_ENA_USDT_SHORT_B1_REFERENCE
SHORT,14.064,2026-09-27T13:44:03.616000+09:00,511_202609271340_LINK_USDT_SHORT,1,14.134319999999999,1.0,13.99368,511_202609271340_LINK_USDT_SHORT_B1_REFERENCE
LONG,187.81,2026-09-27T13:44:02.749000+09:00,511_202609271340_QNT_USDT_LONG,1,186.87095,1.0,188.74904999999998,511_202609271340_QNT_USDT_LONG_B1_REFERENCE
SHORT,0.5151,2026-09-27T13:44:08.075000+09:00,511_202609271340_WLD_USDT_SHORT,1,0.5176755,1.0,0.5125245,511_202609271340_WLD_USDT_SHORT_B1_REFERENCE
LONG,191.7,2026-09-27T14:13:27.574000+09:00,511_202609271410_QNT_USDT_LONG,1,190.7415,1.0,192.65849999999998,511_202609271410_QNT_USDT_LONG_B1_REFERENCE
SHORT,0.5312,2026-09-27T14:24:09.409000+09:00,511_202609271420_ONDO_USDT_SHORT,1,0.533856,1.0,0.528544,511_202609271420_ONDO_USDT_SHORT_B1_REFERENCE
LONG,5.391,2026-09-27T14:54:02.416000+09:00,511_202609271450_NEAR_USDT_LONG,1,5.364045,1.0,5.417954999999999,511_202609271450_NEAR_USDT_LONG_B1_REFERENCE
LONG,323.79,2026-09-27T14:54:01.384000+09:00,511_202609271450_TAO_USDT_LONG,1,322.17105000000004,1.0,325.40895,511_202609271450_TAO_USDT_LONG_B1_REFERENCE
LONG,156.84,2026-09-27T15:04:31.437000+09:00,511_202609271500_AAVE_USDT_LONG,1,156.0558,1.0,157.62419999999997,511_202609271500_AAVE_USDT_LONG_B1_REFERENCE
LONG,72.66,2026-09-27T15:04:32.432000+09:00,511_202609271500_DASH_USDT_LONG,1,72.2967,1.0,73.02329999999999,511_202609271500_DASH_USDT_LONG_B1_REFERENCE
LONG,1.1855,2026-09-27T15:04:13.748000+09:00,511_202609271500_SUI_USDT_LONG,1,1.1795725,1.0,1.1914274999999999,511_202609271500_SUI_USDT_LONG_B1_REFERENCE
LONG,1658.22,2026-09-27T15:04:07.467000+09:00,511_202609271500_ZEC_USDT_LONG,1,1649.9289,1.0,1666.5111,511_202609271500_ZEC_USDT_LONG_B1_REFERENCE
LONG,10.912,2026-09-27T15:14:11.993000+09:00,511_202609271510_AVAX_USDT_LONG,1,10.85744,1.0,10.96656,511_202609271510_AVAX_USDT_LONG_B1_REFERENCE
LONG,326.88,2026-09-27T15:34:51.414000+09:00,511_202609271530_TAO_USDT_LONG,1,325.24559999999997,1.0,328.51439999999997,511_202609271530_TAO_USDT_LONG_B1_REFERENCE
LONG,0.2543,2026-09-27T15:35:04.380000+09:00,511_202609271535_ADA_USDT_LONG,1,0.25302850000000005,1.0,0.2555715,511_202609271535_ADA_USDT_LONG_B1_REFERENCE
LONG,0.5413,2026-09-27T15:35:05.267000+09:00,511_202609271535_ONDO_USDT_LONG,1,0.5385935,1.0,0.5440065,511_202609271535_ONDO_USDT_LONG_B1_REFERENCE
LONG,0.22926,2026-09-27T15:44:09.433000+09:00,511_202609271540_ARB_USDT_LONG,1,0.2281137,1.0,0.23040629999999998,511_202609271540_ARB_USDT_LONG_B1_REFERENCE
LONG,0.09681,2026-09-27T15:44:04.312000+09:00,511_202609271540_DOGE_USDT_LONG,1,0.09632595,1.0,0.09729404999999998,511_202609271540_DOGE_USDT_LONG_B1_REFERENCE
LONG,160.98,2026-09-27T15:44:20.229000+09:00,511_202609271540_MSTRSTOCK_USDT_LONG,1,160.1751,1.0,161.78489999999996,511_202609271540_MSTRSTOCK_USDT_LONG_B1_REFERENCE
LONG,0.5416,2026-09-27T15:44:12.327000+09:00,511_202609271540_ONDO_USDT_LONG,1,0.5388919999999999,1.0,0.5443079999999999,511_202609271540_ONDO_USDT_LONG_B1_REFERENCE
LONG,0.07374,2026-09-27T15:44:19.270000+09:00,511_202609271540_SEI_USDT_LONG,1,0.0733713,1.0,0.07410869999999999,511_202609271540_SEI_USDT_LONG_B1_REFERENCE
LONG,1.1981,2026-09-27T15:43:58.807000+09:00,511_202609271540_SUI_USDT_LONG,1,1.1921095,1.0,1.2040904999999997,511_202609271540_SUI_USDT_LONG_B1_REFERENCE
LONG,0.09697,2026-09-27T15:54:08.838000+09:00,511_202609271550_DOGE_USDT_LONG,1,0.09648515,1.0,0.09745485,511_202609271550_DOGE_USDT_LONG_B1_REFERENCE
LONG,71.98,2026-09-27T15:54:17.226000+09:00,511_202609271550_LTC_USDT_LONG,1,71.62010000000001,1.0,72.3399,511_202609271550_LTC_USDT_LONG_B1_REFERENCE
LONG,327.65,2026-09-27T15:54:02.049000+09:00,511_202609271550_TAO_USDT_LONG,1,326.01174999999995,1.0,329.28824999999995,511_202609271550_TAO_USDT_LONG_B1_REFERENCE
LONG,0.11115,2026-09-27T15:54:24.015000+09:00,511_202609271550_XPL_USDT_LONG,1,0.11059425,1.0,0.11170574999999999,511_202609271550_XPL_USDT_LONG_B1_REFERENCE
LONG,1.5214,2026-09-27T15:54:00.163000+09:00,511_202609271550_XRP_USDT_LONG,1,1.5137930000000002,1.0,1.529007,511_202609271550_XRP_USDT_LONG_B1_REFERENCE
LONG,84499.7,2026-09-27T16:03:50.058000+09:00,511_202609271600_BTC_USDT_LONG,1,84077.2015,1.0,84922.19849999998,511_202609271600_BTC_USDT_LONG_B1_REFERENCE
LONG,2707.74,2026-09-27T16:03:52.197000+09:00,511_202609271600_ETH_USDT_LONG,1,2694.2012999999997,1.0,2721.2786999999994,511_202609271600_ETH_USDT_LONG_B1_REFERENCE
LONG,14.292,2026-09-27T16:03:59.638000+09:00,511_202609271600_LINK_USDT_LONG,1,14.22054,1.0,14.363459999999998,511_202609271600_LINK_USDT_LONG_B1_REFERENCE
LONG,121.41,2026-09-27T16:03:54.383000+09:00,511_202609271600_SOL_USDT_LONG,1,120.80295,1.0,122.01704999999998,511_202609271600_SOL_USDT_LONG_B1_REFERENCE
LONG,1655.18,2026-09-27T16:03:51.146000+09:00,511_202609271600_ZEC_USDT_LONG,1,1646.9041,1.0,1663.4559,511_202609271600_ZEC_USDT_LONG_B1_REFERENCE
LONG,155.88,2026-09-27T16:12:50.563000+09:00,511_202609271610_AAVE_USDT_LONG,1,155.1006,1.0,156.65939999999998,511_202609271610_AAVE_USDT_LONG_B1_REFERENCE
LONG,0.27183,2026-09-27T16:12:39.454000+09:00,511_202609271610_ENA_USDT_LONG,1,0.27047085000000004,1.0,0.27318915,511_202609271610_ENA_USDT_LONG_B1_REFERENCE
LONG,0.22726,2026-09-27T16:23:54.051000+09:00,511_202609271620_ARB_USDT_LONG,1,0.22612369999999998,1.0,0.22839629999999997,511_202609271620_ARB_USDT_LONG_B1_REFERENCE
LONG,0.5413,2026-09-27T16:23:57.124000+09:00,511_202609271620_ONDO_USDT_LONG,1,0.5385935,1.0,0.5440065,511_202609271620_ONDO_USDT_LONG_B1_REFERENCE
LONG,11.149,2026-09-27T16:34:28.629000+09:00,511_202609271630_AVAX_USDT_LONG,1,11.093255,1.0,11.204744999999997,511_202609271630_AVAX_USDT_LONG_B1_REFERENCE
LONG,161.13,2026-09-27T16:34:37.381000+09:00,511_202609271630_MSTRSTOCK_USDT_LONG,1,160.32434999999998,1.0,161.93564999999998,511_202609271630_MSTRSTOCK_USDT_LONG_B1_REFERENCE
LONG,1092.17,2026-09-27T16:34:33.917000+09:00,511_202609271630_MUSTOCK_USDT_LONG,1,1086.7091500000001,1.0,1097.63085,511_202609271630_MUSTOCK_USDT_LONG_B1_REFERENCE
LONG,1.2489,2026-09-27T16:34:16.135000+09:00,511_202609271630_SUI_USDT_LONG,1,1.2426555,1.0,1.2551444999999997,511_202609271630_SUI_USDT_LONG_B1_REFERENCE
LONG,1.5281,2026-09-27T16:34:12.918000+09:00,511_202609271630_XRP_USDT_LONG,1,1.5204595,1.0,1.5357405,511_202609271630_XRP_USDT_LONG_B1_REFERENCE
LONG,156.44,2026-09-27T16:44:22.462000+09:00,511_202609271640_AAVE_USDT_LONG,1,155.6578,1.0,157.2222,511_202609271640_AAVE_USDT_LONG_B1_REFERENCE
LONG,11.153,2026-09-27T16:44:14.811000+09:00,511_202609271640_AVAX_USDT_LONG,1,11.097235000000001,1.0,11.208765,511_202609271640_AVAX_USDT_LONG_B1_REFERENCE
LONG,161.12,2026-09-27T16:44:25.638000+09:00,511_202609271640_MSTRSTOCK_USDT_LONG,1,160.3144,1.0,161.92559999999997,511_202609271640_MSTRSTOCK_USDT_LONG_B1_REFERENCE
LONG,0.07532,2026-09-27T16:44:24.573000+09:00,511_202609271640_SEI_USDT_LONG,1,0.0749434,1.0,0.07569659999999999,511_202609271640_SEI_USDT_LONG_B1_REFERENCE
LONG,122.27,2026-09-27T16:43:59.653000+09:00,511_202609271640_SOL_USDT_LONG,1,121.65865,1.0,122.88134999999998,511_202609271640_SOL_USDT_LONG_B1_REFERENCE
LONG,0.23162,2026-09-27T16:53:37.819000+09:00,511_202609271650_ARB_USDT_LONG,1,0.2304619,1.0,0.23277809999999996,511_202609271650_ARB_USDT_LONG_B1_REFERENCE
LONG,14.449,2026-09-27T16:53:28.594000+09:00,511_202609271650_LINK_USDT_LONG,1,14.376755,1.0,14.521244999999999,511_202609271650_LINK_USDT_LONG_B1_REFERENCE
LONG,0.5441,2026-09-27T16:53:39.857000+09:00,511_202609271650_ONDO_USDT_LONG,1,0.5413795,1.0,0.5468204999999999,511_202609271650_ONDO_USDT_LONG_B1_REFERENCE
LONG,122.58,2026-09-27T16:53:23.496000+09:00,511_202609271650_SOL_USDT_LONG,1,121.9671,1.0,123.19289999999998,511_202609271650_SOL_USDT_LONG_B1_REFERENCE
LONG,1.2657,2026-09-27T16:53:25.455000+09:00,511_202609271650_SUI_USDT_LONG,1,1.2593715,1.0,1.2720285,511_202609271650_SUI_USDT_LONG_B1_REFERENCE
LONG,0.5421,2026-09-27T16:53:32.700000+09:00,511_202609271650_WLD_USDT_LONG,1,0.5393895000000001,1.0,0.5448105,511_202609271650_WLD_USDT_LONG_B1_REFERENCE
LONG,0.11295,2026-09-27T16:53:48.845000+09:00,511_202609271650_XPL_USDT_LONG,1,0.11238524999999999,1.0,0.11351474999999998,511_202609271650_XPL_USDT_LONG_B1_REFERENCE
LONG,84785.6,2026-09-27T17:04:56.229000+09:00,511_202609271700_BTC_USDT_LONG,1,84361.672,1.0,85209.52799999999,511_202609271700_BTC_USDT_LONG_B1_REFERENCE
LONG,124.22,2026-09-27T17:05:00.506000+09:00,511_202609271705_SOL_USDT_LONG,1,123.5989,1.0,124.84109999999998,511_202609271705_SOL_USDT_LONG_B1_REFERENCE
LONG,333.48,2026-09-27T17:05:01.499000+09:00,511_202609271705_TAO_USDT_LONG,1,331.81260000000003,1.0,335.1474,511_202609271705_TAO_USDT_LONG_B1_REFERENCE
LONG,2716.42,2026-09-27T17:13:58.232000+09:00,511_202609271710_ETH_USDT_LONG,1,2702.8379,1.0,2730.0020999999997,511_202609271710_ETH_USDT_LONG_B1_REFERENCE
LONG,1.5363,2026-09-27T17:13:59.043000+09:00,511_202609271710_XRP_USDT_LONG,1,1.5286185,1.0,1.5439815,511_202609271710_XRP_USDT_LONG_B1_REFERENCE
LONG,11.194,2026-09-27T17:23:29.150000+09:00,511_202609271720_AVAX_USDT_LONG,1,11.13803,1.0,11.24997,511_202609271720_AVAX_USDT_LONG_B1_REFERENCE
LONG,71.6,2026-09-27T17:23:36.348000+09:00,511_202609271720_DASH_USDT_LONG,1,71.24199999999999,1.0,71.95799999999998,511_202609271720_DASH_USDT_LONG_B1_REFERENCE
LONG,0.27166,2026-09-27T17:23:23.610000+09:00,511_202609271720_ENA_USDT_LONG,1,0.27030170000000003,1.0,0.2730183,511_202609271720_ENA_USDT_LONG_B1_REFERENCE
LONG,124.44,2026-09-27T17:23:12.671000+09:00,511_202609271720_SOL_USDT_LONG,1,123.81779999999999,1.0,125.06219999999999,511_202609271720_SOL_USDT_LONG_B1_REFERENCE
LONG,0.11236,2026-09-27T17:34:28.962000+09:00,511_202609271730_XPL_USDT_LONG,1,0.1117982,1.0,0.11292179999999999,511_202609271730_XPL_USDT_LONG_B1_REFERENCE
LONG,0.5473,2026-09-27T17:54:32.696000+09:00,511_202609271750_ONDO_USDT_LONG,1,0.5445635,1.0,0.5500364999999999,511_202609271750_ONDO_USDT_LONG_B1_REFERENCE
LONG,0.5486,2026-09-27T17:54:25.070000+09:00,511_202609271750_WLD_USDT_LONG,1,0.5458569999999999,1.0,0.5513429999999999,511_202609271750_WLD_USDT_LONG_B1_REFERENCE
SHORT,71.12,2026-09-27T18:04:39.144000+09:00,511_202609271800_DASH_USDT_SHORT,1,71.4756,1.0,70.76440000000001,511_202609271800_DASH_USDT_SHORT_B1_REFERENCE
SHORT,71.17,2026-09-27T18:25:30.707000+09:00,511_202609271825_DASH_USDT_SHORT,1,71.52584999999999,1.0,70.81415,511_202609271825_DASH_USDT_SHORT_B1_REFERENCE
LONG,0.5492,2026-09-27T18:25:19.496000+09:00,511_202609271825_WLD_USDT_LONG,1,0.546454,1.0,0.5519459999999999,511_202609271825_WLD_USDT_LONG_B1_REFERENCE
LONG,0.5614,2026-09-27T18:44:04.790000+09:00,511_202609271840_WLD_USDT_LONG,1,0.558593,1.0,0.5642069999999999,511_202609271840_WLD_USDT_LONG_B1_REFERENCE
LONG,84856.3,2026-09-27T18:53:55.137000+09:00,511_202609271850_BTC_USDT_LONG,1,84432.0185,1.0,85280.5815,511_202609271850_BTC_USDT_LONG_B1_REFERENCE
LONG,0.09787,2026-09-27T18:54:08.200000+09:00,511_202609271850_DOGE_USDT_LONG,1,0.09738065,1.0,0.09835934999999998,511_202609271850_DOGE_USDT_LONG_B1_REFERENCE
SHORT,0.26889,2026-09-27T18:54:09.172000+09:00,511_202609271850_ENA_USDT_SHORT,1,0.27023445,1.0,0.26754555,511_202609271850_ENA_USDT_SHORT_B1_REFERENCE
LONG,332.49,2026-09-27T18:54:00.156000+09:00,511_202609271850_TAO_USDT_LONG,1,330.82755000000003,1.0,334.15245,511_202609271850_TAO_USDT_LONG_B1_REFERENCE
LONG,1.5366,2026-09-27T18:53:59.198000+09:00,511_202609271850_XRP_USDT_LONG,1,1.5289169999999999,1.0,1.5442829999999999,511_202609271850_XRP_USDT_LONG_B1_REFERENCE
LONG,0.5444,2026-09-27T19:14:31.380000+09:00,511_202609271910_ONDO_USDT_LONG,1,0.541678,1.0,0.5471219999999999,511_202609271910_ONDO_USDT_LONG_B1_REFERENCE
LONG,333.78,2026-09-27T19:14:18.840000+09:00,511_202609271910_TAO_USDT_LONG,1,332.11109999999996,1.0,335.4488999999999,511_202609271910_TAO_USDT_LONG_B1_REFERENCE
LONG,1.5406,2026-09-27T19:14:17.965000+09:00,511_202609271910_XRP_USDT_LONG,1,1.532897,1.0,1.5483029999999998,511_202609271910_XRP_USDT_LONG_B1_REFERENCE
LONG,1662.52,2026-09-27T19:14:15.467000+09:00,511_202609271910_ZEC_USDT_LONG,1,1654.2074,1.0,1670.8325999999997,511_202609271910_ZEC_USDT_LONG_B1_REFERENCE
LONG,0.2568,2026-09-27T19:23:24.805000+09:00,511_202609271920_ADA_USDT_LONG,1,0.25551599999999997,1.0,0.2580839999999999,511_202609271920_ADA_USDT_LONG_B1_REFERENCE
SHORT,71.72,2026-09-27T19:54:17.349000+09:00,511_202609271950_LTC_USDT_SHORT,1,72.0786,1.0,71.3614,511_202609271950_LTC_USDT_SHORT_B1_REFERENCE
SHORT,68.11,2026-09-27T20:04:36.233000+09:00,511_202609272000_DASH_USDT_SHORT,1,68.45054999999999,1.0,67.76945,511_202609272000_DASH_USDT_SHORT_B1_REFERENCE
SHORT,71.49,2026-09-27T20:04:33.314000+09:00,511_202609272000_LTC_USDT_SHORT,1,71.84744999999998,1.0,71.13255,511_202609272000_LTC_USDT_SHORT_B1_REFERENCE
SHORT,68.2,2026-09-27T20:14:08.531000+09:00,511_202609272010_DASH_USDT_SHORT,1,68.541,1.0,67.85900000000001,511_202609272010_DASH_USDT_SHORT_B1_REFERENCE
LONG,0.27352,2026-09-27T20:22:48.111000+09:00,511_202609272020_ENA_USDT_LONG,1,0.27215239999999996,1.0,0.27488759999999995,511_202609272020_ENA_USDT_LONG_B1_REFERENCE
SHORT,5.194,2026-09-27T20:22:40.901000+09:00,511_202609272020_NEAR_USDT_SHORT,1,5.219969999999999,1.0,5.16803,511_202609272020_NEAR_USDT_SHORT_B1_REFERENCE
SHORT,164.63,2026-09-27T20:22:39.899000+09:00,511_202609272020_QNT_USDT_SHORT,1,165.45314999999997,1.0,163.80685,511_202609272020_QNT_USDT_SHORT_B1_REFERENCE
LONG,0.27534,2026-09-27T20:44:31.908000+09:00,511_202609272040_ENA_USDT_LONG,1,0.27396329999999997,1.0,0.2767166999999999,511_202609272040_ENA_USDT_LONG_B1_REFERENCE
SHORT,71.53,2026-09-27T20:44:38.793000+09:00,511_202609272040_LTC_USDT_SHORT,1,71.88765,1.0,71.17235,511_202609272040_LTC_USDT_SHORT_B1_REFERENCE
SHORT,5.148,2026-09-27T20:44:25.127000+09:00,511_202609272040_NEAR_USDT_SHORT,1,5.17374,1.0,5.12226,511_202609272040_NEAR_USDT_SHORT_B1_REFERENCE
LONG,0.27578,2026-09-27T20:54:16.780000+09:00,511_202609272050_ENA_USDT_LONG,1,0.2744011,1.0,0.2771589,511_202609272050_ENA_USDT_LONG_B1_REFERENCE
SHORT,0.22628,2026-09-27T21:04:27.126000+09:00,511_202609272100_ARB_USDT_SHORT,1,0.22741139999999999,1.0,0.2251486,511_202609272100_ARB_USDT_SHORT_B1_REFERENCE
LONG,0.09822,2026-09-27T21:14:25.414000+09:00,511_202609272110_DOGE_USDT_LONG,1,0.09772890000000001,1.0,0.0987111,511_202609272110_DOGE_USDT_LONG_B1_REFERENCE
LONG,334.82,2026-09-27T21:14:17.923000+09:00,511_202609272110_TAO_USDT_LONG,1,333.1459,1.0,336.49409999999995,511_202609272110_TAO_USDT_LONG_B1_REFERENCE
LONG,1.2609,2026-09-27T21:24:03.182000+09:00,511_202609272120_SUI_USDT_LONG,1,1.2545955,1.0,1.2672044999999998,511_202609272120_SUI_USDT_LONG_B1_REFERENCE
SHORT,5.191,2026-09-27T21:34:12.139000+09:00,511_202609272130_NEAR_USDT_SHORT,1,5.216955,1.0,5.165045,511_202609272130_NEAR_USDT_SHORT_B1_REFERENCE
SHORT,9.892,2026-09-27T21:34:33.706000+09:00,511_202609272130_UNI_USDT_SHORT,1,9.941459999999998,1.0,9.84254,511_202609272130_UNI_USDT_SHORT_B1_REFERENCE
LONG,2714.04,2026-09-27T21:43:57.746000+09:00,511_202609272140_ETH_USDT_LONG,1,2700.4698,1.0,2727.6101999999996,511_202609272140_ETH_USDT_LONG_B1_REFERENCE
LONG,0.2582,2026-09-27T21:53:35.666000+09:00,511_202609272150_ADA_USDT_LONG,1,0.256909,1.0,0.25949099999999997,511_202609272150_ADA_USDT_LONG_B1_REFERENCE
LONG,1669.36,2026-09-27T21:53:19.857000+09:00,511_202609272150_ZEC_USDT_LONG,1,1661.0131999999999,1.0,1677.7067999999997,511_202609272150_ZEC_USDT_LONG_B1_REFERENCE
SHORT,10.885,2026-09-27T22:03:48.049000+09:00,511_202609272200_AVAX_USDT_SHORT,1,10.939424999999998,1.0,10.830575,511_202609272200_AVAX_USDT_SHORT_B1_REFERENCE
SHORT,14.174,2026-09-27T22:03:40.521000+09:00,511_202609272200_LINK_USDT_SHORT,1,14.244869999999999,1.0,14.10313,511_202609272200_LINK_USDT_SHORT_B1_REFERENCE
SHORT,9.786,2026-09-27T22:03:58.988000+09:00,511_202609272200_UNI_USDT_SHORT,1,9.834929999999998,1.0,9.73707,511_202609272200_UNI_USDT_SHORT_B1_REFERENCE
SHORT,10.873,2026-09-27T22:24:12.502000+09:00,511_202609272220_AVAX_USDT_SHORT,1,10.927364999999998,1.0,10.818634999999999,511_202609272220_AVAX_USDT_SHORT_B1_REFERENCE
SHORT,2704.4,2026-09-27T22:23:56.317000+09:00,511_202609272220_ETH_USDT_SHORT,1,2717.922,1.0,2690.878,511_202609272220_ETH_USDT_SHORT_B1_REFERENCE
SHORT,92.285,2026-09-27T22:24:15.611000+09:00,511_202609272220_HYPE_USDT_SHORT,1,92.74642499999999,1.0,91.82357499999999,511_202609272220_HYPE_USDT_SHORT_B1_REFERENCE
SHORT,14.152,2026-09-27T22:24:06.282000+09:00,511_202609272220_LINK_USDT_SHORT,1,14.222759999999997,1.0,14.08124,511_202609272220_LINK_USDT_SHORT_B1_REFERENCE
LONG,1370.26,2026-09-27T22:33:34.254000+09:00,511_202609272230_SKHYNIXSTOCK_USDT_LONG,1,1363.4087,1.0,1377.1112999999998,511_202609272230_SKHYNIXSTOCK_USDT_LONG_B1_REFERENCE
SHORT,5.14,2026-09-27T22:44:06.958000+09:00,511_202609272240_NEAR_USDT_SHORT,1,5.165699999999999,1.0,5.1143,511_202609272240_NEAR_USDT_SHORT_B1_REFERENCE
SHORT,1647.61,2026-09-27T22:44:00.245000+09:00,511_202609272240_ZEC_USDT_SHORT,1,1655.8480499999998,1.0,1639.37195,511_202609272240_ZEC_USDT_SHORT_B1_REFERENCE
SHORT,154.36,2026-09-27T22:54:42.166000+09:00,511_202609272250_AAVE_USDT_SHORT,1,155.1318,1.0,153.5882,511_202609272250_AAVE_USDT_SHORT_B1_REFERENCE
LONG,0.5518,2026-09-27T22:54:34.185000+09:00,511_202609272250_ONDO_USDT_LONG,1,0.549041,1.0,0.5545589999999999,511_202609272250_ONDO_USDT_LONG_B1_REFERENCE
SHORT,328.39,2026-09-27T22:54:17.816000+09:00,511_202609272250_TAO_USDT_SHORT,1,330.03194999999994,1.0,326.74805,511_202609272250_TAO_USDT_SHORT_B1_REFERENCE
LONG,0.004665,2026-09-27T23:04:53.738000+09:00,511_202609272300_PUMPFUN_USDT_LONG,1,0.004641675,1.0,0.004688324999999999,511_202609272300_PUMPFUN_USDT_LONG_B1_REFERENCE
SHORT,9.803,2026-09-27T23:04:52.717000+09:00,511_202609272300_UNI_USDT_SHORT,1,9.852015,1.0,9.753985,511_202609272300_UNI_USDT_SHORT_B1_REFERENCE
SHORT,154.67,2026-09-27T23:14:24.765000+09:00,511_202609272310_AAVE_USDT_SHORT,1,155.44334999999998,1.0,153.89665,511_202609272310_AAVE_USDT_SHORT_B1_REFERENCE
SHORT,0.2557,2026-09-27T23:14:17.576000+09:00,511_202609272310_ADA_USDT_SHORT,1,0.25697849999999994,1.0,0.25442149999999997,511_202609272310_ADA_USDT_SHORT_B1_REFERENCE
SHORT,2705.26,2026-09-27T23:14:03.346000+09:00,511_202609272310_ETH_USDT_SHORT,1,2718.7862999999998,1.0,2691.7337,511_202609272310_ETH_USDT_SHORT_B1_REFERENCE
SHORT,92.268,2026-09-27T23:14:20.455000+09:00,511_202609272310_HYPE_USDT_SHORT,1,92.72934,1.0,91.80666,511_202609272310_HYPE_USDT_SHORT_B1_REFERENCE
SHORT,14.142,2026-09-27T23:14:12.392000+09:00,511_202609272310_LINK_USDT_SHORT,1,14.212709999999998,1.0,14.07129,511_202609272310_LINK_USDT_SHORT_B1_REFERENCE
SHORT,122.93,2026-09-27T23:14:05.136000+09:00,511_202609272310_SOL_USDT_SHORT,1,123.54464999999999,1.0,122.31535000000001,511_202609272310_SOL_USDT_SHORT_B1_REFERENCE
SHORT,71.01,2026-09-27T23:23:45.043000+09:00,511_202609272320_LTC_USDT_SHORT,1,71.36505,1.0,70.65495,511_202609272320_LTC_USDT_SHORT_B1_REFERENCE
SHORT,0.07308,2026-09-27T23:23:48.181000+09:00,511_202609272320_SEI_USDT_SHORT,1,0.0734454,1.0,0.0727146,511_202609272320_SEI_USDT_SHORT_B1_REFERENCE
SHORT,1.5263,2026-09-27T23:23:25.242000+09:00,511_202609272320_XRP_USDT_SHORT,1,1.5339314999999998,1.0,1.5186685,511_202609272320_XRP_USDT_SHORT_B1_REFERENCE
SHORT,153.73,2026-09-27T23:34:22.418000+09:00,511_202609272330_AAVE_USDT_SHORT,1,154.49864999999997,1.0,152.96134999999998,511_202609272330_AAVE_USDT_SHORT_B1_REFERENCE
SHORT,0.2545,2026-09-27T23:34:15.326000+09:00,511_202609272330_ADA_USDT_SHORT,1,0.25577249999999996,1.0,0.2532275,511_202609272330_ADA_USDT_SHORT_B1_REFERENCE
SHORT,0.09714,2026-09-27T23:34:08.093000+09:00,511_202609272330_DOGE_USDT_SHORT,1,0.0976257,1.0,0.0966543,511_202609272330_DOGE_USDT_SHORT_B1_REFERENCE
SHORT,2691.91,2026-09-27T23:34:01.095000+09:00,511_202609272330_ETH_USDT_SHORT,1,2705.3695499999994,1.0,2678.45045,511_202609272330_ETH_USDT_SHORT_B1_REFERENCE
SHORT,1091.0,2026-09-27T23:34:19.755000+09:00,511_202609272330_MUSTOCK_USDT_SHORT,1,1096.455,1.0,1085.545,511_202609272330_MUSTOCK_USDT_SHORT_B1_REFERENCE
SHORT,4.377e-06,2026-09-27T23:34:08.961000+09:00,511_202609272330_PEPE_USDT_SHORT,1,4.398884999999999e-06,1.0,4.355114999999999e-06,511_202609272330_PEPE_USDT_SHORT_B1_REFERENCE
SHORT,121.97,2026-09-27T23:34:02.872000+09:00,511_202609272330_SOL_USDT_SHORT,1,122.57984999999998,1.0,121.36015,511_202609272330_SOL_USDT_SHORT_B1_REFERENCE
SHORT,326.28,2026-09-27T23:34:03.736000+09:00,511_202609272330_TAO_USDT_SHORT,1,327.91139999999996,1.0,324.6486,511_202609272330_TAO_USDT_SHORT_B1_REFERENCE
SHORT,1.5228,2026-09-27T23:34:02.006000+09:00,511_202609272330_XRP_USDT_SHORT,1,1.5304139999999997,1.0,1.515186,511_202609272330_XRP_USDT_SHORT_B1_REFERENCE
SHORT,1627.07,2026-09-27T23:34:00.049000+09:00,511_202609272330_ZEC_USDT_SHORT,1,1635.2053499999997,1.0,1618.93465,511_202609272330_ZEC_USDT_SHORT_B1_REFERENCE
SHORT,91.562,2026-09-27T23:44:20.210000+09:00,511_202609272340_HYPE_USDT_SHORT,1,92.01980999999999,1.0,91.10419,511_202609272340_HYPE_USDT_SHORT_B1_REFERENCE
LONG,0.004757,2026-09-27T23:44:26.365000+09:00,511_202609272340_PUMPFUN_USDT_LONG,1,0.004733215,1.0,0.004780784999999999,511_202609272340_PUMPFUN_USDT_LONG_B1_REFERENCE
SHORT,0.22074,2026-09-27T23:54:16.255000+09:00,511_202609272350_ARB_USDT_SHORT,1,0.22184369999999998,1.0,0.21963629999999998,511_202609272350_ARB_USDT_SHORT_B1_REFERENCE
SHORT,0.2703,2026-09-27T23:54:18.500000+09:00,511_202609272350_ENA_USDT_SHORT,1,0.27165149999999993,1.0,0.2689485,511_202609272350_ENA_USDT_SHORT_B1_REFERENCE
SHORT,2687.04,2026-09-27T23:54:01.839000+09:00,511_202609272350_ETH_USDT_SHORT,1,2700.4752,1.0,2673.6048,511_202609272350_ETH_USDT_SHORT_B1_REFERENCE
SHORT,9.715,2026-09-27T23:54:31.113000+09:00,511_202609272350_UNI_USDT_SHORT,1,9.763575,1.0,9.666425,511_202609272350_UNI_USDT_SHORT_B1_REFERENCE
SHORT,1613.29,2026-09-27T23:54:00.753000+09:00,511_202609272350_ZEC_USDT_SHORT,1,1621.3564499999998,1.0,1605.22355,511_202609272350_ZEC_USDT_SHORT_B1_REFERENCE
SHORT,70.52,2026-09-28T00:04:45.631000+09:00,511_202609280000_LTC_USDT_SHORT,1,70.87259999999999,1.0,70.1674,511_202609280000_LTC_USDT_SHORT_B1_REFERENCE
SHORT,4.3458e-06,2026-09-28T00:04:34.084000+09:00,511_202609280000_PEPE_USDT_SHORT,1,4.3675289999999994e-06,1.0,4.324071e-06,511_202609280000_PEPE_USDT_SHORT_B1_REFERENCE
SHORT,9.65,2026-09-28T00:04:50.520000+09:00,511_202609280000_UNI_USDT_SHORT,1,9.69825,1.0,9.601750000000001,511_202609280000_UNI_USDT_SHORT_B1_REFERENCE
SHORT,0.2524,2026-09-28T00:14:25.224000+09:00,511_202609280010_ADA_USDT_SHORT,1,0.253662,1.0,0.25113800000000003,511_202609280010_ADA_USDT_SHORT_B1_REFERENCE
SHORT,0.21954,2026-09-28T00:14:22.736000+09:00,511_202609280010_ARB_USDT_SHORT,1,0.2206377,1.0,0.2184423,511_202609280010_ARB_USDT_SHORT_B1_REFERENCE
SHORT,0.07293,2026-09-28T00:14:31.472000+09:00,511_202609280010_SEI_USDT_SHORT,1,0.07329464999999999,1.0,0.07256535,511_202609280010_SEI_USDT_SHORT_B1_REFERENCE
SHORT,320.42,2026-09-28T00:14:14.488000+09:00,511_202609280010_TAO_USDT_SHORT,1,322.02209999999997,1.0,318.8179,511_202609280010_TAO_USDT_SHORT_B1_REFERENCE
SHORT,0.2529,2026-09-28T00:34:35.215000+09:00,511_202609280030_ADA_USDT_SHORT,1,0.25416449999999996,1.0,0.2516355,511_202609280030_ADA_USDT_SHORT_B1_REFERENCE
LONG,175.87,2026-09-28T00:34:23.880000+09:00,511_202609280030_QNT_USDT_LONG,1,174.99065000000002,1.0,176.74935,511_202609280030_QNT_USDT_LONG_B1_REFERENCE
SHORT,1581.99,2026-09-28T00:34:19.312000+09:00,511_202609280030_ZEC_USDT_SHORT,1,1589.8999499999998,1.0,1574.08005,511_202609280030_ZEC_USDT_SHORT_B1_REFERENCE
SHORT,0.09661,2026-09-28T00:43:34.637000+09:00,511_202609280040_DOGE_USDT_SHORT,1,0.09709304999999999,1.0,0.09612695,511_202609280040_DOGE_USDT_SHORT_B1_REFERENCE
SHORT,4.3485e-06,2026-09-28T00:43:35.485000+09:00,511_202609280040_PEPE_USDT_SHORT,1,4.3702425e-06,1.0,4.3267575e-06,511_202609280040_PEPE_USDT_SHORT_B1_REFERENCE
SHORT,1365.52,2026-09-28T00:43:39.754000+09:00,511_202609280040_SKHYNIXSTOCK_USDT_SHORT,1,1372.3475999999998,1.0,1358.6924,511_202609280040_SKHYNIXSTOCK_USDT_SHORT_B1_REFERENCE
SHORT,1.2305,2026-09-28T00:43:31.890000+09:00,511_202609280040_SUI_USDT_SHORT,1,1.2366524999999997,1.0,1.2243475,511_202609280040_SUI_USDT_SHORT_B1_REFERENCE
SHORT,1.5133,2026-09-28T00:43:28.430000+09:00,511_202609280040_XRP_USDT_SHORT,1,1.5208665,1.0,1.5057335,511_202609280040_XRP_USDT_SHORT_B1_REFERENCE
SHORT,0.22031,2026-09-28T01:03:57.195000+09:00,511_202609280100_ARB_USDT_SHORT,1,0.22141154999999998,1.0,0.21920845,511_202609280100_ARB_USDT_SHORT_B1_REFERENCE
SHORT,2688.72,2026-09-28T01:03:45.181000+09:00,511_202609280100_ETH_USDT_SHORT,1,2702.1635999999994,1.0,2675.2763999999997,511_202609280100_ETH_USDT_SHORT_B1_REFERENCE
SHORT,91.357,2026-09-28T01:14:17.675000+09:00,511_202609280110_HYPE_USDT_SHORT,1,91.813785,1.0,90.900215,511_202609280110_HYPE_USDT_SHORT_B1_REFERENCE
SHORT,1.2378,2026-09-28T01:14:06.339000+09:00,511_202609280110_SUI_USDT_SHORT,1,1.2439889999999998,1.0,1.231611,511_202609280110_SUI_USDT_SHORT_B1_REFERENCE
LONG,0.27619,2026-09-28T01:24:15.608000+09:00,511_202609280120_ENA_USDT_LONG,1,0.27480905,1.0,0.27757095,511_202609280120_ENA_USDT_LONG_B1_REFERENCE
SHORT,161.4,2026-09-28T01:24:22.756000+09:00,511_202609280120_MSTRSTOCK_USDT_SHORT,1,162.207,1.0,160.59300000000002,511_202609280120_MSTRSTOCK_USDT_SHORT_B1_REFERENCE
LONG,186.9,2026-09-28T01:24:05.723000+09:00,511_202609280120_QNT_USDT_LONG,1,185.9655,1.0,187.8345,511_202609280120_QNT_USDT_LONG_B1_REFERENCE
SHORT,0.22017,2026-09-28T01:34:39.362000+09:00,511_202609280130_ARB_USDT_SHORT,1,0.22127085,1.0,0.21906915,511_202609280130_ARB_USDT_SHORT_B1_REFERENCE
SHORT,121.86,2026-09-28T01:34:27.539000+09:00,511_202609280130_SOL_USDT_SHORT,1,122.46929999999999,1.0,121.2507,511_202609280130_SOL_USDT_SHORT_B1_REFERENCE
SHORT,9.654,2026-09-28T01:34:50.057000+09:00,511_202609280130_UNI_USDT_SHORT,1,9.702269999999999,1.0,9.60573,511_202609280130_UNI_USDT_SHORT_B1_REFERENCE
SHORT,1.5157,2026-09-28T01:44:05.022000+09:00,511_202609280140_XRP_USDT_SHORT,1,1.5232785,1.0,1.5081215000000001,511_202609280140_XRP_USDT_SHORT_B1_REFERENCE
SHORT,0.2535,2026-09-28T01:55:14.850000+09:00,511_202609280155_ADA_USDT_SHORT,1,0.2547675,1.0,0.2522325,511_202609280155_ADA_USDT_SHORT_B1_REFERENCE
LONG,0.5444,2026-09-28T02:03:16.045000+09:00,511_202609280200_ONDO_USDT_LONG,1,0.541678,1.0,0.5471219999999999,511_202609280200_ONDO_USDT_LONG_B1_REFERENCE
SHORT,84344.2,2026-09-28T02:14:03.566000+09:00,511_202609280210_BTC_USDT_SHORT,1,84765.92099999999,1.0,83922.47899999999,511_202609280210_BTC_USDT_SHORT_B1_REFERENCE
LONG,0.28052,2026-09-28T02:14:21.817000+09:00,511_202609280210_ENA_USDT_LONG,1,0.2791174,1.0,0.28192259999999997,511_202609280210_ENA_USDT_LONG_B1_REFERENCE
LONG,1097.81,2026-09-28T02:23:44.254000+09:00,511_202609280220_MUSTOCK_USDT_LONG,1,1092.32095,1.0,1103.2990499999999,511_202609280220_MUSTOCK_USDT_LONG_B1_REFERENCE
LONG,1100.33,2026-09-28T02:53:13.864000+09:00,511_202609280250_MUSTOCK_USDT_LONG,1,1094.82835,1.0,1105.8316499999999,511_202609280250_MUSTOCK_USDT_LONG_B1_REFERENCE
SHORT,0.5563,2026-09-28T02:52:59.502000+09:00,511_202609280250_WLD_USDT_SHORT,1,0.5590815,1.0,0.5535185,511_202609280250_WLD_USDT_SHORT_B1_REFERENCE
LONG,155.19,2026-09-28T03:14:44.175000+09:00,511_202609280310_AAVE_USDT_LONG,1,154.41405,1.0,155.96595,511_202609280310_AAVE_USDT_LONG_B1_REFERENCE
LONG,0.28268,2026-09-28T03:14:31.277000+09:00,511_202609280310_ENA_USDT_LONG,1,0.2812666,1.0,0.28409339999999994,511_202609280310_ENA_USDT_LONG_B1_REFERENCE
LONG,1.2635,2026-09-28T03:14:19.757000+09:00,511_202609280310_SUI_USDT_LONG,1,1.2571825,1.0,1.2698175,511_202609280310_SUI_USDT_LONG_B1_REFERENCE
LONG,69.08,2026-09-28T03:24:36.246000+09:00,511_202609280320_DASH_USDT_LONG,1,68.7346,1.0,69.4254,511_202609280320_DASH_USDT_LONG_B1_REFERENCE
LONG,0.28381,2026-09-28T03:24:21.574000+09:00,511_202609280320_ENA_USDT_LONG,1,0.28239095000000003,1.0,0.28522905,511_202609280320_ENA_USDT_LONG_B1_REFERENCE
LONG,5.291,2026-09-28T03:24:13.276000+09:00,511_202609280320_NEAR_USDT_LONG,1,5.264545,1.0,5.317455,511_202609280320_NEAR_USDT_LONG_B1_REFERENCE
LONG,0.5525,2026-09-28T03:24:24.656000+09:00,511_202609280320_ONDO_USDT_LONG,1,0.5497375,1.0,0.5552624999999999,511_202609280320_ONDO_USDT_LONG_B1_REFERENCE
LONG,0.005015,2026-09-28T03:24:28.301000+09:00,511_202609280320_PUMPFUN_USDT_LONG,1,0.004989925,1.0,0.005040075,511_202609280320_PUMPFUN_USDT_LONG_B1_REFERENCE
LONG,1.2726,2026-09-28T03:24:10.184000+09:00,511_202609280320_SUI_USDT_LONG,1,1.266237,1.0,1.2789629999999998,511_202609280320_SUI_USDT_LONG_B1_REFERENCE
LONG,11.009,2026-09-28T03:34:31+09:00,511_202609280330_AVAX_USDT_LONG,1,10.953955,1.0,11.064044999999998,511_202609280330_AVAX_USDT_LONG_B1_REFERENCE
LONG,69.24,2026-09-28T03:34:39.754000+09:00,511_202609280330_DASH_USDT_LONG,1,68.8938,1.0,69.58619999999999,511_202609280330_DASH_USDT_LONG_B1_REFERENCE
LONG,0.2564,2026-09-28T03:54:26.362000+09:00,511_202609280350_ADA_USDT_LONG,1,0.255118,1.0,0.25768199999999997,511_202609280350_ADA_USDT_LONG_B1_REFERENCE
LONG,0.29349,2026-09-28T03:54:20.329000+09:00,511_202609280350_ENA_USDT_LONG,1,0.29202255,1.0,0.29495744999999995,511_202609280350_ENA_USDT_LONG_B1_REFERENCE
LONG,5.447,2026-09-28T03:54:08.906000+09:00,511_202609280350_NEAR_USDT_LONG,1,5.419765,1.0,5.474234999999999,511_202609280350_NEAR_USDT_LONG_B1_REFERENCE
LONG,186.22,2026-09-28T03:54:10.252000+09:00,511_202609280350_QNT_USDT_LONG,1,185.28889999999998,1.0,187.15109999999999,511_202609280350_QNT_USDT_LONG_B1_REFERENCE
LONG,1.2713,2026-09-28T03:54:06.159000+09:00,511_202609280350_SUI_USDT_LONG,1,1.2649435,1.0,1.2776565,511_202609280350_SUI_USDT_LONG_B1_REFERENCE
LONG,0.22852,2026-09-28T04:14:42.639000+09:00,511_202609280410_ARB_USDT_LONG,1,0.2273774,1.0,0.22966259999999997,511_202609280410_ARB_USDT_LONG_B1_REFERENCE
LONG,1.2735,2026-09-28T04:14:28.081000+09:00,511_202609280410_SUI_USDT_LONG,1,1.2671325,1.0,1.2798675,511_202609280410_SUI_USDT_LONG_B1_REFERENCE
LONG,0.5668,2026-09-28T04:14:33.215000+09:00,511_202609280410_WLD_USDT_LONG,1,0.563966,1.0,0.5696339999999999,511_202609280410_WLD_USDT_LONG_B1_REFERENCE
LONG,0.22901,2026-09-28T04:24:35.632000+09:00,511_202609280420_ARB_USDT_LONG,1,0.22786494999999998,1.0,0.23015504999999997,511_202609280420_ARB_USDT_LONG_B1_REFERENCE
LONG,11.027,2026-09-28T04:34:29.193000+09:00,511_202609280430_AVAX_USDT_LONG,1,10.971865,1.0,11.082134999999997,511_202609280430_AVAX_USDT_LONG_B1_REFERENCE
SHORT,14.073,2026-09-28T04:44:25.499000+09:00,511_202609280440_LINK_USDT_SHORT,1,14.143365,1.0,14.002635,511_202609280440_LINK_USDT_SHORT_B1_REFERENCE
LONG,1.2731,2026-09-28T04:44:19.738000+09:00,511_202609280440_SUI_USDT_LONG,1,1.2667344999999999,1.0,1.2794654999999997,511_202609280440_SUI_USDT_LONG_B1_REFERENCE
LONG,0.28847,2026-09-28T05:03:54.206000+09:00,511_202609280500_ENA_USDT_LONG,1,0.28702765,1.0,0.28991235,511_202609280500_ENA_USDT_LONG_B1_REFERENCE
LONG,162.11,2026-09-28T05:04:04.163000+09:00,511_202609280500_MSTRSTOCK_USDT_LONG,1,161.29945,1.0,162.92055,511_202609280500_MSTRSTOCK_USDT_LONG_B1_REFERENCE
LONG,0.5597,2026-09-28T05:03:58.203000+09:00,511_202609280500_ONDO_USDT_LONG,1,0.5569014999999999,1.0,0.5624984999999999,511_202609280500_ONDO_USDT_LONG_B1_REFERENCE
LONG,0.07531,2026-09-28T05:04:05.213000+09:00,511_202609280500_SEI_USDT_LONG,1,0.07493345,1.0,0.07568654999999999,511_202609280500_SEI_USDT_LONG_B1_REFERENCE
LONG,0.2561,2026-09-28T05:13:40.147000+09:00,511_202609280510_ADA_USDT_LONG,1,0.2548195,1.0,0.25738049999999996,511_202609280510_ADA_USDT_LONG_B1_REFERENCE
LONG,0.2305,2026-09-28T05:13:37.594000+09:00,511_202609280510_ARB_USDT_LONG,1,0.2293475,1.0,0.23165249999999998,511_202609280510_ARB_USDT_LONG_B1_REFERENCE
LONG,0.09747,2026-09-28T05:13:31.599000+09:00,511_202609280510_DOGE_USDT_LONG,1,0.09698265,1.0,0.09795734999999998,511_202609280510_DOGE_USDT_LONG_B1_REFERENCE
LONG,4.4052e-06,2026-09-28T05:13:32.457000+09:00,511_202609280510_PEPE_USDT_LONG,1,4.3831739999999995e-06,1.0,4.427225999999999e-06,511_202609280510_PEPE_USDT_LONG_B1_REFERENCE
LONG,328.6,2026-09-28T05:13:29.861000+09:00,511_202609280510_TAO_USDT_LONG,1,326.957,1.0,330.243,511_202609280510_TAO_USDT_LONG_B1_REFERENCE
LONG,9.783,2026-09-28T05:13:46.135000+09:00,511_202609280510_UNI_USDT_LONG,1,9.734085,1.0,9.831914999999999,511_202609280510_UNI_USDT_LONG_B1_REFERENCE
LONG,1.5341,2026-09-28T05:13:26.238000+09:00,511_202609280510_XRP_USDT_LONG,1,1.5264295,1.0,1.5417705,511_202609280510_XRP_USDT_LONG_B1_REFERENCE
LONG,0.5548,2026-09-28T05:43:42.294000+09:00,511_202609280540_ONDO_USDT_LONG,1,0.5520259999999999,1.0,0.5575739999999999,511_202609280540_ONDO_USDT_LONG_B1_REFERENCE
LONG,0.005026,2026-09-28T05:43:45.174000+09:00,511_202609280540_PUMPFUN_USDT_LONG,1,0.00500087,1.0,0.005051129999999999,511_202609280540_PUMPFUN_USDT_LONG_B1_REFERENCE
LONG,195.82,2026-09-28T05:54:10.682000+09:00,511_202609280550_QNT_USDT_LONG,1,194.8409,1.0,196.79909999999998,511_202609280550_QNT_USDT_LONG_B1_REFERENCE
SHORT,2687.47,2026-09-28T06:04:22.589000+09:00,511_202609280600_ETH_USDT_SHORT,1,2700.9073499999995,1.0,2674.0326499999996,511_202609280600_ETH_USDT_SHORT_B1_REFERENCE
LONG,71.3,2026-09-28T06:14:40.391000+09:00,511_202609280610_LTC_USDT_LONG,1,70.9435,1.0,71.6565,511_202609280610_LTC_USDT_LONG_B1_REFERENCE
SHORT,14.035,2026-09-28T06:23:39.783000+09:00,511_202609280620_LINK_USDT_SHORT,1,14.105175,1.0,13.964825,511_202609280620_LINK_USDT_SHORT_B1_REFERENCE
LONG,71.45,2026-09-28T06:23:52.621000+09:00,511_202609280620_LTC_USDT_LONG,1,71.09275000000001,1.0,71.80725,511_202609280620_LTC_USDT_LONG_B1_REFERENCE
LONG,1097.23,2026-09-28T06:23:51.414000+09:00,511_202609280620_MUSTOCK_USDT_LONG,1,1091.74385,1.0,1102.71615,511_202609280620_MUSTOCK_USDT_LONG_B1_REFERENCE
LONG,5.548,2026-09-28T06:23:34.483000+09:00,511_202609280620_NEAR_USDT_LONG,1,5.52026,1.0,5.57574,511_202609280620_NEAR_USDT_LONG_B1_REFERENCE
LONG,1.2769,2026-09-28T06:23:32.408000+09:00,511_202609280620_SUI_USDT_LONG,1,1.2705155,1.0,1.2832844999999997,511_202609280620_SUI_USDT_LONG_B1_REFERENCE
SHORT,0.09705,2026-09-28T06:34:23.050000+09:00,511_202609280630_DOGE_USDT_SHORT,1,0.09753524999999999,1.0,0.09656474999999999,511_202609280630_DOGE_USDT_SHORT_B1_REFERENCE
SHORT,13.992,2026-09-28T06:34:24.915000+09:00,511_202609280630_LINK_USDT_SHORT,1,14.06196,1.0,13.92204,511_202609280630_LINK_USDT_SHORT_B1_REFERENCE
SHORT,1.5222,2026-09-28T06:34:16.779000+09:00,511_202609280630_XRP_USDT_SHORT,1,1.5298109999999998,1.0,1.514589,511_202609280630_XRP_USDT_SHORT_B1_REFERENCE
SHORT,153.94,2026-09-28T06:44:37.917000+09:00,511_202609280640_AAVE_USDT_SHORT,1,154.70969999999997,1.0,153.1703,511_202609280640_AAVE_USDT_SHORT_B1_REFERENCE
SHORT,84514.5,2026-09-28T06:44:07.763000+09:00,511_202609280640_BTC_USDT_SHORT,1,84937.0725,1.0,84091.9275,511_202609280640_BTC_USDT_SHORT_B1_REFERENCE
SHORT,2681.25,2026-09-28T06:44:08.946000+09:00,511_202609280640_ETH_USDT_SHORT,1,2694.6562499999995,1.0,2667.84375,511_202609280640_ETH_USDT_SHORT_B1_REFERENCE
SHORT,4.3646e-06,2026-09-28T06:44:19.816000+09:00,511_202609280640_PEPE_USDT_SHORT,1,4.386423e-06,1.0,4.342777e-06,511_202609280640_PEPE_USDT_SHORT_B1_REFERENCE
SHORT,0.551,2026-09-28T06:44:17.641000+09:00,511_202609280640_WLD_USDT_SHORT,1,0.553755,1.0,0.5482450000000001,511_202609280640_WLD_USDT_SHORT_B1_REFERENCE
SHORT,1.5188,2026-09-28T06:44:12.229000+09:00,511_202609280640_XRP_USDT_SHORT,1,1.5263939999999998,1.0,1.5112059999999998,511_202609280640_XRP_USDT_SHORT_B1_REFERENCE
SHORT,2675.23,2026-09-28T07:04:18.835000+09:00,511_202609280700_ETH_USDT_SHORT,1,2688.6061499999996,1.0,2661.85385,511_202609280700_ETH_USDT_SHORT_B1_REFERENCE
SHORT,91.358,2026-09-28T07:04:37.208000+09:00,511_202609280700_HYPE_USDT_SHORT,1,91.81478999999999,1.0,90.90121,511_202609280700_HYPE_USDT_SHORT_B1_REFERENCE
SHORT,153.28,2026-09-28T07:14:34.204000+09:00,511_202609280710_AAVE_USDT_SHORT,1,154.04639999999998,1.0,152.5136,511_202609280710_AAVE_USDT_SHORT_B1_REFERENCE
SHORT,10.782,2026-09-28T07:14:26.652000+09:00,511_202609280710_AVAX_USDT_SHORT,1,10.835909999999998,1.0,10.72809,511_202609280710_AVAX_USDT_SHORT_B1_REFERENCE
SHORT,0.09597,2026-09-28T07:14:14.063000+09:00,511_202609280710_DOGE_USDT_SHORT,1,0.09644984999999999,1.0,0.09549015,511_202609280710_DOGE_USDT_SHORT_B1_REFERENCE
SHORT,2671.26,2026-09-28T07:14:02.996000+09:00,511_202609280710_ETH_USDT_SHORT,1,2684.6163,1.0,2657.9037000000003,511_202609280710_ETH_USDT_SHORT_B1_REFERENCE
SHORT,9.602,2026-09-28T07:14:33.165000+09:00,511_202609280710_UNI_USDT_SHORT,1,9.65001,1.0,9.55399,511_202609280710_UNI_USDT_SHORT_B1_REFERENCE
SHORT,0.5425,2026-09-28T07:14:13.019000+09:00,511_202609280710_WLD_USDT_SHORT,1,0.5452124999999999,1.0,0.5397875,511_202609280710_WLD_USDT_SHORT_B1_REFERENCE
LONG,0.5579,2026-09-28T07:24:38.697000+09:00,511_202609280720_ONDO_USDT_LONG,1,0.5551105,1.0,0.5606894999999998,511_202609280720_ONDO_USDT_LONG_B1_REFERENCE
SHORT,1358.8,2026-09-28T07:24:35.675000+09:00,511_202609280720_SKHYNIXSTOCK_USDT_SHORT,1,1365.5939999999998,1.0,1352.0059999999999,511_202609280720_SKHYNIXSTOCK_USDT_SHORT_B1_REFERENCE
SHORT,121.84,2026-09-28T07:24:21.382000+09:00,511_202609280720_SOL_USDT_SHORT,1,122.44919999999999,1.0,121.2308,511_202609280720_SOL_USDT_SHORT_B1_REFERENCE
SHORT,324.18,2026-09-28T07:24:26.986000+09:00,511_202609280720_TAO_USDT_SHORT,1,325.80089999999996,1.0,322.5591,511_202609280720_TAO_USDT_SHORT_B1_REFERENCE
SHORT,153.75,2026-09-28T07:33:58.335000+09:00,511_202609280730_AAVE_USDT_SHORT,1,154.51874999999998,1.0,152.98125,511_202609280730_AAVE_USDT_SHORT_B1_REFERENCE
SHORT,13.942,2026-09-28T07:33:44.501000+09:00,511_202609280730_LINK_USDT_SHORT,1,14.011709999999999,1.0,13.87229,511_202609280730_LINK_USDT_SHORT_B1_REFERENCE
SHORT,70.74,2026-09-28T07:33:54.885000+09:00,511_202609280730_LTC_USDT_SHORT,1,71.09369999999998,1.0,70.38629999999999,511_202609280730_LTC_USDT_SHORT_B1_REFERENCE
SHORT,1089.86,2026-09-28T07:33:54.045000+09:00,511_202609280730_MUSTOCK_USDT_SHORT,1,1095.3093,1.0,1084.4107,511_202609280730_MUSTOCK_USDT_SHORT_B1_REFERENCE
LONG,0.07714,2026-09-28T07:33:56.617000+09:00,511_202609280730_SEI_USDT_LONG,1,0.0767543,1.0,0.07752569999999999,511_202609280730_SEI_USDT_LONG_B1_REFERENCE
SHORT,0.252,2026-09-28T07:44:25.535000+09:00,511_202609280740_ADA_USDT_SHORT,1,0.25326,1.0,0.25074,511_202609280740_ADA_USDT_SHORT_B1_REFERENCE
SHORT,0.27111,2026-09-28T07:44:19.302000+09:00,511_202609280740_ENA_USDT_SHORT,1,0.27246555,1.0,0.26975445000000003,511_202609280740_ENA_USDT_SHORT_B1_REFERENCE
SHORT,91.354,2026-09-28T07:44:22.409000+09:00,511_202609280740_HYPE_USDT_SHORT,1,91.81076999999999,1.0,90.89723,511_202609280740_HYPE_USDT_SHORT_B1_REFERENCE
SHORT,70.53,2026-09-28T07:44:31.132000+09:00,511_202609280740_LTC_USDT_SHORT,1,70.88265,1.0,70.17735,511_202609280740_LTC_USDT_SHORT_B1_REFERENCE
SHORT,321.06,2026-09-28T07:44:11.961000+09:00,511_202609280740_TAO_USDT_SHORT,1,322.66529999999995,1.0,319.4547,511_202609280740_TAO_USDT_SHORT_B1_REFERENCE
SHORT,1.5055,2026-09-28T07:44:07.264000+09:00,511_202609280740_XRP_USDT_SHORT,1,1.5130275,1.0,1.4979725000000002,511_202609280740_XRP_USDT_SHORT_B1_REFERENCE
SHORT,13.933,2026-09-28T07:53:36.939000+09:00,511_202609280750_LINK_USDT_SHORT,1,14.002664999999999,1.0,13.863335,511_202609280750_LINK_USDT_SHORT_B1_REFERENCE
SHORT,1089.84,2026-09-28T07:53:48.029000+09:00,511_202609280750_MUSTOCK_USDT_SHORT,1,1095.2891999999997,1.0,1084.3908,511_202609280750_MUSTOCK_USDT_SHORT_B1_REFERENCE
SHORT,4.3191e-06,2026-09-28T07:53:35.932000+09:00,511_202609280750_PEPE_USDT_SHORT,1,4.340695499999999e-06,1.0,4.2975045e-06,511_202609280750_PEPE_USDT_SHORT_B1_REFERENCE
LONG,296.53,2026-09-28T07:53:27.786000+09:00,511_202609280750_QNT_USDT_LONG,1,295.04735,1.0,298.01264999999995,511_202609280750_QNT_USDT_LONG_B1_REFERENCE
LONG,0.07721,2026-09-28T07:53:49.008000+09:00,511_202609280750_SEI_USDT_LONG,1,0.07682395,1.0,0.07759604999999999,511_202609280750_SEI_USDT_LONG_B1_REFERENCE
SHORT,319.73,2026-09-28T07:53:31.231000+09:00,511_202609280750_TAO_USDT_SHORT,1,321.32865,1.0,318.13135,511_202609280750_TAO_USDT_SHORT_B1_REFERENCE
SHORT,4257.6,2026-09-28T07:53:52.044000+09:00,511_202609280750_XAUT_USDT_SHORT,1,4278.888,1.0,4236.312,511_202609280750_XAUT_USDT_SHORT_B1_REFERENCE
SHORT,1587.45,2026-09-28T07:53:24.782000+09:00,511_202609280750_ZEC_USDT_SHORT,1,1595.3872499999998,1.0,1579.51275,511_202609280750_ZEC_USDT_SHORT_B1_REFERENCE
LONG,322.92,2026-09-28T08:03:45.545000+09:00,511_202609280800_QNT_USDT_LONG,1,321.3054,1.0,324.53459999999995,511_202609280800_QNT_USDT_LONG_B1_REFERENCE
SHORT,320.06,2026-09-28T08:03:48.145000+09:00,511_202609280800_TAO_USDT_SHORT,1,321.66029999999995,1.0,318.4597,511_202609280800_TAO_USDT_SHORT_B1_REFERENCE
SHORT,0.2526,2026-09-28T08:15:04.037000+09:00,511_202609280815_ADA_USDT_SHORT,1,0.25386299999999995,1.0,0.251337,511_202609280815_ADA_USDT_SHORT_B1_REFERENCE
SHORT,70.77,2026-09-28T08:15:09.025000+09:00,511_202609280815_LTC_USDT_SHORT,1,71.12384999999999,1.0,70.41615,511_202609280815_LTC_USDT_SHORT_B1_REFERENCE
SHORT,1.2576,2026-09-28T08:24:11.590000+09:00,511_202609280820_SUI_USDT_SHORT,1,1.263888,1.0,1.251312,511_202609280820_SUI_USDT_SHORT_B1_REFERENCE
SHORT,0.26977,2026-09-28T08:32:53.170000+09:00,511_202609280830_ENA_USDT_SHORT,1,0.27111884999999997,1.0,0.26842115,511_202609280830_ENA_USDT_SHORT_B1_REFERENCE
SHORT,0.2533,2026-09-28T08:44:25.858000+09:00,511_202609280840_ADA_USDT_SHORT,1,0.2545665,1.0,0.2520335,511_202609280840_ADA_USDT_SHORT_B1_REFERENCE
SHORT,10.821,2026-09-28T08:44:30.537000+09:00,511_202609280840_AVAX_USDT_SHORT,1,10.875104999999998,1.0,10.766895,511_202609280840_AVAX_USDT_SHORT_B1_REFERENCE
SHORT,84312.7,2026-09-28T08:44:02.718000+09:00,511_202609280840_BTC_USDT_SHORT,1,84734.26349999999,1.0,83891.1365,511_202609280840_BTC_USDT_SHORT_B1_REFERENCE
SHORT,0.09622,2026-09-28T08:44:12.964000+09:00,511_202609280840_DOGE_USDT_SHORT,1,0.09670109999999998,1.0,0.0957389,511_202609280840_DOGE_USDT_SHORT_B1_REFERENCE
LONG,0.5657,2026-09-28T08:44:21.864000+09:00,511_202609280840_ONDO_USDT_LONG,1,0.5628715,1.0,0.5685284999999999,511_202609280840_ONDO_USDT_LONG_B1_REFERENCE
SHORT,4.3334e-06,2026-09-28T08:44:14.940000+09:00,511_202609280840_PEPE_USDT_SHORT,1,4.355067e-06,1.0,4.311733e-06,511_202609280840_PEPE_USDT_SHORT_B1_REFERENCE
SHORT,121.75,2026-09-28T08:44:05.985000+09:00,511_202609280840_SOL_USDT_SHORT,1,122.35874999999999,1.0,121.14125,511_202609280840_SOL_USDT_SHORT_B1_REFERENCE
SHORT,0.5429,2026-09-28T08:44:13.950000+09:00,511_202609280840_WLD_USDT_SHORT,1,0.5456145,1.0,0.5401855000000001,511_202609280840_WLD_USDT_SHORT_B1_REFERENCE
SHORT,1.511,2026-09-28T08:44:06.952000+09:00,511_202609280840_XRP_USDT_SHORT,1,1.5185549999999997,1.0,1.503445,511_202609280840_XRP_USDT_SHORT_B1_REFERENCE
SHORT,1588.8,2026-09-28T08:44:04.994000+09:00,511_202609280840_ZEC_USDT_SHORT,1,1596.7439999999997,1.0,1580.856,511_202609280840_ZEC_USDT_SHORT_B1_REFERENCE
LONG,0.5858,2026-09-28T08:54:26.532000+09:00,511_202609280850_ONDO_USDT_LONG,1,0.582871,1.0,0.588729,511_202609280850_ONDO_USDT_LONG_B1_REFERENCE
LONG,0.5847,2026-09-28T09:03:59.172000+09:00,511_202609280900_ONDO_USDT_LONG,1,0.5817765,1.0,0.5876235,511_202609280900_ONDO_USDT_LONG_B1_REFERENCE
SHORT,1347.06,2026-09-28T09:03:58.119000+09:00,511_202609280900_SKHYNIXSTOCK_USDT_SHORT,1,1353.7952999999998,1.0,1340.3247,511_202609280900_SKHYNIXSTOCK_USDT_SHORT_B1_REFERENCE
SHORT,318.99,2026-09-28T09:03:49.232000+09:00,511_202609280900_TAO_USDT_SHORT,1,320.58495,1.0,317.39505,511_202609280900_TAO_USDT_SHORT_B1_REFERENCE
SHORT,0.5449,2026-09-28T09:03:52.165000+09:00,511_202609280900_WLD_USDT_SHORT,1,0.5476245,1.0,0.5421755,511_202609280900_WLD_USDT_SHORT_B1_REFERENCE
SHORT,160.45,2026-09-28T09:14:31.983000+09:00,511_202609280910_MSTRSTOCK_USDT_SHORT,1,161.25224999999998,1.0,159.64775,511_202609280910_MSTRSTOCK_USDT_SHORT_B1_REFERENCE
SHORT,1088.22,2026-09-28T09:14:33.566000+09:00,511_202609280910_MUSTOCK_USDT_SHORT,1,1093.6610999999998,1.0,1082.7789,511_202609280910_MUSTOCK_USDT_SHORT_B1_REFERENCE
LONG,0.5777,2026-09-28T09:14:21.743000+09:00,511_202609280910_ONDO_USDT_LONG,1,0.5748115,1.0,0.5805885,511_202609280910_ONDO_USDT_LONG_B1_REFERENCE
LONG,0.08277,2026-09-28T09:24:44.141000+09:00,511_202609280920_SEI_USDT_LONG,1,0.08235614999999999,1.0,0.08318384999999999,511_202609280920_SEI_USDT_LONG_B1_REFERENCE
LONG,1.2847,2026-09-28T09:24:24.165000+09:00,511_202609280920_SUI_USDT_LONG,1,1.2782765,1.0,1.2911234999999999,511_202609280920_SUI_USDT_LONG_B1_REFERENCE
SHORT,0.26961,2026-09-28T09:44:23.501000+09:00,511_202609280940_ENA_USDT_SHORT,1,0.27095805,1.0,0.26826195,511_202609280940_ENA_USDT_SHORT_B1_REFERENCE
SHORT,1081.48,2026-09-28T09:44:35.387000+09:00,511_202609280940_MUSTOCK_USDT_SHORT,1,1086.8873999999998,1.0,1076.0726,511_202609280940_MUSTOCK_USDT_SHORT_B1_REFERENCE
SHORT,63.32,2026-09-28T09:44:28.818000+09:00,511_202609280940_SILVER_USDT_SHORT,1,63.636599999999994,1.0,63.0034,511_202609280940_SILVER_USDT_SHORT_B1_REFERENCE
SHORT,1572.3,2026-09-28T09:44:09.857000+09:00,511_202609280940_ZEC_USDT_SHORT,1,1580.1614999999997,1.0,1564.4385,511_202609280940_ZEC_USDT_SHORT_B1_REFERENCE
SHORT,90.86,2026-09-28T09:54:29.255000+09:00,511_202609280950_HYPE_USDT_SHORT,1,91.31429999999999,1.0,90.4057,511_202609280950_HYPE_USDT_SHORT_B1_REFERENCE
SHORT,1082.86,2026-09-28T09:54:35.467000+09:00,511_202609280950_MUSTOCK_USDT_SHORT,1,1088.2742999999998,1.0,1077.4457,511_202609280950_MUSTOCK_USDT_SHORT_B1_REFERENCE
SHORT,84081.4,2026-09-28T10:05:11.288000+09:00,511_202609281005_BTC_USDT_SHORT,1,84501.80699999999,1.0,83660.99299999999,511_202609281005_BTC_USDT_SHORT_B1_REFERENCE
SHORT,0.0967,2026-09-28T10:05:25.721000+09:00,511_202609281005_DOGE_USDT_SHORT,1,0.09718349999999998,1.0,0.0962165,511_202609281005_DOGE_USDT_SHORT_B1_REFERENCE
SHORT,2672.79,2026-09-28T10:05:12.894000+09:00,511_202609281005_ETH_USDT_SHORT,1,2686.15395,1.0,2659.42605,511_202609281005_ETH_USDT_SHORT_B1_REFERENCE
SHORT,90.462,2026-09-28T10:05:36.781000+09:00,511_202609281005_HYPE_USDT_SHORT,1,90.91431,1.0,90.00969,511_202609281005_HYPE_USDT_SHORT_B1_REFERENCE
SHORT,159.81,2026-09-28T10:05:50.678000+09:00,511_202609281005_MSTRSTOCK_USDT_SHORT,1,160.60905,1.0,159.01095,511_202609281005_MSTRSTOCK_USDT_SHORT_B1_REFERENCE
SHORT,5.307,2026-09-28T10:05:22.936000+09:00,511_202609281005_NEAR_USDT_SHORT,1,5.3335349999999995,1.0,5.280465,511_202609281005_NEAR_USDT_SHORT_B1_REFERENCE
LONG,0.005161,2026-09-28T10:05:42.059000+09:00,511_202609281005_PUMPFUN_USDT_LONG,1,0.0051351949999999995,1.0,0.005186804999999999,511_202609281005_PUMPFUN_USDT_LONG_B1_REFERENCE
SHORT,62.96,2026-09-28T10:05:34.210000+09:00,511_202609281005_SILVER_USDT_SHORT,1,63.27479999999999,1.0,62.6452,511_202609281005_SILVER_USDT_SHORT_B1_REFERENCE
SHORT,315.1,2026-09-28T10:05:21.605000+09:00,511_202609281005_TAO_USDT_SHORT,1,316.6755,1.0,313.52450000000005,511_202609281005_TAO_USDT_SHORT_B1_REFERENCE
SHORT,0.5416,2026-09-28T10:05:27.086000+09:00,511_202609281005_WLD_USDT_SHORT,1,0.5443079999999999,1.0,0.5388919999999999,511_202609281005_WLD_USDT_SHORT_B1_REFERENCE
SHORT,4228.8,2026-09-28T10:05:28.478000+09:00,511_202609281005_XAUT_USDT_SHORT,1,4249.9439999999995,1.0,4207.656,511_202609281005_XAUT_USDT_SHORT_B1_REFERENCE
SHORT,153.01,2026-09-28T10:14:43.602000+09:00,511_202609281010_AAVE_USDT_SHORT,1,153.77504999999996,1.0,152.24495,511_202609281010_AAVE_USDT_SHORT_B1_REFERENCE
SHORT,83946.9,2026-09-28T10:14:09.959000+09:00,511_202609281010_BTC_USDT_SHORT,1,84366.63449999999,1.0,83527.16549999999,511_202609281010_BTC_USDT_SHORT_B1_REFERENCE
SHORT,0.2709,2026-09-28T10:14:25.972000+09:00,511_202609281010_ENA_USDT_SHORT,1,0.27225449999999995,1.0,0.2695455,511_202609281010_ENA_USDT_SHORT_B1_REFERENCE
SHORT,159.07,2026-09-28T10:14:42.577000+09:00,511_202609281010_MSTRSTOCK_USDT_SHORT,1,159.86534999999998,1.0,158.27464999999998,511_202609281010_MSTRSTOCK_USDT_SHORT_B1_REFERENCE
LONG,0.08397,2026-09-28T10:14:35.796000+09:00,511_202609281010_SEI_USDT_LONG,1,0.08355015,1.0,0.08438984999999999,511_202609281010_SEI_USDT_LONG_B1_REFERENCE
SHORT,62.68,2026-09-28T10:14:27.892000+09:00,511_202609281010_SILVER_USDT_SHORT,1,62.993399999999994,1.0,62.3666,511_202609281010_SILVER_USDT_SHORT_B1_REFERENCE
SHORT,1317.72,2026-09-28T10:14:30.752000+09:00,511_202609281010_SKHYNIXSTOCK_USDT_SHORT,1,1324.3085999999998,1.0,1311.1314,511_202609281010_SKHYNIXSTOCK_USDT_SHORT_B1_REFERENCE
SHORT,121.41,2026-09-28T10:14:13.371000+09:00,511_202609281010_SOL_USDT_SHORT,1,122.01704999999998,1.0,120.80295,511_202609281010_SOL_USDT_SHORT_B1_REFERENCE
SHORT,313.19,2026-09-28T10:14:17.534000+09:00,511_202609281010_TAO_USDT_SHORT,1,314.75595,1.0,311.62405,511_202609281010_TAO_USDT_SHORT_B1_REFERENCE
SHORT,0.5382,2026-09-28T10:14:21.732000+09:00,511_202609281010_WLD_USDT_SHORT,1,0.5408909999999999,1.0,0.535509,511_202609281010_WLD_USDT_SHORT_B1_REFERENCE
SHORT,1.5127,2026-09-28T10:24:53.792000+09:00,511_202609281020_XRP_USDT_SHORT,1,1.5202634999999998,1.0,1.5051364999999999,511_202609281020_XRP_USDT_SHORT_B1_REFERENCE
LONG,14.112,2026-09-28T10:34:26.808000+09:00,511_202609281030_LINK_USDT_LONG,1,14.04144,1.0,14.182559999999999,511_202609281030_LINK_USDT_LONG_B1_REFERENCE
SHORT,0.5369,2026-09-28T10:44:19.665000+09:00,511_202609281040_WLD_USDT_SHORT,1,0.5395845,1.0,0.5342155000000001,511_202609281040_WLD_USDT_SHORT_B1_REFERENCE
SHORT,4216.92,2026-09-28T10:44:17.525000+09:00,511_202609281040_XAU_USDT_SHORT,1,4238.004599999999,1.0,4195.8354,511_202609281040_XAU_USDT_SHORT_B1_REFERENCE
SHORT,2660.2,2026-09-28T10:54:12.455000+09:00,511_202609281050_ETH_USDT_SHORT,1,2673.5009999999997,1.0,2646.899,511_202609281050_ETH_USDT_SHORT_B1_REFERENCE
LONG,14.1,2026-09-28T10:54:29.758000+09:00,511_202609281050_LINK_USDT_LONG,1,14.029499999999999,1.0,14.170499999999999,511_202609281050_LINK_USDT_LONG_B1_REFERENCE
SHORT,5.333,2026-09-28T10:54:21.580000+09:00,511_202609281050_NEAR_USDT_SHORT,1,5.359665,1.0,5.306335,511_202609281050_NEAR_USDT_SHORT_B1_REFERENCE
SHORT,121.03,2026-09-28T10:54:15.090000+09:00,511_202609281050_SOL_USDT_SHORT,1,121.63514999999998,1.0,120.42485,511_202609281050_SOL_USDT_SHORT_B1_REFERENCE
SHORT,4217.1,2026-09-28T10:54:25.199000+09:00,511_202609281050_XAUT_USDT_SHORT,1,4238.1855,1.0,4196.0145,511_202609281050_XAUT_USDT_SHORT_B1_REFERENCE
SHORT,4218.45,2026-09-28T10:54:22.770000+09:00,511_202609281050_XAU_USDT_SHORT,1,4239.5422499999995,1.0,4197.35775,511_202609281050_XAU_USDT_SHORT_B1_REFERENCE
SHORT,10.786,2026-09-28T11:05:45.864000+09:00,511_202609281105_AVAX_USDT_SHORT,1,10.839929999999999,1.0,10.73207,511_202609281105_AVAX_USDT_SHORT_B1_REFERENCE
SHORT,83615.0,2026-09-28T11:05:13.534000+09:00,511_202609281105_BTC_USDT_SHORT,1,84033.075,1.0,83196.925,511_202609281105_BTC_USDT_SHORT_B1_REFERENCE
SHORT,0.09528,2026-09-28T11:05:27.490000+09:00,511_202609281105_DOGE_USDT_SHORT,1,0.09575639999999999,1.0,0.0948036,511_202609281105_DOGE_USDT_SHORT_B1_REFERENCE
SHORT,2656.03,2026-09-28T11:05:14.819000+09:00,511_202609281105_ETH_USDT_SHORT,1,2669.31015,1.0,2642.74985,511_202609281105_ETH_USDT_SHORT_B1_REFERENCE
SHORT,4.2922e-06,2026-09-28T11:05:30.070000+09:00,511_202609281105_PEPE_USDT_SHORT,1,4.313661e-06,1.0,4.2707390000000005e-06,511_202609281105_PEPE_USDT_SHORT_B1_REFERENCE
SHORT,310.77,2026-09-28T11:05:22.372000+09:00,511_202609281105_TAO_USDT_SHORT,1,312.32384999999994,1.0,309.21614999999997,511_202609281105_TAO_USDT_SHORT_B1_REFERENCE
SHORT,0.5329,2026-09-28T11:05:28.818000+09:00,511_202609281105_WLD_USDT_SHORT,1,0.5355645,1.0,0.5302355000000001,511_202609281105_WLD_USDT_SHORT_B1_REFERENCE
LONG,14.082,2026-09-28T11:13:42.385000+09:00,511_202609281110_LINK_USDT_LONG,1,14.01159,1.0,14.15241,511_202609281110_LINK_USDT_LONG_B1_REFERENCE
LONG,0.0052,2026-09-28T11:24:30.255000+09:00,511_202609281120_PUMPFUN_USDT_LONG,1,0.005174,1.0,0.005225999999999999,511_202609281120_PUMPFUN_USDT_LONG_B1_REFERENCE
SHORT,1.5049,2026-09-28T11:24:11.013000+09:00,511_202609281120_XRP_USDT_SHORT,1,1.5124244999999998,1.0,1.4973755,511_202609281120_XRP_USDT_SHORT_B1_REFERENCE
SHORT,150.8,2026-09-28T11:34:52.586000+09:00,511_202609281130_AAVE_USDT_SHORT,1,151.554,1.0,150.04600000000002,511_202609281130_AAVE_USDT_SHORT_B1_REFERENCE
SHORT,83450.0,2026-09-28T11:34:23.834000+09:00,511_202609281130_BTC_USDT_SHORT,1,83867.24999999999,1.0,83032.75,511_202609281130_BTC_USDT_SHORT_B1_REFERENCE
SHORT,90.42,2026-09-28T11:34:43.028000+09:00,511_202609281130_HYPE_USDT_SHORT,1,90.87209999999999,1.0,89.9679,511_202609281130_HYPE_USDT_SHORT_B1_REFERENCE
SHORT,70.36,2026-09-28T11:34:50.690000+09:00,511_202609281130_LTC_USDT_SHORT,1,70.7118,1.0,70.0082,511_202609281130_LTC_USDT_SHORT_B1_REFERENCE
SHORT,4.2726e-06,2026-09-28T11:34:36.852000+09:00,511_202609281130_PEPE_USDT_SHORT,1,4.293963e-06,1.0,4.2512370000000004e-06,511_202609281130_PEPE_USDT_SHORT_B1_REFERENCE
SHORT,151.09,2026-09-28T11:43:19.088000+09:00,511_202609281140_AAVE_USDT_SHORT,1,151.84545,1.0,150.33455,511_202609281140_AAVE_USDT_SHORT_B1_REFERENCE
SHORT,0.22123,2026-09-28T11:43:12.956000+09:00,511_202609281140_ARB_USDT_SHORT,1,0.22233614999999998,1.0,0.22012385,511_202609281140_ARB_USDT_SHORT_B1_REFERENCE
SHORT,62.02,2026-09-28T11:43:01.037000+09:00,511_202609281140_SILVER_USDT_SHORT,1,62.330099999999995,1.0,61.709900000000005,511_202609281140_SILVER_USDT_SHORT_B1_REFERENCE
SHORT,10.786,2026-09-28T11:53:13.175000+09:00,511_202609281150_AVAX_USDT_SHORT,1,10.839929999999999,1.0,10.73207,511_202609281150_AVAX_USDT_SHORT_B1_REFERENCE
SHORT,120.0,2026-09-28T11:52:48.353000+09:00,511_202609281150_SOL_USDT_SHORT,1,120.6,1.0,119.4,511_202609281150_SOL_USDT_SHORT_B1_REFERENCE
SHORT,1.496,2026-09-28T11:52:49.403000+09:00,511_202609281150_XRP_USDT_SHORT,1,1.50348,1.0,1.48852,511_202609281150_XRP_USDT_SHORT_B1_REFERENCE
SHORT,1566.04,2026-09-28T11:52:47.351000+09:00,511_202609281150_ZEC_USDT_SHORT,1,1573.8701999999998,1.0,1558.2097999999999,511_202609281150_ZEC_USDT_SHORT_B1_REFERENCE
SHORT,5.266,2026-09-28T12:04:47.052000+09:00,511_202609281200_NEAR_USDT_SHORT,1,5.29233,1.0,5.23967,511_202609281200_NEAR_USDT_SHORT_B1_REFERENCE
SHORT,62.02,2026-09-28T12:04:53.590000+09:00,511_202609281200_SILVER_USDT_SHORT,1,62.330099999999995,1.0,61.709900000000005,511_202609281200_SILVER_USDT_SHORT_B1_REFERENCE
SHORT,2650.31,2026-09-28T12:24:13.420000+09:00,511_202609281220_ETH_USDT_SHORT,1,2663.5615499999994,1.0,2637.05845,511_202609281220_ETH_USDT_SHORT_B1_REFERENCE
SHORT,1565.37,2026-09-28T12:24:15.042000+09:00,511_202609281220_ZEC_USDT_SHORT,1,1573.1968499999998,1.0,1557.54315,511_202609281220_ZEC_USDT_SHORT_B1_REFERENCE
SHORT,0.2495,2026-09-28T12:34:42.742000+09:00,511_202609281230_ADA_USDT_SHORT,1,0.25074749999999996,1.0,0.2482525,511_202609281230_ADA_USDT_SHORT_B1_REFERENCE
SHORT,10.656,2026-09-28T12:34:43.754000+09:00,511_202609281230_AVAX_USDT_SHORT,1,10.70928,1.0,10.60272,511_202609281230_AVAX_USDT_SHORT_B1_REFERENCE
SHORT,0.0939,2026-09-28T12:34:27.630000+09:00,511_202609281230_DOGE_USDT_SHORT,1,0.09436949999999998,1.0,0.0934305,511_202609281230_DOGE_USDT_SHORT_B1_REFERENCE
SHORT,89.554,2026-09-28T12:34:36.628000+09:00,511_202609281230_HYPE_USDT_SHORT,1,90.00177,1.0,89.10623,511_202609281230_HYPE_USDT_SHORT_B1_REFERENCE
SHORT,4.176e-06,2026-09-28T12:34:29.663000+09:00,511_202609281230_PEPE_USDT_SHORT,1,4.19688e-06,1.0,4.15512e-06,511_202609281230_PEPE_USDT_SHORT_B1_REFERENCE
SHORT,0.5225,2026-09-28T12:34:28.614000+09:00,511_202609281230_WLD_USDT_SHORT,1,0.5251124999999999,1.0,0.5198875,511_202609281230_WLD_USDT_SHORT_B1_REFERENCE
SHORT,150.72,2026-09-28T12:53:47.492000+09:00,511_202609281250_AAVE_USDT_SHORT,1,151.47359999999998,1.0,149.9664,511_202609281250_AAVE_USDT_SHORT_B1_REFERENCE
SHORT,0.251,2026-09-28T12:53:45.431000+09:00,511_202609281250_ADA_USDT_SHORT,1,0.25225499999999995,1.0,0.249745,511_202609281250_ADA_USDT_SHORT_B1_REFERENCE
SHORT,5.243,2026-09-28T12:53:28.619000+09:00,511_202609281250_NEAR_USDT_SHORT,1,5.269215,1.0,5.216785000000001,511_202609281250_NEAR_USDT_SHORT_B1_REFERENCE
SHORT,120.05,2026-09-28T12:53:21.957000+09:00,511_202609281250_SOL_USDT_SHORT,1,120.65024999999999,1.0,119.44975,511_202609281250_SOL_USDT_SHORT_B1_REFERENCE
SHORT,0.2482,2026-09-28T13:04:45.193000+09:00,511_202609281300_ADA_USDT_SHORT,1,0.24944099999999997,1.0,0.246959,511_202609281300_ADA_USDT_SHORT_B1_REFERENCE
SHORT,0.21259,2026-09-28T13:04:40.568000+09:00,511_202609281300_ARB_USDT_SHORT,1,0.21365294999999998,1.0,0.21152705,511_202609281300_ARB_USDT_SHORT_B1_REFERENCE
SHORT,13.786,2026-09-28T13:04:34.265000+09:00,511_202609281300_LINK_USDT_SHORT,1,13.854929999999998,1.0,13.71707,511_202609281300_LINK_USDT_SHORT_B1_REFERENCE
SHORT,4.1638e-06,2026-09-28T13:04:32.003000+09:00,511_202609281300_PEPE_USDT_SHORT,1,4.184618999999999e-06,1.0,4.142981e-06,511_202609281300_PEPE_USDT_SHORT_B1_REFERENCE
SHORT,1.2233,2026-09-28T13:04:24.330000+09:00,511_202609281300_SUI_USDT_SHORT,1,1.2294165,1.0,1.2171835,511_202609281300_SUI_USDT_SHORT_B1_REFERENCE
SHORT,0.2486,2026-09-28T13:14:40.121000+09:00,511_202609281310_ADA_USDT_SHORT,1,0.24984299999999995,1.0,0.247357,511_202609281310_ADA_USDT_SHORT_B1_REFERENCE
LONG,0.005219,2026-09-28T13:23:06.264000+09:00,511_202609281320_PUMPFUN_USDT_LONG,1,0.005192904999999999,1.0,0.005245094999999999,511_202609281320_PUMPFUN_USDT_LONG_B1_REFERENCE
SHORT,10.676,2026-09-28T13:35:30.948000+09:00,511_202609281335_AVAX_USDT_SHORT,1,10.729379999999999,1.0,10.62262,511_202609281335_AVAX_USDT_SHORT_B1_REFERENCE
SHORT,0.09411,2026-09-28T13:35:14.858000+09:00,511_202609281335_DOGE_USDT_SHORT,1,0.09458054999999999,1.0,0.09363945,511_202609281335_DOGE_USDT_SHORT_B1_REFERENCE
SHORT,90.009,2026-09-28T13:35:22.644000+09:00,511_202609281335_HYPE_USDT_SHORT,1,90.45904499999999,1.0,89.558955,511_202609281335_HYPE_USDT_SHORT_B1_REFERENCE
SHORT,0.5288,2026-09-28T13:35:15.903000+09:00,511_202609281335_WLD_USDT_SHORT,1,0.531444,1.0,0.5261560000000001,511_202609281335_WLD_USDT_SHORT_B1_REFERENCE
SHORT,1561.97,2026-09-28T13:35:05.103000+09:00,511_202609281335_ZEC_USDT_SHORT,1,1569.77985,1.0,1554.16015,511_202609281335_ZEC_USDT_SHORT_B1_REFERENCE
LONG,70.91,2026-09-28T13:54:06.436000+09:00,511_202609281350_LTC_USDT_LONG,1,70.55545,1.0,71.26454999999999,511_202609281350_LTC_USDT_LONG_B1_REFERENCE
LONG,269.63,2026-09-28T13:53:44.552000+09:00,511_202609281350_QNT_USDT_LONG,1,268.28185,1.0,270.97814999999997,511_202609281350_QNT_USDT_LONG_B1_REFERENCE
SHORT,13.894,2026-09-28T14:04:44.862000+09:00,511_202609281400_LINK_USDT_SHORT,1,13.96347,1.0,13.82453,511_202609281400_LINK_USDT_SHORT_B1_REFERENCE
SHORT,156.8,2026-09-28T14:04:56.074000+09:00,511_202609281400_MSTRSTOCK_USDT_SHORT,1,157.584,1.0,156.01600000000002,511_202609281400_MSTRSTOCK_USDT_SHORT_B1_REFERENCE
LONG,0.00523,2026-09-28T14:04:50.109000+09:00,511_202609281400_PUMPFUN_USDT_LONG,1,0.00520385,1.0,0.005256149999999999,511_202609281400_PUMPFUN_USDT_LONG_B1_REFERENCE
SHORT,10.585,2026-09-28T14:14:55.923000+09:00,511_202609281410_AVAX_USDT_SHORT,1,10.637925,1.0,10.532075,511_202609281410_AVAX_USDT_SHORT_B1_REFERENCE
SHORT,13.771,2026-09-28T14:23:45.360000+09:00,511_202609281420_LINK_USDT_SHORT,1,13.839855,1.0,13.702145000000002,511_202609281420_LINK_USDT_SHORT_B1_REFERENCE
SHORT,155.5,2026-09-28T14:23:56.657000+09:00,511_202609281420_MSTRSTOCK_USDT_SHORT,1,156.27749999999997,1.0,154.7225,511_202609281420_MSTRSTOCK_USDT_SHORT_B1_REFERENCE
SHORT,119.11,2026-09-28T14:23:34.921000+09:00,511_202609281420_SOL_USDT_SHORT,1,119.70554999999999,1.0,118.51445,511_202609281420_SOL_USDT_SHORT_B1_REFERENCE
SHORT,0.5216,2026-09-28T14:23:42.711000+09:00,511_202609281420_WLD_USDT_SHORT,1,0.5242079999999999,1.0,0.5189919999999999,511_202609281420_WLD_USDT_SHORT_B1_REFERENCE
SHORT,82929.1,2026-09-28T14:33:58.316000+09:00,511_202609281430_BTC_USDT_SHORT,1,83343.74549999999,1.0,82514.4545,511_202609281430_BTC_USDT_SHORT_B1_REFERENCE
SHORT,0.26661,2026-09-28T14:34:14.639000+09:00,511_202609281430_ENA_USDT_SHORT,1,0.26794304999999996,1.0,0.26527695,511_202609281430_ENA_USDT_SHORT_B1_REFERENCE
SHORT,5.169,2026-09-28T14:34:08.308000+09:00,511_202609281430_NEAR_USDT_SHORT,1,5.194844999999999,1.0,5.143154999999999,511_202609281430_NEAR_USDT_SHORT_B1_REFERENCE
SHORT,0.09335,2026-09-28T14:44:22.450000+09:00,511_202609281440_DOGE_USDT_SHORT,1,0.09381674999999999,1.0,0.09288325,511_202609281440_DOGE_USDT_SHORT_B1_REFERENCE
SHORT,155.75,2026-09-28T14:44:37.753000+09:00,511_202609281440_MSTRSTOCK_USDT_SHORT,1,156.52874999999997,1.0,154.97125,511_202609281440_MSTRSTOCK_USDT_SHORT_B1_REFERENCE
SHORT,119.03,2026-09-28T14:44:13.618000+09:00,511_202609281440_SOL_USDT_SHORT,1,119.62514999999999,1.0,118.43485,511_202609281440_SOL_USDT_SHORT_B1_REFERENCE
SHORT,4186.8,2026-09-28T14:44:21.500000+09:00,511_202609281440_XAUT_USDT_SHORT,1,4207.7339999999995,1.0,4165.866,511_202609281440_XAUT_USDT_SHORT_B1_REFERENCE
SHORT,1.4812,2026-09-28T14:44:14.700000+09:00,511_202609281440_XRP_USDT_SHORT,1,1.4886059999999999,1.0,1.473794,511_202609281440_XRP_USDT_SHORT_B1_REFERENCE
SHORT,10.561,2026-09-28T14:54:38.974000+09:00,511_202609281450_AVAX_USDT_SHORT,1,10.613805,1.0,10.508195,511_202609281450_AVAX_USDT_SHORT_B1_REFERENCE
SHORT,2646.85,2026-09-28T14:54:13.442000+09:00,511_202609281450_ETH_USDT_SHORT,1,2660.0842499999994,1.0,2633.61575,511_202609281450_ETH_USDT_SHORT_B1_REFERENCE
SHORT,155.71,2026-09-28T14:54:41.377000+09:00,511_202609281450_MSTRSTOCK_USDT_SHORT,1,156.48855,1.0,154.93145,511_202609281450_MSTRSTOCK_USDT_SHORT_B1_REFERENCE
SHORT,4.165e-06,2026-09-28T14:54:26.499000+09:00,511_202609281450_PEPE_USDT_SHORT,1,4.185825e-06,1.0,4.144175e-06,511_202609281450_PEPE_USDT_SHORT_B1_REFERENCE
LONG,71.09,2026-09-28T15:04:36.163000+09:00,511_202609281500_LTC_USDT_LONG,1,70.73455,1.0,71.44545,511_202609281500_LTC_USDT_LONG_B1_REFERENCE
LONG,268.46,2026-09-28T15:04:14.498000+09:00,511_202609281500_QNT_USDT_LONG,1,267.11769999999996,1.0,269.80229999999995,511_202609281500_QNT_USDT_LONG_B1_REFERENCE
SHORT,1551.94,2026-09-28T15:04:11.863000+09:00,511_202609281500_ZEC_USDT_SHORT,1,1559.6997,1.0,1544.1803,511_202609281500_ZEC_USDT_SHORT_B1_REFERENCE
LONG,70.86,2026-09-28T15:14:44+09:00,511_202609281510_LTC_USDT_LONG,1,70.5057,1.0,71.2143,511_202609281510_LTC_USDT_LONG_B1_REFERENCE
SHORT,1305.87,2026-09-28T15:14:38.032000+09:00,511_202609281510_SKHYNIXSTOCK_USDT_SHORT,1,1312.3993499999997,1.0,1299.3406499999999,511_202609281510_SKHYNIXSTOCK_USDT_SHORT_B1_REFERENCE
SHORT,10.576,2026-09-28T15:24:32.250000+09:00,511_202609281520_AVAX_USDT_SHORT,1,10.628879999999999,1.0,10.52312,511_202609281520_AVAX_USDT_SHORT_B1_REFERENCE
SHORT,0.26389,2026-09-28T15:24:22.656000+09:00,511_202609281520_ENA_USDT_SHORT,1,0.26520944999999996,1.0,0.26257055,511_202609281520_ENA_USDT_SHORT_B1_REFERENCE
SHORT,4176.4,2026-09-28T15:24:17.200000+09:00,511_202609281520_XAUT_USDT_SHORT,1,4197.281999999999,1.0,4155.518,511_202609281520_XAUT_USDT_SHORT_B1_REFERENCE
SHORT,1.4807,2026-09-28T15:24:11.540000+09:00,511_202609281520_XRP_USDT_SHORT,1,1.4881034999999998,1.0,1.4732965,511_202609281520_XRP_USDT_SHORT_B1_REFERENCE
SHORT,88.749,2026-09-28T15:34:36.090000+09:00,511_202609281530_HYPE_USDT_SHORT,1,89.19274499999999,1.0,88.30525499999999,511_202609281530_HYPE_USDT_SHORT_B1_REFERENCE
LONG,70.9,2026-09-28T15:34:46.762000+09:00,511_202609281530_LTC_USDT_LONG,1,70.5455,1.0,71.2545,511_202609281530_LTC_USDT_LONG_B1_REFERENCE
SHORT,61.63,2026-09-28T15:34:29.825000+09:00,511_202609281530_SILVER_USDT_SHORT,1,61.93814999999999,1.0,61.321850000000005,511_202609281530_SILVER_USDT_SHORT_B1_REFERENCE
SHORT,149.07,2026-09-28T15:44:41.062000+09:00,511_202609281540_AAVE_USDT_SHORT,1,149.81534999999997,1.0,148.32465,511_202609281540_AAVE_USDT_SHORT_B1_REFERENCE
LONG,285.64,2026-09-28T15:54:20.515000+09:00,511_202609281550_QNT_USDT_LONG,1,284.2118,1.0,287.06819999999993,511_202609281550_QNT_USDT_LONG_B1_REFERENCE
SHORT,1547.74,2026-09-28T15:54:17.975000+09:00,511_202609281550_ZEC_USDT_SHORT,1,1555.4787,1.0,1540.0013,511_202609281550_ZEC_USDT_SHORT_B1_REFERENCE
SHORT,4167.19,2026-09-28T16:04:34.978000+09:00,511_202609281600_XAU_USDT_SHORT,1,4188.025949999999,1.0,4146.35405,511_202609281600_XAU_USDT_SHORT_B1_REFERENCE
SHORT,0.09281,2026-09-28T16:13:35.950000+09:00,511_202609281610_DOGE_USDT_SHORT,1,0.09327405,1.0,0.09234595000000001,511_202609281610_DOGE_USDT_SHORT_B1_REFERENCE
SHORT,0.26413,2026-09-28T16:13:41.097000+09:00,511_202609281610_ENA_USDT_SHORT,1,0.26545064999999995,1.0,0.26280935,511_202609281610_ENA_USDT_SHORT_B1_REFERENCE
SHORT,13.765,2026-09-28T16:13:41.946000+09:00,511_202609281610_LINK_USDT_SHORT,1,13.833825,1.0,13.696175,511_202609281610_LINK_USDT_SHORT_B1_REFERENCE
SHORT,155.37,2026-09-28T16:13:49.979000+09:00,511_202609281610_MSTRSTOCK_USDT_SHORT,1,156.14685,1.0,154.59315,511_202609281610_MSTRSTOCK_USDT_SHORT_B1_REFERENCE
SHORT,5.14,2026-09-28T16:13:35.096000+09:00,511_202609281610_NEAR_USDT_SHORT,1,5.165699999999999,1.0,5.1143,511_202609281610_NEAR_USDT_SHORT_B1_REFERENCE
SHORT,4.1634e-06,2026-09-28T16:13:38.524000+09:00,511_202609281610_PEPE_USDT_SHORT,1,4.1842169999999995e-06,1.0,4.142583e-06,511_202609281610_PEPE_USDT_SHORT_B1_REFERENCE
SHORT,118.56,2026-09-28T16:13:29.113000+09:00,511_202609281610_SOL_USDT_SHORT,1,119.15279999999998,1.0,117.9672,511_202609281610_SOL_USDT_SHORT_B1_REFERENCE
SHORT,4167.09,2026-09-28T16:13:32.543000+09:00,511_202609281610_XAU_USDT_SHORT,1,4187.92545,1.0,4146.254550000001,511_202609281610_XAU_USDT_SHORT_B1_REFERENCE
SHORT,1546.61,2026-09-28T16:13:28.101000+09:00,511_202609281610_ZEC_USDT_SHORT,1,1554.3430499999997,1.0,1538.8769499999999,511_202609281610_ZEC_USDT_SHORT_B1_REFERENCE
SHORT,89.096,2026-09-28T16:24:30.522000+09:00,511_202609281620_HYPE_USDT_SHORT,1,89.54147999999999,1.0,88.65052,511_202609281620_HYPE_USDT_SHORT_B1_REFERENCE
SHORT,10.382,2026-09-28T16:34:45.673000+09:00,511_202609281630_AVAX_USDT_SHORT,1,10.43391,1.0,10.33009,511_202609281630_AVAX_USDT_SHORT_B1_REFERENCE
SHORT,13.646,2026-09-28T16:34:39.331000+09:00,511_202609281630_LINK_USDT_SHORT,1,13.714229999999999,1.0,13.577770000000001,511_202609281630_LINK_USDT_SHORT_B1_REFERENCE
SHORT,70.14,2026-09-28T16:34:49.203000+09:00,511_202609281630_LTC_USDT_SHORT,1,70.49069999999999,1.0,69.7893,511_202609281630_LTC_USDT_SHORT_B1_REFERENCE
SHORT,4.1248e-06,2026-09-28T16:34:35.640000+09:00,511_202609281630_PEPE_USDT_SHORT,1,4.145423999999999e-06,1.0,4.104176e-06,511_202609281630_PEPE_USDT_SHORT_B1_REFERENCE
SHORT,0.5119,2026-09-28T16:34:33.805000+09:00,511_202609281630_WLD_USDT_SHORT,1,0.5144595,1.0,0.5093405,511_202609281630_WLD_USDT_SHORT_B1_REFERENCE
SHORT,147.37,2026-09-28T16:44:43.210000+09:00,511_202609281640_AAVE_USDT_SHORT,1,148.10684999999998,1.0,146.63315,511_202609281640_AAVE_USDT_SHORT_B1_REFERENCE
SHORT,61.08,2026-09-28T16:44:30.762000+09:00,511_202609281640_SILVER_USDT_SHORT,1,61.38539999999999,1.0,60.7746,511_202609281640_SILVER_USDT_SHORT_B1_REFERENCE
SHORT,1.1797,2026-09-28T16:44:24.514000+09:00,511_202609281640_SUI_USDT_SHORT,1,1.1855984999999998,1.0,1.1738015,511_202609281640_SUI_USDT_SHORT_B1_REFERENCE
SHORT,0.5134,2026-09-28T16:44:29.774000+09:00,511_202609281640_WLD_USDT_SHORT,1,0.515967,1.0,0.510833,511_202609281640_WLD_USDT_SHORT_B1_REFERENCE
SHORT,1.473,2026-09-28T16:44:22.635000+09:00,511_202609281640_XRP_USDT_SHORT,1,1.480365,1.0,1.465635,511_202609281640_XRP_USDT_SHORT_B1_REFERENCE
SHORT,0.5168,2026-09-28T16:54:22.178000+09:00,511_202609281650_ONDO_USDT_SHORT,1,0.519384,1.0,0.514216,511_202609281650_ONDO_USDT_SHORT_B1_REFERENCE
SHORT,0.07975,2026-09-28T16:54:26.528000+09:00,511_202609281650_SEI_USDT_SHORT,1,0.08014874999999999,1.0,0.07935125,511_202609281650_SEI_USDT_SHORT_B1_REFERENCE
SHORT,0.2437,2026-09-28T17:24:37.132000+09:00,511_202609281720_ADA_USDT_SHORT,1,0.24491849999999998,1.0,0.2424815,511_202609281720_ADA_USDT_SHORT_B1_REFERENCE
SHORT,0.004882,2026-09-28T17:24:33.917000+09:00,511_202609281720_PUMPFUN_USDT_SHORT,1,0.00490641,1.0,0.00485759,511_202609281720_PUMPFUN_USDT_SHORT_B1_REFERENCE
SHORT,4153.4,2026-09-28T17:33:49.771000+09:00,511_202609281730_XAUT_USDT_SHORT,1,4174.1669999999995,1.0,4132.633,511_202609281730_XAUT_USDT_SHORT_B1_REFERENCE
SHORT,70.05,2026-09-28T17:44:21.623000+09:00,511_202609281740_LTC_USDT_SHORT,1,70.40024999999999,1.0,69.69975,511_202609281740_LTC_USDT_SHORT_B1_REFERENCE
SHORT,154.48,2026-09-28T17:44:20.606000+09:00,511_202609281740_MSTRSTOCK_USDT_SHORT,1,155.25239999999997,1.0,153.70759999999999,511_202609281740_MSTRSTOCK_USDT_SHORT_B1_REFERENCE
SHORT,8.885,2026-09-28T17:53:10.495000+09:00,511_202609281750_UNI_USDT_SHORT,1,8.929424999999998,1.0,8.840575,511_202609281750_UNI_USDT_SHORT_B1_REFERENCE
SHORT,229.17,2026-09-28T18:04:31.623000+09:00,511_202609281800_QNT_USDT_SHORT,1,230.31584999999995,1.0,228.02415,511_202609281800_QNT_USDT_SHORT_B1_REFERENCE
SHORT,0.26052,2026-09-28T18:14:46.776000+09:00,511_202609281810_ENA_USDT_SHORT,1,0.26182259999999996,1.0,0.2592174,511_202609281810_ENA_USDT_SHORT_B1_REFERENCE
LONG,0.11162,2026-09-28T18:14:54.509000+09:00,511_202609281810_HBAR_USDT_LONG,1,0.11106189999999999,1.0,0.11217809999999999,511_202609281810_HBAR_USDT_LONG_B1_REFERENCE
SHORT,1296.21,2026-09-28T18:14:51.968000+09:00,511_202609281810_SKHYNIXSTOCK_USDT_SHORT,1,1302.69105,1.0,1289.72895,511_202609281810_SKHYNIXSTOCK_USDT_SHORT_B1_REFERENCE
SHORT,8.849,2026-09-28T18:14:55.379000+09:00,511_202609281810_UNI_USDT_SHORT,1,8.893244999999999,1.0,8.804755,511_202609281810_UNI_USDT_SHORT_B1_REFERENCE
LONG,0.114,2026-09-28T18:24:36.326000+09:00,511_202609281820_HBAR_USDT_LONG,1,0.11343,1.0,0.11456999999999999,511_202609281820_HBAR_USDT_LONG_B1_REFERENCE
SHORT,1057.19,2026-09-28T18:24:26.209000+09:00,511_202609281820_MUSTOCK_USDT_SHORT,1,1062.47595,1.0,1051.90405,511_202609281820_MUSTOCK_USDT_SHORT_B1_REFERENCE
SHORT,1543.85,2026-09-28T18:34:24.313000+09:00,511_202609281830_ZEC_USDT_SHORT,1,1551.5692499999998,1.0,1536.1307499999998,511_202609281830_ZEC_USDT_SHORT_B1_REFERENCE
SHORT,0.09226,2026-09-28T18:44:35.587000+09:00,511_202609281840_DOGE_USDT_SHORT,1,0.09272129999999998,1.0,0.0917987,511_202609281840_DOGE_USDT_SHORT_B1_REFERENCE
SHORT,13.569,2026-09-28T18:44:43.006000+09:00,511_202609281840_LINK_USDT_SHORT,1,13.636845,1.0,13.501155,511_202609281840_LINK_USDT_SHORT_B1_REFERENCE
SHORT,117.71,2026-09-28T18:44:29.041000+09:00,511_202609281840_SOL_USDT_SHORT,1,118.29854999999998,1.0,117.12145,511_202609281840_SOL_USDT_SHORT_B1_REFERENCE
SHORT,0.25833,2026-09-28T18:54:38.016000+09:00,511_202609281850_ENA_USDT_SHORT,1,0.25962165,1.0,0.25703835,511_202609281850_ENA_USDT_SHORT_B1_REFERENCE
SHORT,0.004784,2026-09-28T19:04:51.057000+09:00,511_202609281900_PUMPFUN_USDT_SHORT,1,0.004807919999999999,1.0,0.00476008,511_202609281900_PUMPFUN_USDT_SHORT_B1_REFERENCE
SHORT,0.25941,2026-09-28T19:23:46.569000+09:00,511_202609281920_ENA_USDT_SHORT,1,0.26070704999999994,1.0,0.25811294999999995,511_202609281920_ENA_USDT_SHORT_B1_REFERENCE
LONG,2664.73,2026-09-28T20:24:20.322000+09:00,511_202609282020_ETH_USDT_LONG,1,2651.40635,1.0,2678.05365,511_202609282020_ETH_USDT_LONG_B1_REFERENCE
LONG,90.111,2026-09-28T20:24:40.609000+09:00,511_202609282020_HYPE_USDT_LONG,1,89.66044500000001,1.0,90.561555,511_202609282020_HYPE_USDT_LONG_B1_REFERENCE
LONG,1.4889,2026-09-28T20:24:22.759000+09:00,511_202609282020_XRP_USDT_LONG,1,1.4814554999999998,1.0,1.4963444999999997,511_202609282020_XRP_USDT_LONG_B1_REFERENCE
LONG,1565.38,2026-09-28T20:24:21.412000+09:00,511_202609282020_ZEC_USDT_LONG,1,1557.5531,1.0,1573.2069,511_202609282020_ZEC_USDT_LONG_B1_REFERENCE
LONG,14.083,2026-09-28T20:44:34.133000+09:00,511_202609282040_LINK_USDT_LONG,1,14.012585,1.0,14.153414999999999,511_202609282040_LINK_USDT_LONG_B1_REFERENCE
LONG,4.2133e-06,2026-09-28T20:54:46.284000+09:00,511_202609282050_PEPE_USDT_LONG,1,4.1922335e-06,1.0,4.2343665e-06,511_202609282050_PEPE_USDT_LONG_B1_REFERENCE
LONG,14.356,2026-09-28T21:14:42.414000+09:00,511_202609282110_LINK_USDT_LONG,1,14.28422,1.0,14.427779999999998,511_202609282110_LINK_USDT_LONG_B1_REFERENCE
LONG,144.98,2026-09-28T21:14:52.052000+09:00,511_202609282110_SOXL_USDT_LONG,1,144.2551,1.0,145.70489999999998,511_202609282110_SOXL_USDT_LONG_B1_REFERENCE
LONG,1.5067,2026-09-28T21:14:26.113000+09:00,511_202609282110_XRP_USDT_LONG,1,1.4991664999999998,1.0,1.5142334999999998,511_202609282110_XRP_USDT_LONG_B1_REFERENCE
LONG,1590.37,2026-09-28T21:14:25.058000+09:00,511_202609282110_ZEC_USDT_LONG,1,1582.41815,1.0,1598.3218499999998,511_202609282110_ZEC_USDT_LONG_B1_REFERENCE
LONG,10.621,2026-09-28T21:24:45.681000+09:00,511_202609282120_AVAX_USDT_LONG,1,10.567895,1.0,10.674104999999999,511_202609282120_AVAX_USDT_LONG_B1_REFERENCE
LONG,0.09426,2026-09-28T21:24:30.783000+09:00,511_202609282120_DOGE_USDT_LONG,1,0.0937887,1.0,0.09473129999999999,511_202609282120_DOGE_USDT_LONG_B1_REFERENCE
LONG,14.86,2026-09-28T21:24:37.227000+09:00,511_202609282120_LINK_USDT_LONG,1,14.785699999999999,1.0,14.934299999999999,511_202609282120_LINK_USDT_LONG_B1_REFERENCE
LONG,0.08165,2026-09-28T21:24:39.354000+09:00,511_202609282120_SEI_USDT_LONG,1,0.08124175,1.0,0.08205824999999999,511_202609282120_SEI_USDT_LONG_B1_REFERENCE
LONG,145.52,2026-09-28T21:24:46.764000+09:00,511_202609282120_SOXL_USDT_LONG,1,144.79240000000001,1.0,146.2476,511_202609282120_SOXL_USDT_LONG_B1_REFERENCE
LONG,0.252,2026-09-28T21:34:51.042000+09:00,511_202609282130_ADA_USDT_LONG,1,0.25074,1.0,0.25326,511_202609282130_ADA_USDT_LONG_B1_REFERENCE
LONG,5.172,2026-09-28T21:34:34.847000+09:00,511_202609282130_NEAR_USDT_LONG,1,5.14614,1.0,5.1978599999999995,511_202609282130_NEAR_USDT_LONG_B1_REFERENCE
LONG,4.2663e-06,2026-09-28T21:34:40.861000+09:00,511_202609282130_PEPE_USDT_LONG,1,4.2449685000000005e-06,1.0,4.2876315e-06,511_202609282130_PEPE_USDT_LONG_B1_REFERENCE
LONG,0.005179,2026-09-28T21:34:46.425000+09:00,511_202609282130_PUMPFUN_USDT_LONG,1,0.005153105,1.0,0.005204894999999999,511_202609282130_PUMPFUN_USDT_LONG_B1_REFERENCE
LONG,1586.63,2026-09-28T21:34:26.880000+09:00,511_202609282130_ZEC_USDT_LONG,1,1578.69685,1.0,1594.56315,511_202609282130_ZEC_USDT_LONG_B1_REFERENCE
LONG,0.26785,2026-09-28T21:44:33.314000+09:00,511_202609282140_ENA_USDT_LONG,1,0.26651074999999996,1.0,0.26918924999999994,511_202609282140_ENA_USDT_LONG_B1_REFERENCE
SHORT,61.28,2026-09-28T21:44:25.699000+09:00,511_202609282140_SILVER_USDT_SHORT,1,61.5864,1.0,60.9736,511_202609282140_SILVER_USDT_SHORT_B1_REFERENCE
LONG,119.41,2026-09-28T21:44:19.132000+09:00,511_202609282140_SOL_USDT_LONG,1,118.81295,1.0,120.00704999999998,511_202609282140_SOL_USDT_LONG_B1_REFERENCE
LONG,1.5111,2026-09-28T21:44:18.222000+09:00,511_202609282140_XRP_USDT_LONG,1,1.5035445,1.0,1.5186555,511_202609282140_XRP_USDT_LONG_B1_REFERENCE
LONG,10.579,2026-09-28T21:54:39.906000+09:00,511_202609282150_AVAX_USDT_LONG,1,10.526105000000001,1.0,10.631895,511_202609282150_AVAX_USDT_LONG_B1_REFERENCE
LONG,0.09447,2026-09-28T21:54:23.845000+09:00,511_202609282150_DOGE_USDT_LONG,1,0.09399765,1.0,0.09494235,511_202609282150_DOGE_USDT_LONG_B1_REFERENCE
LONG,1072.91,2026-09-28T21:54:25.215000+09:00,511_202609282150_MUSTOCK_USDT_LONG,1,1067.54545,1.0,1078.2745499999999,511_202609282150_MUSTOCK_USDT_LONG_B1_REFERENCE
LONG,0.005339,2026-09-28T21:54:33.213000+09:00,511_202609282150_PUMPFUN_USDT_LONG,1,0.005312305,1.0,0.005365694999999999,511_202609282150_PUMPFUN_USDT_LONG_B1_REFERENCE
LONG,0.08059,2026-09-28T21:54:34.417000+09:00,511_202609282150_SEI_USDT_LONG,1,0.08018705,1.0,0.08099294999999998,511_202609282150_SEI_USDT_LONG_B1_REFERENCE
LONG,1738.72,2026-09-28T21:54:42.029000+09:00,511_202609282150_SNDKSTOCK_USDT_LONG,1,1730.0264,1.0,1747.4135999999999,511_202609282150_SNDKSTOCK_USDT_LONG_B1_REFERENCE
LONG,1.5172,2026-09-28T22:04:41.548000+09:00,511_202609282200_XRP_USDT_LONG,1,1.509614,1.0,1.524786,511_202609282200_XRP_USDT_LONG_B1_REFERENCE
SHORT,94.51,2026-09-28T22:05:03.604000+09:00,511_202609282205_USOIL_USDT_SHORT,1,94.98254999999999,1.0,94.03745,511_202609282205_USOIL_USDT_SHORT_B1_REFERENCE
LONG,5.2,2026-09-28T22:14:23.425000+09:00,511_202609282210_NEAR_USDT_LONG,1,5.174,1.0,5.226,511_202609282210_NEAR_USDT_LONG_B1_REFERENCE
LONG,146.73,2026-09-28T22:14:37.681000+09:00,511_202609282210_SOXL_USDT_LONG,1,145.99634999999998,1.0,147.46364999999997,511_202609282210_SOXL_USDT_LONG_B1_REFERENCE
LONG,83716.3,2026-09-28T22:44:17.693000+09:00,511_202609282240_BTC_USDT_LONG,1,83297.7185,1.0,84134.88149999999,511_202609282240_BTC_USDT_LONG_B1_REFERENCE
LONG,310.06,2026-09-28T22:44:28.274000+09:00,511_202609282240_TAO_USDT_LONG,1,308.5097,1.0,311.6103,511_202609282240_TAO_USDT_LONG_B1_REFERENCE
SHORT,0.20673,2026-09-28T23:05:07.366000+09:00,511_202609282305_ARB_USDT_SHORT,1,0.20776364999999997,1.0,0.20569635,511_202609282305_ARB_USDT_SHORT_B1_REFERENCE
SHORT,88.803,2026-09-28T23:05:04.768000+09:00,511_202609282305_HYPE_USDT_SHORT,1,89.24701499999999,1.0,88.35898499999999,511_202609282305_HYPE_USDT_SHORT_B1_REFERENCE
SHORT,0.07825,2026-09-28T23:05:03.831000+09:00,511_202609282305_SEI_USDT_SHORT,1,0.07864125,1.0,0.07785875,511_202609282305_SEI_USDT_SHORT_B1_REFERENCE
SHORT,1297.39,2026-09-28T23:05:06.490000+09:00,511_202609282305_SKHYNIXSTOCK_USDT_SHORT,1,1303.8769499999999,1.0,1290.9030500000001,511_202609282305_SKHYNIXSTOCK_USDT_SHORT_B1_REFERENCE
SHORT,0.5208,2026-09-28T23:14:30.739000+09:00,511_202609282310_ONDO_USDT_SHORT,1,0.523404,1.0,0.518196,511_202609282310_ONDO_USDT_SHORT_B1_REFERENCE
LONG,83531.1,2026-09-28T23:23:28.808000+09:00,511_202609282320_BTC_USDT_LONG,1,83113.44450000001,1.0,83948.7555,511_202609282320_BTC_USDT_LONG_B1_REFERENCE
LONG,2686.63,2026-09-28T23:23:29.834000+09:00,511_202609282320_ETH_USDT_LONG,1,2673.1968500000003,1.0,2700.06315,511_202609282320_ETH_USDT_LONG_B1_REFERENCE
LONG,5.177,2026-09-28T23:23:40.077000+09:00,511_202609282320_NEAR_USDT_LONG,1,5.151115,1.0,5.202884999999999,511_202609282320_NEAR_USDT_LONG_B1_REFERENCE
SHORT,0.20405,2026-09-28T23:34:49.109000+09:00,511_202609282330_ARB_USDT_SHORT,1,0.20507024999999998,1.0,0.20302975,511_202609282330_ARB_USDT_SHORT_B1_REFERENCE
SHORT,10.326,2026-09-28T23:34:50.849000+09:00,511_202609282330_AVAX_USDT_SHORT,1,10.37763,1.0,10.274370000000001,511_202609282330_AVAX_USDT_SHORT_B1_REFERENCE
SHORT,0.07772,2026-09-28T23:34:43.352000+09:00,511_202609282330_SEI_USDT_SHORT,1,0.07810859999999999,1.0,0.0773314,511_202609282330_SEI_USDT_SHORT_B1_REFERENCE
SHORT,1.1689,2026-09-28T23:34:32.404000+09:00,511_202609282330_SUI_USDT_SHORT,1,1.1747444999999999,1.0,1.1630555,511_202609282330_SUI_USDT_SHORT_B1_REFERENCE
SHORT,87.152,2026-09-28T23:44:23.078000+09:00,511_202609282340_HYPE_USDT_SHORT,1,87.58775999999999,1.0,86.71624,511_202609282340_HYPE_USDT_SHORT_B1_REFERENCE
SHORT,1036.74,2026-09-28T23:54:52.713000+09:00,511_202609282350_MUSTOCK_USDT_SHORT,1,1041.9236999999998,1.0,1031.5563,511_202609282350_MUSTOCK_USDT_SHORT_B1_REFERENCE
SHORT,0.514,2026-09-28T23:54:56.855000+09:00,511_202609282350_ONDO_USDT_SHORT,1,0.51657,1.0,0.51143,511_202609282350_ONDO_USDT_SHORT_B1_REFERENCE
SHORT,1.158,2026-09-28T23:54:48.296000+09:00,511_202609282350_SUI_USDT_SHORT,1,1.1637899999999999,1.0,1.15221,511_202609282350_SUI_USDT_SHORT_B1_REFERENCE
SHORT,4121.4,2026-09-28T23:54:46.970000+09:00,511_202609282350_XAUT_USDT_SHORT,1,4142.007,1.0,4100.793,511_202609282350_XAUT_USDT_SHORT_B1_REFERENCE
SHORT,4122.44,2026-09-28T23:54:44.908000+09:00,511_202609282350_XAU_USDT_SHORT,1,4143.052199999999,1.0,4101.8278,511_202609282350_XAU_USDT_SHORT_B1_REFERENCE
SHORT,0.2414,2026-09-28T23:55:08.405000+09:00,511_202609282355_ADA_USDT_SHORT,1,0.242607,1.0,0.240193,511_202609282355_ADA_USDT_SHORT_B1_REFERENCE
SHORT,10.247,2026-09-28T23:55:09.462000+09:00,511_202609282355_AVAX_USDT_SHORT,1,10.298234999999998,1.0,10.195765,511_202609282355_AVAX_USDT_SHORT_B1_REFERENCE
SHORT,0.20175,2026-09-29T00:03:41.939000+09:00,511_202609290000_ARB_USDT_SHORT,1,0.20275875,1.0,0.20074125,511_202609290000_ARB_USDT_SHORT_B1_REFERENCE
SHORT,0.25851,2026-09-29T00:13:09.108000+09:00,511_202609290010_ENA_USDT_SHORT,1,0.25980254999999997,1.0,0.25721745,511_202609290010_ENA_USDT_SHORT_B1_REFERENCE
SHORT,0.25903,2026-09-29T00:24:36.067000+09:00,511_202609290020_ENA_USDT_SHORT,1,0.26032514999999995,1.0,0.25773484999999996,511_202609290020_ENA_USDT_SHORT_B1_REFERENCE
SHORT,4.1488e-06,2026-09-29T00:24:35.064000+09:00,511_202609290020_PEPE_USDT_SHORT,1,4.169543999999999e-06,1.0,4.128056e-06,511_202609290020_PEPE_USDT_SHORT_B1_REFERENCE
SHORT,117.88,2026-09-29T00:24:21.730000+09:00,511_202609290020_SOL_USDT_SHORT,1,118.46939999999998,1.0,117.2906,511_202609290020_SOL_USDT_SHORT_B1_REFERENCE
SHORT,1529.21,2026-09-29T00:24:19.914000+09:00,511_202609290020_ZEC_USDT_SHORT,1,1536.8560499999999,1.0,1521.56395,511_202609290020_ZEC_USDT_SHORT_B1_REFERENCE
LONG,0.005086,2026-09-29T00:35:03.221000+09:00,511_202609290035_PUMPFUN_USDT_LONG,1,0.00506057,1.0,0.005111429999999999,511_202609290035_PUMPFUN_USDT_LONG_B1_REFERENCE
SHORT,0.25886,2026-09-29T00:43:47.580000+09:00,511_202609290040_ENA_USDT_SHORT,1,0.26015429999999995,1.0,0.25756569999999995,511_202609290040_ENA_USDT_SHORT_B1_REFERENCE
LONG,0.123,2026-09-29T00:43:41.102000+09:00,511_202609290040_HBAR_USDT_LONG,1,0.122385,1.0,0.12361499999999999,511_202609290040_HBAR_USDT_LONG_B1_REFERENCE
SHORT,87.885,2026-09-29T00:43:46.493000+09:00,511_202609290040_HYPE_USDT_SHORT,1,88.32442499999999,1.0,87.445575,511_202609290040_HYPE_USDT_SHORT_B1_REFERENCE
SHORT,1686.78,2026-09-29T00:43:50.745000+09:00,511_202609290040_SNDKSTOCK_USDT_SHORT,1,1695.2138999999997,1.0,1678.3461,511_202609290040_SNDKSTOCK_USDT_SHORT_B1_REFERENCE
SHORT,4.1846e-06,2026-09-29T00:54:38.765000+09:00,511_202609290050_PEPE_USDT_SHORT,1,4.205522999999999e-06,1.0,4.163677e-06,511_202609290050_PEPE_USDT_SHORT_B1_REFERENCE
SHORT,118.43,2026-09-29T01:04:54.912000+09:00,511_202609290100_SOL_USDT_SHORT,1,119.02215,1.0,117.83785,511_202609290100_SOL_USDT_SHORT_B1_REFERENCE
SHORT,61.03,2026-09-29T01:13:53.378000+09:00,511_202609290110_SILVER_USDT_SHORT,1,61.33514999999999,1.0,60.72485,511_202609290110_SILVER_USDT_SHORT_B1_REFERENCE
SHORT,4122.0,2026-09-29T01:13:50.764000+09:00,511_202609290110_XAUT_USDT_SHORT,1,4142.61,1.0,4101.39,511_202609290110_XAUT_USDT_SHORT_B1_REFERENCE
SHORT,4123.41,2026-09-29T01:13:49.967000+09:00,511_202609290110_XAU_USDT_SHORT,1,4144.02705,1.0,4102.79295,511_202609290110_XAU_USDT_SHORT_B1_REFERENCE
LONG,83834.0,2026-09-29T01:24:22.344000+09:00,511_202609290120_BTC_USDT_LONG,1,83414.83,1.0,84253.17,511_202609290120_BTC_USDT_LONG_B1_REFERENCE
LONG,14.884,2026-09-29T01:24:35.088000+09:00,511_202609290120_LINK_USDT_LONG,1,14.80958,1.0,14.958419999999998,511_202609290120_LINK_USDT_LONG_B1_REFERENCE
LONG,83930.6,2026-09-29T01:33:06.419000+09:00,511_202609290130_BTC_USDT_LONG,1,83510.947,1.0,84350.253,511_202609290130_BTC_USDT_LONG_B1_REFERENCE
LONG,15.077,2026-09-29T01:33:23.664000+09:00,511_202609290130_LINK_USDT_LONG,1,15.001615,1.0,15.152384999999999,511_202609290130_LINK_USDT_LONG_B1_REFERENCE
LONG,0.005388,2026-09-29T01:33:29.281000+09:00,511_202609290130_PUMPFUN_USDT_LONG,1,0.005361060000000001,1.0,0.00541494,511_202609290130_PUMPFUN_USDT_LONG_B1_REFERENCE
SHORT,92.89,2026-09-29T01:33:36.132000+09:00,511_202609290130_USOIL_USDT_SHORT,1,93.35444999999999,1.0,92.42555,511_202609290130_USOIL_USDT_SHORT_B1_REFERENCE
LONG,1.5108,2026-09-29T01:33:09.834000+09:00,511_202609290130_XRP_USDT_LONG,1,1.5032459999999999,1.0,1.5183539999999998,511_202609290130_XRP_USDT_LONG_B1_REFERENCE
LONG,0.09423,2026-09-29T01:44:34.487000+09:00,511_202609290140_DOGE_USDT_LONG,1,0.09375884999999999,1.0,0.09470114999999998,511_202609290140_DOGE_USDT_LONG_B1_REFERENCE
SHORT,4.932,2026-09-29T01:44:32.189000+09:00,511_202609290140_NEAR_USDT_SHORT,1,4.95666,1.0,4.9073400000000005,511_202609290140_NEAR_USDT_SHORT_B1_REFERENCE
LONG,0.12788,2026-09-29T01:53:41.379000+09:00,511_202609290150_HBAR_USDT_LONG,1,0.12724059999999998,1.0,0.12851939999999998,511_202609290150_HBAR_USDT_LONG_B1_REFERENCE
LONG,0.2484,2026-09-29T02:24:45.166000+09:00,511_202609290220_ADA_USDT_LONG,1,0.24715800000000002,1.0,0.24964199999999998,511_202609290220_ADA_USDT_LONG_B1_REFERENCE
LONG,83974.4,2026-09-29T02:24:19.389000+09:00,511_202609290220_BTC_USDT_LONG,1,83554.52799999999,1.0,84394.27199999998,511_202609290220_BTC_USDT_LONG_B1_REFERENCE
LONG,4.2397e-06,2026-09-29T02:24:33.527000+09:00,511_202609290220_PEPE_USDT_LONG,1,4.2185015e-06,1.0,4.2608985e-06,511_202609290220_PEPE_USDT_LONG_B1_REFERENCE
LONG,246.7,2026-09-29T02:33:07.116000+09:00,511_202609290230_QNT_USDT_LONG,1,245.4665,1.0,247.93349999999995,511_202609290230_QNT_USDT_LONG_B1_REFERENCE
LONG,83981.8,2026-09-29T02:44:43.078000+09:00,511_202609290240_BTC_USDT_LONG,1,83561.891,1.0,84401.70899999999,511_202609290240_BTC_USDT_LONG_B1_REFERENCE
LONG,0.09474,2026-09-29T02:44:56.512000+09:00,511_202609290240_DOGE_USDT_LONG,1,0.09426630000000001,1.0,0.0952137,511_202609290240_DOGE_USDT_LONG_B1_REFERENCE
LONG,4.242e-06,2026-09-29T02:44:59.489000+09:00,511_202609290240_PEPE_USDT_LONG,1,4.2207900000000005e-06,1.0,4.26321e-06,511_202609290240_PEPE_USDT_LONG_B1_REFERENCE
LONG,0.005291,2026-09-29T02:45:06.398000+09:00,511_202609290245_PUMPFUN_USDT_LONG,1,0.005264545,1.0,0.005317454999999999,511_202609290245_PUMPFUN_USDT_LONG_B1_REFERENCE
LONG,0.07927,2026-09-29T02:45:08.454000+09:00,511_202609290245_SEI_USDT_LONG,1,0.07887364999999999,1.0,0.07966634999999998,511_202609290245_SEI_USDT_LONG_B1_REFERENCE
LONG,0.129,2026-09-29T02:54:29.013000+09:00,511_202609290250_HBAR_USDT_LONG,1,0.128355,1.0,0.12964499999999998,511_202609290250_HBAR_USDT_LONG_B1_REFERENCE
SHORT,97.7,2026-09-29T02:54:45.134000+09:00,511_202609290250_UKOIL_USDT_SHORT,1,98.18849999999999,1.0,97.2115,511_202609290250_UKOIL_USDT_SHORT_B1_REFERENCE
SHORT,92.47,2026-09-29T02:54:41.130000+09:00,511_202609290250_USOIL_USDT_SHORT,1,92.93234999999999,1.0,92.00765,511_202609290250_USOIL_USDT_SHORT_B1_REFERENCE
LONG,305.86,2026-09-29T03:04:55.024000+09:00,511_202609290300_TAO_USDT_LONG,1,304.33070000000004,1.0,307.3893,511_202609290300_TAO_USDT_LONG_B1_REFERENCE
LONG,1.5097,2026-09-29T03:04:48.003000+09:00,511_202609290300_XRP_USDT_LONG,1,1.5021515,1.0,1.5172484999999998,511_202609290300_XRP_USDT_LONG_B1_REFERENCE
SHORT,1524.36,2026-09-29T03:04:46.805000+09:00,511_202609290300_ZEC_USDT_SHORT,1,1531.9817999999998,1.0,1516.7382,511_202609290300_ZEC_USDT_SHORT_B1_REFERENCE
LONG,0.25,2026-09-29T03:05:13.627000+09:00,511_202609290305_ADA_USDT_LONG,1,0.24875,1.0,0.25125,511_202609290305_ADA_USDT_LONG_B1_REFERENCE
LONG,88.91,2026-09-29T03:05:05.114000+09:00,511_202609290305_HYPE_USDT_LONG,1,88.46544999999999,1.0,89.35454999999999,511_202609290305_HYPE_USDT_LONG_B1_REFERENCE
LONG,1717.63,2026-09-29T03:05:06.086000+09:00,511_202609290305_SNDKSTOCK_USDT_LONG,1,1709.04185,1.0,1726.21815,511_202609290305_SNDKSTOCK_USDT_LONG_B1_REFERENCE
LONG,142.27,2026-09-29T03:05:04.174000+09:00,511_202609290305_SOXL_USDT_LONG,1,141.55865,1.0,142.98135,511_202609290305_SOXL_USDT_LONG_B1_REFERENCE
LONG,2697.36,2026-09-29T03:14:22.798000+09:00,511_202609290310_ETH_USDT_LONG,1,2683.8732,1.0,2710.8468,511_202609290310_ETH_USDT_LONG_B1_REFERENCE
LONG,119.8,2026-09-29T03:14:26.393000+09:00,511_202609290310_SOL_USDT_LONG,1,119.201,1.0,120.39899999999999,511_202609290310_SOL_USDT_LONG_B1_REFERENCE
LONG,1056.5,2026-09-29T03:53:45.877000+09:00,511_202609290350_MUSTOCK_USDT_LONG,1,1051.2175,1.0,1061.7824999999998,511_202609290350_MUSTOCK_USDT_LONG_B1_REFERENCE
SHORT,88.156,2026-09-29T04:05:38.039000+09:00,511_202609290405_HYPE_USDT_SHORT,1,88.59678,1.0,87.71522,511_202609290405_HYPE_USDT_SHORT_B1_REFERENCE
LONG,142.68,2026-09-29T04:05:35.899000+09:00,511_202609290405_SOXL_USDT_LONG,1,141.9666,1.0,143.39339999999999,511_202609290405_SOXL_USDT_LONG_B1_REFERENCE
SHORT,1494.94,2026-09-29T04:05:17.801000+09:00,511_202609290405_ZEC_USDT_SHORT,1,1502.4146999999998,1.0,1487.4653,511_202609290405_ZEC_USDT_SHORT_B1_REFERENCE
SHORT,4.799,2026-09-29T04:24:42.596000+09:00,511_202609290420_NEAR_USDT_SHORT,1,4.822995,1.0,4.775005,511_202609290420_NEAR_USDT_SHORT_B1_REFERENCE
SHORT,0.514,2026-09-29T04:24:47.410000+09:00,511_202609290420_ONDO_USDT_SHORT,1,0.51657,1.0,0.51143,511_202609290420_ONDO_USDT_SHORT_B1_REFERENCE
SHORT,61.15,2026-09-29T04:24:38.718000+09:00,511_202609290420_SILVER_USDT_SHORT,1,61.455749999999995,1.0,60.844249999999995,511_202609290420_SILVER_USDT_SHORT_B1_REFERENCE
LONG,142.37,2026-09-29T04:24:49.263000+09:00,511_202609290420_SOXL_USDT_LONG,1,141.65815,1.0,143.08185,511_202609290420_SOXL_USDT_LONG_B1_REFERENCE
SHORT,0.4914,2026-09-29T04:24:48.368000+09:00,511_202609290420_WLD_USDT_SHORT,1,0.49385699999999993,1.0,0.488943,511_202609290420_WLD_USDT_SHORT_B1_REFERENCE
SHORT,1290.1,2026-09-29T04:37:45.400000+09:00,511_202609290435_SKHYNIXSTOCK_USDT_SHORT,1,1296.5504999999998,1.0,1283.6495,511_202609290435_SKHYNIXSTOCK_USDT_SHORT_B1_REFERENCE
SHORT,4138.13,2026-09-29T04:37:28.199000+09:00,511_202609290435_XAU_USDT_SHORT,1,4158.82065,1.0,4117.43935,511_202609290435_XAU_USDT_SHORT_B1_REFERENCE
SHORT,87.632,2026-09-29T04:44:50.315000+09:00,511_202609290440_HYPE_USDT_SHORT,1,88.07016,1.0,87.19384000000001,511_202609290440_HYPE_USDT_SHORT_B1_REFERENCE
SHORT,61.07,2026-09-29T04:44:37.049000+09:00,511_202609290440_SILVER_USDT_SHORT,1,61.37534999999999,1.0,60.76465,511_202609290440_SILVER_USDT_SHORT_B1_REFERENCE
SHORT,1.1455,2026-09-29T04:44:38.238000+09:00,511_202609290440_SUI_USDT_SHORT,1,1.1512274999999998,1.0,1.1397724999999999,511_202609290440_SUI_USDT_SHORT_B1_REFERENCE
SHORT,0.484,2026-09-29T04:44:47.494000+09:00,511_202609290440_WLD_USDT_SHORT,1,0.4864199999999999,1.0,0.48158,511_202609290440_WLD_USDT_SHORT_B1_REFERENCE
SHORT,1460.62,2026-09-29T04:44:30.851000+09:00,511_202609290440_ZEC_USDT_SHORT,1,1467.9230999999997,1.0,1453.3168999999998,511_202609290440_ZEC_USDT_SHORT_B1_REFERENCE
SHORT,4.733,2026-09-29T04:54:17.635000+09:00,511_202609290450_NEAR_USDT_SHORT,1,4.756664999999999,1.0,4.709334999999999,511_202609290450_NEAR_USDT_SHORT_B1_REFERENCE
SHORT,0.005104,2026-09-29T04:54:30.520000+09:00,511_202609290450_PUMPFUN_USDT_SHORT,1,0.005129519999999999,1.0,0.00507848,511_202609290450_PUMPFUN_USDT_SHORT_B1_REFERENCE
SHORT,60.95,2026-09-29T04:54:12.414000+09:00,511_202609290450_SILVER_USDT_SHORT,1,61.254749999999994,1.0,60.645250000000004,511_202609290450_SILVER_USDT_SHORT_B1_REFERENCE
SHORT,0.4825,2026-09-29T04:54:24.547000+09:00,511_202609290450_WLD_USDT_SHORT,1,0.4849124999999999,1.0,0.4800875,511_202609290450_WLD_USDT_SHORT_B1_REFERENCE
SHORT,1.4904,2026-09-29T04:54:05.857000+09:00,511_202609290450_XRP_USDT_SHORT,1,1.4978519999999997,1.0,1.482948,511_202609290450_XRP_USDT_SHORT_B1_REFERENCE
SHORT,87.64,2026-09-29T05:05:43.100000+09:00,511_202609290505_HYPE_USDT_SHORT,1,88.0782,1.0,87.2018,511_202609290505_HYPE_USDT_SHORT_B1_REFERENCE
SHORT,1.4875,2026-09-29T05:05:27.209000+09:00,511_202609290505_XRP_USDT_SHORT,1,1.4949374999999998,1.0,1.4800625,511_202609290505_XRP_USDT_SHORT_B1_REFERENCE
SHORT,0.26067,2026-09-29T05:14:57.687000+09:00,511_202609290510_ENA_USDT_SHORT,1,0.26197335,1.0,0.25936665000000003,511_202609290510_ENA_USDT_SHORT_B1_REFERENCE
LONG,15.182,2026-09-29T05:14:44.663000+09:00,511_202609290510_LINK_USDT_LONG,1,15.10609,1.0,15.257909999999999,511_202609290510_LINK_USDT_LONG_B1_REFERENCE
SHORT,2679.17,2026-09-29T05:24:33.090000+09:00,511_202609290520_ETH_USDT_SHORT,1,2692.56585,1.0,2665.77415,511_202609290520_ETH_USDT_SHORT_B1_REFERENCE
SHORT,4.776,2026-09-29T05:24:43.862000+09:00,511_202609290520_NEAR_USDT_SHORT,1,4.799879999999999,1.0,4.75212,511_202609290520_NEAR_USDT_SHORT_B1_REFERENCE
SHORT,0.00517,2026-09-29T05:24:53.078000+09:00,511_202609290520_PUMPFUN_USDT_SHORT,1,0.005195849999999999,1.0,0.00514415,511_202609290520_PUMPFUN_USDT_SHORT_B1_REFERENCE
SHORT,118.72,2026-09-29T05:24:35.958000+09:00,511_202609290520_SOL_USDT_SHORT,1,119.31359999999998,1.0,118.1264,511_202609290520_SOL_USDT_SHORT_B1_REFERENCE
LONG,306.12,2026-09-29T05:24:42.071000+09:00,511_202609290520_TAO_USDT_LONG,1,304.5894,1.0,307.6506,511_202609290520_TAO_USDT_LONG_B1_REFERENCE
SHORT,0.2022,2026-09-29T05:43:17.216000+09:00,511_202609290540_ARB_USDT_SHORT,1,0.20321099999999997,1.0,0.20118899999999998,511_202609290540_ARB_USDT_SHORT_B1_REFERENCE
SHORT,0.09393,2026-09-29T05:43:04.925000+09:00,511_202609290540_DOGE_USDT_SHORT,1,0.09439964999999999,1.0,0.09346035,511_202609290540_DOGE_USDT_SHORT_B1_REFERENCE
SHORT,87.885,2026-09-29T05:43:11.064000+09:00,511_202609290540_HYPE_USDT_SHORT,1,88.32442499999999,1.0,87.445575,511_202609290540_HYPE_USDT_SHORT_B1_REFERENCE
SHORT,4.1831e-06,2026-09-29T05:43:06.653000+09:00,511_202609290540_PEPE_USDT_SHORT,1,4.204015499999999e-06,1.0,4.1621845e-06,511_202609290540_PEPE_USDT_SHORT_B1_REFERENCE
LONG,248.18,2026-09-29T05:42:58.717000+09:00,511_202609290540_QNT_USDT_LONG,1,246.9391,1.0,249.4209,511_202609290540_QNT_USDT_LONG_B1_REFERENCE
SHORT,1.1575,2026-09-29T05:43:00.481000+09:00,511_202609290540_SUI_USDT_SHORT,1,1.1632874999999998,1.0,1.1517125,511_202609290540_SUI_USDT_SHORT_B1_REFERENCE
SHORT,4123.7,2026-09-29T05:42:57.816000+09:00,511_202609290540_XAUT_USDT_SHORT,1,4144.318499999999,1.0,4103.0815,511_202609290540_XAUT_USDT_SHORT_B1_REFERENCE
SHORT,0.005135,2026-09-29T06:05:07.502000+09:00,511_202609290605_PUMPFUN_USDT_SHORT,1,0.005160674999999999,1.0,0.005109325,511_202609290605_PUMPFUN_USDT_SHORT_B1_REFERENCE
SHORT,0.12176,2026-09-29T06:14:45.632000+09:00,511_202609290610_HBAR_USDT_SHORT,1,0.12236879999999999,1.0,0.12115119999999999,511_202609290610_HBAR_USDT_SHORT_B1_REFERENCE
LONG,1715.82,2026-09-29T06:14:54.116000+09:00,511_202609290610_SNDKSTOCK_USDT_LONG,1,1707.2409,1.0,1724.3990999999999,511_202609290610_SNDKSTOCK_USDT_LONG_B1_REFERENCE
SHORT,0.25874,2026-09-29T06:15:01.077000+09:00,511_202609290615_ENA_USDT_SHORT,1,0.2600337,1.0,0.2574463,511_202609290615_ENA_USDT_SHORT_B1_REFERENCE
SHORT,83428.8,2026-09-29T06:24:22.520000+09:00,511_202609290620_BTC_USDT_SHORT,1,83845.94399999999,1.0,83011.656,511_202609290620_BTC_USDT_SHORT_B1_REFERENCE
LONG,142.34,2026-09-29T06:24:40.818000+09:00,511_202609290620_SOXL_USDT_LONG,1,141.6283,1.0,143.05169999999998,511_202609290620_SOXL_USDT_LONG_B1_REFERENCE
SHORT,0.4851,2026-09-29T06:24:38.900000+09:00,511_202609290620_WLD_USDT_SHORT,1,0.48752549999999995,1.0,0.48267449999999995,511_202609290620_WLD_USDT_SHORT_B1_REFERENCE
SHORT,1.4901,2026-09-29T06:24:25.796000+09:00,511_202609290620_XRP_USDT_SHORT,1,1.4975504999999998,1.0,1.4826495,511_202609290620_XRP_USDT_SHORT_B1_REFERENCE
SHORT,118.24,2026-09-29T06:34:52.162000+09:00,511_202609290630_SOL_USDT_SHORT,1,118.83119999999998,1.0,117.6488,511_202609290630_SOL_USDT_SHORT_B1_REFERENCE
SHORT,4125.2,2026-09-29T06:34:54.081000+09:00,511_202609290630_XAUT_USDT_SHORT,1,4145.825999999999,1.0,4104.574,511_202609290630_XAUT_USDT_SHORT_B1_REFERENCE
SHORT,0.005027,2026-09-29T06:35:11.304000+09:00,511_202609290635_PUMPFUN_USDT_SHORT,1,0.005052134999999999,1.0,0.005001865,511_202609290635_PUMPFUN_USDT_SHORT_B1_REFERENCE
SHORT,0.20015,2026-09-29T06:44:40.186000+09:00,511_202609290640_ARB_USDT_SHORT,1,0.20115074999999996,1.0,0.19914925,511_202609290640_ARB_USDT_SHORT_B1_REFERENCE
SHORT,1.1487,2026-09-29T06:44:18.440000+09:00,511_202609290640_SUI_USDT_SHORT,1,1.1544435,1.0,1.1429565000000002,511_202609290640_SUI_USDT_SHORT_B1_REFERENCE
SHORT,4122.79,2026-09-29T06:44:13.837000+09:00,511_202609290640_XAU_USDT_SHORT,1,4143.40395,1.0,4102.17605,511_202609290640_XAU_USDT_SHORT_B1_REFERENCE
SHORT,0.2542,2026-09-29T06:54:53.389000+09:00,511_202609290650_ENA_USDT_SHORT,1,0.25547099999999995,1.0,0.25292899999999996,511_202609290650_ENA_USDT_SHORT_B1_REFERENCE
SHORT,2673.99,2026-09-29T06:54:28.736000+09:00,511_202609290650_ETH_USDT_SHORT,1,2687.3599499999996,1.0,2660.62005,511_202609290650_ETH_USDT_SHORT_B1_REFERENCE
SHORT,86.842,2026-09-29T06:54:46.581000+09:00,511_202609290650_HYPE_USDT_SHORT,1,87.27620999999999,1.0,86.40778999999999,511_202609290650_HYPE_USDT_SHORT_B1_REFERENCE
SHORT,0.5077,2026-09-29T06:54:44.429000+09:00,511_202609290650_ONDO_USDT_SHORT,1,0.5102385,1.0,0.5051615,511_202609290650_ONDO_USDT_SHORT_B1_REFERENCE
SHORT,0.19931,2026-09-29T07:04:26.184000+09:00,511_202609290700_ARB_USDT_SHORT,1,0.20030654999999997,1.0,0.19831344999999997,511_202609290700_ARB_USDT_SHORT_B1_REFERENCE
SHORT,2672.0,2026-09-29T07:04:01.549000+09:00,511_202609290700_ETH_USDT_SHORT,1,2685.3599999999997,1.0,2658.64,511_202609290700_ETH_USDT_SHORT_B1_REFERENCE
SHORT,86.584,2026-09-29T07:04:18.406000+09:00,511_202609290700_HYPE_USDT_SHORT,1,87.01692,1.0,86.15108000000001,511_202609290700_HYPE_USDT_SHORT_B1_REFERENCE
SHORT,0.07567,2026-09-29T07:04:22.746000+09:00,511_202609290700_SEI_USDT_SHORT,1,0.07604834999999999,1.0,0.07529165,511_202609290700_SEI_USDT_SHORT_B1_REFERENCE
SHORT,0.09264,2026-09-29T07:13:10.408000+09:00,511_202609290710_DOGE_USDT_SHORT,1,0.0931032,1.0,0.0921768,511_202609290710_DOGE_USDT_SHORT_B1_REFERENCE
SHORT,0.25317,2026-09-29T07:13:21.767000+09:00,511_202609290710_ENA_USDT_SHORT,1,0.25443584999999996,1.0,0.25190415,511_202609290710_ENA_USDT_SHORT_B1_REFERENCE
SHORT,117.44,2026-09-29T07:13:01.428000+09:00,511_202609290710_SOL_USDT_SHORT,1,118.02719999999998,1.0,116.8528,511_202609290710_SOL_USDT_SHORT_B1_REFERENCE
SHORT,1.4788,2026-09-29T07:13:00.554000+09:00,511_202609290710_XRP_USDT_SHORT,1,1.4861939999999998,1.0,1.471406,511_202609290710_XRP_USDT_SHORT_B1_REFERENCE
SHORT,60.85,2026-09-29T07:25:03.326000+09:00,511_202609290725_SILVER_USDT_SHORT,1,61.15425,1.0,60.54575,511_202609290725_SILVER_USDT_SHORT_B1_REFERENCE
LONG,98.6,2026-09-29T07:25:22.681000+09:00,511_202609290725_UKOIL_USDT_LONG,1,98.107,1.0,99.09299999999999,511_202609290725_UKOIL_USDT_LONG_B1_REFERENCE
LONG,93.22,2026-09-29T07:25:15.214000+09:00,511_202609290725_USOIL_USDT_LONG,1,92.7539,1.0,93.68609999999998,511_202609290725_USOIL_USDT_LONG_B1_REFERENCE
LONG,20.53,2026-09-29T07:43:53.521000+09:00,511_202609290740_KORU_USDT_LONG,1,20.42735,1.0,20.632649999999998,511_202609290740_KORU_USDT_LONG_B1_REFERENCE
LONG,1057.16,2026-09-29T07:43:34.142000+09:00,511_202609290740_MUSTOCK_USDT_LONG,1,1051.8742,1.0,1062.4458,511_202609290740_MUSTOCK_USDT_LONG_B1_REFERENCE
LONG,142.29,2026-09-29T07:43:46.078000+09:00,511_202609290740_SOXL_USDT_LONG,1,141.57854999999998,1.0,143.00144999999998,511_202609290740_SOXL_USDT_LONG_B1_REFERENCE
SHORT,87.15,2026-09-29T07:53:54.957000+09:00,511_202609290750_HYPE_USDT_SHORT,1,87.58574999999999,1.0,86.71425,511_202609290750_HYPE_USDT_SHORT_B1_REFERENCE
LONG,15.382,2026-09-29T08:04:40.162000+09:00,511_202609290800_LINK_USDT_LONG,1,15.30509,1.0,15.458909999999998,511_202609290800_LINK_USDT_LONG_B1_REFERENCE
LONG,1293.32,2026-09-29T08:04:49.694000+09:00,511_202609290800_SKHYNIXSTOCK_USDT_LONG,1,1286.8534,1.0,1299.7866,511_202609290800_SKHYNIXSTOCK_USDT_LONG_B1_REFERENCE
LONG,142.59,2026-09-29T08:14:44.220000+09:00,511_202609290810_SOXL_USDT_LONG,1,141.87705,1.0,143.30294999999998,511_202609290810_SOXL_USDT_LONG_B1_REFERENCE
LONG,1718.64,2026-09-29T08:25:07.054000+09:00,511_202609290825_SNDKSTOCK_USDT_LONG,1,1710.0468,1.0,1727.2332,511_202609290825_SNDKSTOCK_USDT_LONG_B1_REFERENCE
LONG,143.15,2026-09-29T08:25:08.142000+09:00,511_202609290825_SOXL_USDT_LONG,1,142.43425,1.0,143.86575,511_202609290825_SOXL_USDT_LONG_B1_REFERENCE
SHORT,34.29,2026-09-29T08:25:14.657000+09:00,511_202609290825_SOXS_USDT_SHORT,1,34.46144999999999,1.0,34.11855,511_202609290825_SOXS_USDT_SHORT_B1_REFERENCE
LONG,2690.5,2026-09-29T09:04:44.585000+09:00,511_202609290900_ETH_USDT_LONG,1,2677.0475,1.0,2703.9525,511_202609290900_ETH_USDT_LONG_B1_REFERENCE
LONG,0.5197,2026-09-29T09:04:59.313000+09:00,511_202609290900_ONDO_USDT_LONG,1,0.5171015000000001,1.0,0.5222985,511_202609290900_ONDO_USDT_LONG_B1_REFERENCE
LONG,98.81,2026-09-29T09:05:06.739000+09:00,511_202609290905_UKOIL_USDT_LONG,1,98.31595,1.0,99.30404999999999,511_202609290905_UKOIL_USDT_LONG_B1_REFERENCE
SHORT,0.12073,2026-09-29T09:15:04.908000+09:00,511_202609290915_HBAR_USDT_SHORT,1,0.12133364999999999,1.0,0.12012635,511_202609290915_HBAR_USDT_SHORT_B1_REFERENCE
SHORT,87.013,2026-09-29T09:15:14.549000+09:00,511_202609290915_HYPE_USDT_SHORT,1,87.448065,1.0,86.57793500000001,511_202609290915_HYPE_USDT_SHORT_B1_REFERENCE
LONG,20.67,2026-09-29T09:15:20.685000+09:00,511_202609290915_KORU_USDT_LONG,1,20.566650000000003,1.0,20.77335,511_202609290915_KORU_USDT_LONG_B1_REFERENCE
LONG,15.608,2026-09-29T09:15:09.311000+09:00,511_202609290915_LINK_USDT_LONG,1,15.52996,1.0,15.686039999999998,511_202609290915_LINK_USDT_LONG_B1_REFERENCE
LONG,1058.86,2026-09-29T09:15:05.849000+09:00,511_202609290915_MUSTOCK_USDT_LONG,1,1053.5656999999999,1.0,1064.1542999999997,511_202609290915_MUSTOCK_USDT_LONG_B1_REFERENCE
LONG,1303.35,2026-09-29T09:15:18.075000+09:00,511_202609290915_SKHYNIXSTOCK_USDT_LONG,1,1296.83325,1.0,1309.8667499999997,511_202609290915_SKHYNIXSTOCK_USDT_LONG_B1_REFERENCE
SHORT,34.21,2026-09-29T09:15:21.578000+09:00,511_202609290915_SOXS_USDT_SHORT,1,34.381049999999995,1.0,34.03895,511_202609290915_SOXS_USDT_SHORT_B1_REFERENCE
LONG,93.46,2026-09-29T09:15:13.682000+09:00,511_202609290915_USOIL_USDT_LONG,1,92.9927,1.0,93.92729999999999,511_202609290915_USOIL_USDT_LONG_B1_REFERENCE
SHORT,0.07625,2026-09-29T09:33:31.883000+09:00,511_202609290930_SEI_USDT_SHORT,1,0.07663124999999998,1.0,0.07586875,511_202609290930_SEI_USDT_SHORT_B1_REFERENCE
LONG,1312.76,2026-09-29T09:33:29.348000+09:00,511_202609290930_SKHYNIXSTOCK_USDT_LONG,1,1306.1962,1.0,1319.3238,511_202609290930_SKHYNIXSTOCK_USDT_LONG_B1_REFERENCE
SHORT,0.25386,2026-09-29T09:46:31.737000+09:00,511_202609290945_ENA_USDT_SHORT,1,0.25512929999999995,1.0,0.25259069999999995,511_202609290945_ENA_USDT_SHORT_B1_REFERENCE
LONG,15.642,2026-09-29T09:46:17.936000+09:00,511_202609290945_LINK_USDT_LONG,1,15.56379,1.0,15.720209999999998,511_202609290945_LINK_USDT_LONG_B1_REFERENCE
SHORT,0.0757,2026-09-29T09:46:28.206000+09:00,511_202609290945_SEI_USDT_SHORT,1,0.0760785,1.0,0.0753215,511_202609290945_SEI_USDT_SHORT_B1_REFERENCE
SHORT,0.25184,2026-09-29T09:54:51.202000+09:00,511_202609290950_ENA_USDT_SHORT,1,0.25309919999999997,1.0,0.2505808,511_202609290950_ENA_USDT_SHORT_B1_REFERENCE
SHORT,83167.7,2026-09-29T10:04:35.538000+09:00,511_202609291000_BTC_USDT_SHORT,1,83583.5385,1.0,82751.8615,511_202609291000_BTC_USDT_SHORT_B1_REFERENCE
LONG,0.09381,2026-09-29T10:04:51.878000+09:00,511_202609291000_DOGE_USDT_LONG,1,0.09334095,1.0,0.09427904999999999,511_202609291000_DOGE_USDT_LONG_B1_REFERENCE
SHORT,1052.5,2026-09-29T10:04:46.851000+09:00,511_202609291000_MUSTOCK_USDT_SHORT,1,1057.7624999999998,1.0,1047.2375,511_202609291000_MUSTOCK_USDT_SHORT_B1_REFERENCE
SHORT,118.17,2026-09-29T10:04:40.005000+09:00,511_202609291000_SOL_USDT_SHORT,1,118.76084999999999,1.0,117.57915,511_202609291000_SOL_USDT_SHORT_B1_REFERENCE
LONG,0.4905,2026-09-29T10:04:53.940000+09:00,511_202609291000_WLD_USDT_LONG,1,0.48804749999999997,1.0,0.49295249999999996,511_202609291000_WLD_USDT_LONG_B1_REFERENCE
SHORT,0.2523,2026-09-29T10:05:07.382000+09:00,511_202609291005_ENA_USDT_SHORT,1,0.2535615,1.0,0.2510385,511_202609291005_ENA_USDT_SHORT_B1_REFERENCE
LONG,1307.7,2026-09-29T10:05:02.131000+09:00,511_202609291005_SKHYNIXSTOCK_USDT_LONG,1,1301.1615,1.0,1314.2385,511_202609291005_SKHYNIXSTOCK_USDT_LONG_B1_REFERENCE
SHORT,0.25127,2026-09-29T10:13:17.276000+09:00,511_202609291010_ENA_USDT_SHORT,1,0.25252634999999996,1.0,0.25001365,511_202609291010_ENA_USDT_SHORT_B1_REFERENCE
SHORT,0.11983,2026-09-29T10:12:59.715000+09:00,511_202609291010_HBAR_USDT_SHORT,1,0.12042915,1.0,0.11923085,511_202609291010_HBAR_USDT_SHORT_B1_REFERENCE
SHORT,1047.59,2026-09-29T10:13:00.569000+09:00,511_202609291010_MUSTOCK_USDT_SHORT,1,1052.8279499999999,1.0,1042.35205,511_202609291010_MUSTOCK_USDT_SHORT_B1_REFERENCE
SHORT,139.31,2026-09-29T10:13:11.034000+09:00,511_202609291010_SOXL_USDT_SHORT,1,140.00654999999998,1.0,138.61345,511_202609291010_SOXL_USDT_SHORT_B1_REFERENCE
LONG,35.22,2026-09-29T10:13:16.280000+09:00,511_202609291010_SOXS_USDT_LONG,1,35.0439,1.0,35.3961,511_202609291010_SOXS_USDT_LONG_B1_REFERENCE
SHORT,1.1402,2026-09-29T10:13:01.424000+09:00,511_202609291010_SUI_USDT_SHORT,1,1.145901,1.0,1.1344990000000001,511_202609291010_SUI_USDT_SHORT_B1_REFERENCE
SHORT,4127.4,2026-09-29T10:12:57.111000+09:00,511_202609291010_XAUT_USDT_SHORT,1,4148.036999999999,1.0,4106.763,511_202609291010_XAUT_USDT_SHORT_B1_REFERENCE
SHORT,1429.13,2026-09-29T10:12:53.630000+09:00,511_202609291010_ZEC_USDT_SHORT,1,1436.27565,1.0,1421.9843500000002,511_202609291010_ZEC_USDT_SHORT_B1_REFERENCE
SHORT,82942.6,2026-09-29T10:24:22.850000+09:00,511_202609291020_BTC_USDT_SHORT,1,83357.313,1.0,82527.887,511_202609291020_BTC_USDT_SHORT_B1_REFERENCE
SHORT,86.13,2026-09-29T10:24:44.131000+09:00,511_202609291020_HYPE_USDT_SHORT,1,86.56064999999998,1.0,85.69935,511_202609291020_HYPE_USDT_SHORT_B1_REFERENCE
SHORT,1047.96,2026-09-29T10:24:33.532000+09:00,511_202609291020_MUSTOCK_USDT_SHORT,1,1053.1997999999999,1.0,1042.7202,511_202609291020_MUSTOCK_USDT_SHORT_B1_REFERENCE
SHORT,0.07405,2026-09-29T10:24:48.122000+09:00,511_202609291020_SEI_USDT_SHORT,1,0.07442025,1.0,0.07367975,511_202609291020_SEI_USDT_SHORT_B1_REFERENCE
SHORT,1699.81,2026-09-29T10:24:43.213000+09:00,511_202609291020_SNDKSTOCK_USDT_SHORT,1,1708.3090499999998,1.0,1691.31095,511_202609291020_SNDKSTOCK_USDT_SHORT_B1_REFERENCE
SHORT,117.18,2026-09-29T10:24:27.241000+09:00,511_202609291020_SOL_USDT_SHORT,1,117.76589999999999,1.0,116.59410000000001,511_202609291020_SOL_USDT_SHORT_B1_REFERENCE
SHORT,139.39,2026-09-29T10:24:45.063000+09:00,511_202609291020_SOXL_USDT_SHORT,1,140.08694999999997,1.0,138.69305,511_202609291020_SOXL_USDT_SHORT_B1_REFERENCE
SHORT,1.13,2026-09-29T10:24:34.490000+09:00,511_202609291020_SUI_USDT_SHORT,1,1.1356499999999998,1.0,1.12435,511_202609291020_SUI_USDT_SHORT_B1_REFERENCE
SHORT,1.4792,2026-09-29T10:24:26.041000+09:00,511_202609291020_XRP_USDT_SHORT,1,1.4865959999999998,1.0,1.4718040000000001,511_202609291020_XRP_USDT_SHORT_B1_REFERENCE
SHORT,4.656,2026-09-29T10:34:59.388000+09:00,511_202609291030_NEAR_USDT_SHORT,1,4.679279999999999,1.0,4.63272,511_202609291030_NEAR_USDT_SHORT_B1_REFERENCE
SHORT,1.1185,2026-09-29T10:34:58.321000+09:00,511_202609291030_SUI_USDT_SHORT,1,1.1240925,1.0,1.1129075,511_202609291030_SUI_USDT_SHORT_B1_REFERENCE
SHORT,0.0925,2026-09-29T10:35:01.554000+09:00,511_202609291035_DOGE_USDT_SHORT,1,0.09296249999999999,1.0,0.0920375,511_202609291035_DOGE_USDT_SHORT_B1_REFERENCE
SHORT,0.505,2026-09-29T10:35:06.547000+09:00,511_202609291035_ONDO_USDT_SHORT,1,0.507525,1.0,0.502475,511_202609291035_ONDO_USDT_SHORT_B1_REFERENCE
SHORT,4.0867e-06,2026-09-29T10:35:04.349000+09:00,511_202609291035_PEPE_USDT_SHORT,1,4.1071335e-06,1.0,4.0662665e-06,511_202609291035_PEPE_USDT_SHORT_B1_REFERENCE
SHORT,0.4799,2026-09-29T10:35:05.450000+09:00,511_202609291035_WLD_USDT_SHORT,1,0.48229949999999994,1.0,0.4775005,511_202609291035_WLD_USDT_SHORT_B1_REFERENCE
SHORT,0.09247,2026-09-29T10:44:48.130000+09:00,511_202609291040_DOGE_USDT_SHORT,1,0.09293234999999998,1.0,0.09200765,511_202609291040_DOGE_USDT_SHORT_B1_REFERENCE
SHORT,0.00478,2026-09-29T10:44:58.001000+09:00,511_202609291040_PUMPFUN_USDT_SHORT,1,0.0048039,1.0,0.0047561,511_202609291040_PUMPFUN_USDT_SHORT_B1_REFERENCE
SHORT,209.35,2026-09-29T10:44:40.321000+09:00,511_202609291040_QNT_USDT_SHORT,1,210.39674999999997,1.0,208.30325,511_202609291040_QNT_USDT_SHORT_B1_REFERENCE
SHORT,298.02,2026-09-29T10:44:49.342000+09:00,511_202609291040_TAO_USDT_SHORT,1,299.51009999999997,1.0,296.5299,511_202609291040_TAO_USDT_SHORT_B1_REFERENCE
LONG,93.98,2026-09-29T10:44:53.645000+09:00,511_202609291040_USOIL_USDT_LONG,1,93.51010000000001,1.0,94.4499,511_202609291040_USOIL_USDT_LONG_B1_REFERENCE
SHORT,0.4802,2026-09-29T10:44:51.492000+09:00,511_202609291040_WLD_USDT_SHORT,1,0.48260099999999995,1.0,0.47779900000000003,511_202609291040_WLD_USDT_SHORT_B1_REFERENCE
SHORT,1394.12,2026-09-29T10:44:34.495000+09:00,511_202609291040_ZEC_USDT_SHORT,1,1401.0905999999998,1.0,1387.1493999999998,511_202609291040_ZEC_USDT_SHORT_B1_REFERENCE
LONG,93.74,2026-09-29T10:54:39.747000+09:00,511_202609291050_USOIL_USDT_LONG,1,93.2713,1.0,94.20869999999998,511_202609291050_USOIL_USDT_LONG_B1_REFERENCE
SHORT,1051.71,2026-09-29T11:04:57.222000+09:00,511_202609291100_MUSTOCK_USDT_SHORT,1,1056.9685499999998,1.0,1046.45145,511_202609291100_MUSTOCK_USDT_SHORT_B1_REFERENCE
SHORT,0.004782,2026-09-29T11:05:09.861000+09:00,511_202609291105_PUMPFUN_USDT_SHORT,1,0.004805909999999999,1.0,0.0047580899999999995,511_202609291105_PUMPFUN_USDT_SHORT_B1_REFERENCE
SHORT,1702.93,2026-09-29T11:05:08.905000+09:00,511_202609291105_SNDKSTOCK_USDT_SHORT,1,1711.44465,1.0,1694.41535,511_202609291105_SNDKSTOCK_USDT_SHORT_B1_REFERENCE
SHORT,140.21,2026-09-29T11:05:07.628000+09:00,511_202609291105_SOXL_USDT_SHORT,1,140.91105,1.0,139.50895,511_202609291105_SOXL_USDT_SHORT_B1_REFERENCE
LONG,34.99,2026-09-29T11:05:14.651000+09:00,511_202609291105_SOXS_USDT_LONG,1,34.81505,1.0,35.16495,511_202609291105_SOXS_USDT_LONG_B1_REFERENCE
SHORT,0.25042,2026-09-29T11:14:51.863000+09:00,511_202609291110_ENA_USDT_SHORT,1,0.25167209999999995,1.0,0.24916789999999997,511_202609291110_ENA_USDT_SHORT_B1_REFERENCE
LONG,1307.75,2026-09-29T11:14:47.360000+09:00,511_202609291110_SKHYNIXSTOCK_USDT_LONG,1,1301.21125,1.0,1314.28875,511_202609291110_SKHYNIXSTOCK_USDT_LONG_B1_REFERENCE
SHORT,1.1162,2026-09-29T11:14:36.004000+09:00,511_202609291110_SUI_USDT_SHORT,1,1.121781,1.0,1.110619,511_202609291110_SUI_USDT_SHORT_B1_REFERENCE
SHORT,82990.1,2026-09-29T11:24:20.547000+09:00,511_202609291120_BTC_USDT_SHORT,1,83405.0505,1.0,82575.1495,511_202609291120_BTC_USDT_SHORT_B1_REFERENCE
SHORT,86.253,2026-09-29T11:24:45.802000+09:00,511_202609291120_HYPE_USDT_SHORT,1,86.684265,1.0,85.821735,511_202609291120_HYPE_USDT_SHORT_B1_REFERENCE
SHORT,4.1186e-06,2026-09-29T11:24:38.236000+09:00,511_202609291120_PEPE_USDT_SHORT,1,4.139192999999999e-06,1.0,4.0980069999999995e-06,511_202609291120_PEPE_USDT_SHORT_B1_REFERENCE
SHORT,0.004756,2026-09-29T11:24:42.582000+09:00,511_202609291120_PUMPFUN_USDT_SHORT,1,0.004779779999999999,1.0,0.00473222,511_202609291120_PUMPFUN_USDT_SHORT_B1_REFERENCE
SHORT,1.4737,2026-09-29T11:24:24.015000+09:00,511_202609291120_XRP_USDT_SHORT,1,1.4810685,1.0,1.4663315,511_202609291120_XRP_USDT_SHORT_B1_REFERENCE
LONG,99.41,2026-09-29T11:44:50.215000+09:00,511_202609291140_UKOIL_USDT_LONG,1,98.91295,1.0,99.90704999999998,511_202609291140_UKOIL_USDT_LONG_B1_REFERENCE
SHORT,0.19399,2026-09-29T11:55:27.181000+09:00,511_202609291155_ARB_USDT_SHORT,1,0.19495994999999997,1.0,0.19302005,511_202609291155_ARB_USDT_SHORT_B1_REFERENCE
SHORT,0.0921,2026-09-29T11:55:14.880000+09:00,511_202609291155_DOGE_USDT_SHORT,1,0.09256049999999999,1.0,0.0916395,511_202609291155_DOGE_USDT_SHORT_B1_REFERENCE
SHORT,139.27,2026-09-29T11:55:21.779000+09:00,511_202609291155_SOXL_USDT_SHORT,1,139.96635,1.0,138.57365000000001,511_202609291155_SOXL_USDT_SHORT_B1_REFERENCE
SHORT,297.42,2026-09-29T11:55:15.736000+09:00,511_202609291155_TAO_USDT_SHORT,1,298.90709999999996,1.0,295.9329,511_202609291155_TAO_USDT_SHORT_B1_REFERENCE
LONG,93.94,2026-09-29T11:55:20.088000+09:00,511_202609291155_USOIL_USDT_LONG,1,93.4703,1.0,94.40969999999999,511_202609291155_USOIL_USDT_LONG_B1_REFERENCE
SHORT,1695.77,2026-09-29T12:14:44.445000+09:00,511_202609291210_SNDKSTOCK_USDT_SHORT,1,1704.2488499999997,1.0,1687.29115,511_202609291210_SNDKSTOCK_USDT_SHORT_B1_REFERENCE
LONG,35.41,2026-09-29T12:14:49.614000+09:00,511_202609291210_SOXS_USDT_LONG,1,35.232949999999995,1.0,35.58704999999999,511_202609291210_SOXS_USDT_LONG_B1_REFERENCE
SHORT,0.11825,2026-09-29T12:43:35.858000+09:00,511_202609291240_HBAR_USDT_SHORT,1,0.11884124999999998,1.0,0.11765874999999999,511_202609291240_HBAR_USDT_SHORT_B1_REFERENCE
LONG,4144.4,2026-09-29T12:43:32.625000+09:00,511_202609291240_XAUT_USDT_LONG,1,4123.678,1.0,4165.121999999999,511_202609291240_XAUT_USDT_LONG_B1_REFERENCE
SHORT,7668.1,2026-09-29T12:54:53.561000+09:00,511_202609291250_SPX500_USDT_SHORT,1,7706.4405,1.0,7629.7595,511_202609291250_SPX500_USDT_SHORT_B1_REFERENCE
SHORT,60.57,2026-09-29T13:04:00.911000+09:00,511_202609291300_SILVER_USDT_SHORT,1,60.87284999999999,1.0,60.26715,511_202609291300_SILVER_USDT_SHORT_B1_REFERENCE
LONG,99.69,2026-09-29T13:04:18.823000+09:00,511_202609291300_UKOIL_USDT_LONG,1,99.19154999999999,1.0,100.18844999999999,511_202609291300_UKOIL_USDT_LONG_B1_REFERENCE
LONG,94.14,2026-09-29T13:04:10.525000+09:00,511_202609291300_USOIL_USDT_LONG,1,93.6693,1.0,94.6107,511_202609291300_USOIL_USDT_LONG_B1_REFERENCE
SHORT,14.76,2026-09-29T13:24:35.984000+09:00,511_202609291320_LINK_USDT_SHORT,1,14.833799999999998,1.0,14.6862,511_202609291320_LINK_USDT_SHORT_B1_REFERENCE
LONG,245.78,2026-09-29T13:34:40.090000+09:00,511_202609291330_QNT_USDT_LONG,1,244.5511,1.0,247.00889999999998,511_202609291330_QNT_USDT_LONG_B1_REFERENCE
LONG,4.1692e-06,2026-09-29T14:04:55.949000+09:00,511_202609291400_PEPE_USDT_LONG,1,4.148354e-06,1.0,4.190046e-06,511_202609291400_PEPE_USDT_LONG_B1_REFERENCE
SHORT,1289.23,2026-09-29T14:05:04.550000+09:00,511_202609291405_SKHYNIXSTOCK_USDT_SHORT,1,1295.6761499999998,1.0,1282.78385,511_202609291405_SKHYNIXSTOCK_USDT_SHORT_B1_REFERENCE
LONG,0.5113,2026-09-29T14:14:49.408000+09:00,511_202609291410_ONDO_USDT_LONG,1,0.5087435,1.0,0.5138564999999999,511_202609291410_ONDO_USDT_LONG_B1_REFERENCE
SHORT,1047.84,2026-09-29T14:34:44.736000+09:00,511_202609291430_MUSTOCK_USDT_SHORT,1,1053.0792,1.0,1042.6008,511_202609291430_MUSTOCK_USDT_SHORT_B1_REFERENCE
LONG,35.69,2026-09-29T14:35:03.181000+09:00,511_202609291435_SOXS_USDT_LONG,1,35.51155,1.0,35.868449999999996,511_202609291435_SOXS_USDT_LONG_B1_REFERENCE
SHORT,7657.6,2026-09-29T14:35:01.241000+09:00,511_202609291435_SPX500_USDT_SHORT,1,7695.888,1.0,7619.312,511_202609291435_SPX500_USDT_SHORT_B1_REFERENCE
SHORT,137.75,2026-09-29T14:43:06.947000+09:00,511_202609291440_SOXL_USDT_SHORT,1,138.43875,1.0,137.06125,511_202609291440_SOXL_USDT_SHORT_B1_REFERENCE
LONG,83359.8,2026-09-29T14:54:25.870000+09:00,511_202609291450_BTC_USDT_LONG,1,82943.001,1.0,83776.59899999999,511_202609291450_BTC_USDT_LONG_B1_REFERENCE
LONG,118.08,2026-09-29T14:54:30.257000+09:00,511_202609291450_SOL_USDT_LONG,1,117.4896,1.0,118.67039999999999,511_202609291450_SOL_USDT_LONG_B1_REFERENCE
LONG,4147.1,2026-09-29T14:54:32.297000+09:00,511_202609291450_XAUT_USDT_LONG,1,4126.364500000001,1.0,4167.8355,511_202609291450_XAUT_USDT_LONG_B1_REFERENCE
LONG,83478.3,2026-09-29T15:05:09.944000+09:00,511_202609291505_BTC_USDT_LONG,1,83060.9085,1.0,83895.6915,511_202609291505_BTC_USDT_LONG_B1_REFERENCE
LONG,118.34,2026-09-29T15:05:14.218000+09:00,511_202609291505_SOL_USDT_LONG,1,117.7483,1.0,118.93169999999999,511_202609291505_SOL_USDT_LONG_B1_REFERENCE
LONG,10.798,2026-09-29T15:14:52.914000+09:00,511_202609291510_AVAX_USDT_LONG,1,10.74401,1.0,10.851989999999999,511_202609291510_AVAX_USDT_LONG_B1_REFERENCE
LONG,0.09452,2026-09-29T15:14:37.875000+09:00,511_202609291510_DOGE_USDT_LONG,1,0.0940474,1.0,0.0949926,511_202609291510_DOGE_USDT_LONG_B1_REFERENCE
LONG,4.2173e-06,2026-09-29T15:14:39.821000+09:00,511_202609291510_PEPE_USDT_LONG,1,4.1962135e-06,1.0,4.2383865e-06,511_202609291510_PEPE_USDT_LONG_B1_REFERENCE
LONG,118.98,2026-09-29T15:14:28.059000+09:00,511_202609291510_SOL_USDT_LONG,1,118.38510000000001,1.0,119.57489999999999,511_202609291510_SOL_USDT_LONG_B1_REFERENCE
LONG,4152.53,2026-09-29T15:14:29.061000+09:00,511_202609291510_XAU_USDT_LONG,1,4131.76735,1.0,4173.292649999999,511_202609291510_XAU_USDT_LONG_B1_REFERENCE
LONG,2690.68,2026-09-29T15:24:27.887000+09:00,511_202609291520_ETH_USDT_LONG,1,2677.2266,1.0,2704.1333999999997,511_202609291520_ETH_USDT_LONG_B1_REFERENCE
SHORT,0.11792,2026-09-29T15:24:35.944000+09:00,511_202609291520_HBAR_USDT_SHORT,1,0.11850959999999998,1.0,0.1173304,511_202609291520_HBAR_USDT_SHORT_B1_REFERENCE
LONG,1063.59,2026-09-29T15:24:36.916000+09:00,511_202609291520_MUSTOCK_USDT_LONG,1,1058.2720499999998,1.0,1068.9079499999998,511_202609291520_MUSTOCK_USDT_LONG_B1_REFERENCE
LONG,60.89,2026-09-29T15:24:34.962000+09:00,511_202609291520_SILVER_USDT_LONG,1,60.58555,1.0,61.194449999999996,511_202609291520_SILVER_USDT_LONG_B1_REFERENCE
LONG,0.4858,2026-09-29T15:24:45.083000+09:00,511_202609291520_WLD_USDT_LONG,1,0.483371,1.0,0.48822899999999997,511_202609291520_WLD_USDT_LONG_B1_REFERENCE
LONG,2696.0,2026-09-29T15:34:48.889000+09:00,511_202609291530_ETH_USDT_LONG,1,2682.52,1.0,2709.4799999999996,511_202609291530_ETH_USDT_LONG_B1_REFERENCE
LONG,4.716,2026-09-29T15:34:59.177000+09:00,511_202609291530_NEAR_USDT_LONG,1,4.69242,1.0,4.73958,511_202609291530_NEAR_USDT_LONG_B1_REFERENCE
LONG,305.3,2026-09-29T15:35:00.824000+09:00,511_202609291535_TAO_USDT_LONG,1,303.7735,1.0,306.82649999999995,511_202609291535_TAO_USDT_LONG_B1_REFERENCE
LONG,11.074,2026-09-29T16:05:28.080000+09:00,511_202609291605_AVAX_USDT_LONG,1,11.01863,1.0,11.129369999999998,511_202609291605_AVAX_USDT_LONG_B1_REFERENCE
LONG,88.127,2026-09-29T16:05:21.046000+09:00,511_202609291605_HYPE_USDT_LONG,1,87.686365,1.0,88.56763499999998,511_202609291605_HYPE_USDT_LONG_B1_REFERENCE
LONG,119.19,2026-09-29T16:05:02.338000+09:00,511_202609291605_SOL_USDT_LONG,1,118.59405,1.0,119.78594999999999,511_202609291605_SOL_USDT_LONG_B1_REFERENCE
LONG,1.1362,2026-09-29T16:05:10.683000+09:00,511_202609291605_SUI_USDT_LONG,1,1.130519,1.0,1.141881,511_202609291605_SUI_USDT_LONG_B1_REFERENCE
LONG,0.4962,2026-09-29T16:05:16.979000+09:00,511_202609291605_WLD_USDT_LONG,1,0.49371899999999996,1.0,0.49868099999999993,511_202609291605_WLD_USDT_LONG_B1_REFERENCE
LONG,68.7,2026-09-29T16:14:52.652000+09:00,511_202609291610_LTC_USDT_LONG,1,68.3565,1.0,69.0435,511_202609291610_LTC_USDT_LONG_B1_REFERENCE
LONG,4.747,2026-09-29T16:14:37.116000+09:00,511_202609291610_NEAR_USDT_LONG,1,4.723265,1.0,4.770734999999999,511_202609291610_NEAR_USDT_LONG_B1_REFERENCE
LONG,4.2235e-06,2026-09-29T16:14:40.196000+09:00,511_202609291610_PEPE_USDT_LONG,1,4.2023825e-06,1.0,4.2446174999999995e-06,511_202609291610_PEPE_USDT_LONG_B1_REFERENCE
LONG,310.7,2026-09-29T16:14:39.119000+09:00,511_202609291610_TAO_USDT_LONG,1,309.1465,1.0,312.2535,511_202609291610_TAO_USDT_LONG_B1_REFERENCE
LONG,0.4989,2026-09-29T16:14:41.230000+09:00,511_202609291610_WLD_USDT_LONG,1,0.4964055,1.0,0.5013945,511_202609291610_WLD_USDT_LONG_B1_REFERENCE
LONG,251.29,2026-09-29T16:23:51.464000+09:00,511_202609291620_QNT_USDT_LONG,1,250.03355,1.0,252.54644999999996,511_202609291620_QNT_USDT_LONG_B1_REFERENCE
LONG,1307.49,2026-09-29T16:24:04.839000+09:00,511_202609291620_SKHYNIXSTOCK_USDT_LONG,1,1300.95255,1.0,1314.0274499999998,511_202609291620_SKHYNIXSTOCK_USDT_LONG_B1_REFERENCE
LONG,311.58,2026-09-29T16:23:59.429000+09:00,511_202609291620_TAO_USDT_LONG,1,310.02209999999997,1.0,313.13789999999995,511_202609291620_TAO_USDT_LONG_B1_REFERENCE
SHORT,93.65,2026-09-29T16:24:02.054000+09:00,511_202609291620_USOIL_USDT_SHORT,1,94.11824999999999,1.0,93.18175000000001,511_202609291620_USOIL_USDT_SHORT_B1_REFERENCE
LONG,4150.9,2026-09-29T16:23:52.339000+09:00,511_202609291620_XAUT_USDT_LONG,1,4130.1455,1.0,4171.6545,511_202609291620_XAUT_USDT_LONG_B1_REFERENCE
LONG,4150.79,2026-09-29T16:23:50.611000+09:00,511_202609291620_XAU_USDT_LONG,1,4130.03605,1.0,4171.543949999999,511_202609291620_XAU_USDT_LONG_B1_REFERENCE
SHORT,0.11698,2026-09-29T16:34:37.130000+09:00,511_202609291630_HBAR_USDT_SHORT,1,0.11756489999999999,1.0,0.1163951,511_202609291630_HBAR_USDT_SHORT_B1_REFERENCE
LONG,1309.09,2026-09-29T16:34:49.686000+09:00,511_202609291630_SKHYNIXSTOCK_USDT_LONG,1,1302.5445499999998,1.0,1315.6354499999998,511_202609291630_SKHYNIXSTOCK_USDT_LONG_B1_REFERENCE
LONG,15.205,2026-09-29T16:43:15.661000+09:00,511_202609291640_LINK_USDT_LONG,1,15.128975,1.0,15.281024999999998,511_202609291640_LINK_USDT_LONG_B1_REFERENCE
SHORT,93.1,2026-09-29T16:43:21.031000+09:00,511_202609291640_USOIL_USDT_SHORT,1,93.56549999999999,1.0,92.63449999999999,511_202609291640_USOIL_USDT_SHORT_B1_REFERENCE
LONG,0.522,2026-09-29T16:53:21.359000+09:00,511_202609291650_ONDO_USDT_LONG,1,0.51939,1.0,0.5246099999999999,511_202609291650_ONDO_USDT_LONG_B1_REFERENCE
LONG,273.21,2026-09-29T17:04:27.225000+09:00,511_202609291700_QNT_USDT_LONG,1,271.84395,1.0,274.57604999999995,511_202609291700_QNT_USDT_LONG_B1_REFERENCE
LONG,0.5241,2026-09-29T17:14:50.327000+09:00,511_202609291710_ONDO_USDT_LONG,1,0.5214795,1.0,0.5267204999999999,511_202609291710_ONDO_USDT_LONG_B1_REFERENCE
LONG,4.795,2026-09-29T17:24:57.093000+09:00,511_202609291720_NEAR_USDT_LONG,1,4.771025,1.0,4.818974999999999,511_202609291720_NEAR_USDT_LONG_B1_REFERENCE
LONG,88.55,2026-09-29T17:25:05.608000+09:00,511_202609291725_HYPE_USDT_LONG,1,88.10725,1.0,88.99274999999999,511_202609291725_HYPE_USDT_LONG_B1_REFERENCE
LONG,1312.81,2026-09-29T17:25:04.712000+09:00,511_202609291725_SKHYNIXSTOCK_USDT_LONG,1,1306.24595,1.0,1319.37405,511_202609291725_SKHYNIXSTOCK_USDT_LONG_B1_REFERENCE
LONG,145.58,2026-09-29T17:25:01.269000+09:00,511_202609291725_SOXL_USDT_LONG,1,144.8521,1.0,146.3079,511_202609291725_SOXL_USDT_LONG_B1_REFERENCE
SHORT,33.66,2026-09-29T17:25:09.910000+09:00,511_202609291725_SOXS_USDT_SHORT,1,33.82829999999999,1.0,33.491699999999994,511_202609291725_SOXS_USDT_SHORT_B1_REFERENCE
SHORT,92.92,2026-09-29T17:25:00.425000+09:00,511_202609291725_USOIL_USDT_SHORT,1,93.38459999999999,1.0,92.4554,511_202609291725_USOIL_USDT_SHORT_B1_REFERENCE
SHORT,0.11735,2026-09-29T17:35:24.099000+09:00,511_202609291735_HBAR_USDT_SHORT,1,0.11793674999999998,1.0,0.11676325,511_202609291735_HBAR_USDT_SHORT_B1_REFERENCE
LONG,268.23,2026-09-29T17:35:21.183000+09:00,511_202609291735_QNT_USDT_LONG,1,266.88885,1.0,269.57115,511_202609291735_QNT_USDT_LONG_B1_REFERENCE
LONG,0.09482,2026-09-29T17:55:33.094000+09:00,511_202609291755_DOGE_USDT_LONG,1,0.0943459,1.0,0.09529409999999999,511_202609291755_DOGE_USDT_LONG_B1_REFERENCE
LONG,4.763,2026-09-29T17:55:32.205000+09:00,511_202609291755_NEAR_USDT_LONG,1,4.739185,1.0,4.786815,511_202609291755_NEAR_USDT_LONG_B1_REFERENCE
LONG,0.5204,2026-09-29T17:55:41.824000+09:00,511_202609291755_ONDO_USDT_LONG,1,0.517798,1.0,0.523002,511_202609291755_ONDO_USDT_LONG_B1_REFERENCE
LONG,4.2543e-06,2026-09-29T18:05:01.441000+09:00,511_202609291805_PEPE_USDT_LONG,1,4.2330285000000004e-06,1.0,4.2755715e-06,511_202609291805_PEPE_USDT_LONG_B1_REFERENCE
SHORT,60.68,2026-09-29T18:24:59.448000+09:00,511_202609291820_SILVER_USDT_SHORT,1,60.983399999999996,1.0,60.376599999999996,511_202609291820_SILVER_USDT_SHORT_B1_REFERENCE
LONG,0.005126,2026-09-29T18:35:03.195000+09:00,511_202609291835_PUMPFUN_USDT_LONG,1,0.00510037,1.0,0.00515163,511_202609291835_PUMPFUN_USDT_LONG_B1_REFERENCE
SHORT,92.25,2026-09-29T18:45:10.363000+09:00,511_202609291845_USOIL_USDT_SHORT,1,92.71124999999999,1.0,91.78875,511_202609291845_USOIL_USDT_SHORT_B1_REFERENCE
LONG,4.2926e-06,2026-09-29T18:54:58.486000+09:00,511_202609291850_PEPE_USDT_LONG,1,4.271137e-06,1.0,4.3140629999999995e-06,511_202609291850_PEPE_USDT_LONG_B1_REFERENCE
LONG,119.98,2026-09-29T18:54:47.737000+09:00,511_202609291850_SOL_USDT_LONG,1,119.3801,1.0,120.5799,511_202609291850_SOL_USDT_LONG_B1_REFERENCE
LONG,1.1696,2026-09-29T18:54:54.773000+09:00,511_202609291850_SUI_USDT_LONG,1,1.163752,1.0,1.1754479999999998,511_202609291850_SUI_USDT_LONG_B1_REFERENCE
LONG,1.5129,2026-09-29T18:54:46.884000+09:00,511_202609291850_XRP_USDT_LONG,1,1.5053355,1.0,1.5204644999999997,511_202609291850_XRP_USDT_LONG_B1_REFERENCE
LONG,11.537,2026-09-29T18:55:05.584000+09:00,511_202609291855_AVAX_USDT_LONG,1,11.479315000000001,1.0,11.594685,511_202609291855_AVAX_USDT_LONG_B1_REFERENCE
LONG,88.564,2026-09-29T18:55:03.828000+09:00,511_202609291855_HYPE_USDT_LONG,1,88.12118,1.0,89.00681999999999,511_202609291855_HYPE_USDT_LONG_B1_REFERENCE
SHORT,97.49,2026-09-29T18:55:07.353000+09:00,511_202609291855_UKOIL_USDT_SHORT,1,97.97744999999999,1.0,97.00255,511_202609291855_UKOIL_USDT_SHORT_B1_REFERENCE
LONG,261.2,2026-09-29T19:04:53.192000+09:00,511_202609291900_QNT_USDT_LONG,1,259.894,1.0,262.506,511_202609291900_QNT_USDT_LONG_B1_REFERENCE
LONG,11.62,2026-09-29T19:05:11.490000+09:00,511_202609291905_AVAX_USDT_LONG,1,11.5619,1.0,11.678099999999999,511_202609291905_AVAX_USDT_LONG_B1_REFERENCE
LONG,0.5278,2026-09-29T19:05:13.500000+09:00,511_202609291905_ONDO_USDT_LONG,1,0.525161,1.0,0.530439,511_202609291905_ONDO_USDT_LONG_B1_REFERENCE
LONG,144.65,2026-09-29T19:05:07.461000+09:00,511_202609291905_SOXL_USDT_LONG,1,143.92675,1.0,145.37324999999998,511_202609291905_SOXL_USDT_LONG_B1_REFERENCE
SHORT,33.89,2026-09-29T19:05:14.492000+09:00,511_202609291905_SOXS_USDT_SHORT,1,34.05945,1.0,33.72055,511_202609291905_SOXS_USDT_SHORT_B1_REFERENCE
LONG,11.561,2026-09-29T19:55:20.160000+09:00,511_202609291955_AVAX_USDT_LONG,1,11.503195,1.0,11.618804999999998,511_202609291955_AVAX_USDT_LONG_B1_REFERENCE
LONG,15.323,2026-09-29T19:55:08.688000+09:00,511_202609291955_LINK_USDT_LONG,1,15.246385,1.0,15.399614999999999,511_202609291955_LINK_USDT_LONG_B1_REFERENCE
LONG,1314.69,2026-09-29T19:55:14.615000+09:00,511_202609291955_SKHYNIXSTOCK_USDT_LONG,1,1308.11655,1.0,1321.26345,511_202609291955_SKHYNIXSTOCK_USDT_LONG_B1_REFERENCE
SHORT,33.69,2026-09-29T19:55:23.673000+09:00,511_202609291955_SOXS_USDT_SHORT,1,33.85844999999999,1.0,33.52155,511_202609291955_SOXS_USDT_SHORT_B1_REFERENCE
LONG,7688.0,2026-09-29T19:55:22.781000+09:00,511_202609291955_SPX500_USDT_LONG,1,7649.56,1.0,7726.44,511_202609291955_SPX500_USDT_LONG_B1_REFERENCE
LONG,1074.01,2026-09-29T20:05:02.893000+09:00,511_202609292005_MUSTOCK_USDT_LONG,1,1068.63995,1.0,1079.38005,511_202609292005_MUSTOCK_USDT_LONG_B1_REFERENCE
LONG,4156.9,2026-09-29T20:05:01.150000+09:00,511_202609292005_XAUT_USDT_LONG,1,4136.1155,1.0,4177.684499999999,511_202609292005_XAUT_USDT_LONG_B1_REFERENCE
LONG,0.005187,2026-09-29T20:24:58.799000+09:00,511_202609292020_PUMPFUN_USDT_LONG,1,0.005161064999999999,1.0,0.005212934999999999,511_202609292020_PUMPFUN_USDT_LONG_B1_REFERENCE
LONG,61.05,2026-09-29T20:24:43.172000+09:00,511_202609292020_SILVER_USDT_LONG,1,60.744749999999996,1.0,61.35524999999999,511_202609292020_SILVER_USDT_LONG_B1_REFERENCE
LONG,314.64,2026-09-29T20:24:50.415000+09:00,511_202609292020_TAO_USDT_LONG,1,313.0668,1.0,316.2132,511_202609292020_TAO_USDT_LONG_B1_REFERENCE
LONG,7696.1,2026-09-29T20:25:04+09:00,511_202609292025_SPX500_USDT_LONG,1,7657.619500000001,1.0,7734.580499999999,511_202609292025_SPX500_USDT_LONG_B1_REFERENCE
LONG,61.09,2026-09-29T20:35:30.073000+09:00,511_202609292035_SILVER_USDT_LONG,1,60.78455,1.0,61.39545,511_202609292035_SILVER_USDT_LONG_B1_REFERENCE
LONG,146.37,2026-09-29T20:35:40.493000+09:00,511_202609292035_SOXL_USDT_LONG,1,145.63815,1.0,147.10184999999998,511_202609292035_SOXL_USDT_LONG_B1_REFERENCE
LONG,1.1841,2026-09-29T20:35:33.621000+09:00,511_202609292035_SUI_USDT_LONG,1,1.1781795,1.0,1.1900204999999997,511_202609292035_SUI_USDT_LONG_B1_REFERENCE
LONG,0.23387,2026-09-29T20:35:48.374000+09:00,511_202609292035_XLM_USDT_LONG,1,0.23270064999999998,1.0,0.23503934999999998,511_202609292035_XLM_USDT_LONG_B1_REFERENCE
LONG,1428.0,2026-09-29T20:35:24.719000+09:00,511_202609292035_ZEC_USDT_LONG,1,1420.86,1.0,1435.1399999999999,511_202609292035_ZEC_USDT_LONG_B1_REFERENCE
LONG,1436.36,2026-09-29T20:44:59.535000+09:00,511_202609292040_ZEC_USDT_LONG,1,1429.1781999999998,1.0,1443.5417999999997,511_202609292040_ZEC_USDT_LONG_B1_REFERENCE
LONG,88.69,2026-09-29T20:45:16.947000+09:00,511_202609292045_HYPE_USDT_LONG,1,88.24655,1.0,89.13344999999998,511_202609292045_HYPE_USDT_LONG_B1_REFERENCE
LONG,146.22,2026-09-29T20:45:15.266000+09:00,511_202609292045_SOXL_USDT_LONG,1,145.4889,1.0,146.9511,511_202609292045_SOXL_USDT_LONG_B1_REFERENCE
LONG,1.5124,2026-09-29T20:45:00.359000+09:00,511_202609292045_XRP_USDT_LONG,1,1.504838,1.0,1.5199619999999998,511_202609292045_XRP_USDT_LONG_B1_REFERENCE
LONG,0.09572,2026-09-29T20:54:30.132000+09:00,511_202609292050_DOGE_USDT_LONG,1,0.0952414,1.0,0.0961986,511_202609292050_DOGE_USDT_LONG_B1_REFERENCE
LONG,4.906,2026-09-29T20:54:31.185000+09:00,511_202609292050_NEAR_USDT_LONG,1,4.881469999999999,1.0,4.930529999999999,511_202609292050_NEAR_USDT_LONG_B1_REFERENCE
LONG,1315.34,2026-09-29T20:54:34.744000+09:00,511_202609292050_SKHYNIXSTOCK_USDT_LONG,1,1308.7632999999998,1.0,1321.9166999999998,511_202609292050_SKHYNIXSTOCK_USDT_LONG_B1_REFERENCE
SHORT,33.31,2026-09-29T20:54:44.959000+09:00,511_202609292050_SOXS_USDT_SHORT,1,33.476549999999996,1.0,33.14345,511_202609292050_SOXS_USDT_SHORT_B1_REFERENCE
SHORT,96.7,2026-09-29T20:54:43.695000+09:00,511_202609292050_UKOIL_USDT_SHORT,1,97.1835,1.0,96.2165,511_202609292050_UKOIL_USDT_SHORT_B1_REFERENCE
SHORT,91.39,2026-09-29T20:54:35.746000+09:00,511_202609292050_USOIL_USDT_SHORT,1,91.84694999999999,1.0,90.93305,511_202609292050_USOIL_USDT_SHORT_B1_REFERENCE
LONG,0.23399,2026-09-29T20:54:47.973000+09:00,511_202609292050_XLM_USDT_LONG,1,0.23282005,1.0,0.23515994999999998,511_202609292050_XLM_USDT_LONG_B1_REFERENCE
LONG,1446.71,2026-09-29T20:54:17.071000+09:00,511_202609292050_ZEC_USDT_LONG,1,1439.47645,1.0,1453.94355,511_202609292050_ZEC_USDT_LONG_B1_REFERENCE
LONG,120.22,2026-09-29T21:04:56.843000+09:00,511_202609292100_SOL_USDT_LONG,1,119.6189,1.0,120.82109999999999,511_202609292100_SOL_USDT_LONG_B1_REFERENCE
LONG,11.942,2026-09-29T21:05:18.117000+09:00,511_202609292105_AVAX_USDT_LONG,1,11.88229,1.0,12.00171,511_202609292105_AVAX_USDT_LONG_B1_REFERENCE
LONG,0.005639,2026-09-29T21:05:14.105000+09:00,511_202609292105_PUMPFUN_USDT_LONG,1,0.005610805,1.0,0.005667194999999999,511_202609292105_PUMPFUN_USDT_LONG_B1_REFERENCE
LONG,147.46,2026-09-29T21:05:15.122000+09:00,511_202609292105_SOXL_USDT_LONG,1,146.7227,1.0,148.19729999999998,511_202609292105_SOXL_USDT_LONG_B1_REFERENCE
LONG,4.893,2026-09-29T21:14:45.456000+09:00,511_202609292110_NEAR_USDT_LONG,1,4.868535,1.0,4.917464999999999,511_202609292110_NEAR_USDT_LONG_B1_REFERENCE
LONG,1446.34,2026-09-29T21:14:32.855000+09:00,511_202609292110_ZEC_USDT_LONG,1,1439.1082999999999,1.0,1453.5716999999997,511_202609292110_ZEC_USDT_LONG_B1_REFERENCE
LONG,173.16,2026-09-29T21:24:15.045000+09:00,511_202609292120_AAVE_USDT_LONG,1,172.2942,1.0,174.02579999999998,511_202609292120_AAVE_USDT_LONG_B1_REFERENCE
LONG,2733.37,2026-09-29T21:23:53.125000+09:00,511_202609292120_ETH_USDT_LONG,1,2719.70315,1.0,2747.0368499999995,511_202609292120_ETH_USDT_LONG_B1_REFERENCE
LONG,0.005738,2026-09-29T21:34:18.800000+09:00,511_202609292130_PUMPFUN_USDT_LONG,1,0.00570931,1.0,0.00576669,511_202609292130_PUMPFUN_USDT_LONG_B1_REFERENCE
LONG,120.64,2026-09-29T21:44:50.503000+09:00,511_202609292140_SOL_USDT_LONG,1,120.0368,1.0,121.24319999999999,511_202609292140_SOL_USDT_LONG_B1_REFERENCE
LONG,1.5509,2026-09-29T21:44:49.687000+09:00,511_202609292140_XRP_USDT_LONG,1,1.5431454999999998,1.0,1.5586544999999998,511_202609292140_XRP_USDT_LONG_B1_REFERENCE
LONG,7697.3,2026-09-29T21:45:12.542000+09:00,511_202609292145_SPX500_USDT_LONG,1,7658.8135,1.0,7735.786499999999,511_202609292145_SPX500_USDT_LONG_B1_REFERENCE
SHORT,0.11414,2026-09-29T21:54:25.167000+09:00,511_202609292150_HBAR_USDT_SHORT,1,0.1147107,1.0,0.1135693,511_202609292150_HBAR_USDT_SHORT_B1_REFERENCE
LONG,4.858,2026-09-29T21:54:29.463000+09:00,511_202609292150_NEAR_USDT_LONG,1,4.83371,1.0,4.882289999999999,511_202609292150_NEAR_USDT_LONG_B1_REFERENCE
LONG,4.3339e-06,2026-09-29T22:05:10.570000+09:00,511_202609292205_PEPE_USDT_LONG,1,4.3122305e-06,1.0,4.355569499999999e-06,511_202609292205_PEPE_USDT_LONG_B1_REFERENCE
LONG,84368.5,2026-09-29T22:14:35.359000+09:00,511_202609292210_BTC_USDT_LONG,1,83946.6575,1.0,84790.34249999998,511_202609292210_BTC_USDT_LONG_B1_REFERENCE
LONG,257.4,2026-09-29T22:14:42.394000+09:00,511_202609292210_QNT_USDT_LONG,1,256.113,1.0,258.68699999999995,511_202609292210_QNT_USDT_LONG_B1_REFERENCE
LONG,120.94,2026-09-29T22:14:39.924000+09:00,511_202609292210_SOL_USDT_LONG,1,120.3353,1.0,121.54469999999999,511_202609292210_SOL_USDT_LONG_B1_REFERENCE
LONG,4.846,2026-09-29T22:24:56.905000+09:00,511_202609292220_NEAR_USDT_LONG,1,4.82177,1.0,4.870229999999999,511_202609292220_NEAR_USDT_LONG_B1_REFERENCE
LONG,4.3623e-06,2026-09-29T22:24:58.785000+09:00,511_202609292220_PEPE_USDT_LONG,1,4.3404884999999996e-06,1.0,4.384111499999999e-06,511_202609292220_PEPE_USDT_LONG_B1_REFERENCE
SHORT,0.5163,2026-09-29T22:35:44.330000+09:00,511_202609292235_ONDO_USDT_SHORT,1,0.5188814999999999,1.0,0.5137185,511_202609292235_ONDO_USDT_SHORT_B1_REFERENCE
LONG,4.3599e-06,2026-09-29T22:44:58.649000+09:00,511_202609292240_PEPE_USDT_LONG,1,4.3381005000000006e-06,1.0,4.3816995e-06,511_202609292240_PEPE_USDT_LONG_B1_REFERENCE
LONG,121.12,2026-09-29T22:44:45.808000+09:00,511_202609292240_SOL_USDT_LONG,1,120.51440000000001,1.0,121.72559999999999,511_202609292240_SOL_USDT_LONG_B1_REFERENCE
LONG,1446.09,2026-09-29T22:44:43.068000+09:00,511_202609292240_ZEC_USDT_LONG,1,1438.85955,1.0,1453.3204499999997,511_202609292240_ZEC_USDT_LONG_B1_REFERENCE
LONG,148.19,2026-09-29T22:45:03.813000+09:00,511_202609292245_SOXL_USDT_LONG,1,147.44905,1.0,148.93095,511_202609292245_SOXL_USDT_LONG_B1_REFERENCE
SHORT,33.01,2026-09-29T22:45:08.863000+09:00,511_202609292245_SOXS_USDT_SHORT,1,33.17504999999999,1.0,32.84495,511_202609292245_SOXS_USDT_SHORT_B1_REFERENCE
LONG,0.09613,2026-09-29T22:54:49.260000+09:00,511_202609292250_DOGE_USDT_LONG,1,0.09564935,1.0,0.09661064999999998,511_202609292250_DOGE_USDT_LONG_B1_REFERENCE
LONG,5.015,2026-09-29T22:54:51.416000+09:00,511_202609292250_NEAR_USDT_LONG,1,4.9899249999999995,1.0,5.040074999999999,511_202609292250_NEAR_USDT_LONG_B1_REFERENCE
SHORT,15.114,2026-09-29T23:05:03.288000+09:00,511_202609292305_LINK_USDT_SHORT,1,15.18957,1.0,15.03843,511_202609292305_LINK_USDT_SHORT_B1_REFERENCE
LONG,1074.59,2026-09-29T23:05:02.304000+09:00,511_202609292305_MUSTOCK_USDT_LONG,1,1069.21705,1.0,1079.9629499999999,511_202609292305_MUSTOCK_USDT_LONG_B1_REFERENCE
LONG,4.954,2026-09-29T23:05:07.469000+09:00,511_202609292305_NEAR_USDT_LONG,1,4.92923,1.0,4.978769999999999,511_202609292305_NEAR_USDT_LONG_B1_REFERENCE
LONG,61.1,2026-09-29T23:05:01.218000+09:00,511_202609292305_SILVER_USDT_LONG,1,60.7945,1.0,61.405499999999996,511_202609292305_SILVER_USDT_LONG_B1_REFERENCE
LONG,149.9,2026-09-29T23:05:15.157000+09:00,511_202609292305_SOXL_USDT_LONG,1,149.1505,1.0,150.6495,511_202609292305_SOXL_USDT_LONG_B1_REFERENCE
SHORT,32.59,2026-09-29T23:05:21.632000+09:00,511_202609292305_SOXS_USDT_SHORT,1,32.75295,1.0,32.42705,511_202609292305_SOXS_USDT_SHORT_B1_REFERENCE
SHORT,15.06,2026-09-29T23:14:29.242000+09:00,511_202609292310_LINK_USDT_SHORT,1,15.135299999999999,1.0,14.9847,511_202609292310_LINK_USDT_SHORT_B1_REFERENCE
LONG,61.26,2026-09-29T23:14:27.241000+09:00,511_202609292310_SILVER_USDT_LONG,1,60.9537,1.0,61.56629999999999,511_202609292310_SILVER_USDT_LONG_B1_REFERENCE
SHORT,32.75,2026-09-29T23:14:49.358000+09:00,511_202609292310_SOXS_USDT_SHORT,1,32.91374999999999,1.0,32.58625,511_202609292310_SOXS_USDT_SHORT_B1_REFERENCE
LONG,4170.04,2026-09-29T23:14:24.110000+09:00,511_202609292310_XAU_USDT_LONG,1,4149.1898,1.0,4190.8902,511_202609292310_XAU_USDT_LONG_B1_REFERENCE
LONG,4.999,2026-09-29T23:24:49.113000+09:00,511_202609292320_NEAR_USDT_LONG,1,4.974005,1.0,5.023994999999999,511_202609292320_NEAR_USDT_LONG_B1_REFERENCE
LONG,0.5012,2026-09-29T23:24:56.280000+09:00,511_202609292320_WLD_USDT_LONG,1,0.49869399999999997,1.0,0.5037059999999999,511_202609292320_WLD_USDT_LONG_B1_REFERENCE
LONG,1329.78,2026-09-29T23:34:21.956000+09:00,511_202609292330_SKHYNIXSTOCK_USDT_LONG,1,1323.1311,1.0,1336.4288999999999,511_202609292330_SKHYNIXSTOCK_USDT_LONG_B1_REFERENCE
LONG,0.5185,2026-09-29T23:45:04.230000+09:00,511_202609292345_WLD_USDT_LONG,1,0.5159075,1.0,0.5210925,511_202609292345_WLD_USDT_LONG_B1_REFERENCE
SHORT,0.1139,2026-09-29T23:54:47.947000+09:00,511_202609292350_HBAR_USDT_SHORT,1,0.11446949999999999,1.0,0.1133305,511_202609292350_HBAR_USDT_SHORT_B1_REFERENCE
SHORT,244.2,2026-09-29T23:54:42.808000+09:00,511_202609292350_QNT_USDT_SHORT,1,245.42099999999996,1.0,242.97899999999998,511_202609292350_QNT_USDT_SHORT_B1_REFERENCE
LONG,61.34,2026-09-29T23:54:44.918000+09:00,511_202609292350_SILVER_USDT_LONG,1,61.033300000000004,1.0,61.646699999999996,511_202609292350_SILVER_USDT_LONG_B1_REFERENCE
SHORT,83383.8,2026-09-30T00:14:32.405000+09:00,511_202609300010_BTC_USDT_SHORT,1,83800.719,1.0,82966.88100000001,511_202609300010_BTC_USDT_SHORT_B1_REFERENCE
SHORT,86.872,2026-09-30T00:14:57.574000+09:00,511_202609300010_HYPE_USDT_SHORT,1,87.30635999999998,1.0,86.43764,511_202609300010_HYPE_USDT_SHORT_B1_REFERENCE
SHORT,0.5137,2026-09-30T00:15:02.508000+09:00,511_202609300015_ONDO_USDT_SHORT,1,0.5162685,1.0,0.5111315000000001,511_202609300015_ONDO_USDT_SHORT_B1_REFERENCE
SHORT,83001.7,2026-09-30T00:24:40.280000+09:00,511_202609300020_BTC_USDT_SHORT,1,83416.7085,1.0,82586.6915,511_202609300020_BTC_USDT_SHORT_B1_REFERENCE
SHORT,2675.42,2026-09-30T00:24:41.138000+09:00,511_202609300020_ETH_USDT_SHORT,1,2688.7971,1.0,2662.0429,511_202609300020_ETH_USDT_SHORT_B1_REFERENCE
SHORT,86.584,2026-09-30T00:24:58.976000+09:00,511_202609300020_HYPE_USDT_SHORT,1,87.01692,1.0,86.15108000000001,511_202609300020_HYPE_USDT_SHORT_B1_REFERENCE
SHORT,0.508,2026-09-30T00:25:04.645000+09:00,511_202609300025_ONDO_USDT_SHORT,1,0.51054,1.0,0.50546,511_202609300025_ONDO_USDT_SHORT_B1_REFERENCE
SHORT,0.09389,2026-09-30T00:33:17.615000+09:00,511_202609300030_DOGE_USDT_SHORT,1,0.09435945,1.0,0.09342055,511_202609300030_DOGE_USDT_SHORT_B1_REFERENCE
SHORT,14.844,2026-09-30T00:33:14.264000+09:00,511_202609300030_LINK_USDT_SHORT,1,14.918219999999998,1.0,14.769779999999999,511_202609300030_LINK_USDT_SHORT_B1_REFERENCE
SHORT,0.5097,2026-09-30T00:33:33.398000+09:00,511_202609300030_ONDO_USDT_SHORT,1,0.5122485,1.0,0.5071515000000001,511_202609300030_ONDO_USDT_SHORT_B1_REFERENCE
SHORT,1711.12,2026-09-30T00:33:30.191000+09:00,511_202609300030_SNDKSTOCK_USDT_SHORT,1,1719.6755999999998,1.0,1702.5644,511_202609300030_SNDKSTOCK_USDT_SHORT_B1_REFERENCE
SHORT,118.58,2026-09-30T00:33:07.678000+09:00,511_202609300030_SOL_USDT_SHORT,1,119.17289999999998,1.0,117.9871,511_202609300030_SOL_USDT_SHORT_B1_REFERENCE
SHORT,307.91,2026-09-30T00:33:19.806000+09:00,511_202609300030_TAO_USDT_SHORT,1,309.44955,1.0,306.37045,511_202609300030_TAO_USDT_SHORT_B1_REFERENCE
SHORT,1393.87,2026-09-30T00:33:05.261000+09:00,511_202609300030_ZEC_USDT_SHORT,1,1400.8393499999997,1.0,1386.9006499999998,511_202609300030_ZEC_USDT_SHORT_B1_REFERENCE
LONG,4.958,2026-09-30T00:45:07.550000+09:00,511_202609300045_NEAR_USDT_LONG,1,4.93321,1.0,4.98279,511_202609300045_NEAR_USDT_LONG_B1_REFERENCE
SHORT,0.244,2026-09-30T01:05:12.136000+09:00,511_202609300105_ADA_USDT_SHORT,1,0.24521999999999997,1.0,0.24278,511_202609300105_ADA_USDT_SHORT_B1_REFERENCE
SHORT,90.47,2026-09-30T01:13:16.566000+09:00,511_202609300110_USOIL_USDT_SHORT,1,90.92235,1.0,90.01765,511_202609300110_USOIL_USDT_SHORT_B1_REFERENCE
SHORT,0.09377,2026-09-30T01:34:13.180000+09:00,511_202609300130_DOGE_USDT_SHORT,1,0.09423885,1.0,0.09330115,511_202609300130_DOGE_USDT_SHORT_B1_REFERENCE
SHORT,86.488,2026-09-30T01:34:21.200000+09:00,511_202609300130_HYPE_USDT_SHORT,1,86.92043999999999,1.0,86.05556,511_202609300130_HYPE_USDT_SHORT_B1_REFERENCE
SHORT,309.41,2026-09-30T01:34:16.325000+09:00,511_202609300130_TAO_USDT_SHORT,1,310.95705,1.0,307.86295,511_202609300130_TAO_USDT_SHORT_B1_REFERENCE
SHORT,0.10688,2026-09-30T01:45:46.520000+09:00,511_202609300145_HBAR_USDT_SHORT,1,0.1074144,1.0,0.1063456,511_202609300145_HBAR_USDT_SHORT_B1_REFERENCE
SHORT,1066.04,2026-09-30T01:45:43.038000+09:00,511_202609300145_MUSTOCK_USDT_SHORT,1,1071.3701999999998,1.0,1060.7097999999999,511_202609300145_MUSTOCK_USDT_SHORT_B1_REFERENCE
SHORT,0.5008,2026-09-30T01:45:59.495000+09:00,511_202609300145_ONDO_USDT_SHORT,1,0.503304,1.0,0.498296,511_202609300145_ONDO_USDT_SHORT_B1_REFERENCE
SHORT,4.1816e-06,2026-09-30T01:45:49.413000+09:00,511_202609300145_PEPE_USDT_SHORT,1,4.202507999999999e-06,1.0,4.160692e-06,511_202609300145_PEPE_USDT_SHORT_B1_REFERENCE
SHORT,60.85,2026-09-30T01:45:42.185000+09:00,511_202609300145_SILVER_USDT_SHORT,1,61.15425,1.0,60.54575,511_202609300145_SILVER_USDT_SHORT_B1_REFERENCE
SHORT,0.09291,2026-09-30T01:55:55.457000+09:00,511_202609300155_DOGE_USDT_SHORT,1,0.09337455,1.0,0.09244545000000001,511_202609300155_DOGE_USDT_SHORT_B1_REFERENCE
SHORT,0.10428,2026-09-30T01:55:54.623000+09:00,511_202609300155_HBAR_USDT_SHORT,1,0.10480139999999999,1.0,0.10375859999999999,511_202609300155_HBAR_USDT_SHORT_B1_REFERENCE
SHORT,1707.52,2026-09-30T01:56:06.707000+09:00,511_202609300155_SNDKSTOCK_USDT_SHORT,1,1716.0575999999999,1.0,1698.9823999999999,511_202609300155_SNDKSTOCK_USDT_SHORT_B1_REFERENCE
SHORT,0.10638,2026-09-30T02:04:05.996000+09:00,511_202609300200_HBAR_USDT_SHORT,1,0.10691189999999999,1.0,0.1058481,511_202609300200_HBAR_USDT_SHORT_B1_REFERENCE
SHORT,60.86,2026-09-30T02:04:00.869000+09:00,511_202609300200_SILVER_USDT_SHORT,1,61.16429999999999,1.0,60.5557,511_202609300200_SILVER_USDT_SHORT_B1_REFERENCE
SHORT,0.5008,2026-09-30T02:15:16.324000+09:00,511_202609300215_ONDO_USDT_SHORT,1,0.503304,1.0,0.498296,511_202609300215_ONDO_USDT_SHORT_B1_REFERENCE
SHORT,1711.72,2026-09-30T02:34:25.370000+09:00,511_202609300230_SNDKSTOCK_USDT_SHORT,1,1720.2785999999999,1.0,1703.1614,511_202609300230_SNDKSTOCK_USDT_SHORT_B1_REFERENCE
SHORT,165.56,2026-09-30T02:53:40.543000+09:00,511_202609300250_AAVE_USDT_SHORT,1,166.3878,1.0,164.7322,511_202609300250_AAVE_USDT_SHORT_B1_REFERENCE
SHORT,7658.2,2026-09-30T02:53:41.495000+09:00,511_202609300250_SPX500_USDT_SHORT,1,7696.490999999999,1.0,7619.909,511_202609300250_SPX500_USDT_SHORT_B1_REFERENCE
SHORT,304.26,2026-09-30T02:53:28.609000+09:00,511_202609300250_TAO_USDT_SHORT,1,305.78129999999993,1.0,302.7387,511_202609300250_TAO_USDT_SHORT_B1_REFERENCE
LONG,1324.34,2026-09-30T03:06:02.799000+09:00,511_202609300305_SKHYNIXSTOCK_USDT_LONG,1,1317.7183,1.0,1330.9616999999998,511_202609300305_SKHYNIXSTOCK_USDT_LONG_B1_REFERENCE
LONG,265.35,2026-09-30T03:35:06.953000+09:00,511_202609300335_QNT_USDT_LONG,1,264.02325,1.0,266.67674999999997,511_202609300335_QNT_USDT_LONG_B1_REFERENCE
SHORT,147.62,2026-09-30T03:35:21.340000+09:00,511_202609300335_SOXL_USDT_SHORT,1,148.35809999999998,1.0,146.8819,511_202609300335_SOXL_USDT_SHORT_B1_REFERENCE
SHORT,89.59,2026-09-30T03:35:23.277000+09:00,511_202609300335_USOIL_USDT_SHORT,1,90.03795,1.0,89.14205,511_202609300335_USOIL_USDT_SHORT_B1_REFERENCE
LONG,4168.95,2026-09-30T03:35:05.988000+09:00,511_202609300335_XAU_USDT_LONG,1,4148.10525,1.0,4189.794749999999,511_202609300335_XAU_USDT_LONG_B1_REFERENCE
LONG,272.91,2026-09-30T03:44:41.337000+09:00,511_202609300340_QNT_USDT_LONG,1,271.54545,1.0,274.27455,511_202609300340_QNT_USDT_LONG_B1_REFERENCE
LONG,61.39,2026-09-30T03:44:43.958000+09:00,511_202609300340_SILVER_USDT_LONG,1,61.08305,1.0,61.696949999999994,511_202609300340_SILVER_USDT_LONG_B1_REFERENCE
LONG,1073.47,2026-09-30T03:54:44.301000+09:00,511_202609300350_MUSTOCK_USDT_LONG,1,1068.10265,1.0,1078.83735,511_202609300350_MUSTOCK_USDT_LONG_B1_REFERENCE
LONG,0.005836,2026-09-30T03:54:56.671000+09:00,511_202609300350_PUMPFUN_USDT_LONG,1,0.00580682,1.0,0.005865179999999999,511_202609300350_PUMPFUN_USDT_LONG_B1_REFERENCE
LONG,5.134,2026-09-30T04:06:01.855000+09:00,511_202609300405_NEAR_USDT_LONG,1,5.1083300000000005,1.0,5.15967,511_202609300405_NEAR_USDT_LONG_B1_REFERENCE
SHORT,89.32,2026-09-30T04:06:13.302000+09:00,511_202609300405_USOIL_USDT_SHORT,1,89.76659999999998,1.0,88.87339999999999,511_202609300405_USOIL_USDT_SHORT_B1_REFERENCE
LONG,0.005936,2026-09-30T04:24:55.849000+09:00,511_202609300420_PUMPFUN_USDT_LONG,1,0.0059063200000000005,1.0,0.005965679999999999,511_202609300420_PUMPFUN_USDT_LONG_B1_REFERENCE
LONG,273.23,2026-09-30T04:24:43.571000+09:00,511_202609300420_QNT_USDT_LONG,1,271.86385,1.0,274.59614999999997,511_202609300420_QNT_USDT_LONG_B1_REFERENCE
SHORT,165.47,2026-09-30T04:45:00.942000+09:00,511_202609300445_AAVE_USDT_SHORT,1,166.29735,1.0,164.64265,511_202609300445_AAVE_USDT_SHORT_B1_REFERENCE
SHORT,146.6,2026-09-30T04:45:02.505000+09:00,511_202609300445_SOXL_USDT_SHORT,1,147.33299999999997,1.0,145.867,511_202609300445_SOXL_USDT_SHORT_B1_REFERENCE
SHORT,85.337,2026-09-30T04:54:56.439000+09:00,511_202609300450_HYPE_USDT_SHORT,1,85.763685,1.0,84.910315,511_202609300450_HYPE_USDT_SHORT_B1_REFERENCE
SHORT,118.73,2026-09-30T04:54:41.716000+09:00,511_202609300450_SOL_USDT_SHORT,1,119.32364999999999,1.0,118.13635000000001,511_202609300450_SOL_USDT_SHORT_B1_REFERENCE
SHORT,1.4936,2026-09-30T04:54:40.703000+09:00,511_202609300450_XRP_USDT_SHORT,1,1.5010679999999998,1.0,1.486132,511_202609300450_XRP_USDT_SHORT_B1_REFERENCE
LONG,30358.0,2026-09-30T04:55:07.699000+09:00,511_202609300455_NAS100_USDT_LONG,1,30206.21,1.0,30509.789999999997,511_202609300455_NAS100_USDT_LONG_B1_REFERENCE
LONG,1730.43,2026-09-30T04:55:03.620000+09:00,511_202609300455_SNDKSTOCK_USDT_LONG,1,1721.77785,1.0,1739.08215,511_202609300455_SNDKSTOCK_USDT_LONG_B1_REFERENCE
SHORT,301.95,2026-09-30T05:05:12.670000+09:00,511_202609300505_TAO_USDT_SHORT,1,303.45974999999993,1.0,300.44025,511_202609300505_TAO_USDT_SHORT_B1_REFERENCE
LONG,4178.42,2026-09-30T05:05:00.967000+09:00,511_202609300505_XAU_USDT_LONG,1,4157.5279,1.0,4199.312099999999,511_202609300505_XAU_USDT_LONG_B1_REFERENCE
LONG,266.39,2026-09-30T05:13:53.263000+09:00,511_202609300510_QNT_USDT_LONG,1,265.05805,1.0,267.72194999999994,511_202609300510_QNT_USDT_LONG_B1_REFERENCE
LONG,7679.3,2026-09-30T05:35:15.625000+09:00,511_202609300535_SPX500_USDT_LONG,1,7640.9035,1.0,7717.696499999999,511_202609300535_SPX500_USDT_LONG_B1_REFERENCE
SHORT,0.10346,2026-09-30T05:44:59.420000+09:00,511_202609300540_HBAR_USDT_SHORT,1,0.10397729999999998,1.0,0.1029427,511_202609300540_HBAR_USDT_SHORT_B1_REFERENCE
LONG,1.1588,2026-09-30T05:44:55.825000+09:00,511_202609300540_SUI_USDT_LONG,1,1.153006,1.0,1.164594,511_202609300540_SUI_USDT_LONG_B1_REFERENCE
LONG,0.005944,2026-09-30T05:45:04.544000+09:00,511_202609300545_PUMPFUN_USDT_LONG,1,0.005914279999999999,1.0,0.005973719999999999,511_202609300545_PUMPFUN_USDT_LONG_B1_REFERENCE
SHORT,1069.13,2026-09-30T05:54:47.955000+09:00,511_202609300550_MUSTOCK_USDT_SHORT,1,1074.47565,1.0,1063.7843500000001,511_202609300550_MUSTOCK_USDT_SHORT_B1_REFERENCE
LONG,119.08,2026-09-30T05:54:43.587000+09:00,511_202609300550_SOL_USDT_LONG,1,118.4846,1.0,119.67539999999998,511_202609300550_SOL_USDT_LONG_B1_REFERENCE
SHORT,1399.34,2026-09-30T06:05:02.663000+09:00,511_202609300605_ZEC_USDT_SHORT,1,1406.3366999999998,1.0,1392.3433,511_202609300605_ZEC_USDT_SHORT_B1_REFERENCE
LONG,1728.6,2026-09-30T06:25:13.859000+09:00,511_202609300625_SNDKSTOCK_USDT_LONG,1,1719.9569999999999,1.0,1737.2429999999997,511_202609300625_SNDKSTOCK_USDT_LONG_B1_REFERENCE
SHORT,2679.09,2026-09-30T06:35:00.029000+09:00,511_202609300635_ETH_USDT_SHORT,1,2692.4854499999997,1.0,2665.69455,511_202609300635_ETH_USDT_SHORT_B1_REFERENCE
LONG,4.262e-06,2026-09-30T06:35:15.655000+09:00,511_202609300635_PEPE_USDT_LONG,1,4.24069e-06,1.0,4.283309999999999e-06,511_202609300635_PEPE_USDT_LONG_B1_REFERENCE
LONG,1.1533,2026-09-30T06:35:09.414000+09:00,511_202609300635_SUI_USDT_LONG,1,1.1475335,1.0,1.1590664999999998,511_202609300635_SUI_USDT_LONG_B1_REFERENCE
LONG,11.455,2026-09-30T06:53:17.225000+09:00,511_202609300650_AVAX_USDT_LONG,1,11.397725,1.0,11.512274999999999,511_202609300650_AVAX_USDT_LONG_B1_REFERENCE
LONG,61.52,2026-09-30T06:53:08.814000+09:00,511_202609300650_SILVER_USDT_LONG,1,61.2124,1.0,61.8276,511_202609300650_SILVER_USDT_LONG_B1_REFERENCE
LONG,4184.66,2026-09-30T06:53:04.542000+09:00,511_202609300650_XAU_USDT_LONG,1,4163.7366999999995,1.0,4205.583299999999,511_202609300650_XAU_USDT_LONG_B1_REFERENCE
LONG,4182.3,2026-09-30T07:04:22.255000+09:00,511_202609300700_XAUT_USDT_LONG,1,4161.3885,1.0,4203.211499999999,511_202609300700_XAUT_USDT_LONG_B1_REFERENCE
LONG,1072.82,2026-09-30T07:14:56.316000+09:00,511_202609300710_MUSTOCK_USDT_LONG,1,1067.4559,1.0,1078.1840999999997,511_202609300710_MUSTOCK_USDT_LONG_B1_REFERENCE
LONG,61.62,2026-09-30T07:14:57.322000+09:00,511_202609300710_SILVER_USDT_LONG,1,61.311899999999994,1.0,61.92809999999999,511_202609300710_SILVER_USDT_LONG_B1_REFERENCE
LONG,30422.0,2026-09-30T07:15:19.131000+09:00,511_202609300715_NAS100_USDT_LONG,1,30269.89,1.0,30574.109999999997,511_202609300715_NAS100_USDT_LONG_B1_REFERENCE
LONG,4.2782e-06,2026-09-30T07:15:04.842000+09:00,511_202609300715_PEPE_USDT_LONG,1,4.256809e-06,1.0,4.299591e-06,511_202609300715_PEPE_USDT_LONG_B1_REFERENCE
LONG,148.19,2026-09-30T07:15:12.669000+09:00,511_202609300715_SOXL_USDT_LONG,1,147.44905,1.0,148.93095,511_202609300715_SOXL_USDT_LONG_B1_REFERENCE
LONG,119.28,2026-09-30T07:24:44.423000+09:00,511_202609300720_SOL_USDT_LONG,1,118.6836,1.0,119.87639999999999,511_202609300720_SOL_USDT_LONG_B1_REFERENCE
LONG,1731.18,2026-09-30T07:25:08.530000+09:00,511_202609300725_SNDKSTOCK_USDT_LONG,1,1722.5241,1.0,1739.8358999999998,511_202609300725_SNDKSTOCK_USDT_LONG_B1_REFERENCE
LONG,148.48,2026-09-30T07:25:06.199000+09:00,511_202609300725_SOXL_USDT_LONG,1,147.7376,1.0,149.22239999999996,511_202609300725_SOXL_USDT_LONG_B1_REFERENCE
LONG,7687.5,2026-09-30T07:25:09.564000+09:00,511_202609300725_SPX500_USDT_LONG,1,7649.0625,1.0,7725.937499999999,511_202609300725_SPX500_USDT_LONG_B1_REFERENCE
SHORT,0.4875,2026-09-30T07:34:34.257000+09:00,511_202609300730_WLD_USDT_SHORT,1,0.4899374999999999,1.0,0.4850625,511_202609300730_WLD_USDT_SHORT_B1_REFERENCE
LONG,0.09411,2026-09-30T07:43:03.884000+09:00,511_202609300740_DOGE_USDT_LONG,1,0.09363945,1.0,0.09458054999999999,511_202609300740_DOGE_USDT_LONG_B1_REFERENCE
LONG,1072.59,2026-09-30T07:43:01.332000+09:00,511_202609300740_MUSTOCK_USDT_LONG,1,1067.22705,1.0,1077.9529499999999,511_202609300740_MUSTOCK_USDT_LONG_B1_REFERENCE
LONG,148.27,2026-09-30T07:43:15.269000+09:00,511_202609300740_SOXL_USDT_LONG,1,147.52865,1.0,149.01135,511_202609300740_SOXL_USDT_LONG_B1_REFERENCE
SHORT,0.4889,2026-09-30T07:43:11.767000+09:00,511_202609300740_WLD_USDT_SHORT,1,0.49134449999999996,1.0,0.4864555,511_202609300740_WLD_USDT_SHORT_B1_REFERENCE
LONG,7684.5,2026-09-30T07:55:28.966000+09:00,511_202609300755_SPX500_USDT_LONG,1,7646.0775,1.0,7722.922499999999,511_202609300755_SPX500_USDT_LONG_B1_REFERENCE
SHORT,166.1,2026-09-30T08:05:18.967000+09:00,511_202609300805_AAVE_USDT_SHORT,1,166.93049999999997,1.0,165.2695,511_202609300805_AAVE_USDT_SHORT_B1_REFERENCE
LONG,1424.48,2026-09-30T08:13:54.959000+09:00,511_202609300810_ZEC_USDT_LONG,1,1417.3576,1.0,1431.6023999999998,511_202609300810_ZEC_USDT_LONG_B1_REFERENCE
SHORT,0.20537,2026-09-30T08:25:33.623000+09:00,511_202609300825_ARB_USDT_SHORT,1,0.20639684999999997,1.0,0.20434315,511_202609300825_ARB_USDT_SHORT_B1_REFERENCE
SHORT,301.44,2026-09-30T08:25:15.507000+09:00,511_202609300825_TAO_USDT_SHORT,1,302.94719999999995,1.0,299.9328,511_202609300825_TAO_USDT_SHORT_B1_REFERENCE
SHORT,0.202,2026-09-30T08:35:33.209000+09:00,511_202609300835_ARB_USDT_SHORT,1,0.20301,1.0,0.20099,511_202609300835_ARB_USDT_SHORT_B1_REFERENCE
SHORT,0.5017,2026-09-30T08:35:32.200000+09:00,511_202609300835_ONDO_USDT_SHORT,1,0.5042085,1.0,0.4991915,511_202609300835_ONDO_USDT_SHORT_B1_REFERENCE
SHORT,0.4785,2026-09-30T08:44:59.224000+09:00,511_202609300840_WLD_USDT_SHORT,1,0.48089249999999995,1.0,0.47610749999999996,511_202609300840_WLD_USDT_SHORT_B1_REFERENCE
SHORT,164.86,2026-09-30T08:45:00.084000+09:00,511_202609300845_AAVE_USDT_SHORT,1,165.6843,1.0,164.03570000000002,511_202609300845_AAVE_USDT_SHORT_B1_REFERENCE
SHORT,0.2015,2026-09-30T08:45:06.889000+09:00,511_202609300845_ARB_USDT_SHORT,1,0.20250749999999998,1.0,0.20049250000000002,511_202609300845_ARB_USDT_SHORT_B1_REFERENCE
SHORT,0.5009,2026-09-30T08:45:06.054000+09:00,511_202609300845_ONDO_USDT_SHORT,1,0.5034044999999999,1.0,0.4983955,511_202609300845_ONDO_USDT_SHORT_B1_REFERENCE
SHORT,14.594,2026-09-30T08:53:02.672000+09:00,511_202609300850_LINK_USDT_SHORT,1,14.666969999999997,1.0,14.52103,511_202609300850_LINK_USDT_SHORT_B1_REFERENCE
SHORT,4.893,2026-09-30T08:53:01.822000+09:00,511_202609300850_NEAR_USDT_SHORT,1,4.917464999999999,1.0,4.868535,511_202609300850_NEAR_USDT_SHORT_B1_REFERENCE
LONG,119.09,2026-09-30T08:52:54.969000+09:00,511_202609300850_SOL_USDT_LONG,1,118.49455,1.0,119.68544999999999,511_202609300850_SOL_USDT_LONG_B1_REFERENCE
SHORT,1.491,2026-09-30T08:52:54.109000+09:00,511_202609300850_XRP_USDT_SHORT,1,1.4984549999999999,1.0,1.4835450000000001,511_202609300850_XRP_USDT_SHORT_B1_REFERENCE
LONG,1073.21,2026-09-30T09:04:29.193000+09:00,511_202609300900_MUSTOCK_USDT_LONG,1,1067.84395,1.0,1078.57605,511_202609300900_MUSTOCK_USDT_LONG_B1_REFERENCE
SHORT,0.10131,2026-09-30T09:14:55.082000+09:00,511_202609300910_HBAR_USDT_SHORT,1,0.10181654999999999,1.0,0.10080345,511_202609300910_HBAR_USDT_SHORT_B1_REFERENCE
SHORT,163.98,2026-09-30T09:15:03.385000+09:00,511_202609300915_AAVE_USDT_SHORT,1,164.79989999999998,1.0,163.1601,511_202609300915_AAVE_USDT_SHORT_B1_REFERENCE
SHORT,0.2427,2026-09-30T09:15:09.294000+09:00,511_202609300915_ADA_USDT_SHORT,1,0.24391349999999998,1.0,0.2414865,511_202609300915_ADA_USDT_SHORT_B1_REFERENCE
LONG,149.95,2026-09-30T09:15:04.370000+09:00,511_202609300915_SOXL_USDT_LONG,1,149.20024999999998,1.0,150.69974999999997,511_202609300915_SOXL_USDT_LONG_B1_REFERENCE
SHORT,0.09329,2026-09-30T09:24:07.609000+09:00,511_202609300920_DOGE_USDT_SHORT,1,0.09375644999999999,1.0,0.09282354999999999,511_202609300920_DOGE_USDT_SHORT_B1_REFERENCE
SHORT,1.1446,2026-09-30T09:24:06.750000+09:00,511_202609300920_SUI_USDT_SHORT,1,1.150323,1.0,1.1388770000000001,511_202609300920_SUI_USDT_SHORT_B1_REFERENCE
SHORT,163.19,2026-09-30T09:34:19.293000+09:00,511_202609300930_AAVE_USDT_SHORT,1,164.00594999999998,1.0,162.37405,511_202609300930_AAVE_USDT_SHORT_B1_REFERENCE
SHORT,14.463,2026-09-30T09:44:54.391000+09:00,511_202609300940_LINK_USDT_SHORT,1,14.535314999999997,1.0,14.390685,511_202609300940_LINK_USDT_SHORT_B1_REFERENCE
SHORT,1.1465,2026-09-30T09:44:51.234000+09:00,511_202609300940_SUI_USDT_SHORT,1,1.1522325,1.0,1.1407675000000002,511_202609300940_SUI_USDT_SHORT_B1_REFERENCE
SHORT,0.20322,2026-09-30T09:45:10.934000+09:00,511_202609300945_ARB_USDT_SHORT,1,0.2042361,1.0,0.20220390000000002,511_202609300945_ARB_USDT_SHORT_B1_REFERENCE
SHORT,0.5047,2026-09-30T09:45:09.980000+09:00,511_202609300945_ONDO_USDT_SHORT,1,0.5072234999999999,1.0,0.5021765,511_202609300945_ONDO_USDT_SHORT_B1_REFERENCE
SHORT,0.09339,2026-09-30T09:54:52.589000+09:00,511_202609300950_DOGE_USDT_SHORT,1,0.09385695,1.0,0.09292305000000001,511_202609300950_DOGE_USDT_SHORT_B1_REFERENCE
LONG,270.46,2026-09-30T09:54:48.021000+09:00,511_202609300950_QNT_USDT_LONG,1,269.10769999999997,1.0,271.81229999999994,511_202609300950_QNT_USDT_LONG_B1_REFERENCE
SHORT,1.1414,2026-09-30T09:54:53.452000+09:00,511_202609300950_SUI_USDT_SHORT,1,1.1471069999999999,1.0,1.135693,511_202609300950_SUI_USDT_SHORT_B1_REFERENCE
SHORT,299.01,2026-09-30T09:54:56.964000+09:00,511_202609300950_TAO_USDT_SHORT,1,300.50505,1.0,297.51495,511_202609300950_TAO_USDT_SHORT_B1_REFERENCE
LONG,1424.54,2026-09-30T10:05:27.542000+09:00,511_202609301005_ZEC_USDT_LONG,1,1417.4173,1.0,1431.6626999999999,511_202609301005_ZEC_USDT_LONG_B1_REFERENCE
LONG,11.427,2026-09-30T10:14:13.358000+09:00,511_202609301010_AVAX_USDT_LONG,1,11.369864999999999,1.0,11.484134999999998,511_202609301010_AVAX_USDT_LONG_B1_REFERENCE
LONG,1337.79,2026-09-30T10:14:14.214000+09:00,511_202609301010_SKHYNIXSTOCK_USDT_LONG,1,1331.10105,1.0,1344.4789499999997,511_202609301010_SKHYNIXSTOCK_USDT_LONG_B1_REFERENCE
LONG,4.3045e-06,2026-09-30T10:24:57.155000+09:00,511_202609301020_PEPE_USDT_LONG,1,4.2829775e-06,1.0,4.3260225e-06,511_202609301020_PEPE_USDT_LONG_B1_REFERENCE
SHORT,61.07,2026-09-30T10:24:49.066000+09:00,511_202609301020_SILVER_USDT_SHORT,1,61.37534999999999,1.0,60.76465,511_202609301020_SILVER_USDT_SHORT_B1_REFERENCE
LONG,119.5,2026-09-30T10:24:43.646000+09:00,511_202609301020_SOL_USDT_LONG,1,118.9025,1.0,120.09749999999998,511_202609301020_SOL_USDT_LONG_B1_REFERENCE
LONG,1.1718,2026-09-30T10:24:50.329000+09:00,511_202609301020_SUI_USDT_LONG,1,1.165941,1.0,1.1776589999999998,511_202609301020_SUI_USDT_LONG_B1_REFERENCE
SHORT,83322.4,2026-09-30T10:34:47.771000+09:00,511_202609301030_BTC_USDT_SHORT,1,83739.01199999999,1.0,82905.788,511_202609301030_BTC_USDT_SHORT_B1_REFERENCE
SHORT,2667.93,2026-09-30T10:34:48.787000+09:00,511_202609301030_ETH_USDT_SHORT,1,2681.2696499999997,1.0,2654.59035,511_202609301030_ETH_USDT_SHORT_B1_REFERENCE
SHORT,61.12,2026-09-30T10:34:57.557000+09:00,511_202609301030_SILVER_USDT_SHORT,1,61.42559999999999,1.0,60.8144,511_202609301030_SILVER_USDT_SHORT_B1_REFERENCE
SHORT,14.44,2026-09-30T10:35:01.853000+09:00,511_202609301035_LINK_USDT_SHORT,1,14.512199999999998,1.0,14.367799999999999,511_202609301035_LINK_USDT_SHORT_B1_REFERENCE
LONG,119.39,2026-09-30T10:44:49.555000+09:00,511_202609301040_SOL_USDT_LONG,1,118.79305,1.0,119.98695,511_202609301040_SOL_USDT_LONG_B1_REFERENCE
LONG,1423.99,2026-09-30T10:44:47.143000+09:00,511_202609301040_ZEC_USDT_LONG,1,1416.87005,1.0,1431.1099499999998,511_202609301040_ZEC_USDT_LONG_B1_REFERENCE
LONG,119.43,2026-09-30T10:54:43.258000+09:00,511_202609301050_SOL_USDT_LONG,1,118.83285000000001,1.0,120.02714999999999,511_202609301050_SOL_USDT_LONG_B1_REFERENCE
LONG,86.38,2026-09-30T10:55:00.642000+09:00,511_202609301055_HYPE_USDT_LONG,1,85.9481,1.0,86.81189999999998,511_202609301055_HYPE_USDT_LONG_B1_REFERENCE
LONG,303.14,2026-09-30T11:14:43.541000+09:00,511_202609301110_QNT_USDT_LONG,1,301.6243,1.0,304.65569999999997,511_202609301110_QNT_USDT_LONG_B1_REFERENCE
LONG,119.66,2026-09-30T11:14:42.522000+09:00,511_202609301110_SOL_USDT_LONG,1,119.0617,1.0,120.25829999999998,511_202609301110_SOL_USDT_LONG_B1_REFERENCE
LONG,288.2,2026-09-30T11:24:01.616000+09:00,511_202609301120_QNT_USDT_LONG,1,286.759,1.0,289.64099999999996,511_202609301120_QNT_USDT_LONG_B1_REFERENCE
SHORT,1724.0,2026-09-30T11:24:19.321000+09:00,511_202609301120_SNDKSTOCK_USDT_SHORT,1,1732.62,1.0,1715.3799999999999,511_202609301120_SNDKSTOCK_USDT_SHORT_B1_REFERENCE
LONG,1.1611,2026-09-30T11:24:06.929000+09:00,511_202609301120_SUI_USDT_LONG,1,1.1552945000000001,1.0,1.1669055,511_202609301120_SUI_USDT_LONG_B1_REFERENCE
SHORT,0.4965,2026-09-30T11:35:21.803000+09:00,511_202609301135_ONDO_USDT_SHORT,1,0.49898249999999994,1.0,0.4940175,511_202609301135_ONDO_USDT_SHORT_B1_REFERENCE
SHORT,1315.19,2026-09-30T11:35:10.259000+09:00,511_202609301135_SKHYNIXSTOCK_USDT_SHORT,1,1321.76595,1.0,1308.6140500000001,511_202609301135_SKHYNIXSTOCK_USDT_SHORT_B1_REFERENCE
SHORT,83352.5,2026-09-30T11:44:44.764000+09:00,511_202609301140_BTC_USDT_SHORT,1,83769.2625,1.0,82935.7375,511_202609301140_BTC_USDT_SHORT_B1_REFERENCE
SHORT,1068.88,2026-09-30T11:44:52.846000+09:00,511_202609301140_MUSTOCK_USDT_SHORT,1,1074.2244,1.0,1063.5356000000002,511_202609301140_MUSTOCK_USDT_SHORT_B1_REFERENCE
LONG,1.5006,2026-09-30T11:44:47.998000+09:00,511_202609301140_XRP_USDT_LONG,1,1.493097,1.0,1.5081029999999997,511_202609301140_XRP_USDT_LONG_B1_REFERENCE
LONG,0.2458,2026-09-30T11:45:17.556000+09:00,511_202609301145_ADA_USDT_LONG,1,0.24457099999999998,1.0,0.24702899999999997,511_202609301145_ADA_USDT_LONG_B1_REFERENCE
LONG,4.295e-06,2026-09-30T11:45:04.862000+09:00,511_202609301145_PEPE_USDT_LONG,1,4.273525000000001e-06,1.0,4.316475e-06,511_202609301145_PEPE_USDT_LONG_B1_REFERENCE
LONG,89.62,2026-09-30T11:55:04.343000+09:00,511_202609301155_USOIL_USDT_LONG,1,89.17190000000001,1.0,90.0681,511_202609301155_USOIL_USDT_LONG_B1_REFERENCE
LONG,286.16,2026-09-30T12:05:03.041000+09:00,511_202609301205_QNT_USDT_LONG,1,284.72920000000005,1.0,287.5908,511_202609301205_QNT_USDT_LONG_B1_REFERENCE
LONG,89.75,2026-09-30T12:05:20.105000+09:00,511_202609301205_USOIL_USDT_LONG,1,89.30125,1.0,90.19874999999999,511_202609301205_USOIL_USDT_LONG_B1_REFERENCE
SHORT,1315.81,2026-09-30T12:25:08.340000+09:00,511_202609301225_SKHYNIXSTOCK_USDT_SHORT,1,1322.3890499999998,1.0,1309.23095,511_202609301225_SKHYNIXSTOCK_USDT_SHORT_B1_REFERENCE
SHORT,145.24,2026-09-30T12:25:14.742000+09:00,511_202609301225_SOXL_USDT_SHORT,1,145.9662,1.0,144.5138,511_202609301225_SOXL_USDT_SHORT_B1_REFERENCE
SHORT,85.785,2026-09-30T12:35:14.972000+09:00,511_202609301235_HYPE_USDT_SHORT,1,86.21392499999999,1.0,85.35607499999999,511_202609301235_HYPE_USDT_SHORT_B1_REFERENCE
SHORT,0.005762,2026-09-30T12:35:20.446000+09:00,511_202609301235_PUMPFUN_USDT_SHORT,1,0.0057908099999999995,1.0,0.00573319,511_202609301235_PUMPFUN_USDT_SHORT_B1_REFERENCE
SHORT,300.6,2026-09-30T12:35:08.188000+09:00,511_202609301235_TAO_USDT_SHORT,1,302.103,1.0,299.09700000000004,511_202609301235_TAO_USDT_SHORT_B1_REFERENCE
LONG,119.62,2026-09-30T12:44:06.981000+09:00,511_202609301240_SOL_USDT_LONG,1,119.0219,1.0,120.21809999999999,511_202609301240_SOL_USDT_LONG_B1_REFERENCE
SHORT,4.879,2026-09-30T12:55:32.150000+09:00,511_202609301255_NEAR_USDT_SHORT,1,4.903394999999999,1.0,4.854604999999999,511_202609301255_NEAR_USDT_SHORT_B1_REFERENCE
LONG,0.10507,2026-09-30T13:05:33.113000+09:00,511_202609301305_HBAR_USDT_LONG,1,0.10454465,1.0,0.10559534999999999,511_202609301305_HBAR_USDT_LONG_B1_REFERENCE
LONG,1073.04,2026-09-30T13:05:26.618000+09:00,511_202609301305_MUSTOCK_USDT_LONG,1,1067.6748,1.0,1078.4052,511_202609301305_MUSTOCK_USDT_LONG_B1_REFERENCE
SHORT,1318.08,2026-09-30T13:24:56.386000+09:00,511_202609301320_SKHYNIXSTOCK_USDT_SHORT,1,1324.6703999999997,1.0,1311.4895999999999,511_202609301320_SKHYNIXSTOCK_USDT_SHORT_B1_REFERENCE
SHORT,1408.23,2026-09-30T13:34:58.930000+09:00,511_202609301330_ZEC_USDT_SHORT,1,1415.2711499999998,1.0,1401.18885,511_202609301330_ZEC_USDT_SHORT_B1_REFERENCE
SHORT,11.312,2026-09-30T13:35:16.205000+09:00,511_202609301335_AVAX_USDT_SHORT,1,11.368559999999999,1.0,11.25544,511_202609301335_AVAX_USDT_SHORT_B1_REFERENCE
SHORT,0.09356,2026-09-30T13:35:07.378000+09:00,511_202609301335_DOGE_USDT_SHORT,1,0.0940278,1.0,0.0930922,511_202609301335_DOGE_USDT_SHORT_B1_REFERENCE
SHORT,85.838,2026-09-30T13:35:17.175000+09:00,511_202609301335_HYPE_USDT_SHORT,1,86.26718999999999,1.0,85.40880999999999,511_202609301335_HYPE_USDT_SHORT_B1_REFERENCE
LONG,0.4927,2026-09-30T13:35:19.421000+09:00,511_202609301335_WLD_USDT_LONG,1,0.4902365,1.0,0.4951635,511_202609301335_WLD_USDT_LONG_B1_REFERENCE
SHORT,0.005734,2026-09-30T13:43:24.467000+09:00,511_202609301340_PUMPFUN_USDT_SHORT,1,0.00576267,1.0,0.005705330000000001,511_202609301340_PUMPFUN_USDT_SHORT_B1_REFERENCE
LONG,0.4952,2026-09-30T13:43:21.435000+09:00,511_202609301340_WLD_USDT_LONG,1,0.492724,1.0,0.4976759999999999,511_202609301340_WLD_USDT_LONG_B1_REFERENCE
SHORT,85.63,2026-09-30T14:04:33.329000+09:00,511_202609301400_HYPE_USDT_SHORT,1,86.05814999999998,1.0,85.20185,511_202609301400_HYPE_USDT_SHORT_B1_REFERENCE
SHORT,30341.0,2026-09-30T14:15:25.309000+09:00,511_202609301415_NAS100_USDT_SHORT,1,30492.704999999998,1.0,30189.295,511_202609301415_NAS100_USDT_SHORT_B1_REFERENCE
SHORT,61.03,2026-09-30T14:15:06.075000+09:00,511_202609301415_SILVER_USDT_SHORT,1,61.33514999999999,1.0,60.72485,511_202609301415_SILVER_USDT_SHORT_B1_REFERENCE
SHORT,118.55,2026-09-30T14:15:00.523000+09:00,511_202609301415_SOL_USDT_SHORT,1,119.14274999999998,1.0,117.95725,511_202609301415_SOL_USDT_SHORT_B1_REFERENCE
SHORT,4.931,2026-09-30T14:24:07.506000+09:00,511_202609301420_NEAR_USDT_SHORT,1,4.955654999999999,1.0,4.906345,511_202609301420_NEAR_USDT_SHORT_B1_REFERENCE
LONG,0.10456,2026-09-30T14:35:19.786000+09:00,511_202609301435_HBAR_USDT_LONG,1,0.1040372,1.0,0.10508279999999999,511_202609301435_HBAR_USDT_LONG_B1_REFERENCE
LONG,4.3034e-06,2026-09-30T14:35:23.425000+09:00,511_202609301435_PEPE_USDT_LONG,1,4.281883e-06,1.0,4.324917e-06,511_202609301435_PEPE_USDT_LONG_B1_REFERENCE
LONG,0.501,2026-09-30T14:35:27.700000+09:00,511_202609301435_WLD_USDT_LONG,1,0.498495,1.0,0.503505,511_202609301435_WLD_USDT_LONG_B1_REFERENCE
LONG,1.502,2026-09-30T14:35:09.738000+09:00,511_202609301435_XRP_USDT_LONG,1,1.49449,1.0,1.50951,511_202609301435_XRP_USDT_LONG_B1_REFERENCE
SHORT,11.266,2026-09-30T15:05:17.608000+09:00,511_202609301505_AVAX_USDT_SHORT,1,11.32233,1.0,11.20967,511_202609301505_AVAX_USDT_SHORT_B1_REFERENCE
LONG,0.5057,2026-09-30T15:05:27.378000+09:00,511_202609301505_ONDO_USDT_LONG,1,0.5031715,1.0,0.5082285,511_202609301505_ONDO_USDT_LONG_B1_REFERENCE
LONG,1.169,2026-09-30T15:05:10.385000+09:00,511_202609301505_SUI_USDT_LONG,1,1.163155,1.0,1.174845,511_202609301505_SUI_USDT_LONG_B1_REFERENCE
LONG,4179.8,2026-09-30T15:05:07.372000+09:00,511_202609301505_XAUT_USDT_LONG,1,4158.901,1.0,4200.699,511_202609301505_XAUT_USDT_LONG_B1_REFERENCE
SHORT,1396.03,2026-09-30T15:14:49.425000+09:00,511_202609301510_ZEC_USDT_SHORT,1,1403.0101499999998,1.0,1389.0498499999999,511_202609301510_ZEC_USDT_SHORT_B1_REFERENCE
SHORT,14.341,2026-09-30T15:15:01.332000+09:00,511_202609301515_LINK_USDT_SHORT,1,14.412704999999997,1.0,14.269295,511_202609301515_LINK_USDT_SHORT_B1_REFERENCE
LONG,4.3143e-06,2026-09-30T15:15:07.319000+09:00,511_202609301515_PEPE_USDT_LONG,1,4.2927285e-06,1.0,4.3358715e-06,511_202609301515_PEPE_USDT_LONG_B1_REFERENCE
SHORT,0.005674,2026-09-30T15:15:13.426000+09:00,511_202609301515_PUMPFUN_USDT_SHORT,1,0.00570237,1.0,0.0056456300000000004,511_202609301515_PUMPFUN_USDT_SHORT_B1_REFERENCE
SHORT,1316.76,2026-09-30T15:15:03.329000+09:00,511_202609301515_SKHYNIXSTOCK_USDT_SHORT,1,1323.3437999999999,1.0,1310.1761999999999,511_202609301515_SKHYNIXSTOCK_USDT_SHORT_B1_REFERENCE
SHORT,144.64,2026-09-30T15:15:10.351000+09:00,511_202609301515_SOXL_USDT_SHORT,1,145.36319999999998,1.0,143.9168,511_202609301515_SOXL_USDT_SHORT_B1_REFERENCE
SHORT,89.39,2026-09-30T15:15:09.360000+09:00,511_202609301515_USOIL_USDT_SHORT,1,89.83694999999999,1.0,88.94305,511_202609301515_USOIL_USDT_SHORT_B1_REFERENCE
SHORT,118.52,2026-09-30T15:23:08.885000+09:00,511_202609301520_SOL_USDT_SHORT,1,119.11259999999999,1.0,117.92739999999999,511_202609301520_SOL_USDT_SHORT_B1_REFERENCE
LONG,1.1672,2026-09-30T15:23:15.640000+09:00,511_202609301520_SUI_USDT_LONG,1,1.161364,1.0,1.173036,511_202609301520_SUI_USDT_LONG_B1_REFERENCE
SHORT,0.2429,2026-09-30T15:35:57.158000+09:00,511_202609301535_ADA_USDT_SHORT,1,0.24411449999999998,1.0,0.2416855,511_202609301535_ADA_USDT_SHORT_B1_REFERENCE
LONG,0.10445,2026-09-30T15:35:43.087000+09:00,511_202609301535_HBAR_USDT_LONG,1,0.10392775,1.0,0.10497224999999999,511_202609301535_HBAR_USDT_LONG_B1_REFERENCE
SHORT,85.273,2026-09-30T15:35:48.329000+09:00,511_202609301535_HYPE_USDT_SHORT,1,85.69936499999999,1.0,84.84663499999999,511_202609301535_HYPE_USDT_SHORT_B1_REFERENCE
SHORT,1070.58,2026-09-30T15:35:36.888000+09:00,511_202609301535_MUSTOCK_USDT_SHORT,1,1075.9328999999998,1.0,1065.2270999999998,511_202609301535_MUSTOCK_USDT_SHORT_B1_REFERENCE
SHORT,4.914,2026-09-30T15:35:41.416000+09:00,511_202609301535_NEAR_USDT_SHORT,1,4.9385699999999995,1.0,4.88943,511_202609301535_NEAR_USDT_SHORT_B1_REFERENCE
LONG,293.88,2026-09-30T15:35:35.179000+09:00,511_202609301535_QNT_USDT_LONG,1,292.4106,1.0,295.34939999999995,511_202609301535_QNT_USDT_LONG_B1_REFERENCE
SHORT,1316.57,2026-09-30T15:35:43.959000+09:00,511_202609301535_SKHYNIXSTOCK_USDT_SHORT,1,1323.1528499999997,1.0,1309.98715,511_202609301535_SKHYNIXSTOCK_USDT_SHORT_B1_REFERENCE
SHORT,1720.41,2026-09-30T15:35:52.662000+09:00,511_202609301535_SNDKSTOCK_USDT_SHORT,1,1729.0120499999998,1.0,1711.8079500000001,511_202609301535_SNDKSTOCK_USDT_SHORT_B1_REFERENCE
SHORT,144.03,2026-09-30T15:35:50.595000+09:00,511_202609301535_SOXL_USDT_SHORT,1,144.75015,1.0,143.30985,511_202609301535_SOXL_USDT_SHORT_B1_REFERENCE
LONG,89.88,2026-09-30T15:35:49.401000+09:00,511_202609301535_USOIL_USDT_LONG,1,89.4306,1.0,90.32939999999999,511_202609301535_USOIL_USDT_LONG_B1_REFERENCE
LONG,0.4967,2026-09-30T15:35:51.620000+09:00,511_202609301535_WLD_USDT_LONG,1,0.49421649999999995,1.0,0.49918349999999995,511_202609301535_WLD_USDT_LONG_B1_REFERENCE
SHORT,0.2436,2026-09-30T15:43:48.965000+09:00,511_202609301540_ADA_USDT_SHORT,1,0.24481799999999998,1.0,0.24238200000000001,511_202609301540_ADA_USDT_SHORT_B1_REFERENCE
SHORT,1069.91,2026-09-30T15:43:29.128000+09:00,511_202609301540_MUSTOCK_USDT_SHORT,1,1075.25955,1.0,1064.5604500000002,511_202609301540_MUSTOCK_USDT_SHORT_B1_REFERENCE
SHORT,4.883,2026-09-30T15:55:02.011000+09:00,511_202609301555_NEAR_USDT_SHORT,1,4.907414999999999,1.0,4.858585,511_202609301555_NEAR_USDT_SHORT_B1_REFERENCE
SHORT,0.09308,2026-09-30T16:05:18.465000+09:00,511_202609301605_DOGE_USDT_SHORT,1,0.09354539999999999,1.0,0.09261459999999999,511_202609301605_DOGE_USDT_SHORT_B1_REFERENCE
SHORT,2661.77,2026-09-30T16:05:09.864000+09:00,511_202609301605_ETH_USDT_SHORT,1,2675.07885,1.0,2648.46115,511_202609301605_ETH_USDT_SHORT_B1_REFERENCE
SHORT,118.06,2026-09-30T16:05:12.859000+09:00,511_202609301605_SOL_USDT_SHORT,1,118.65029999999999,1.0,117.4697,511_202609301605_SOL_USDT_SHORT_B1_REFERENCE
SHORT,14.265,2026-09-30T16:15:07.880000+09:00,511_202609301615_LINK_USDT_SHORT,1,14.336324999999999,1.0,14.193675,511_202609301615_LINK_USDT_SHORT_B1_REFERENCE
SHORT,0.4963,2026-09-30T16:15:23.005000+09:00,511_202609301615_ONDO_USDT_SHORT,1,0.4987815,1.0,0.4938185,511_202609301615_ONDO_USDT_SHORT_B1_REFERENCE
SHORT,298.46,2026-09-30T16:15:11.582000+09:00,511_202609301615_TAO_USDT_SHORT,1,299.9522999999999,1.0,296.9677,511_202609301615_TAO_USDT_SHORT_B1_REFERENCE
SHORT,89.35,2026-09-30T16:15:15.519000+09:00,511_202609301615_USOIL_USDT_SHORT,1,89.79674999999999,1.0,88.90325,511_202609301615_USOIL_USDT_SHORT_B1_REFERENCE
LONG,61.54,2026-09-30T16:24:57.568000+09:00,511_202609301620_SILVER_USDT_LONG,1,61.2323,1.0,61.847699999999996,511_202609301620_SILVER_USDT_LONG_B1_REFERENCE
LONG,4204.98,2026-09-30T16:24:54.652000+09:00,511_202609301620_XAU_USDT_LONG,1,4183.955099999999,1.0,4226.004899999999,511_202609301620_XAU_USDT_LONG_B1_REFERENCE
LONG,0.10571,2026-09-30T16:25:02.434000+09:00,511_202609301625_HBAR_USDT_LONG,1,0.10518145,1.0,0.10623854999999999,511_202609301625_HBAR_USDT_LONG_B1_REFERENCE
SHORT,88.76,2026-09-30T16:25:09.597000+09:00,511_202609301625_USOIL_USDT_SHORT,1,89.2038,1.0,88.31620000000001,511_202609301625_USOIL_USDT_SHORT_B1_REFERENCE
SHORT,0.4985,2026-09-30T16:35:46.729000+09:00,511_202609301635_ONDO_USDT_SHORT,1,0.5009925,1.0,0.4960075,511_202609301635_ONDO_USDT_SHORT_B1_REFERENCE
SHORT,14.296,2026-09-30T16:44:18.776000+09:00,511_202609301640_LINK_USDT_SHORT,1,14.367479999999999,1.0,14.22452,511_202609301640_LINK_USDT_SHORT_B1_REFERENCE
LONG,61.38,2026-09-30T16:54:56.704000+09:00,511_202609301650_SILVER_USDT_LONG,1,61.073100000000004,1.0,61.686899999999994,511_202609301650_SILVER_USDT_LONG_B1_REFERENCE
LONG,1.17,2026-09-30T16:54:58.808000+09:00,511_202609301650_SUI_USDT_LONG,1,1.16415,1.0,1.1758499999999998,511_202609301650_SUI_USDT_LONG_B1_REFERENCE
SHORT,11.124,2026-09-30T16:55:07.778000+09:00,511_202609301655_AVAX_USDT_SHORT,1,11.17962,1.0,11.068380000000001,511_202609301655_AVAX_USDT_SHORT_B1_REFERENCE
SHORT,301.76,2026-09-30T16:55:05.773000+09:00,511_202609301655_TAO_USDT_SHORT,1,303.26879999999994,1.0,300.2512,511_202609301655_TAO_USDT_SHORT_B1_REFERENCE
LONG,0.5028,2026-09-30T16:55:10.840000+09:00,511_202609301655_WLD_USDT_LONG,1,0.500286,1.0,0.5053139999999999,511_202609301655_WLD_USDT_LONG_B1_REFERENCE
SHORT,159.2,2026-09-30T17:04:36.571000+09:00,511_202609301700_AAVE_USDT_SHORT,1,159.99599999999998,1.0,158.404,511_202609301700_AAVE_USDT_SHORT_B1_REFERENCE
LONG,1733.7,2026-09-30T17:04:44.512000+09:00,511_202609301700_SNDKSTOCK_USDT_LONG,1,1725.0315,1.0,1742.3684999999998,511_202609301700_SNDKSTOCK_USDT_LONG_B1_REFERENCE
LONG,7697.2,2026-09-30T17:04:46.714000+09:00,511_202609301700_SPX500_USDT_LONG,1,7658.714,1.0,7735.685999999999,511_202609301700_SPX500_USDT_LONG_B1_REFERENCE
SHORT,89.25,2026-09-30T17:04:41.405000+09:00,511_202609301700_USOIL_USDT_SHORT,1,89.69624999999999,1.0,88.80375,511_202609301700_USOIL_USDT_SHORT_B1_REFERENCE
SHORT,14.239,2026-09-30T17:15:26.949000+09:00,511_202609301715_LINK_USDT_SHORT,1,14.310194999999998,1.0,14.167805000000001,511_202609301715_LINK_USDT_SHORT_B1_REFERENCE
SHORT,0.4963,2026-09-30T17:15:39.561000+09:00,511_202609301715_ONDO_USDT_SHORT,1,0.4987815,1.0,0.4938185,511_202609301715_ONDO_USDT_SHORT_B1_REFERENCE
LONG,61.4,2026-09-30T17:25:02.769000+09:00,511_202609301725_SILVER_USDT_LONG,1,61.092999999999996,1.0,61.706999999999994,511_202609301725_SILVER_USDT_LONG_B1_REFERENCE
LONG,4197.0,2026-09-30T17:25:01.845000+09:00,511_202609301725_XAUT_USDT_LONG,1,4176.015,1.0,4217.985,511_202609301725_XAUT_USDT_LONG_B1_REFERENCE
LONG,1073.05,2026-09-30T17:35:13.684000+09:00,511_202609301735_MUSTOCK_USDT_LONG,1,1067.68475,1.0,1078.4152499999998,511_202609301735_MUSTOCK_USDT_LONG_B1_REFERENCE
LONG,5.046,2026-09-30T17:35:17.865000+09:00,511_202609301735_NEAR_USDT_LONG,1,5.020770000000001,1.0,5.07123,511_202609301735_NEAR_USDT_LONG_B1_REFERENCE
LONG,1728.16,2026-09-30T17:35:30.502000+09:00,511_202609301735_SNDKSTOCK_USDT_LONG,1,1719.5192000000002,1.0,1736.8008,511_202609301735_SNDKSTOCK_USDT_LONG_B1_REFERENCE
SHORT,117.92,2026-09-30T17:35:10.893000+09:00,511_202609301735_SOL_USDT_SHORT,1,118.50959999999999,1.0,117.3304,511_202609301735_SOL_USDT_SHORT_B1_REFERENCE
LONG,147.38,2026-09-30T17:35:28.409000+09:00,511_202609301735_SOXL_USDT_LONG,1,146.6431,1.0,148.1169,511_202609301735_SOXL_USDT_LONG_B1_REFERENCE
SHORT,1397.03,2026-09-30T17:35:08.978000+09:00,511_202609301735_ZEC_USDT_SHORT,1,1404.0151499999997,1.0,1390.04485,511_202609301735_ZEC_USDT_SHORT_B1_REFERENCE
LONG,5.086,2026-09-30T17:54:11.287000+09:00,511_202609301750_NEAR_USDT_LONG,1,5.06057,1.0,5.1114299999999995,511_202609301750_NEAR_USDT_LONG_B1_REFERENCE
LONG,4.3118e-06,2026-09-30T17:54:19.153000+09:00,511_202609301750_PEPE_USDT_LONG,1,4.290241e-06,1.0,4.333358999999999e-06,511_202609301750_PEPE_USDT_LONG_B1_REFERENCE
LONG,0.1067,2026-09-30T18:05:32.089000+09:00,511_202609301805_HBAR_USDT_LONG,1,0.1061665,1.0,0.1072335,511_202609301805_HBAR_USDT_LONG_B1_REFERENCE
LONG,4.3294e-06,2026-09-30T18:05:35.710000+09:00,511_202609301805_PEPE_USDT_LONG,1,4.307752999999999e-06,1.0,4.351046999999999e-06,511_202609301805_PEPE_USDT_LONG_B1_REFERENCE
LONG,90.23,2026-09-30T18:05:37.621000+09:00,511_202609301805_USOIL_USDT_LONG,1,89.77885,1.0,90.68114999999999,511_202609301805_USOIL_USDT_LONG_B1_REFERENCE
LONG,0.5183,2026-09-30T18:05:38.532000+09:00,511_202609301805_WLD_USDT_LONG,1,0.5157085,1.0,0.5208915,511_202609301805_WLD_USDT_LONG_B1_REFERENCE
SHORT,1070.09,2026-09-30T18:14:53.014000+09:00,511_202609301810_MUSTOCK_USDT_SHORT,1,1075.4404499999998,1.0,1064.73955,511_202609301810_MUSTOCK_USDT_SHORT_B1_REFERENCE
SHORT,61.01,2026-09-30T18:24:10.113000+09:00,511_202609301820_SILVER_USDT_SHORT,1,61.31504999999999,1.0,60.70495,511_202609301820_SILVER_USDT_SHORT_B1_REFERENCE
LONG,1.5041,2026-09-30T18:24:04.944000+09:00,511_202609301820_XRP_USDT_LONG,1,1.4965795,1.0,1.5116204999999998,511_202609301820_XRP_USDT_LONG_B1_REFERENCE
LONG,2692.41,2026-09-30T18:34:53.436000+09:00,511_202609301830_ETH_USDT_LONG,1,2678.9479499999998,1.0,2705.8720499999995,511_202609301830_ETH_USDT_LONG_B1_REFERENCE
LONG,1.5143,2026-09-30T18:34:55.752000+09:00,511_202609301830_XRP_USDT_LONG,1,1.5067285,1.0,1.5218714999999998,511_202609301830_XRP_USDT_LONG_B1_REFERENCE
LONG,0.249,2026-09-30T18:35:22.055000+09:00,511_202609301835_ADA_USDT_LONG,1,0.247755,1.0,0.250245,511_202609301835_ADA_USDT_LONG_B1_REFERENCE
LONG,0.09452,2026-09-30T18:35:04.788000+09:00,511_202609301835_DOGE_USDT_LONG,1,0.0940474,1.0,0.0949926,511_202609301835_DOGE_USDT_LONG_B1_REFERENCE
LONG,0.09432,2026-09-30T18:43:16.943000+09:00,511_202609301840_DOGE_USDT_LONG,1,0.0938484,1.0,0.09479159999999999,511_202609301840_DOGE_USDT_LONG_B1_REFERENCE
SHORT,60.96,2026-09-30T18:43:13.782000+09:00,511_202609301840_SILVER_USDT_SHORT,1,61.264799999999994,1.0,60.6552,511_202609301840_SILVER_USDT_SHORT_B1_REFERENCE
SHORT,1070.29,2026-09-30T18:54:35.758000+09:00,511_202609301850_MUSTOCK_USDT_SHORT,1,1075.6414499999998,1.0,1064.9385499999999,511_202609301850_MUSTOCK_USDT_SHORT_B1_REFERENCE
LONG,83750.0,2026-09-30T19:05:02.253000+09:00,511_202609301905_BTC_USDT_LONG,1,83331.25,1.0,84168.74999999999,511_202609301905_BTC_USDT_LONG_B1_REFERENCE
LONG,5.101,2026-09-30T19:05:12.546000+09:00,511_202609301905_NEAR_USDT_LONG,1,5.075495,1.0,5.126505,511_202609301905_NEAR_USDT_LONG_B1_REFERENCE
LONG,4.3497e-06,2026-09-30T19:05:19.395000+09:00,511_202609301905_PEPE_USDT_LONG,1,4.3279515e-06,1.0,4.3714484999999995e-06,511_202609301905_PEPE_USDT_LONG_B1_REFERENCE
LONG,0.005769,2026-09-30T19:05:27.495000+09:00,511_202609301905_PUMPFUN_USDT_LONG,1,0.005740154999999999,1.0,0.005797844999999999,511_202609301905_PUMPFUN_USDT_LONG_B1_REFERENCE
LONG,303.45,2026-09-30T19:05:20.668000+09:00,511_202609301905_TAO_USDT_LONG,1,301.93275,1.0,304.96725,511_202609301905_TAO_USDT_LONG_B1_REFERENCE
LONG,90.43,2026-09-30T19:15:32.928000+09:00,511_202609301915_USOIL_USDT_LONG,1,89.97785,1.0,90.88215,511_202609301915_USOIL_USDT_LONG_B1_REFERENCE
LONG,0.09484,2026-09-30T19:26:22.995000+09:00,511_202609301925_DOGE_USDT_LONG,1,0.0943658,1.0,0.09531419999999999,511_202609301925_DOGE_USDT_LONG_B1_REFERENCE
LONG,0.5067,2026-09-30T19:26:37.082000+09:00,511_202609301925_ONDO_USDT_LONG,1,0.5041665000000001,1.0,0.5092335,511_202609301925_ONDO_USDT_LONG_B1_REFERENCE
LONG,0.005821,2026-09-30T19:26:34.625000+09:00,511_202609301925_PUMPFUN_USDT_LONG,1,0.005791895,1.0,0.0058501049999999995,511_202609301925_PUMPFUN_USDT_LONG_B1_REFERENCE
LONG,119.8,2026-09-30T19:34:57.474000+09:00,511_202609301930_SOL_USDT_LONG,1,119.201,1.0,120.39899999999999,511_202609301930_SOL_USDT_LONG_B1_REFERENCE
LONG,5.216,2026-09-30T19:35:03.151000+09:00,511_202609301935_NEAR_USDT_LONG,1,5.18992,1.0,5.24208,511_202609301935_NEAR_USDT_LONG_B1_REFERENCE
LONG,0.5078,2026-09-30T19:35:20.671000+09:00,511_202609301935_ONDO_USDT_LONG,1,0.5052610000000001,1.0,0.510339,511_202609301935_ONDO_USDT_LONG_B1_REFERENCE
LONG,83869.7,2026-09-30T19:44:49.406000+09:00,511_202609301940_BTC_USDT_LONG,1,83450.35149999999,1.0,84289.04849999999,511_202609301940_BTC_USDT_LONG_B1_REFERENCE
SHORT,60.89,2026-09-30T19:44:58.868000+09:00,511_202609301940_SILVER_USDT_SHORT,1,61.194449999999996,1.0,60.58555,511_202609301940_SILVER_USDT_SHORT_B1_REFERENCE
LONG,0.10643,2026-09-30T19:45:04.156000+09:00,511_202609301945_HBAR_USDT_LONG,1,0.10589785,1.0,0.10696214999999999,511_202609301945_HBAR_USDT_LONG_B1_REFERENCE
LONG,0.10653,2026-09-30T19:54:39.197000+09:00,511_202609301950_HBAR_USDT_LONG,1,0.10599735,1.0,0.10706264999999998,511_202609301950_HBAR_USDT_LONG_B1_REFERENCE
LONG,306.4,2026-09-30T19:54:43.278000+09:00,511_202609301950_TAO_USDT_LONG,1,304.868,1.0,307.93199999999996,511_202609301950_TAO_USDT_LONG_B1_REFERENCE
LONG,86.879,2026-09-30T20:05:40.639000+09:00,511_202609302005_HYPE_USDT_LONG,1,86.44460500000001,1.0,87.313395,511_202609302005_HYPE_USDT_LONG_B1_REFERENCE
SHORT,30306.0,2026-09-30T20:05:46.338000+09:00,511_202609302005_NAS100_USDT_SHORT,1,30457.529999999995,1.0,30154.47,511_202609302005_NAS100_USDT_SHORT_B1_REFERENCE
LONG,298.08,2026-09-30T20:05:26.382000+09:00,511_202609302005_QNT_USDT_LONG,1,296.58959999999996,1.0,299.57039999999995,511_202609302005_QNT_USDT_LONG_B1_REFERENCE
SHORT,1.1531,2026-09-30T20:05:32.705000+09:00,511_202609302005_SUI_USDT_SHORT,1,1.1588654999999999,1.0,1.1473345,511_202609302005_SUI_USDT_SHORT_B1_REFERENCE
LONG,90.71,2026-09-30T20:05:39.776000+09:00,511_202609302005_USOIL_USDT_LONG,1,90.25644999999999,1.0,91.16354999999999,511_202609302005_USOIL_USDT_LONG_B1_REFERENCE
LONG,0.2474,2026-09-30T20:15:24.365000+09:00,511_202609302015_ADA_USDT_LONG,1,0.24616300000000002,1.0,0.24863699999999997,511_202609302015_ADA_USDT_LONG_B1_REFERENCE
LONG,14.363,2026-09-30T20:15:11.104000+09:00,511_202609302015_LINK_USDT_LONG,1,14.291184999999999,1.0,14.434814999999999,511_202609302015_LINK_USDT_LONG_B1_REFERENCE
LONG,302.74,2026-09-30T20:15:03.216000+09:00,511_202609302015_QNT_USDT_LONG,1,301.2263,1.0,304.2537,511_202609302015_QNT_USDT_LONG_B1_REFERENCE
SHORT,1311.09,2026-09-30T20:15:11.971000+09:00,511_202609302015_SKHYNIXSTOCK_USDT_SHORT,1,1317.6454499999998,1.0,1304.5345499999999,511_202609302015_SKHYNIXSTOCK_USDT_SHORT_B1_REFERENCE
SHORT,143.93,2026-09-30T20:15:18.199000+09:00,511_202609302015_SOXL_USDT_SHORT,1,144.64964999999998,1.0,143.21035,511_202609302015_SOXL_USDT_SHORT_B1_REFERENCE
SHORT,1.1493,2026-09-30T20:15:09.381000+09:00,511_202609302015_SUI_USDT_SHORT,1,1.1550464999999999,1.0,1.1435535,511_202609302015_SUI_USDT_SHORT_B1_REFERENCE
LONG,0.5127,2026-09-30T20:15:15.483000+09:00,511_202609302015_WLD_USDT_LONG,1,0.5101365,1.0,0.5152635,511_202609302015_WLD_USDT_LONG_B1_REFERENCE
LONG,83807.2,2026-09-30T20:25:24.926000+09:00,511_202609302025_BTC_USDT_LONG,1,83388.16399999999,1.0,84226.23599999999,511_202609302025_BTC_USDT_LONG_B1_REFERENCE
LONG,0.09532,2026-09-30T20:25:36.393000+09:00,511_202609302025_DOGE_USDT_LONG,1,0.09484340000000001,1.0,0.0957966,511_202609302025_DOGE_USDT_LONG_B1_REFERENCE
LONG,2692.82,2026-09-30T20:25:25.930000+09:00,511_202609302025_ETH_USDT_LONG,1,2679.3559,1.0,2706.2841,511_202609302025_ETH_USDT_LONG_B1_REFERENCE
LONG,0.505,2026-09-30T20:25:53.991000+09:00,511_202609302025_ONDO_USDT_LONG,1,0.502475,1.0,0.507525,511_202609302025_ONDO_USDT_LONG_B1_REFERENCE
LONG,4.3449e-06,2026-09-30T20:25:41.242000+09:00,511_202609302025_PEPE_USDT_LONG,1,4.3231755e-06,1.0,4.366624499999999e-06,511_202609302025_PEPE_USDT_LONG_B1_REFERENCE
LONG,318.1,2026-09-30T20:25:30.158000+09:00,511_202609302025_QNT_USDT_LONG,1,316.5095,1.0,319.6905,511_202609302025_QNT_USDT_LONG_B1_REFERENCE
LONG,119.5,2026-09-30T20:25:28.922000+09:00,511_202609302025_SOL_USDT_LONG,1,118.9025,1.0,120.09749999999998,511_202609302025_SOL_USDT_LONG_B1_REFERENCE
SHORT,144.64,2026-09-30T20:25:48.007000+09:00,511_202609302025_SOXL_USDT_SHORT,1,145.36319999999998,1.0,143.9168,511_202609302025_SOXL_USDT_SHORT_B1_REFERENCE
SHORT,4182.4,2026-09-30T20:25:33.363000+09:00,511_202609302025_XAUT_USDT_SHORT,1,4203.311999999999,1.0,4161.487999999999,511_202609302025_XAUT_USDT_SHORT_B1_REFERENCE
LONG,321.79,2026-09-30T20:33:10.390000+09:00,511_202609302030_QNT_USDT_LONG,1,320.18105,1.0,323.39895,511_202609302030_QNT_USDT_LONG_B1_REFERENCE
LONG,160.9,2026-09-30T20:45:47.023000+09:00,511_202609302045_AAVE_USDT_LONG,1,160.09550000000002,1.0,161.7045,511_202609302045_AAVE_USDT_LONG_B1_REFERENCE
LONG,0.09633,2026-09-30T20:45:41.964000+09:00,511_202609302045_DOGE_USDT_LONG,1,0.09584835,1.0,0.09681164999999999,511_202609302045_DOGE_USDT_LONG_B1_REFERENCE
LONG,14.421,2026-09-30T20:45:44.523000+09:00,511_202609302045_LINK_USDT_LONG,1,14.348894999999999,1.0,14.493104999999998,511_202609302045_LINK_USDT_LONG_B1_REFERENCE
LONG,306.86,2026-09-30T20:45:48.648000+09:00,511_202609302045_TAO_USDT_LONG,1,305.32570000000004,1.0,308.3943,511_202609302045_TAO_USDT_LONG_B1_REFERENCE
LONG,0.5329,2026-09-30T20:45:47.831000+09:00,511_202609302045_WLD_USDT_LONG,1,0.5302355000000001,1.0,0.5355645,511_202609302045_WLD_USDT_LONG_B1_REFERENCE
SHORT,4184.7,2026-09-30T20:45:38.591000+09:00,511_202609302045_XAUT_USDT_SHORT,1,4205.6235,1.0,4163.7765,511_202609302045_XAUT_USDT_SHORT_B1_REFERENCE
LONG,1.5185,2026-09-30T20:45:34.970000+09:00,511_202609302045_XRP_USDT_LONG,1,1.5109074999999998,1.0,1.5260924999999999,511_202609302045_XRP_USDT_LONG_B1_REFERENCE
LONG,0.0958,2026-09-30T20:54:57.006000+09:00,511_202609302050_DOGE_USDT_LONG,1,0.09532099999999999,1.0,0.09627899999999999,511_202609302050_DOGE_USDT_LONG_B1_REFERENCE
LONG,14.414,2026-09-30T20:54:59.515000+09:00,511_202609302050_LINK_USDT_LONG,1,14.34193,1.0,14.486069999999998,511_202609302050_LINK_USDT_LONG_B1_REFERENCE
LONG,1.5146,2026-09-30T20:54:49.924000+09:00,511_202609302050_XRP_USDT_LONG,1,1.507027,1.0,1.5221729999999998,511_202609302050_XRP_USDT_LONG_B1_REFERENCE
LONG,162.0,2026-09-30T20:55:03.029000+09:00,511_202609302055_AAVE_USDT_LONG,1,161.19,1.0,162.80999999999997,511_202609302055_AAVE_USDT_LONG_B1_REFERENCE
SHORT,144.84,2026-09-30T20:55:06.777000+09:00,511_202609302055_SOXL_USDT_SHORT,1,145.5642,1.0,144.1158,511_202609302055_SOXL_USDT_SHORT_B1_REFERENCE
LONG,90.88,2026-09-30T20:55:04.690000+09:00,511_202609302055_USOIL_USDT_LONG,1,90.42559999999999,1.0,91.33439999999999,511_202609302055_USOIL_USDT_LONG_B1_REFERENCE
LONG,0.2487,2026-09-30T21:05:53.943000+09:00,511_202609302105_ADA_USDT_LONG,1,0.2474565,1.0,0.24994349999999999,511_202609302105_ADA_USDT_LONG_B1_REFERENCE
LONG,14.428,2026-09-30T21:05:37.961000+09:00,511_202609302105_LINK_USDT_LONG,1,14.355860000000002,1.0,14.50014,511_202609302105_LINK_USDT_LONG_B1_REFERENCE
SHORT,0.005742,2026-09-30T21:15:22.532000+09:00,511_202609302115_PUMPFUN_USDT_SHORT,1,0.005770709999999999,1.0,0.005713289999999999,511_202609302115_PUMPFUN_USDT_SHORT_B1_REFERENCE
SHORT,1313.43,2026-09-30T21:15:13.056000+09:00,511_202609302115_SKHYNIXSTOCK_USDT_SHORT,1,1319.99715,1.0,1306.86285,511_202609302115_SKHYNIXSTOCK_USDT_SHORT_B1_REFERENCE
SHORT,144.23,2026-09-30T21:24:41.377000+09:00,511_202609302120_SOXL_USDT_SHORT,1,144.95114999999998,1.0,143.50885,511_202609302120_SOXL_USDT_SHORT_B1_REFERENCE
SHORT,1.1428,2026-09-30T21:24:33.524000+09:00,511_202609302120_SUI_USDT_SHORT,1,1.1485139999999998,1.0,1.137086,511_202609302120_SUI_USDT_SHORT_B1_REFERENCE
LONG,84837.4,2026-09-30T21:44:50.862000+09:00,511_202609302140_BTC_USDT_LONG,1,84413.21299999999,1.0,85261.58699999998,511_202609302140_BTC_USDT_LONG_B1_REFERENCE
LONG,1455.49,2026-09-30T21:44:52.894000+09:00,511_202609302140_ZEC_USDT_LONG,1,1448.21255,1.0,1462.7674499999998,511_202609302140_ZEC_USDT_LONG_B1_REFERENCE
LONG,11.288,2026-09-30T21:45:13.931000+09:00,511_202609302145_AVAX_USDT_LONG,1,11.23156,1.0,11.344439999999999,511_202609302145_AVAX_USDT_LONG_B1_REFERENCE
LONG,0.26186,2026-09-30T21:45:19.736000+09:00,511_202609302145_ENA_USDT_LONG,1,0.26055069999999997,1.0,0.26316929999999994,511_202609302145_ENA_USDT_LONG_B1_REFERENCE
LONG,87.244,2026-09-30T21:45:09.723000+09:00,511_202609302145_HYPE_USDT_LONG,1,86.80778,1.0,87.68021999999999,511_202609302145_HYPE_USDT_LONG_B1_REFERENCE
LONG,5.391,2026-09-30T21:45:00.958000+09:00,511_202609302145_NEAR_USDT_LONG,1,5.364045,1.0,5.417954999999999,511_202609302145_NEAR_USDT_LONG_B1_REFERENCE
LONG,1737.4,2026-09-30T21:45:14.885000+09:00,511_202609302145_SNDKSTOCK_USDT_LONG,1,1728.7130000000002,1.0,1746.087,511_202609302145_SNDKSTOCK_USDT_LONG_B1_REFERENCE
LONG,148.64,2026-09-30T21:45:10.742000+09:00,511_202609302145_SOXL_USDT_LONG,1,147.89679999999998,1.0,149.38319999999996,511_202609302145_SOXL_USDT_LONG_B1_REFERENCE
LONG,1.1782,2026-09-30T21:45:02.940000+09:00,511_202609302145_SUI_USDT_LONG,1,1.1723089999999998,1.0,1.1840909999999998,511_202609302145_SUI_USDT_LONG_B1_REFERENCE
LONG,0.09768,2026-09-30T21:54:19.431000+09:00,511_202609302150_DOGE_USDT_LONG,1,0.0971916,1.0,0.09816839999999999,511_202609302150_DOGE_USDT_LONG_B1_REFERENCE
LONG,87.5,2026-09-30T21:54:28.302000+09:00,511_202609302150_HYPE_USDT_LONG,1,87.0625,1.0,87.93749999999999,511_202609302150_HYPE_USDT_LONG_B1_REFERENCE
LONG,4.4351e-06,2026-09-30T21:54:24.014000+09:00,511_202609302150_PEPE_USDT_LONG,1,4.4129245e-06,1.0,4.457275499999999e-06,511_202609302150_PEPE_USDT_LONG_B1_REFERENCE
LONG,1.1875,2026-09-30T21:54:20.518000+09:00,511_202609302150_SUI_USDT_LONG,1,1.1815625,1.0,1.1934375,511_202609302150_SUI_USDT_LONG_B1_REFERENCE
LONG,312.79,2026-09-30T21:54:25.223000+09:00,511_202609302150_TAO_USDT_LONG,1,311.22605000000004,1.0,314.35395,511_202609302150_TAO_USDT_LONG_B1_REFERENCE
LONG,1459.83,2026-09-30T21:54:09.226000+09:00,511_202609302150_ZEC_USDT_LONG,1,1452.5308499999999,1.0,1467.1291499999998,511_202609302150_ZEC_USDT_LONG_B1_REFERENCE
LONG,0.5198,2026-09-30T22:05:43.280000+09:00,511_202609302205_ONDO_USDT_LONG,1,0.517201,1.0,0.522399,511_202609302205_ONDO_USDT_LONG_B1_REFERENCE
LONG,7703.5,2026-09-30T22:05:40.057000+09:00,511_202609302205_SPX500_USDT_LONG,1,7664.9825,1.0,7742.017499999999,511_202609302205_SPX500_USDT_LONG_B1_REFERENCE
LONG,1.5337,2026-09-30T22:05:18.018000+09:00,511_202609302205_XRP_USDT_LONG,1,1.5260315,1.0,1.5413685,511_202609302205_XRP_USDT_LONG_B1_REFERENCE
LONG,0.26787,2026-09-30T22:14:30.774000+09:00,511_202609302210_ENA_USDT_LONG,1,0.26653065,1.0,0.26920934999999996,511_202609302210_ENA_USDT_LONG_B1_REFERENCE
LONG,30473.0,2026-09-30T22:14:27.886000+09:00,511_202609302210_NAS100_USDT_LONG,1,30320.635,1.0,30625.364999999998,511_202609302210_NAS100_USDT_LONG_B1_REFERENCE
LONG,122.42,2026-09-30T22:14:04.968000+09:00,511_202609302210_SOL_USDT_LONG,1,121.8079,1.0,123.03209999999999,511_202609302210_SOL_USDT_LONG_B1_REFERENCE
LONG,0.5616,2026-09-30T22:14:19.063000+09:00,511_202609302210_WLD_USDT_LONG,1,0.558792,1.0,0.5644079999999999,511_202609302210_WLD_USDT_LONG_B1_REFERENCE
LONG,148.54,2026-09-30T22:23:41.323000+09:00,511_202609302220_SOXL_USDT_LONG,1,147.79729999999998,1.0,149.28269999999998,511_202609302220_SOXL_USDT_LONG_B1_REFERENCE
LONG,1.2031,2026-09-30T22:23:34.316000+09:00,511_202609302220_SUI_USDT_LONG,1,1.1970845,1.0,1.2091155,511_202609302220_SUI_USDT_LONG_B1_REFERENCE
LONG,0.26905,2026-09-30T22:35:40.500000+09:00,511_202609302235_ENA_USDT_LONG,1,0.26770475,1.0,0.27039525,511_202609302235_ENA_USDT_LONG_B1_REFERENCE
LONG,149.74,2026-09-30T22:35:32.099000+09:00,511_202609302235_SOXL_USDT_LONG,1,148.9913,1.0,150.4887,511_202609302235_SOXL_USDT_LONG_B1_REFERENCE
LONG,1.5354,2026-09-30T22:35:15.011000+09:00,511_202609302235_XRP_USDT_LONG,1,1.5277230000000002,1.0,1.543077,511_202609302235_XRP_USDT_LONG_B1_REFERENCE
LONG,1483.92,2026-09-30T22:35:12.916000+09:00,511_202609302235_ZEC_USDT_LONG,1,1476.5004000000001,1.0,1491.3396,511_202609302235_ZEC_USDT_LONG_B1_REFERENCE
LONG,30511.0,2026-09-30T22:44:23.325000+09:00,511_202609302240_NAS100_USDT_LONG,1,30358.445,1.0,30663.554999999997,511_202609302240_NAS100_USDT_LONG_B1_REFERENCE
SHORT,0.005667,2026-09-30T22:44:24.214000+09:00,511_202609302240_PUMPFUN_USDT_SHORT,1,0.005695334999999999,1.0,0.005638665,511_202609302240_PUMPFUN_USDT_SHORT_B1_REFERENCE
LONG,84566.8,2026-09-30T22:54:52.870000+09:00,511_202609302250_BTC_USDT_LONG,1,84143.966,1.0,84989.63399999999,511_202609302250_BTC_USDT_LONG_B1_REFERENCE
LONG,1463.42,2026-09-30T22:54:54.630000+09:00,511_202609302250_ZEC_USDT_LONG,1,1456.1029,1.0,1470.7370999999998,511_202609302250_ZEC_USDT_LONG_B1_REFERENCE
LONG,0.27442,2026-09-30T22:55:17.808000+09:00,511_202609302255_ENA_USDT_LONG,1,0.2730479,1.0,0.2757921,511_202609302255_ENA_USDT_LONG_B1_REFERENCE
LONG,14.538,2026-09-30T22:55:05.392000+09:00,511_202609302255_LINK_USDT_LONG,1,14.46531,1.0,14.610689999999998,511_202609302255_LINK_USDT_LONG_B1_REFERENCE
LONG,30504.0,2026-09-30T22:55:16.056000+09:00,511_202609302255_NAS100_USDT_LONG,1,30351.48,1.0,30656.519999999997,511_202609302255_NAS100_USDT_LONG_B1_REFERENCE
LONG,4.4019e-06,2026-09-30T22:55:04.508000+09:00,511_202609302255_PEPE_USDT_LONG,1,4.3798905e-06,1.0,4.423909499999999e-06,511_202609302255_PEPE_USDT_LONG_B1_REFERENCE
LONG,1732.18,2026-09-30T22:55:12.537000+09:00,511_202609302255_SNDKSTOCK_USDT_LONG,1,1723.5191,1.0,1740.8409,511_202609302255_SNDKSTOCK_USDT_LONG_B1_REFERENCE
LONG,308.94,2026-09-30T22:55:07.147000+09:00,511_202609302255_TAO_USDT_LONG,1,307.3953,1.0,310.4847,511_202609302255_TAO_USDT_LONG_B1_REFERENCE
LONG,120.95,2026-09-30T23:04:35.322000+09:00,511_202609302300_SOL_USDT_LONG,1,120.34525000000001,1.0,121.55474999999998,511_202609302300_SOL_USDT_LONG_B1_REFERENCE
LONG,148.02,2026-09-30T23:04:51.040000+09:00,511_202609302300_SOXL_USDT_LONG,1,147.2799,1.0,148.7601,511_202609302300_SOXL_USDT_LONG_B1_REFERENCE
LONG,61.11,2026-09-30T23:15:03.807000+09:00,511_202609302315_SILVER_USDT_LONG,1,60.804449999999996,1.0,61.415549999999996,511_202609302315_SILVER_USDT_LONG_B1_REFERENCE
LONG,1742.48,2026-09-30T23:15:16.978000+09:00,511_202609302315_SNDKSTOCK_USDT_LONG,1,1733.7676,1.0,1751.1924,511_202609302315_SNDKSTOCK_USDT_LONG_B1_REFERENCE
SHORT,10.967,2026-09-30T23:25:20.968000+09:00,511_202609302325_AVAX_USDT_SHORT,1,11.021835,1.0,10.912165,511_202609302325_AVAX_USDT_SHORT_B1_REFERENCE
LONG,1748.0,2026-09-30T23:25:22.910000+09:00,511_202609302325_SNDKSTOCK_USDT_LONG,1,1739.26,1.0,1756.7399999999998,511_202609302325_SNDKSTOCK_USDT_LONG_B1_REFERENCE
SHORT,10.873,2026-09-30T23:35:33.486000+09:00,511_202609302335_AVAX_USDT_SHORT,1,10.927364999999998,1.0,10.818634999999999,511_202609302335_AVAX_USDT_SHORT_B1_REFERENCE
SHORT,0.005605,2026-09-30T23:35:40.748000+09:00,511_202609302335_PUMPFUN_USDT_SHORT,1,0.005633024999999999,1.0,0.005576975,511_202609302335_PUMPFUN_USDT_SHORT_B1_REFERENCE
SHORT,289.1,2026-09-30T23:35:10.136000+09:00,511_202609302335_QNT_USDT_SHORT,1,290.5455,1.0,287.65450000000004,511_202609302335_QNT_USDT_SHORT_B1_REFERENCE
LONG,91.32,2026-09-30T23:35:31.848000+09:00,511_202609302335_USOIL_USDT_LONG,1,90.8634,1.0,91.77659999999999,511_202609302335_USOIL_USDT_LONG_B1_REFERENCE
SHORT,4169.0,2026-09-30T23:35:12.136000+09:00,511_202609302335_XAUT_USDT_SHORT,1,4189.844999999999,1.0,4148.155,511_202609302335_XAUT_USDT_SHORT_B1_REFERENCE
SHORT,4174.32,2026-09-30T23:35:11.118000+09:00,511_202609302335_XAU_USDT_SHORT,1,4195.191599999999,1.0,4153.448399999999,511_202609302335_XAU_USDT_SHORT_B1_REFERENCE
SHORT,14.066,2026-09-30T23:45:16.699000+09:00,511_202609302345_LINK_USDT_SHORT,1,14.13633,1.0,13.99567,511_202609302345_LINK_USDT_SHORT_B1_REFERENCE
LONG,91.46,2026-09-30T23:45:23.930000+09:00,511_202609302345_USOIL_USDT_LONG,1,91.00269999999999,1.0,91.91729999999998,511_202609302345_USOIL_USDT_LONG_B1_REFERENCE
LONG,1077.13,2026-09-30T23:54:19.712000+09:00,511_202609302350_MUSTOCK_USDT_LONG,1,1071.7443500000002,1.0,1082.51565,511_202609302350_MUSTOCK_USDT_LONG_B1_REFERENCE
LONG,1748.63,2026-09-30T23:54:35.655000+09:00,511_202609302350_SNDKSTOCK_USDT_LONG,1,1739.88685,1.0,1757.37315,511_202609302350_SNDKSTOCK_USDT_LONG_B1_REFERENCE
SHORT,60.56,2026-10-01T00:04:44.841000+09:00,511_202610010000_SILVER_USDT_SHORT,1,60.86279999999999,1.0,60.257200000000005,511_202610010000_SILVER_USDT_SHORT_B1_REFERENCE
SHORT,1312.03,2026-10-01T00:04:54.818000+09:00,511_202610010000_SKHYNIXSTOCK_USDT_SHORT,1,1318.5901499999998,1.0,1305.46985,511_202610010000_SKHYNIXSTOCK_USDT_SHORT_B1_REFERENCE
LONG,1078.09,2026-10-01T00:14:57.146000+09:00,511_202610010010_MUSTOCK_USDT_LONG,1,1072.6995499999998,1.0,1083.4804499999998,511_202610010010_MUSTOCK_USDT_LONG_B1_REFERENCE
LONG,1740.17,2026-10-01T00:24:27.646000+09:00,511_202610010020_SNDKSTOCK_USDT_LONG,1,1731.4691500000001,1.0,1748.8708499999998,511_202610010020_SNDKSTOCK_USDT_LONG_B1_REFERENCE
SHORT,159.44,2026-10-01T00:45:21.604000+09:00,511_202610010045_AAVE_USDT_SHORT,1,160.23719999999997,1.0,158.6428,511_202610010045_AAVE_USDT_SHORT_B1_REFERENCE
SHORT,14.211,2026-10-01T00:45:12.162000+09:00,511_202610010045_LINK_USDT_SHORT,1,14.282054999999998,1.0,14.139945,511_202610010045_LINK_USDT_SHORT_B1_REFERENCE
SHORT,4.3242e-06,2026-10-01T00:45:10.128000+09:00,511_202610010045_PEPE_USDT_SHORT,1,4.345821e-06,1.0,4.302579e-06,511_202610010045_PEPE_USDT_SHORT_B1_REFERENCE
SHORT,145.88,2026-10-01T00:45:17.375000+09:00,511_202610010045_SOXL_USDT_SHORT,1,146.6094,1.0,145.1506,511_202610010045_SOXL_USDT_SHORT_B1_REFERENCE
SHORT,304.3,2026-10-01T00:45:11.118000+09:00,511_202610010045_TAO_USDT_SHORT,1,305.82149999999996,1.0,302.7785,511_202610010045_TAO_USDT_SHORT_B1_REFERENCE
SHORT,2684.03,2026-10-01T00:55:02.562000+09:00,511_202610010055_ETH_USDT_SHORT,1,2697.45015,1.0,2670.6098500000003,511_202610010055_ETH_USDT_SHORT_B1_REFERENCE
SHORT,60.3,2026-10-01T00:55:09.568000+09:00,511_202610010055_SILVER_USDT_SHORT,1,60.60149999999999,1.0,59.9985,511_202610010055_SILVER_USDT_SHORT_B1_REFERENCE
SHORT,14.236,2026-10-01T01:05:52.976000+09:00,511_202610010105_LINK_USDT_SHORT,1,14.307179999999999,1.0,14.16482,511_202610010105_LINK_USDT_SHORT_B1_REFERENCE
LONG,1.1933,2026-10-01T01:05:46.100000+09:00,511_202610010105_SUI_USDT_LONG,1,1.1873335,1.0,1.1992664999999998,511_202610010105_SUI_USDT_LONG_B1_REFERENCE
LONG,0.5407,2026-10-01T01:05:53.936000+09:00,511_202610010105_WLD_USDT_LONG,1,0.5379965,1.0,0.5434034999999999,511_202610010105_WLD_USDT_LONG_B1_REFERENCE
LONG,1.2039,2026-10-01T01:15:14.628000+09:00,511_202610010115_SUI_USDT_LONG,1,1.1978805,1.0,1.2099194999999998,511_202610010115_SUI_USDT_LONG_B1_REFERENCE
LONG,88.559,2026-10-01T01:25:09.517000+09:00,511_202610010125_HYPE_USDT_LONG,1,88.116205,1.0,89.00179499999999,511_202610010125_HYPE_USDT_LONG_B1_REFERENCE
SHORT,145.8,2026-10-01T01:25:16.421000+09:00,511_202610010125_SOXL_USDT_SHORT,1,146.529,1.0,145.071,511_202610010125_SOXL_USDT_SHORT_B1_REFERENCE
LONG,0.27122,2026-10-01T01:35:29.976000+09:00,511_202610010135_ENA_USDT_LONG,1,0.2698639,1.0,0.2725761,511_202610010135_ENA_USDT_LONG_B1_REFERENCE
LONG,30584.0,2026-10-01T01:43:41.074000+09:00,511_202610010140_NAS100_USDT_LONG,1,30431.079999999998,1.0,30736.92,511_202610010140_NAS100_USDT_LONG_B1_REFERENCE
LONG,90.382,2026-10-01T01:55:22.545000+09:00,511_202610010155_HYPE_USDT_LONG,1,89.93009,1.0,90.83390999999999,511_202610010155_HYPE_USDT_LONG_B1_REFERENCE
LONG,0.005892,2026-10-01T01:55:39.658000+09:00,511_202610010155_PUMPFUN_USDT_LONG,1,0.005862539999999999,1.0,0.005921459999999999,511_202610010155_PUMPFUN_USDT_LONG_B1_REFERENCE
LONG,1470.79,2026-10-01T01:55:10.530000+09:00,511_202610010155_ZEC_USDT_LONG,1,1463.43605,1.0,1478.14395,511_202610010155_ZEC_USDT_LONG_B1_REFERENCE
LONG,90.676,2026-10-01T02:05:28.820000+09:00,511_202610010205_HYPE_USDT_LONG,1,90.22262,1.0,91.12938,511_202610010205_HYPE_USDT_LONG_B1_REFERENCE
LONG,0.00592,2026-10-01T02:14:25.927000+09:00,511_202610010210_PUMPFUN_USDT_LONG,1,0.0058904,1.0,0.005949599999999999,511_202610010210_PUMPFUN_USDT_LONG_B1_REFERENCE
LONG,5.4,2026-10-01T02:24:24.259000+09:00,511_202610010220_NEAR_USDT_LONG,1,5.373,1.0,5.427,511_202610010220_NEAR_USDT_LONG_B1_REFERENCE
SHORT,0.09448,2026-10-01T02:35:18.010000+09:00,511_202610010235_DOGE_USDT_SHORT,1,0.09495239999999998,1.0,0.0940076,511_202610010235_DOGE_USDT_SHORT_B1_REFERENCE
SHORT,2679.58,2026-10-01T02:35:05.968000+09:00,511_202610010235_ETH_USDT_SHORT,1,2692.9779,1.0,2666.1821,511_202610010235_ETH_USDT_SHORT_B1_REFERENCE
LONG,0.005909,2026-10-01T02:35:33.641000+09:00,511_202610010235_PUMPFUN_USDT_LONG,1,0.0058794550000000004,1.0,0.005938545,511_202610010235_PUMPFUN_USDT_LONG_B1_REFERENCE
SHORT,1308.49,2026-10-01T02:45:33.836000+09:00,511_202610010245_SKHYNIXSTOCK_USDT_SHORT,1,1315.03245,1.0,1301.94755,511_202610010245_SKHYNIXSTOCK_USDT_SHORT_B1_REFERENCE
SHORT,118.93,2026-10-01T02:45:19.327000+09:00,511_202610010245_SOL_USDT_SHORT,1,119.52465,1.0,118.33535,511_202610010245_SOL_USDT_SHORT_B1_REFERENCE
SHORT,0.09423,2026-10-01T03:05:26.074000+09:00,511_202610010305_DOGE_USDT_SHORT,1,0.09470114999999998,1.0,0.09375884999999999,511_202610010305_DOGE_USDT_SHORT_B1_REFERENCE
SHORT,0.10603,2026-10-01T03:05:33.898000+09:00,511_202610010305_HBAR_USDT_SHORT,1,0.10656014999999999,1.0,0.10549984999999999,511_202610010305_HBAR_USDT_SHORT_B1_REFERENCE
LONG,14.387,2026-10-01T03:13:30.270000+09:00,511_202610010310_LINK_USDT_LONG,1,14.315065,1.0,14.458934999999999,511_202610010310_LINK_USDT_LONG_B1_REFERENCE
LONG,147.73,2026-10-01T03:13:32.457000+09:00,511_202610010310_SOXL_USDT_LONG,1,146.99134999999998,1.0,148.46864999999997,511_202610010310_SOXL_USDT_LONG_B1_REFERENCE
SHORT,1068.45,2026-10-01T03:34:23.421000+09:00,511_202610010330_MUSTOCK_USDT_SHORT,1,1073.79225,1.0,1063.1077500000001,511_202610010330_MUSTOCK_USDT_SHORT_B1_REFERENCE
SHORT,2673.39,2026-10-01T03:44:52.202000+09:00,511_202610010340_ETH_USDT_SHORT,1,2686.7569499999995,1.0,2660.02305,511_202610010340_ETH_USDT_SHORT_B1_REFERENCE
SHORT,4154.7,2026-10-01T03:44:58.608000+09:00,511_202610010340_XAUT_USDT_SHORT,1,4175.473499999999,1.0,4133.9265,511_202610010340_XAUT_USDT_SHORT_B1_REFERENCE
SHORT,4157.17,2026-10-01T03:44:57.588000+09:00,511_202610010340_XAU_USDT_SHORT,1,4177.955849999999,1.0,4136.38415,511_202610010340_XAU_USDT_SHORT_B1_REFERENCE
LONG,89.443,2026-10-01T03:45:05.151000+09:00,511_202610010345_HYPE_USDT_LONG,1,88.995785,1.0,89.89021499999998,511_202610010345_HYPE_USDT_LONG_B1_REFERENCE
SHORT,1067.02,2026-10-01T03:45:00.976000+09:00,511_202610010345_MUSTOCK_USDT_SHORT,1,1072.3550999999998,1.0,1061.6849,511_202610010345_MUSTOCK_USDT_SHORT_B1_REFERENCE
SHORT,4.2675e-06,2026-10-01T03:45:06.154000+09:00,511_202610010345_PEPE_USDT_SHORT,1,4.2888374999999996e-06,1.0,4.2461625e-06,511_202610010345_PEPE_USDT_SHORT_B1_REFERENCE
LONG,147.41,2026-10-01T03:45:11.658000+09:00,511_202610010345_SOXL_USDT_LONG,1,146.67295,1.0,148.14704999999998,511_202610010345_SOXL_USDT_LONG_B1_REFERENCE
SHORT,301.5,2026-10-01T03:45:07.212000+09:00,511_202610010345_TAO_USDT_SHORT,1,303.0075,1.0,299.9925,511_202610010345_TAO_USDT_SHORT_B1_REFERENCE
SHORT,1068.89,2026-10-01T03:55:14.928000+09:00,511_202610010355_MUSTOCK_USDT_SHORT,1,1074.23445,1.0,1063.54555,511_202610010355_MUSTOCK_USDT_SHORT_B1_REFERENCE
SHORT,0.4852,2026-10-01T03:55:34.898000+09:00,511_202610010355_ONDO_USDT_SHORT,1,0.48762599999999995,1.0,0.48277400000000004,511_202610010355_ONDO_USDT_SHORT_B1_REFERENCE
LONG,0.005866,2026-10-01T03:55:33.831000+09:00,511_202610010355_PUMPFUN_USDT_LONG,1,0.0058366699999999995,1.0,0.005895329999999999,511_202610010355_PUMPFUN_USDT_LONG_B1_REFERENCE
SHORT,292.83,2026-10-01T03:55:10.589000+09:00,511_202610010355_QNT_USDT_SHORT,1,294.29414999999995,1.0,291.36584999999997,511_202610010355_QNT_USDT_SHORT_B1_REFERENCE
SHORT,118.52,2026-10-01T03:55:08.475000+09:00,511_202610010355_SOL_USDT_SHORT,1,119.11259999999999,1.0,117.92739999999999,511_202610010355_SOL_USDT_SHORT_B1_REFERENCE
SHORT,90.74,2026-10-01T03:55:27.058000+09:00,511_202610010355_USOIL_USDT_SHORT,1,91.19369999999998,1.0,90.2863,511_202610010355_USOIL_USDT_SHORT_B1_REFERENCE
SHORT,0.5276,2026-10-01T03:55:24.717000+09:00,511_202610010355_WLD_USDT_SHORT,1,0.5302379999999999,1.0,0.5249619999999999,511_202610010355_WLD_USDT_SHORT_B1_REFERENCE
SHORT,0.26373,2026-10-01T04:14:31.265000+09:00,511_202610010410_ENA_USDT_SHORT,1,0.26504865,1.0,0.26241135000000004,511_202610010410_ENA_USDT_SHORT_B1_REFERENCE
SHORT,14.293,2026-10-01T04:14:24.229000+09:00,511_202610010410_LINK_USDT_SHORT,1,14.364464999999997,1.0,14.221535,511_202610010410_LINK_USDT_SHORT_B1_REFERENCE
LONG,148.44,2026-10-01T04:14:25.202000+09:00,511_202610010410_SOXL_USDT_LONG,1,147.6978,1.0,149.1822,511_202610010410_SOXL_USDT_LONG_B1_REFERENCE
SHORT,0.5305,2026-10-01T04:14:23.188000+09:00,511_202610010410_WLD_USDT_SHORT,1,0.5331524999999999,1.0,0.5278474999999999,511_202610010410_WLD_USDT_SHORT_B1_REFERENCE
SHORT,14.253,2026-10-01T04:25:20.403000+09:00,511_202610010425_LINK_USDT_SHORT,1,14.324264999999999,1.0,14.181735,511_202610010425_LINK_USDT_SHORT_B1_REFERENCE
LONG,1748.49,2026-10-01T04:25:29.286000+09:00,511_202610010425_SNDKSTOCK_USDT_LONG,1,1739.74755,1.0,1757.2324499999997,511_202610010425_SNDKSTOCK_USDT_LONG_B1_REFERENCE
SHORT,117.48,2026-10-01T04:25:04.637000+09:00,511_202610010425_SOL_USDT_SHORT,1,118.06739999999999,1.0,116.8926,511_202610010425_SOL_USDT_SHORT_B1_REFERENCE
LONG,149.26,2026-10-01T04:35:23.062000+09:00,511_202610010435_SOXL_USDT_LONG,1,148.5137,1.0,150.00629999999998,511_202610010435_SOXL_USDT_LONG_B1_REFERENCE
LONG,1748.93,2026-10-01T04:45:59.459000+09:00,511_202610010445_SNDKSTOCK_USDT_LONG,1,1740.18535,1.0,1757.67465,511_202610010445_SNDKSTOCK_USDT_LONG_B1_REFERENCE
SHORT,301.48,2026-10-01T04:45:47.553000+09:00,511_202610010445_TAO_USDT_SHORT,1,302.9874,1.0,299.9726,511_202610010445_TAO_USDT_SHORT_B1_REFERENCE
SHORT,10.862,2026-10-01T04:55:35.155000+09:00,511_202610010455_AVAX_USDT_SHORT,1,10.91631,1.0,10.807690000000001,511_202610010455_AVAX_USDT_SHORT_B1_REFERENCE
SHORT,14.205,2026-10-01T04:55:26.562000+09:00,511_202610010455_LINK_USDT_SHORT,1,14.276024999999999,1.0,14.133975,511_202610010455_LINK_USDT_SHORT_B1_REFERENCE
SHORT,1064.33,2026-10-01T04:55:17.897000+09:00,511_202610010455_MUSTOCK_USDT_SHORT,1,1069.6516499999998,1.0,1059.0083499999998,511_202610010455_MUSTOCK_USDT_SHORT_B1_REFERENCE
SHORT,0.4879,2026-10-01T04:55:38.308000+09:00,511_202610010455_ONDO_USDT_SHORT,1,0.49033949999999993,1.0,0.4854605,511_202610010455_ONDO_USDT_SHORT_B1_REFERENCE
SHORT,1.1426,2026-10-01T04:55:21.212000+09:00,511_202610010455_SUI_USDT_SHORT,1,1.148313,1.0,1.136887,511_202610010455_SUI_USDT_SHORT_B1_REFERENCE
SHORT,0.26275,2026-10-01T05:05:38.552000+09:00,511_202610010505_ENA_USDT_SHORT,1,0.26406374999999993,1.0,0.26143625,511_202610010505_ENA_USDT_SHORT_B1_REFERENCE
SHORT,14.239,2026-10-01T05:05:32.416000+09:00,511_202610010505_LINK_USDT_SHORT,1,14.310194999999998,1.0,14.167805000000001,511_202610010505_LINK_USDT_SHORT_B1_REFERENCE
SHORT,1073.07,2026-10-01T05:05:22.464000+09:00,511_202610010505_MUSTOCK_USDT_SHORT,1,1078.4353499999997,1.0,1067.70465,511_202610010505_MUSTOCK_USDT_SHORT_B1_REFERENCE
SHORT,1307.28,2026-10-01T05:05:30.457000+09:00,511_202610010505_SKHYNIXSTOCK_USDT_SHORT,1,1313.8164,1.0,1300.7436,511_202610010505_SKHYNIXSTOCK_USDT_SHORT_B1_REFERENCE
LONG,147.81,2026-10-01T05:15:26.193000+09:00,511_202610010515_SOXL_USDT_LONG,1,147.07095,1.0,148.54905,511_202610010515_SOXL_USDT_LONG_B1_REFERENCE
LONG,0.10965,2026-10-01T05:25:30.714000+09:00,511_202610010525_HBAR_USDT_LONG,1,0.10910175,1.0,0.11019824999999998,511_202610010525_HBAR_USDT_LONG_B1_REFERENCE
LONG,90.356,2026-10-01T05:25:21.090000+09:00,511_202610010525_HYPE_USDT_LONG,1,89.90422,1.0,90.80777999999998,511_202610010525_HYPE_USDT_LONG_B1_REFERENCE
SHORT,289.8,2026-10-01T05:25:13.449000+09:00,511_202610010525_QNT_USDT_SHORT,1,291.24899999999997,1.0,288.351,511_202610010525_QNT_USDT_SHORT_B1_REFERENCE
LONG,1085.23,2026-10-01T05:35:20.001000+09:00,511_202610010535_MUSTOCK_USDT_LONG,1,1079.80385,1.0,1090.6561499999998,511_202610010535_MUSTOCK_USDT_LONG_B1_REFERENCE
SHORT,282.38,2026-10-01T05:35:18.099000+09:00,511_202610010535_QNT_USDT_SHORT,1,283.79189999999994,1.0,280.9681,511_202610010535_QNT_USDT_SHORT_B1_REFERENCE
LONG,1750.62,2026-10-01T05:35:38.063000+09:00,511_202610010535_SNDKSTOCK_USDT_LONG,1,1741.8669,1.0,1759.3730999999998,511_202610010535_SNDKSTOCK_USDT_LONG_B1_REFERENCE
SHORT,301.94,2026-10-01T05:35:27.654000+09:00,511_202610010535_TAO_USDT_SHORT,1,303.44969999999995,1.0,300.4303,511_202610010535_TAO_USDT_SHORT_B1_REFERENCE
SHORT,90.41,2026-10-01T05:35:33.348000+09:00,511_202610010535_USOIL_USDT_SHORT,1,90.86204999999998,1.0,89.95795,511_202610010535_USOIL_USDT_SHORT_B1_REFERENCE
SHORT,1.4914,2026-10-01T05:35:17.166000+09:00,511_202610010535_XRP_USDT_SHORT,1,1.4988569999999999,1.0,1.483943,511_202610010535_XRP_USDT_SHORT_B1_REFERENCE
SHORT,0.26163,2026-10-01T05:55:26.802000+09:00,511_202610010555_ENA_USDT_SHORT,1,0.2629381499999999,1.0,0.26032184999999997,511_202610010555_ENA_USDT_SHORT_B1_REFERENCE
SHORT,1306.58,2026-10-01T06:24:10.386000+09:00,511_202610010620_SKHYNIXSTOCK_USDT_SHORT,1,1313.1128999999999,1.0,1300.0471,511_202610010620_SKHYNIXSTOCK_USDT_SHORT_B1_REFERENCE
SHORT,1419.72,2026-10-01T06:23:52.918000+09:00,511_202610010620_ZEC_USDT_SHORT,1,1426.8185999999998,1.0,1412.6214,511_202610010620_ZEC_USDT_SHORT_B1_REFERENCE
SHORT,5.287,2026-10-01T06:35:11.276000+09:00,511_202610010635_NEAR_USDT_SHORT,1,5.313434999999999,1.0,5.260565,511_202610010635_NEAR_USDT_SHORT_B1_REFERENCE
LONG,91.741,2026-10-01T06:43:18.203000+09:00,511_202610010640_HYPE_USDT_LONG,1,91.282295,1.0,92.199705,511_202610010640_HYPE_USDT_LONG_B1_REFERENCE
SHORT,289.0,2026-10-01T06:43:09.833000+09:00,511_202610010640_QNT_USDT_SHORT,1,290.445,1.0,287.555,511_202610010640_QNT_USDT_SHORT_B1_REFERENCE
SHORT,83699.3,2026-10-01T06:54:10.609000+09:00,511_202610010650_BTC_USDT_SHORT,1,84117.7965,1.0,83280.80350000001,511_202610010650_BTC_USDT_SHORT_B1_REFERENCE
SHORT,1.1574,2026-10-01T06:54:20.264000+09:00,511_202610010650_SUI_USDT_SHORT,1,1.163187,1.0,1.151613,511_202610010650_SUI_USDT_SHORT_B1_REFERENCE
SHORT,5.256,2026-10-01T07:04:43.553000+09:00,511_202610010700_NEAR_USDT_SHORT,1,5.28228,1.0,5.22972,511_202610010700_NEAR_USDT_SHORT_B1_REFERENCE
SHORT,1.1536,2026-10-01T07:04:44.423000+09:00,511_202610010700_SUI_USDT_SHORT,1,1.1593679999999997,1.0,1.147832,511_202610010700_SUI_USDT_SHORT_B1_REFERENCE
SHORT,10.881,2026-10-01T07:13:29.566000+09:00,511_202610010710_AVAX_USDT_SHORT,1,10.935405,1.0,10.826595,511_202610010710_AVAX_USDT_SHORT_B1_REFERENCE
SHORT,14.267,2026-10-01T07:13:22.565000+09:00,511_202610010710_LINK_USDT_SHORT,1,14.338334999999997,1.0,14.195665,511_202610010710_LINK_USDT_SHORT_B1_REFERENCE
LONG,0.005917,2026-10-01T07:13:32.192000+09:00,511_202610010710_PUMPFUN_USDT_LONG,1,0.005887415,1.0,0.005946585,511_202610010710_PUMPFUN_USDT_LONG_B1_REFERENCE
SHORT,1.1532,2026-10-01T07:13:17.390000+09:00,511_202610010710_SUI_USDT_SHORT,1,1.158966,1.0,1.147434,511_202610010710_SUI_USDT_SHORT_B1_REFERENCE
SHORT,1412.44,2026-10-01T07:13:09.321000+09:00,511_202610010710_ZEC_USDT_SHORT,1,1419.5022,1.0,1405.3778,511_202610010710_ZEC_USDT_SHORT_B1_REFERENCE
LONG,60.52,2026-10-01T07:24:15.160000+09:00,511_202610010720_SILVER_USDT_LONG,1,60.217400000000005,1.0,60.822599999999994,511_202610010720_SILVER_USDT_LONG_B1_REFERENCE
LONG,0.5409,2026-10-01T07:35:20.324000+09:00,511_202610010735_WLD_USDT_LONG,1,0.5381955,1.0,0.5436044999999999,511_202610010735_WLD_USDT_LONG_B1_REFERENCE
LONG,2690.01,2026-10-01T07:43:18.790000+09:00,511_202610010740_ETH_USDT_LONG,1,2676.5599500000003,1.0,2703.46005,511_202610010740_ETH_USDT_LONG_B1_REFERENCE
LONG,148.48,2026-10-01T07:55:47.651000+09:00,511_202610010755_SOXL_USDT_LONG,1,147.7376,1.0,149.22239999999996,511_202610010755_SOXL_USDT_LONG_B1_REFERENCE
LONG,2689.72,2026-10-01T08:04:54.065000+09:00,511_202610010800_ETH_USDT_LONG,1,2676.2713999999996,1.0,2703.1685999999995,511_202610010800_ETH_USDT_LONG_B1_REFERENCE
LONG,14.413,2026-10-01T08:05:11.026000+09:00,511_202610010805_LINK_USDT_LONG,1,14.340935,1.0,14.485064999999999,511_202610010805_LINK_USDT_LONG_B1_REFERENCE
LONG,5.368,2026-10-01T08:35:24.054000+09:00,511_202610010835_NEAR_USDT_LONG,1,5.34116,1.0,5.394839999999999,511_202610010835_NEAR_USDT_LONG_B1_REFERENCE
SHORT,118.1,2026-10-01T08:35:18.250000+09:00,511_202610010835_SOL_USDT_SHORT,1,118.69049999999999,1.0,117.50949999999999,511_202610010835_SOL_USDT_SHORT_B1_REFERENCE
SHORT,1304.57,2026-10-01T08:55:27.601000+09:00,511_202610010855_SKHYNIXSTOCK_USDT_SHORT,1,1311.0928499999998,1.0,1298.0471499999999,511_202610010855_SKHYNIXSTOCK_USDT_SHORT_B1_REFERENCE
SHORT,300.73,2026-10-01T08:55:24.438000+09:00,511_202610010855_TAO_USDT_SHORT,1,302.23365,1.0,299.22635,511_202610010855_TAO_USDT_SHORT_B1_REFERENCE
LONG,159.38,2026-10-01T09:05:50.647000+09:00,511_202610010905_AAVE_USDT_LONG,1,158.5831,1.0,160.1769,511_202610010905_AAVE_USDT_LONG_B1_REFERENCE
SHORT,83495.8,2026-10-01T09:05:18.900000+09:00,511_202610010905_BTC_USDT_SHORT,1,83913.279,1.0,83078.321,511_202610010905_BTC_USDT_SHORT_B1_REFERENCE
LONG,14.37,2026-10-01T09:05:38.226000+09:00,511_202610010905_LINK_USDT_LONG,1,14.29815,1.0,14.441849999999997,511_202610010905_LINK_USDT_LONG_B1_REFERENCE
SHORT,0.10399,2026-10-01T09:16:05.933000+09:00,511_202610010915_HBAR_USDT_SHORT,1,0.10450994999999999,1.0,0.10347005,511_202610010915_HBAR_USDT_SHORT_B1_REFERENCE
LONG,0.26508,2026-10-01T09:25:14.050000+09:00,511_202610010925_ENA_USDT_LONG,1,0.2637546,1.0,0.26640539999999996,511_202610010925_ENA_USDT_LONG_B1_REFERENCE
SHORT,1066.09,2026-10-01T09:25:00.962000+09:00,511_202610010925_MUSTOCK_USDT_SHORT,1,1071.4204499999998,1.0,1060.75955,511_202610010925_MUSTOCK_USDT_SHORT_B1_REFERENCE
LONG,0.5005,2026-10-01T09:25:20.049000+09:00,511_202610010925_ONDO_USDT_LONG,1,0.4979974999999999,1.0,0.5030024999999999,511_202610010925_ONDO_USDT_LONG_B1_REFERENCE
LONG,0.5405,2026-10-01T09:25:08.822000+09:00,511_202610010925_WLD_USDT_LONG,1,0.5377974999999999,1.0,0.5432024999999999,511_202610010925_WLD_USDT_LONG_B1_REFERENCE
LONG,14.419,2026-10-01T09:45:33.907000+09:00,511_202610010945_LINK_USDT_LONG,1,14.346905,1.0,14.491095,511_202610010945_LINK_USDT_LONG_B1_REFERENCE
LONG,0.5075,2026-10-01T09:45:43.250000+09:00,511_202610010945_ONDO_USDT_LONG,1,0.5049625,1.0,0.5100374999999999,511_202610010945_ONDO_USDT_LONG_B1_REFERENCE
LONG,1.1767,2026-10-01T09:45:26.411000+09:00,511_202610010945_SUI_USDT_LONG,1,1.1708165000000001,1.0,1.1825835,511_202610010945_SUI_USDT_LONG_B1_REFERENCE
LONG,0.5456,2026-10-01T09:45:32.022000+09:00,511_202610010945_WLD_USDT_LONG,1,0.542872,1.0,0.5483279999999999,511_202610010945_WLD_USDT_LONG_B1_REFERENCE
SHORT,5.285,2026-10-01T09:55:08.502000+09:00,511_202610010955_NEAR_USDT_SHORT,1,5.311425,1.0,5.258575,511_202610010955_NEAR_USDT_SHORT_B1_REFERENCE
SHORT,4142.4,2026-10-01T09:55:06.233000+09:00,511_202610010955_XAUT_USDT_SHORT,1,4163.111999999999,1.0,4121.687999999999,511_202610010955_XAUT_USDT_SHORT_B1_REFERENCE
SHORT,0.005816,2026-10-01T10:04:49.601000+09:00,511_202610011000_PUMPFUN_USDT_SHORT,1,0.005845079999999999,1.0,0.00578692,511_202610011000_PUMPFUN_USDT_SHORT_B1_REFERENCE
LONG,7680.0,2026-10-01T10:04:42.644000+09:00,511_202610011000_SPX500_USDT_LONG,1,7641.6,1.0,7718.4,511_202610011000_SPX500_USDT_LONG_B1_REFERENCE
LONG,0.2479,2026-10-01T10:14:34.814000+09:00,511_202610011010_ADA_USDT_LONG,1,0.2466605,1.0,0.24913949999999999,511_202610011010_ADA_USDT_LONG_B1_REFERENCE
LONG,0.09472,2026-10-01T10:14:20.785000+09:00,511_202610011010_DOGE_USDT_LONG,1,0.0942464,1.0,0.09519359999999999,511_202610011010_DOGE_USDT_LONG_B1_REFERENCE
LONG,14.392,2026-10-01T10:14:25.107000+09:00,511_202610011010_LINK_USDT_LONG,1,14.320039999999999,1.0,14.463959999999998,511_202610011010_LINK_USDT_LONG_B1_REFERENCE
LONG,30567.0,2026-10-01T10:14:29.618000+09:00,511_202610011010_NAS100_USDT_LONG,1,30414.165,1.0,30719.834999999995,511_202610011010_NAS100_USDT_LONG_B1_REFERENCE
SHORT,0.005793,2026-10-01T10:14:35.665000+09:00,511_202610011010_PUMPFUN_USDT_SHORT,1,0.005821965,1.0,0.005764035000000001,511_202610011010_PUMPFUN_USDT_SHORT_B1_REFERENCE
LONG,149.86,2026-10-01T10:14:25.971000+09:00,511_202610011010_SOXL_USDT_LONG,1,149.1107,1.0,150.6093,511_202610011010_SOXL_USDT_LONG_B1_REFERENCE
LONG,0.5416,2026-10-01T10:14:23.395000+09:00,511_202610011010_WLD_USDT_LONG,1,0.5388919999999999,1.0,0.5443079999999999,511_202610011010_WLD_USDT_LONG_B1_REFERENCE
LONG,0.09522,2026-10-01T10:25:25.047000+09:00,511_202610011025_DOGE_USDT_LONG,1,0.09474389999999999,1.0,0.09569609999999999,511_202610011025_DOGE_USDT_LONG_B1_REFERENCE
LONG,0.26787,2026-10-01T10:25:33.183000+09:00,511_202610011025_ENA_USDT_LONG,1,0.26653065,1.0,0.26920934999999996,511_202610011025_ENA_USDT_LONG_B1_REFERENCE
LONG,2691.28,2026-10-01T10:25:13.135000+09:00,511_202610011025_ETH_USDT_LONG,1,2677.8236,1.0,2704.7364,511_202610011025_ETH_USDT_LONG_B1_REFERENCE
LONG,14.448,2026-10-01T10:25:30.313000+09:00,511_202610011025_LINK_USDT_LONG,1,14.37576,1.0,14.52024,511_202610011025_LINK_USDT_LONG_B1_REFERENCE
SHORT,5.284,2026-10-01T10:25:23.101000+09:00,511_202610011025_NEAR_USDT_SHORT,1,5.310419999999999,1.0,5.25758,511_202610011025_NEAR_USDT_SHORT_B1_REFERENCE
LONG,0.511,2026-10-01T10:25:38.213000+09:00,511_202610011025_ONDO_USDT_LONG,1,0.508445,1.0,0.513555,511_202610011025_ONDO_USDT_LONG_B1_REFERENCE
SHORT,89.845,2026-10-01T10:35:15.341000+09:00,511_202610011035_HYPE_USDT_SHORT,1,90.29422499999998,1.0,89.395775,511_202610011035_HYPE_USDT_SHORT_B1_REFERENCE
SHORT,5.264,2026-10-01T10:35:12.711000+09:00,511_202610011035_NEAR_USDT_SHORT,1,5.2903199999999995,1.0,5.23768,511_202610011035_NEAR_USDT_SHORT_B1_REFERENCE
SHORT,1420.88,2026-10-01T10:35:05.532000+09:00,511_202610011035_ZEC_USDT_SHORT,1,1427.9844,1.0,1413.7756000000002,511_202610011035_ZEC_USDT_SHORT_B1_REFERENCE
SHORT,10.853,2026-10-01T10:45:29.532000+09:00,511_202610011045_AVAX_USDT_SHORT,1,10.907264999999999,1.0,10.798734999999999,511_202610011045_AVAX_USDT_SHORT_B1_REFERENCE
SHORT,0.10403,2026-10-01T10:45:27.520000+09:00,511_202610011045_HBAR_USDT_SHORT,1,0.10455014999999998,1.0,0.10350985,511_202610011045_HBAR_USDT_SHORT_B1_REFERENCE
LONG,299.93,2026-10-01T10:45:09.568000+09:00,511_202610011045_QNT_USDT_LONG,1,298.43035000000003,1.0,301.42965,511_202610011045_QNT_USDT_LONG_B1_REFERENCE
LONG,2688.95,2026-10-01T10:55:14.325000+09:00,511_202610011055_ETH_USDT_LONG,1,2675.5052499999997,1.0,2702.3947499999995,511_202610011055_ETH_USDT_LONG_B1_REFERENCE
LONG,60.91,2026-10-01T11:24:39.833000+09:00,511_202610011120_SILVER_USDT_LONG,1,60.60545,1.0,61.21454999999999,511_202610011120_SILVER_USDT_LONG_B1_REFERENCE
LONG,1744.15,2026-10-01T11:24:56.110000+09:00,511_202610011120_SNDKSTOCK_USDT_LONG,1,1735.4292500000001,1.0,1752.8707499999998,511_202610011120_SNDKSTOCK_USDT_LONG_B1_REFERENCE
LONG,150.34,2026-10-01T11:24:49.460000+09:00,511_202610011120_SOXL_USDT_LONG,1,149.5883,1.0,151.09169999999997,511_202610011120_SOXL_USDT_LONG_B1_REFERENCE
LONG,0.2481,2026-10-01T11:35:08.703000+09:00,511_202610011135_ADA_USDT_LONG,1,0.24685949999999998,1.0,0.24934049999999996,511_202610011135_ADA_USDT_LONG_B1_REFERENCE
LONG,30596.0,2026-10-01T11:35:04.113000+09:00,511_202610011135_NAS100_USDT_LONG,1,30443.02,1.0,30748.979999999996,511_202610011135_NAS100_USDT_LONG_B1_REFERENCE
LONG,1747.46,2026-10-01T11:35:05.109000+09:00,511_202610011135_SNDKSTOCK_USDT_LONG,1,1738.7227,1.0,1756.1972999999998,511_202610011135_SNDKSTOCK_USDT_LONG_B1_REFERENCE
LONG,7684.9,2026-10-01T11:44:28.759000+09:00,511_202610011140_SPX500_USDT_LONG,1,7646.4755,1.0,7723.324499999999,511_202610011140_SPX500_USDT_LONG_B1_REFERENCE
SHORT,1412.24,2026-10-01T11:44:06.475000+09:00,511_202610011140_ZEC_USDT_SHORT,1,1419.3011999999999,1.0,1405.1788,511_202610011140_ZEC_USDT_SHORT_B1_REFERENCE
LONG,0.2489,2026-10-01T11:55:24.948000+09:00,511_202610011155_ADA_USDT_LONG,1,0.2476555,1.0,0.2501445,511_202610011155_ADA_USDT_LONG_B1_REFERENCE
LONG,0.09522,2026-10-01T11:55:08.609000+09:00,511_202610011155_DOGE_USDT_LONG,1,0.09474389999999999,1.0,0.09569609999999999,511_202610011155_DOGE_USDT_LONG_B1_REFERENCE
LONG,0.26753,2026-10-01T11:55:16.880000+09:00,511_202610011155_ENA_USDT_LONG,1,0.26619234999999997,1.0,0.26886764999999996,511_202610011155_ENA_USDT_LONG_B1_REFERENCE
LONG,0.506,2026-10-01T11:55:22.964000+09:00,511_202610011155_ONDO_USDT_LONG,1,0.50347,1.0,0.5085299999999999,511_202610011155_ONDO_USDT_LONG_B1_REFERENCE
LONG,61.04,2026-10-01T11:55:04.994000+09:00,511_202610011155_SILVER_USDT_LONG,1,60.7348,1.0,61.34519999999999,511_202610011155_SILVER_USDT_LONG_B1_REFERENCE
LONG,1323.81,2026-10-01T11:55:15.880000+09:00,511_202610011155_SKHYNIXSTOCK_USDT_LONG,1,1317.19095,1.0,1330.4290499999997,511_202610011155_SKHYNIXSTOCK_USDT_LONG_B1_REFERENCE
LONG,1.1796,2026-10-01T11:55:07.589000+09:00,511_202610011155_SUI_USDT_LONG,1,1.173702,1.0,1.185498,511_202610011155_SUI_USDT_LONG_B1_REFERENCE
SHORT,89.71,2026-10-01T11:55:23.958000+09:00,511_202610011155_USOIL_USDT_SHORT,1,90.15854999999999,1.0,89.26145,511_202610011155_USOIL_USDT_SHORT_B1_REFERENCE
LONG,14.417,2026-10-01T12:05:37.302000+09:00,511_202610011205_LINK_USDT_LONG,1,14.344915,1.0,14.489084999999998,511_202610011205_LINK_USDT_LONG_B1_REFERENCE
LONG,151.64,2026-10-01T12:05:38.293000+09:00,511_202610011205_SOXL_USDT_LONG,1,150.8818,1.0,152.39819999999997,511_202610011205_SOXL_USDT_LONG_B1_REFERENCE
LONG,7685.6,2026-10-01T12:05:41.312000+09:00,511_202610011205_SPX500_USDT_LONG,1,7647.1720000000005,1.0,7724.027999999999,511_202610011205_SPX500_USDT_LONG_B1_REFERENCE
LONG,4.3204e-06,2026-10-01T12:15:24.401000+09:00,511_202610011215_PEPE_USDT_LONG,1,4.298798e-06,1.0,4.342002e-06,511_202610011215_PEPE_USDT_LONG_B1_REFERENCE
LONG,298.8,2026-10-01T12:25:20.165000+09:00,511_202610011225_QNT_USDT_LONG,1,297.306,1.0,300.294,511_202610011225_QNT_USDT_LONG_B1_REFERENCE
LONG,7685.7,2026-10-01T12:25:38.770000+09:00,511_202610011225_SPX500_USDT_LONG,1,7647.2715,1.0,7724.128499999999,511_202610011225_SPX500_USDT_LONG_B1_REFERENCE
LONG,1.4938,2026-10-01T12:34:50.705000+09:00,511_202610011230_XRP_USDT_LONG,1,1.486331,1.0,1.501269,511_202610011230_XRP_USDT_LONG_B1_REFERENCE
LONG,11.077,2026-10-01T12:35:13.450000+09:00,511_202610011235_AVAX_USDT_LONG,1,11.021615,1.0,11.132385,511_202610011235_AVAX_USDT_LONG_B1_REFERENCE
LONG,4.3473e-06,2026-10-01T12:35:01.824000+09:00,511_202610011235_PEPE_USDT_LONG,1,4.3255635e-06,1.0,4.369036499999999e-06,511_202610011235_PEPE_USDT_LONG_B1_REFERENCE
LONG,0.2509,2026-10-01T12:55:24.388000+09:00,511_202610011255_ADA_USDT_LONG,1,0.24964550000000002,1.0,0.2521545,511_202610011255_ADA_USDT_LONG_B1_REFERENCE
LONG,0.508,2026-10-01T12:55:22.417000+09:00,511_202610011255_ONDO_USDT_LONG,1,0.50546,1.0,0.51054,511_202610011255_ONDO_USDT_LONG_B1_REFERENCE
LONG,1767.2,2026-10-01T12:55:18.095000+09:00,511_202610011255_SNDKSTOCK_USDT_LONG,1,1758.364,1.0,1776.0359999999998,511_202610011255_SNDKSTOCK_USDT_LONG_B1_REFERENCE
LONG,153.21,2026-10-01T12:55:13.763000+09:00,511_202610011255_SOXL_USDT_LONG,1,152.44395,1.0,153.97605,511_202610011255_SOXL_USDT_LONG_B1_REFERENCE
LONG,4175.7,2026-10-01T12:55:03.704000+09:00,511_202610011255_XAUT_USDT_LONG,1,4154.8215,1.0,4196.5785,511_202610011255_XAUT_USDT_LONG_B1_REFERENCE
LONG,4181.14,2026-10-01T12:55:01.655000+09:00,511_202610011255_XAU_USDT_LONG,1,4160.2343,1.0,4202.0457,511_202610011255_XAU_USDT_LONG_B1_REFERENCE
LONG,1071.95,2026-10-01T13:05:25.180000+09:00,511_202610011305_MUSTOCK_USDT_LONG,1,1066.59025,1.0,1077.30975,511_202610011305_MUSTOCK_USDT_LONG_B1_REFERENCE
LONG,4.3711e-06,2026-10-01T13:05:32.387000+09:00,511_202610011305_PEPE_USDT_LONG,1,4.349244500000001e-06,1.0,4.3929555e-06,511_202610011305_PEPE_USDT_LONG_B1_REFERENCE
LONG,154.43,2026-10-01T13:05:36.589000+09:00,511_202610011305_SOXL_USDT_LONG,1,153.65785,1.0,155.20215,511_202610011305_SOXL_USDT_LONG_B1_REFERENCE
LONG,4180.31,2026-10-01T13:05:24.220000+09:00,511_202610011305_XAU_USDT_LONG,1,4159.408450000001,1.0,4201.21155,511_202610011305_XAU_USDT_LONG_B1_REFERENCE
LONG,2697.92,2026-10-01T13:13:12.471000+09:00,511_202610011310_ETH_USDT_LONG,1,2684.4304,1.0,2711.4096,511_202610011310_ETH_USDT_LONG_B1_REFERENCE
LONG,1069.36,2026-10-01T13:13:18.040000+09:00,511_202610011310_MUSTOCK_USDT_LONG,1,1064.0131999999999,1.0,1074.7067999999997,511_202610011310_MUSTOCK_USDT_LONG_B1_REFERENCE
SHORT,89.34,2026-10-01T13:13:35.978000+09:00,511_202610011310_USOIL_USDT_SHORT,1,89.7867,1.0,88.8933,511_202610011310_USOIL_USDT_SHORT_B1_REFERENCE
LONG,83766.8,2026-10-01T13:24:45.606000+09:00,511_202610011320_BTC_USDT_LONG,1,83347.966,1.0,84185.63399999999,511_202610011320_BTC_USDT_LONG_B1_REFERENCE
LONG,5.369,2026-10-01T13:24:55.959000+09:00,511_202610011320_NEAR_USDT_LONG,1,5.342155,1.0,5.395845,511_202610011320_NEAR_USDT_LONG_B1_REFERENCE
LONG,118.47,2026-10-01T13:24:48.584000+09:00,511_202610011320_SOL_USDT_LONG,1,117.87765,1.0,119.06234999999998,511_202610011320_SOL_USDT_LONG_B1_REFERENCE
LONG,0.27238,2026-10-01T13:25:06.234000+09:00,511_202610011325_ENA_USDT_LONG,1,0.2710181,1.0,0.2737419,511_202610011325_ENA_USDT_LONG_B1_REFERENCE
LONG,14.492,2026-10-01T13:25:03.002000+09:00,511_202610011325_LINK_USDT_LONG,1,14.419540000000001,1.0,14.564459999999999,511_202610011325_LINK_USDT_LONG_B1_REFERENCE
SHORT,0.5349,2026-10-01T13:35:30.134000+09:00,511_202610011335_WLD_USDT_SHORT,1,0.5375745,1.0,0.5322255,511_202610011335_WLD_USDT_SHORT_B1_REFERENCE
LONG,154.44,2026-10-01T13:45:26.489000+09:00,511_202610011345_SOXL_USDT_LONG,1,153.6678,1.0,155.21219999999997,511_202610011345_SOXL_USDT_LONG_B1_REFERENCE
SHORT,0.5319,2026-10-01T13:45:23.896000+09:00,511_202610011345_WLD_USDT_SHORT,1,0.5345595,1.0,0.5292405,511_202610011345_WLD_USDT_SHORT_B1_REFERENCE
LONG,2707.11,2026-10-01T13:54:59.956000+09:00,511_202610011350_ETH_USDT_LONG,1,2693.57445,1.0,2720.6455499999997,511_202610011350_ETH_USDT_LONG_B1_REFERENCE
LONG,0.09583,2026-10-01T13:55:11.509000+09:00,511_202610011355_DOGE_USDT_LONG,1,0.09535085,1.0,0.09630914999999998,511_202610011355_DOGE_USDT_LONG_B1_REFERENCE
LONG,0.27385,2026-10-01T13:55:19.699000+09:00,511_202610011355_ENA_USDT_LONG,1,0.27248075,1.0,0.27521924999999997,511_202610011355_ENA_USDT_LONG_B1_REFERENCE
LONG,0.10661,2026-10-01T13:55:22.718000+09:00,511_202610011355_HBAR_USDT_LONG,1,0.10607694999999999,1.0,0.10714304999999999,511_202610011355_HBAR_USDT_LONG_B1_REFERENCE
LONG,30716.0,2026-10-01T13:55:25.705000+09:00,511_202610011355_NAS100_USDT_LONG,1,30562.42,1.0,30869.579999999998,511_202610011355_NAS100_USDT_LONG_B1_REFERENCE
LONG,307.67,2026-10-01T13:55:15.519000+09:00,511_202610011355_TAO_USDT_LONG,1,306.13165000000004,1.0,309.20835,511_202610011355_TAO_USDT_LONG_B1_REFERENCE
LONG,1.5046,2026-10-01T13:55:03.340000+09:00,511_202610011355_XRP_USDT_LONG,1,1.497077,1.0,1.5121229999999999,511_202610011355_XRP_USDT_LONG_B1_REFERENCE
LONG,1436.48,2026-10-01T13:55:00.940000+09:00,511_202610011355_ZEC_USDT_LONG,1,1429.2976,1.0,1443.6624,511_202610011355_ZEC_USDT_LONG_B1_REFERENCE
LONG,119.15,2026-10-01T14:04:31.038000+09:00,511_202610011400_SOL_USDT_LONG,1,118.55425000000001,1.0,119.74574999999999,511_202610011400_SOL_USDT_LONG_B1_REFERENCE
LONG,308.29,2026-10-01T14:04:44.067000+09:00,511_202610011400_TAO_USDT_LONG,1,306.74855,1.0,309.83144999999996,511_202610011400_TAO_USDT_LONG_B1_REFERENCE
SHORT,0.532,2026-10-01T14:04:43.112000+09:00,511_202610011400_WLD_USDT_SHORT,1,0.53466,1.0,0.52934,511_202610011400_WLD_USDT_SHORT_B1_REFERENCE
LONG,4186.91,2026-10-01T14:04:34.322000+09:00,511_202610011400_XAU_USDT_LONG,1,4165.97545,1.0,4207.84455,511_202610011400_XAU_USDT_LONG_B1_REFERENCE
LONG,1779.5,2026-10-01T14:14:35.697000+09:00,511_202610011410_SNDKSTOCK_USDT_LONG,1,1770.6025,1.0,1788.3974999999998,511_202610011410_SNDKSTOCK_USDT_LONG_B1_REFERENCE
SHORT,89.01,2026-10-01T14:14:39.829000+09:00,511_202610011410_USOIL_USDT_SHORT,1,89.45505,1.0,88.56495000000001,511_202610011410_USOIL_USDT_SHORT_B1_REFERENCE
LONG,84239.9,2026-10-01T14:24:10.098000+09:00,511_202610011420_BTC_USDT_LONG,1,83818.70049999999,1.0,84661.09949999998,511_202610011420_BTC_USDT_LONG_B1_REFERENCE
LONG,157.68,2026-10-01T14:24:26.870000+09:00,511_202610011420_SOXL_USDT_LONG,1,156.8916,1.0,158.4684,511_202610011420_SOXL_USDT_LONG_B1_REFERENCE
LONG,1078.59,2026-10-01T14:35:25.220000+09:00,511_202610011435_MUSTOCK_USDT_LONG,1,1073.19705,1.0,1083.9829499999998,511_202610011435_MUSTOCK_USDT_LONG_B1_REFERENCE
LONG,0.5101,2026-10-01T14:35:41.033000+09:00,511_202610011435_ONDO_USDT_LONG,1,0.5075495,1.0,0.5126504999999999,511_202610011435_ONDO_USDT_LONG_B1_REFERENCE
LONG,0.00586,2026-10-01T14:35:44.597000+09:00,511_202610011435_PUMPFUN_USDT_LONG,1,0.005830699999999999,1.0,0.005889299999999999,511_202610011435_PUMPFUN_USDT_LONG_B1_REFERENCE
LONG,61.45,2026-10-01T14:35:26.965000+09:00,511_202610011435_SILVER_USDT_LONG,1,61.14275,1.0,61.75725,511_202610011435_SILVER_USDT_LONG_B1_REFERENCE
LONG,1346.86,2026-10-01T14:35:35.763000+09:00,511_202610011435_SKHYNIXSTOCK_USDT_LONG,1,1340.1256999999998,1.0,1353.5942999999997,511_202610011435_SKHYNIXSTOCK_USDT_LONG_B1_REFERENCE
LONG,119.4,2026-10-01T14:35:21.706000+09:00,511_202610011435_SOL_USDT_LONG,1,118.80300000000001,1.0,119.997,511_202610011435_SOL_USDT_LONG_B1_REFERENCE
LONG,4186.3,2026-10-01T14:35:26.098000+09:00,511_202610011435_XAUT_USDT_LONG,1,4165.3685000000005,1.0,4207.2315,511_202610011435_XAUT_USDT_LONG_B1_REFERENCE
LONG,1.5082,2026-10-01T14:35:22.589000+09:00,511_202610011435_XRP_USDT_LONG,1,1.500659,1.0,1.5157409999999998,511_202610011435_XRP_USDT_LONG_B1_REFERENCE
LONG,2715.0,2026-10-01T14:43:22.723000+09:00,511_202610011440_ETH_USDT_LONG,1,2701.425,1.0,2728.575,511_202610011440_ETH_USDT_LONG_B1_REFERENCE
LONG,1078.37,2026-10-01T14:43:28.585000+09:00,511_202610011440_MUSTOCK_USDT_LONG,1,1072.97815,1.0,1083.7618499999999,511_202610011440_MUSTOCK_USDT_LONG_B1_REFERENCE
LONG,1344.84,2026-10-01T14:43:40.088000+09:00,511_202610011440_SKHYNIXSTOCK_USDT_LONG,1,1338.1157999999998,1.0,1351.5641999999998,511_202610011440_SKHYNIXSTOCK_USDT_LONG_B1_REFERENCE
LONG,159.05,2026-10-01T14:55:55.535000+09:00,511_202610011455_SOXL_USDT_LONG,1,158.25475,1.0,159.84525,511_202610011455_SOXL_USDT_LONG_B1_REFERENCE
SHORT,0.5316,2026-10-01T14:55:54.188000+09:00,511_202610011455_WLD_USDT_SHORT,1,0.5342579999999999,1.0,0.5289419999999999,511_202610011455_WLD_USDT_SHORT_B1_REFERENCE
LONG,0.27528,2026-10-01T15:05:44.072000+09:00,511_202610011505_ENA_USDT_LONG,1,0.2739036,1.0,0.27665639999999997,511_202610011505_ENA_USDT_LONG_B1_REFERENCE
SHORT,287.0,2026-10-01T15:05:26.503000+09:00,511_202610011505_QNT_USDT_SHORT,1,288.43499999999995,1.0,285.565,511_202610011505_QNT_USDT_SHORT_B1_REFERENCE
LONG,161.07,2026-10-01T15:05:39.136000+09:00,511_202610011505_SOXL_USDT_LONG,1,160.26465,1.0,161.87534999999997,511_202610011505_SOXL_USDT_LONG_B1_REFERENCE
LONG,0.005948,2026-10-01T15:25:39.392000+09:00,511_202610011525_PUMPFUN_USDT_LONG,1,0.00591826,1.0,0.00597774,511_202610011525_PUMPFUN_USDT_LONG_B1_REFERENCE
LONG,0.006073,2026-10-01T15:35:52.732000+09:00,511_202610011535_PUMPFUN_USDT_LONG,1,0.006042635,1.0,0.0061033649999999995,511_202610011535_PUMPFUN_USDT_LONG_B1_REFERENCE
LONG,1446.26,2026-10-01T15:35:30.332000+09:00,511_202610011535_ZEC_USDT_LONG,1,1439.0287,1.0,1453.4913,511_202610011535_ZEC_USDT_LONG_B1_REFERENCE
LONG,1344.43,2026-10-01T15:55:47.827000+09:00,511_202610011555_SKHYNIXSTOCK_USDT_LONG,1,1337.70785,1.0,1351.15215,511_202610011555_SKHYNIXSTOCK_USDT_LONG_B1_REFERENCE
LONG,1.1767,2026-10-01T16:03:46.093000+09:00,511_202610011600_SUI_USDT_LONG,1,1.1708165000000001,1.0,1.1825835,511_202610011600_SUI_USDT_LONG_B1_REFERENCE
SHORT,60.78,2026-10-01T16:37:58.964000+09:00,511_202610011635_SILVER_USDT_SHORT,1,61.08389999999999,1.0,60.4761,511_202610011635_SILVER_USDT_SHORT_B1_REFERENCE
SHORT,7664.9,2026-10-01T16:38:10.472000+09:00,511_202610011635_SPX500_USDT_SHORT,1,7703.224499999998,1.0,7626.5755,511_202610011635_SPX500_USDT_SHORT_B1_REFERENCE
SHORT,1.1505,2026-10-01T16:38:00.731000+09:00,511_202610011635_SUI_USDT_SHORT,1,1.1562525,1.0,1.1447475,511_202610011635_SUI_USDT_SHORT_B1_REFERENCE
LONG,92.18,2026-10-01T16:38:13.951000+09:00,511_202610011635_USOIL_USDT_LONG,1,91.71910000000001,1.0,92.6409,511_202610011635_USOIL_USDT_LONG_B1_REFERENCE
SHORT,0.5277,2026-10-01T16:38:05.177000+09:00,511_202610011635_WLD_USDT_SHORT,1,0.5303384999999999,1.0,0.5250615,511_202610011635_WLD_USDT_SHORT_B1_REFERENCE
SHORT,14.24,2026-10-01T16:45:22.381000+09:00,511_202610011645_LINK_USDT_SHORT,1,14.3112,1.0,14.168800000000001,511_202610011645_LINK_USDT_SHORT_B1_REFERENCE
LONG,294.89,2026-10-01T16:45:11.523000+09:00,511_202610011645_QNT_USDT_LONG,1,293.41555,1.0,296.36445,511_202610011645_QNT_USDT_LONG_B1_REFERENCE
SHORT,117.51,2026-10-01T16:45:08.801000+09:00,511_202610011645_SOL_USDT_SHORT,1,118.09755,1.0,116.92245,511_202610011645_SOL_USDT_SHORT_B1_REFERENCE
SHORT,1.1455,2026-10-01T16:45:16.111000+09:00,511_202610011645_SUI_USDT_SHORT,1,1.1512274999999998,1.0,1.1397724999999999,511_202610011645_SUI_USDT_SHORT_B1_REFERENCE
SHORT,0.5248,2026-10-01T16:45:20.677000+09:00,511_202610011645_WLD_USDT_SHORT,1,0.527424,1.0,0.5221760000000001,511_202610011645_WLD_USDT_SHORT_B1_REFERENCE
SHORT,1.4858,2026-10-01T16:45:09.804000+09:00,511_202610011645_XRP_USDT_SHORT,1,1.493229,1.0,1.478371,511_202610011645_XRP_USDT_SHORT_B1_REFERENCE
SHORT,1408.25,2026-10-01T16:45:07.787000+09:00,511_202610011645_ZEC_USDT_SHORT,1,1415.2912499999998,1.0,1401.20875,511_202610011645_ZEC_USDT_SHORT_B1_REFERENCE
SHORT,0.26313,2026-10-01T16:55:23.098000+09:00,511_202610011655_ENA_USDT_SHORT,1,0.2644456499999999,1.0,0.26181435,511_202610011655_ENA_USDT_SHORT_B1_REFERENCE
SHORT,0.005646,2026-10-01T16:55:33.206000+09:00,511_202610011655_PUMPFUN_USDT_SHORT,1,0.00567423,1.0,0.00561777,511_202610011655_PUMPFUN_USDT_SHORT_B1_REFERENCE
LONG,300.1,2026-10-01T17:05:28.855000+09:00,511_202610011705_QNT_USDT_LONG,1,298.59950000000003,1.0,301.6005,511_202610011705_QNT_USDT_LONG_B1_REFERENCE
SHORT,0.5213,2026-10-01T17:05:38.667000+09:00,511_202610011705_WLD_USDT_SHORT,1,0.5239064999999999,1.0,0.5186935,511_202610011705_WLD_USDT_SHORT_B1_REFERENCE
LONG,305.1,2026-10-01T17:16:01.912000+09:00,511_202610011715_QNT_USDT_LONG,1,303.5745,1.0,306.6255,511_202610011715_QNT_USDT_LONG_B1_REFERENCE
SHORT,4160.0,2026-10-01T17:16:04.009000+09:00,511_202610011715_XAUT_USDT_SHORT,1,4180.799999999999,1.0,4139.2,511_202610011715_XAUT_USDT_SHORT_B1_REFERENCE
SHORT,0.2466,2026-10-01T17:24:36.497000+09:00,511_202610011720_ADA_USDT_SHORT,1,0.247833,1.0,0.245367,511_202610011720_ADA_USDT_SHORT_B1_REFERENCE
SHORT,30548.0,2026-10-01T17:24:37.575000+09:00,511_202610011720_NAS100_USDT_SHORT,1,30700.739999999998,1.0,30395.26,511_202610011720_NAS100_USDT_SHORT_B1_REFERENCE
SHORT,10.986,2026-10-01T17:35:48.780000+09:00,511_202610011735_AVAX_USDT_SHORT,1,11.04093,1.0,10.93107,511_202610011735_AVAX_USDT_SHORT_B1_REFERENCE
SHORT,83156.6,2026-10-01T17:35:23.650000+09:00,511_202610011735_BTC_USDT_SHORT,1,83572.383,1.0,82740.81700000001,511_202610011735_BTC_USDT_SHORT_B1_REFERENCE
SHORT,0.25977,2026-10-01T17:35:43.638000+09:00,511_202610011735_ENA_USDT_SHORT,1,0.26106884999999996,1.0,0.25847115,511_202610011735_ENA_USDT_SHORT_B1_REFERENCE
SHORT,2675.29,2026-10-01T17:35:24.823000+09:00,511_202610011735_ETH_USDT_SHORT,1,2688.6664499999997,1.0,2661.9135499999998,511_202610011735_ETH_USDT_SHORT_B1_REFERENCE
SHORT,1055.94,2026-10-01T17:35:29.979000+09:00,511_202610011735_MUSTOCK_USDT_SHORT,1,1061.2196999999999,1.0,1050.6603,511_202610011735_MUSTOCK_USDT_SHORT_B1_REFERENCE
SHORT,0.4992,2026-10-01T17:35:47.777000+09:00,511_202610011735_ONDO_USDT_SHORT,1,0.5016959999999999,1.0,0.496704,511_202610011735_ONDO_USDT_SHORT_B1_REFERENCE
SHORT,4.2983e-06,2026-10-01T17:35:38.262000+09:00,511_202610011735_PEPE_USDT_SHORT,1,4.3197915e-06,1.0,4.2768085e-06,511_202610011735_PEPE_USDT_SHORT_B1_REFERENCE
SHORT,7654.7,2026-10-01T17:35:46.761000+09:00,511_202610011735_SPX500_USDT_SHORT,1,7692.973499999999,1.0,7616.4265,511_202610011735_SPX500_USDT_SHORT_B1_REFERENCE
SHORT,0.5164,2026-10-01T17:35:40.583000+09:00,511_202610011735_WLD_USDT_SHORT,1,0.5189819999999999,1.0,0.513818,511_202610011735_WLD_USDT_SHORT_B1_REFERENCE
SHORT,1404.27,2026-10-01T17:35:25.979000+09:00,511_202610011735_ZEC_USDT_SHORT,1,1411.2913499999997,1.0,1397.24865,511_202610011735_ZEC_USDT_SHORT_B1_REFERENCE
LONG,307.93,2026-10-01T17:45:32.015000+09:00,511_202610011745_TAO_USDT_LONG,1,306.39035,1.0,309.46965,511_202610011745_TAO_USDT_LONG_B1_REFERENCE
SHORT,4155.46,2026-10-01T17:45:20.388000+09:00,511_202610011745_XAU_USDT_SHORT,1,4176.2373,1.0,4134.6827,511_202610011745_XAU_USDT_SHORT_B1_REFERENCE
SHORT,0.005515,2026-10-01T17:55:55.340000+09:00,511_202610011755_PUMPFUN_USDT_SHORT,1,0.005542574999999999,1.0,0.005487425,511_202610011755_PUMPFUN_USDT_SHORT_B1_REFERENCE
SHORT,5.208,2026-10-01T18:05:14.789000+09:00,511_202610011805_NEAR_USDT_SHORT,1,5.234039999999999,1.0,5.18196,511_202610011805_NEAR_USDT_SHORT_B1_REFERENCE
SHORT,4.3276e-06,2026-10-01T18:05:18.830000+09:00,511_202610011805_PEPE_USDT_SHORT,1,4.3492379999999996e-06,1.0,4.305962e-06,511_202610011805_PEPE_USDT_SHORT_B1_REFERENCE
SHORT,0.1049,2026-10-01T18:23:49.481000+09:00,511_202610011820_HBAR_USDT_SHORT,1,0.10542449999999998,1.0,0.1043755,511_202610011820_HBAR_USDT_SHORT_B1_REFERENCE
SHORT,0.5018,2026-10-01T18:23:46.287000+09:00,511_202610011820_ONDO_USDT_SHORT,1,0.504309,1.0,0.49929100000000004,511_202610011820_ONDO_USDT_SHORT_B1_REFERENCE
SHORT,0.5226,2026-10-01T18:23:37.656000+09:00,511_202610011820_WLD_USDT_SHORT,1,0.5252129999999999,1.0,0.519987,511_202610011820_WLD_USDT_SHORT_B1_REFERENCE
SHORT,1.4888,2026-10-01T18:23:24.006000+09:00,511_202610011820_XRP_USDT_SHORT,1,1.4962439999999997,1.0,1.481356,511_202610011820_XRP_USDT_SHORT_B1_REFERENCE
SHORT,1411.88,2026-10-01T18:23:21.961000+09:00,511_202610011820_ZEC_USDT_SHORT,1,1418.9394,1.0,1404.8206,511_202610011820_ZEC_USDT_SHORT_B1_REFERENCE
SHORT,0.5238,2026-10-01T18:44:28.448000+09:00,511_202610011840_WLD_USDT_SHORT,1,0.526419,1.0,0.521181,511_202610011840_WLD_USDT_SHORT_B1_REFERENCE
SHORT,0.2461,2026-10-01T18:55:54.081000+09:00,511_202610011855_ADA_USDT_SHORT,1,0.24733049999999998,1.0,0.24486950000000002,511_202610011855_ADA_USDT_SHORT_B1_REFERENCE
SHORT,0.09431,2026-10-01T18:55:42.030000+09:00,511_202610011855_DOGE_USDT_SHORT,1,0.09478154999999999,1.0,0.09383845,511_202610011855_DOGE_USDT_SHORT_B1_REFERENCE
SHORT,0.4975,2026-10-01T18:55:51.553000+09:00,511_202610011855_ONDO_USDT_SHORT,1,0.4999874999999999,1.0,0.4950125,511_202610011855_ONDO_USDT_SHORT_B1_REFERENCE
SHORT,1398.05,2026-10-01T18:55:33.546000+09:00,511_202610011855_ZEC_USDT_SHORT,1,1405.0402499999998,1.0,1391.05975,511_202610011855_ZEC_USDT_SHORT_B1_REFERENCE
SHORT,0.2434,2026-10-01T19:05:48.927000+09:00,511_202610011905_ADA_USDT_SHORT,1,0.24461699999999997,1.0,0.242183,511_202610011905_ADA_USDT_SHORT_B1_REFERENCE
SHORT,0.09356,2026-10-01T19:05:36.728000+09:00,511_202610011905_DOGE_USDT_SHORT,1,0.0940278,1.0,0.0930922,511_202610011905_DOGE_USDT_SHORT_B1_REFERENCE
SHORT,0.25681,2026-10-01T19:05:44.582000+09:00,511_202610011905_ENA_USDT_SHORT,1,0.25809404999999996,1.0,0.25552595,511_202610011905_ENA_USDT_SHORT_B1_REFERENCE
SHORT,0.10402,2026-10-01T19:05:50.652000+09:00,511_202610011905_HBAR_USDT_SHORT,1,0.1045401,1.0,0.1034999,511_202610011905_HBAR_USDT_SHORT_B1_REFERENCE
SHORT,14.162,2026-10-01T19:05:41.945000+09:00,511_202610011905_LINK_USDT_SHORT,1,14.232809999999999,1.0,14.091190000000001,511_202610011905_LINK_USDT_SHORT_B1_REFERENCE
SHORT,0.4936,2026-10-01T19:05:46.326000+09:00,511_202610011905_ONDO_USDT_SHORT,1,0.49606799999999995,1.0,0.49113199999999996,511_202610011905_ONDO_USDT_SHORT_B1_REFERENCE
SHORT,117.03,2026-10-01T19:05:28.905000+09:00,511_202610011905_SOL_USDT_SHORT,1,117.61514999999999,1.0,116.44485,511_202610011905_SOL_USDT_SHORT_B1_REFERENCE
SHORT,1.1448,2026-10-01T19:05:35.855000+09:00,511_202610011905_SUI_USDT_SHORT,1,1.1505239999999999,1.0,1.139076,511_202610011905_SUI_USDT_SHORT_B1_REFERENCE
SHORT,1.4773,2026-10-01T19:05:29.791000+09:00,511_202610011905_XRP_USDT_SHORT,1,1.4846864999999998,1.0,1.4699135,511_202610011905_XRP_USDT_SHORT_B1_REFERENCE
SHORT,1379.17,2026-10-01T19:05:28.039000+09:00,511_202610011905_ZEC_USDT_SHORT,1,1386.06585,1.0,1372.27415,511_202610011905_ZEC_USDT_SHORT_B1_REFERENCE
SHORT,1332.2,2026-10-01T19:15:24.804000+09:00,511_202610011915_SKHYNIXSTOCK_USDT_SHORT,1,1338.8609999999999,1.0,1325.539,511_202610011915_SKHYNIXSTOCK_USDT_SHORT_B1_REFERENCE
SHORT,304.58,2026-10-01T19:15:20.838000+09:00,511_202610011915_TAO_USDT_SHORT,1,306.1029,1.0,303.0571,511_202610011915_TAO_USDT_SHORT_B1_REFERENCE
SHORT,14.228,2026-10-01T19:23:48.387000+09:00,511_202610011920_LINK_USDT_SHORT,1,14.299139999999998,1.0,14.15686,511_202610011920_LINK_USDT_SHORT_B1_REFERENCE
SHORT,0.5161,2026-10-01T19:23:47.542000+09:00,511_202610011920_WLD_USDT_SHORT,1,0.5186805,1.0,0.5135195,511_202610011920_WLD_USDT_SHORT_B1_REFERENCE
SHORT,283.06,2026-10-01T19:56:08.535000+09:00,511_202610011955_QNT_USDT_SHORT,1,284.47529999999995,1.0,281.6447,511_202610011955_QNT_USDT_SHORT_B1_REFERENCE
LONG,1341.68,2026-10-01T19:56:23.048000+09:00,511_202610011955_SKHYNIXSTOCK_USDT_LONG,1,1334.9716,1.0,1348.3883999999998,511_202610011955_SKHYNIXSTOCK_USDT_LONG_B1_REFERENCE
SHORT,10.958,2026-10-01T20:05:51.912000+09:00,511_202610012005_AVAX_USDT_SHORT,1,11.012789999999999,1.0,10.90321,511_202610012005_AVAX_USDT_SHORT_B1_REFERENCE
SHORT,304.11,2026-10-01T20:05:42.861000+09:00,511_202610012005_TAO_USDT_SHORT,1,305.63054999999997,1.0,302.58945,511_202610012005_TAO_USDT_SHORT_B1_REFERENCE
SHORT,1389.04,2026-10-01T20:05:27.725000+09:00,511_202610012005_ZEC_USDT_SHORT,1,1395.9851999999998,1.0,1382.0947999999999,511_202610012005_ZEC_USDT_SHORT_B1_REFERENCE
SHORT,1060.43,2026-10-01T20:16:09.172000+09:00,511_202610012015_MUSTOCK_USDT_SHORT,1,1065.73215,1.0,1055.12785,511_202610012015_MUSTOCK_USDT_SHORT_B1_REFERENCE
SHORT,1054.36,2026-10-01T20:25:13.709000+09:00,511_202610012025_MUSTOCK_USDT_SHORT,1,1059.6317999999999,1.0,1049.0882,511_202610012025_MUSTOCK_USDT_SHORT_B1_REFERENCE
SHORT,4.2978e-06,2026-10-01T20:25:23.395000+09:00,511_202610012025_PEPE_USDT_SHORT,1,4.319288999999999e-06,1.0,4.276311e-06,511_202610012025_PEPE_USDT_SHORT_B1_REFERENCE
SHORT,303.18,2026-10-01T20:25:24.619000+09:00,511_202610012025_TAO_USDT_SHORT,1,304.6959,1.0,301.6641,511_202610012025_TAO_USDT_SHORT_B1_REFERENCE
SHORT,1381.82,2026-10-01T20:25:09.495000+09:00,511_202610012025_ZEC_USDT_SHORT,1,1388.7290999999998,1.0,1374.9108999999999,511_202610012025_ZEC_USDT_SHORT_B1_REFERENCE
SHORT,10.972,2026-10-01T20:35:38.276000+09:00,511_202610012035_AVAX_USDT_SHORT,1,11.02686,1.0,10.91714,511_202610012035_AVAX_USDT_SHORT_B1_REFERENCE
SHORT,0.25719,2026-10-01T20:35:34.457000+09:00,511_202610012035_ENA_USDT_SHORT,1,0.25847594999999995,1.0,0.25590405,511_202610012035_ENA_USDT_SHORT_B1_REFERENCE
SHORT,0.499,2026-10-01T20:35:37.338000+09:00,511_202610012035_ONDO_USDT_SHORT,1,0.5014949999999999,1.0,0.496505,511_202610012035_ONDO_USDT_SHORT_B1_REFERENCE
SHORT,0.5148,2026-10-01T20:35:30.523000+09:00,511_202610012035_WLD_USDT_SHORT,1,0.517374,1.0,0.5122260000000001,511_202610012035_WLD_USDT_SHORT_B1_REFERENCE
LONG,4181.7,2026-10-01T20:56:26.620000+09:00,511_202610012055_XAUT_USDT_LONG,1,4160.791499999999,1.0,4202.608499999999,511_202610012055_XAUT_USDT_LONG_B1_REFERENCE
LONG,4188.61,2026-10-01T20:56:24.943000+09:00,511_202610012055_XAU_USDT_LONG,1,4167.66695,1.0,4209.5530499999995,511_202610012055_XAU_USDT_LONG_B1_REFERENCE
SHORT,1058.0,2026-10-01T21:05:48.525000+09:00,511_202610012105_MUSTOCK_USDT_SHORT,1,1063.29,1.0,1052.71,511_202610012105_MUSTOCK_USDT_SHORT_B1_REFERENCE
LONG,4.4201e-06,2026-10-01T21:05:56.124000+09:00,511_202610012105_PEPE_USDT_LONG,1,4.3979995e-06,1.0,4.4422005e-06,511_202610012105_PEPE_USDT_LONG_B1_REFERENCE
SHORT,1753.08,2026-10-01T21:06:01.499000+09:00,511_202610012105_SNDKSTOCK_USDT_SHORT,1,1761.8453999999997,1.0,1744.3146,511_202610012105_SNDKSTOCK_USDT_SHORT_B1_REFERENCE
LONG,4178.9,2026-10-01T21:05:50.429000+09:00,511_202610012105_XAUT_USDT_LONG,1,4158.005499999999,1.0,4199.794499999999,511_202610012105_XAUT_USDT_LONG_B1_REFERENCE
LONG,14.382,2026-10-01T21:24:37.089000+09:00,511_202610012120_LINK_USDT_LONG,1,14.310089999999999,1.0,14.453909999999999,511_202610012120_LINK_USDT_LONG_B1_REFERENCE
LONG,4.4114e-06,2026-10-01T21:24:34.522000+09:00,511_202610012120_PEPE_USDT_LONG,1,4.389343e-06,1.0,4.433456999999999e-06,511_202610012120_PEPE_USDT_LONG_B1_REFERENCE
SHORT,1751.97,2026-10-01T21:24:38.840000+09:00,511_202610012120_SNDKSTOCK_USDT_SHORT,1,1760.72985,1.0,1743.21015,511_202610012120_SNDKSTOCK_USDT_SHORT_B1_REFERENCE
SHORT,117.65,2026-10-01T21:24:24.978000+09:00,511_202610012120_SOL_USDT_SHORT,1,118.23825,1.0,117.06175,511_202610012120_SOL_USDT_SHORT_B1_REFERENCE
SHORT,150.23,2026-10-01T21:24:35.378000+09:00,511_202610012120_SOXL_USDT_SHORT,1,150.98114999999999,1.0,149.47885,511_202610012120_SOXL_USDT_SHORT_B1_REFERENCE
LONG,1.171,2026-10-01T21:24:31.927000+09:00,511_202610012120_SUI_USDT_LONG,1,1.165145,1.0,1.176855,511_202610012120_SUI_USDT_LONG_B1_REFERENCE
LONG,61.21,2026-10-01T21:35:28.158000+09:00,511_202610012135_SILVER_USDT_LONG,1,60.90395,1.0,61.51604999999999,511_202610012135_SILVER_USDT_LONG_B1_REFERENCE
LONG,14.399,2026-10-01T21:45:30.078000+09:00,511_202610012145_LINK_USDT_LONG,1,14.327005,1.0,14.470994999999997,511_202610012145_LINK_USDT_LONG_B1_REFERENCE
SHORT,1055.86,2026-10-01T21:45:17.343000+09:00,511_202610012145_MUSTOCK_USDT_SHORT,1,1061.1392999999998,1.0,1050.5807,511_202610012145_MUSTOCK_USDT_SHORT_B1_REFERENCE
SHORT,1332.05,2026-10-01T21:45:33.504000+09:00,511_202610012145_SKHYNIXSTOCK_USDT_SHORT,1,1338.7102499999999,1.0,1325.38975,511_202610012145_SKHYNIXSTOCK_USDT_SHORT_B1_REFERENCE
SHORT,150.13,2026-10-01T21:45:27.676000+09:00,511_202610012145_SOXL_USDT_SHORT,1,150.88064999999997,1.0,149.37935,511_202610012145_SOXL_USDT_SHORT_B1_REFERENCE
SHORT,303.45,2026-10-01T21:45:28.748000+09:00,511_202610012145_TAO_USDT_SHORT,1,304.96725,1.0,301.93275,511_202610012145_TAO_USDT_SHORT_B1_REFERENCE
SHORT,10.971,2026-10-01T21:54:57.939000+09:00,511_202610012150_AVAX_USDT_SHORT,1,11.025854999999998,1.0,10.916145,511_202610012150_AVAX_USDT_SHORT_B1_REFERENCE
SHORT,30568.0,2026-10-01T21:54:59.760000+09:00,511_202610012150_NAS100_USDT_SHORT,1,30720.839999999997,1.0,30415.16,511_202610012150_NAS100_USDT_SHORT_B1_REFERENCE
SHORT,1.4864,2026-10-01T21:54:39.754000+09:00,511_202610012150_XRP_USDT_SHORT,1,1.4938319999999998,1.0,1.4789679999999998,511_202610012150_XRP_USDT_SHORT_B1_REFERENCE
SHORT,0.09416,2026-10-01T22:04:47.955000+09:00,511_202610012200_DOGE_USDT_SHORT,1,0.09463079999999999,1.0,0.09368919999999999,511_202610012200_DOGE_USDT_SHORT_B1_REFERENCE
SHORT,1051.69,2026-10-01T22:04:40.074000+09:00,511_202610012200_MUSTOCK_USDT_SHORT,1,1056.9484499999999,1.0,1046.43155,511_202610012200_MUSTOCK_USDT_SHORT_B1_REFERENCE
SHORT,1326.93,2026-10-01T22:04:57.051000+09:00,511_202610012200_SKHYNIXSTOCK_USDT_SHORT,1,1333.56465,1.0,1320.29535,511_202610012200_SKHYNIXSTOCK_USDT_SHORT_B1_REFERENCE
SHORT,148.86,2026-10-01T22:04:51.217000+09:00,511_202610012200_SOXL_USDT_SHORT,1,149.6043,1.0,148.1157,511_202610012200_SOXL_USDT_SHORT_B1_REFERENCE
SHORT,301.29,2026-10-01T22:04:52.562000+09:00,511_202610012200_TAO_USDT_SHORT,1,302.79645,1.0,299.78355,511_202610012200_TAO_USDT_SHORT_B1_REFERENCE
SHORT,0.4959,2026-10-01T22:05:01.443000+09:00,511_202610012205_ONDO_USDT_SHORT,1,0.4983795,1.0,0.4934205,511_202610012205_ONDO_USDT_SHORT_B1_REFERENCE
SHORT,116.81,2026-10-01T22:14:51.652000+09:00,511_202610012210_SOL_USDT_SHORT,1,117.39405,1.0,116.22595,511_202610012210_SOL_USDT_SHORT_B1_REFERENCE
SHORT,1383.14,2026-10-01T22:14:50.757000+09:00,511_202610012210_ZEC_USDT_SHORT,1,1390.0557,1.0,1376.2243,511_202610012210_ZEC_USDT_SHORT_B1_REFERENCE
SHORT,0.2453,2026-10-01T22:15:11.345000+09:00,511_202610012215_ADA_USDT_SHORT,1,0.24652649999999995,1.0,0.2440735,511_202610012215_ADA_USDT_SHORT_B1_REFERENCE
SHORT,10.908,2026-10-01T22:15:12.245000+09:00,511_202610012215_AVAX_USDT_SHORT,1,10.962539999999999,1.0,10.85346,511_202610012215_AVAX_USDT_SHORT_B1_REFERENCE
SHORT,0.4946,2026-10-01T22:15:10.454000+09:00,511_202610012215_ONDO_USDT_SHORT,1,0.49707299999999993,1.0,0.492127,511_202610012215_ONDO_USDT_SHORT_B1_REFERENCE
SHORT,91.09,2026-10-01T22:15:09.603000+09:00,511_202610012215_USOIL_USDT_SHORT,1,91.54544999999999,1.0,90.63455,511_202610012215_USOIL_USDT_SHORT_B1_REFERENCE
SHORT,83442.0,2026-10-01T22:26:16.226000+09:00,511_202610012225_BTC_USDT_SHORT,1,83859.20999999999,1.0,83024.79,511_202610012225_BTC_USDT_SHORT_B1_REFERENCE
LONG,61.17,2026-10-01T22:26:23.339000+09:00,511_202610012225_SILVER_USDT_LONG,1,60.86415,1.0,61.475849999999994,511_202610012225_SILVER_USDT_LONG_B1_REFERENCE
SHORT,116.92,2026-10-01T22:26:18.932000+09:00,511_202610012225_SOL_USDT_SHORT,1,117.50459999999998,1.0,116.3354,511_202610012225_SOL_USDT_SHORT_B1_REFERENCE
SHORT,0.5126,2026-10-01T22:26:31.274000+09:00,511_202610012225_WLD_USDT_SHORT,1,0.5151629999999999,1.0,0.510037,511_202610012225_WLD_USDT_SHORT_B1_REFERENCE
SHORT,1.4773,2026-10-01T22:26:19.800000+09:00,511_202610012225_XRP_USDT_SHORT,1,1.4846864999999998,1.0,1.4699135,511_202610012225_XRP_USDT_SHORT_B1_REFERENCE
SHORT,2687.89,2026-10-01T22:35:18.521000+09:00,511_202610012235_ETH_USDT_SHORT,1,2701.3294499999997,1.0,2674.45055,511_202610012235_ETH_USDT_SHORT_B1_REFERENCE
SHORT,30551.0,2026-10-01T22:35:47.325000+09:00,511_202610012235_NAS100_USDT_SHORT,1,30703.754999999997,1.0,30398.245,511_202610012235_NAS100_USDT_SHORT_B1_REFERENCE
SHORT,4.931,2026-10-01T22:35:28.630000+09:00,511_202610012235_NEAR_USDT_SHORT,1,4.955654999999999,1.0,4.906345,511_202610012235_NEAR_USDT_SHORT_B1_REFERENCE
SHORT,0.26053,2026-10-01T22:45:41.898000+09:00,511_202610012245_ENA_USDT_SHORT,1,0.26183264999999994,1.0,0.25922734999999997,511_202610012245_ENA_USDT_SHORT_B1_REFERENCE
LONG,14.397,2026-10-01T22:45:39.819000+09:00,511_202610012245_LINK_USDT_LONG,1,14.325015,1.0,14.468984999999998,511_202610012245_LINK_USDT_LONG_B1_REFERENCE
SHORT,1057.03,2026-10-01T22:45:25.165000+09:00,511_202610012245_MUSTOCK_USDT_SHORT,1,1062.31515,1.0,1051.74485,511_202610012245_MUSTOCK_USDT_SHORT_B1_REFERENCE
SHORT,262.23,2026-10-01T22:45:26.232000+09:00,511_202610012245_QNT_USDT_SHORT,1,263.54115,1.0,260.91885,511_202610012245_QNT_USDT_SHORT_B1_REFERENCE
SHORT,1325.0,2026-10-01T22:45:40.882000+09:00,511_202610012245_SKHYNIXSTOCK_USDT_SHORT,1,1331.6249999999998,1.0,1318.375,511_202610012245_SKHYNIXSTOCK_USDT_SHORT_B1_REFERENCE
SHORT,7666.1,2026-10-01T22:45:42.998000+09:00,511_202610012245_SPX500_USDT_SHORT,1,7704.4304999999995,1.0,7627.7695,511_202610012245_SPX500_USDT_SHORT_B1_REFERENCE
SHORT,1049.32,2026-10-01T22:55:12.533000+09:00,511_202610012255_MUSTOCK_USDT_SHORT,1,1054.5665999999999,1.0,1044.0734,511_202610012255_MUSTOCK_USDT_SHORT_B1_REFERENCE
LONG,61.18,2026-10-01T22:55:15.472000+09:00,511_202610012255_SILVER_USDT_LONG,1,60.8741,1.0,61.485899999999994,511_202610012255_SILVER_USDT_LONG_B1_REFERENCE
SHORT,1322.43,2026-10-01T22:55:27.555000+09:00,511_202610012255_SKHYNIXSTOCK_USDT_SHORT,1,1329.04215,1.0,1315.8178500000001,511_202610012255_SKHYNIXSTOCK_USDT_SHORT_B1_REFERENCE
LONG,100.86,2026-10-01T22:55:36.414000+09:00,511_202610012255_UKOIL_USDT_LONG,1,100.3557,1.0,101.36429999999999,511_202610012255_UKOIL_USDT_LONG_B1_REFERENCE
SHORT,1036.93,2026-10-01T23:05:34.887000+09:00,511_202610012305_MUSTOCK_USDT_SHORT,1,1042.11465,1.0,1031.7453500000001,511_202610012305_MUSTOCK_USDT_SHORT_B1_REFERENCE
SHORT,30358.0,2026-10-01T23:05:56.068000+09:00,511_202610012305_NAS100_USDT_SHORT,1,30509.789999999997,1.0,30206.21,511_202610012305_NAS100_USDT_SHORT_B1_REFERENCE
SHORT,145.6,2026-10-01T23:05:44.200000+09:00,511_202610012305_SOXL_USDT_SHORT,1,146.32799999999997,1.0,144.87199999999999,511_202610012305_SOXL_USDT_SHORT_B1_REFERENCE
SHORT,7631.0,2026-10-01T23:05:51.130000+09:00,511_202610012305_SPX500_USDT_SHORT,1,7669.154999999999,1.0,7592.845,511_202610012305_SPX500_USDT_SHORT_B1_REFERENCE
SHORT,760.9,2026-10-01T23:05:58.352000+09:00,511_202610012305_SPY_USDT_SHORT,1,764.7044999999999,1.0,757.0955,511_202610012305_SPY_USDT_SHORT_B1_REFERENCE
SHORT,1.1491,2026-10-01T23:05:42.227000+09:00,511_202610012305_SUI_USDT_SHORT,1,1.1548455,1.0,1.1433545,511_202610012305_SUI_USDT_SHORT_B1_REFERENCE
SHORT,4153.5,2026-10-01T23:05:39.184000+09:00,511_202610012305_XAUT_USDT_SHORT,1,4174.2675,1.0,4132.7325,511_202610012305_XAUT_USDT_SHORT_B1_REFERENCE
SHORT,4157.07,2026-10-01T23:05:37.168000+09:00,511_202610012305_XAU_USDT_SHORT,1,4177.855349999999,1.0,4136.28465,511_202610012305_XAU_USDT_SHORT_B1_REFERENCE
SHORT,0.245,2026-10-01T23:15:42.644000+09:00,511_202610012315_ADA_USDT_SHORT,1,0.24622499999999997,1.0,0.243775,511_202610012315_ADA_USDT_SHORT_B1_REFERENCE
SHORT,10.918,2026-10-01T23:15:45.806000+09:00,511_202610012315_AVAX_USDT_SHORT,1,10.972589999999999,1.0,10.86341,511_202610012315_AVAX_USDT_SHORT_B1_REFERENCE
SHORT,0.0941,2026-10-01T23:15:28.888000+09:00,511_202610012315_DOGE_USDT_SHORT,1,0.09457049999999999,1.0,0.0936295,511_202610012315_DOGE_USDT_SHORT_B1_REFERENCE
SHORT,2688.26,2026-10-01T23:15:18.644000+09:00,511_202610012315_ETH_USDT_SHORT,1,2701.7012999999997,1.0,2674.8187000000003,511_202610012315_ETH_USDT_SHORT_B1_REFERENCE
SHORT,14.287,2026-10-01T23:15:38.266000+09:00,511_202610012315_LINK_USDT_SHORT,1,14.358435,1.0,14.215565000000002,511_202610012315_LINK_USDT_SHORT_B1_REFERENCE
SHORT,30394.0,2026-10-01T23:15:43.769000+09:00,511_202610012315_NAS100_USDT_SHORT,1,30545.969999999998,1.0,30242.03,511_202610012315_NAS100_USDT_SHORT_B1_REFERENCE
SHORT,0.4925,2026-10-01T23:15:44.770000+09:00,511_202610012315_ONDO_USDT_SHORT,1,0.4949624999999999,1.0,0.4900375,511_202610012315_ONDO_USDT_SHORT_B1_REFERENCE
SHORT,0.5022,2026-10-01T23:15:35.086000+09:00,511_202610012315_WLD_USDT_SHORT,1,0.5047109999999999,1.0,0.499689,511_202610012315_WLD_USDT_SHORT_B1_REFERENCE
SHORT,4155.8,2026-10-01T23:15:26.769000+09:00,511_202610012315_XAUT_USDT_SHORT,1,4176.579,1.0,4135.021,511_202610012315_XAUT_USDT_SHORT_B1_REFERENCE
SHORT,4158.72,2026-10-01T23:15:24.778000+09:00,511_202610012315_XAU_USDT_SHORT,1,4179.5136,1.0,4137.9264,511_202610012315_XAU_USDT_SHORT_B1_REFERENCE
SHORT,1.4815,2026-10-01T23:15:21.734000+09:00,511_202610012315_XRP_USDT_SHORT,1,1.4889074999999998,1.0,1.4740925,511_202610012315_XRP_USDT_SHORT_B1_REFERENCE
SHORT,88.515,2026-10-01T23:25:30.069000+09:00,511_202610012325_HYPE_USDT_SHORT,1,88.95757499999999,1.0,88.072425,511_202610012325_HYPE_USDT_SHORT_B1_REFERENCE
SHORT,1030.49,2026-10-01T23:25:22.456000+09:00,511_202610012325_MUSTOCK_USDT_SHORT,1,1035.6424499999998,1.0,1025.33755,511_202610012325_MUSTOCK_USDT_SHORT_B1_REFERENCE
SHORT,30351.0,2026-10-01T23:25:40.508000+09:00,511_202610012325_NAS100_USDT_SHORT,1,30502.754999999997,1.0,30199.245,511_202610012325_NAS100_USDT_SHORT_B1_REFERENCE
LONG,84168.4,2026-10-01T23:35:29.681000+09:00,511_202610012335_BTC_USDT_LONG,1,83747.55799999999,1.0,84589.24199999998,511_202610012335_BTC_USDT_LONG_B1_REFERENCE
LONG,14.38,2026-10-01T23:35:51.051000+09:00,511_202610012335_LINK_USDT_LONG,1,14.308100000000001,1.0,14.451899999999998,511_202610012335_LINK_USDT_LONG_B1_REFERENCE
SHORT,0.25664,2026-10-01T23:46:27.760000+09:00,511_202610012345_ENA_USDT_SHORT,1,0.25792319999999996,1.0,0.2553568,511_202610012345_ENA_USDT_SHORT_B1_REFERENCE
SHORT,1.1476,2026-10-01T23:46:19.512000+09:00,511_202610012345_SUI_USDT_SHORT,1,1.1533379999999998,1.0,1.141862,511_202610012345_SUI_USDT_SHORT_B1_REFERENCE
SHORT,0.2443,2026-10-01T23:55:37.832000+09:00,511_202610012355_ADA_USDT_SHORT,1,0.24552149999999998,1.0,0.24307849999999998,511_202610012355_ADA_USDT_SHORT_B1_REFERENCE
SHORT,10.925,2026-10-01T23:55:42.242000+09:00,511_202610012355_AVAX_USDT_SHORT,1,10.979625,1.0,10.870375000000001,511_202610012355_AVAX_USDT_SHORT_B1_REFERENCE
SHORT,0.09398,2026-10-01T23:55:23.835000+09:00,511_202610012355_DOGE_USDT_SHORT,1,0.09444989999999999,1.0,0.0935101,511_202610012355_DOGE_USDT_SHORT_B1_REFERENCE
SHORT,0.25177,2026-10-01T23:55:35.489000+09:00,511_202610012355_ENA_USDT_SHORT,1,0.25302884999999997,1.0,0.25051115,511_202610012355_ENA_USDT_SHORT_B1_REFERENCE
SHORT,1044.17,2026-10-01T23:55:17.543000+09:00,511_202610012355_MUSTOCK_USDT_SHORT,1,1049.39085,1.0,1038.9491500000001,511_202610012355_MUSTOCK_USDT_SHORT_B1_REFERENCE
SHORT,117.13,2026-10-01T23:55:15.452000+09:00,511_202610012355_SOL_USDT_SHORT,1,117.71564999999998,1.0,116.54435,511_202610012355_SOL_USDT_SHORT_B1_REFERENCE
SHORT,149.04,2026-10-01T23:55:26.959000+09:00,511_202610012355_SOXL_USDT_SHORT,1,149.78519999999997,1.0,148.29479999999998,511_202610012355_SOXL_USDT_SHORT_B1_REFERENCE
LONG,101.15,2026-10-01T23:55:43.284000+09:00,511_202610012355_UKOIL_USDT_LONG,1,100.64425,1.0,101.65575,511_202610012355_UKOIL_USDT_LONG_B1_REFERENCE
SHORT,4164.3,2026-10-01T23:55:21.754000+09:00,511_202610012355_XAUT_USDT_SHORT,1,4185.121499999999,1.0,4143.4785,511_202610012355_XAUT_USDT_SHORT_B1_REFERENCE
SHORT,4167.95,2026-10-01T23:55:19.656000+09:00,511_202610012355_XAU_USDT_SHORT,1,4188.789749999999,1.0,4147.11025,511_202610012355_XAU_USDT_SHORT_B1_REFERENCE
SHORT,1.478,2026-10-01T23:55:16.505000+09:00,511_202610012355_XRP_USDT_SHORT,1,1.4853899999999998,1.0,1.47061,511_202610012355_XRP_USDT_SHORT_B1_REFERENCE
SHORT,1372.53,2026-10-01T23:55:14.421000+09:00,511_202610012355_ZEC_USDT_SHORT,1,1379.3926499999998,1.0,1365.66735,511_202610012355_ZEC_USDT_SHORT_B1_REFERENCE
LONG,84230.3,2026-10-02T00:05:26.224000+09:00,511_202610020005_BTC_USDT_LONG,1,83809.1485,1.0,84651.4515,511_202610020005_BTC_USDT_LONG_B1_REFERENCE
LONG,308.41,2026-10-02T00:05:46.733000+09:00,511_202610020005_TAO_USDT_LONG,1,306.86795,1.0,309.95205,511_202610020005_TAO_USDT_LONG_B1_REFERENCE
LONG,101.34,2026-10-02T00:05:54.811000+09:00,511_202610020005_UKOIL_USDT_LONG,1,100.83330000000001,1.0,101.8467,511_202610020005_UKOIL_USDT_LONG_B1_REFERENCE
SHORT,4160.16,2026-10-02T00:05:33.361000+09:00,511_202610020005_XAU_USDT_SHORT,1,4180.9608,1.0,4139.3592,511_202610020005_XAU_USDT_SHORT_B1_REFERENCE
LONG,92.63,2026-10-02T00:15:50.060000+09:00,511_202610020015_USOIL_USDT_LONG,1,92.16685,1.0,93.09314999999998,511_202610020015_USOIL_USDT_LONG_B1_REFERENCE
SHORT,4159.73,2026-10-02T00:15:33.338000+09:00,511_202610020015_XAU_USDT_SHORT,1,4180.528649999999,1.0,4138.93135,511_202610020015_XAU_USDT_SHORT_B1_REFERENCE
LONG,84138.6,2026-10-02T00:24:12.079000+09:00,511_202610020020_BTC_USDT_LONG,1,83717.907,1.0,84559.29299999999,511_202610020020_BTC_USDT_LONG_B1_REFERENCE
LONG,4.4112e-06,2026-10-02T00:24:30.676000+09:00,511_202610020020_PEPE_USDT_LONG,1,4.389144e-06,1.0,4.433256e-06,511_202610020020_PEPE_USDT_LONG_B1_REFERENCE
LONG,308.79,2026-10-02T00:24:34.509000+09:00,511_202610020020_TAO_USDT_LONG,1,307.24605,1.0,310.33395,511_202610020020_TAO_USDT_LONG_B1_REFERENCE
SHORT,0.2448,2026-10-02T00:34:56.598000+09:00,511_202610020030_ADA_USDT_SHORT,1,0.24602399999999996,1.0,0.243576,511_202610020030_ADA_USDT_SHORT_B1_REFERENCE
SHORT,1727.84,2026-10-02T00:34:46.821000+09:00,511_202610020030_SNDKSTOCK_USDT_SHORT,1,1736.4791999999998,1.0,1719.2007999999998,511_202610020030_SNDKSTOCK_USDT_SHORT_B1_REFERENCE
LONG,101.7,2026-10-02T00:34:59.918000+09:00,511_202610020030_UKOIL_USDT_LONG,1,101.1915,1.0,102.20849999999999,511_202610020030_UKOIL_USDT_LONG_B1_REFERENCE
SHORT,10.856,2026-10-02T00:35:00.831000+09:00,511_202610020035_AVAX_USDT_SHORT,1,10.910279999999998,1.0,10.80172,511_202610020035_AVAX_USDT_SHORT_B1_REFERENCE
SHORT,2675.7,2026-10-02T00:45:04.053000+09:00,511_202610020045_ETH_USDT_SHORT,1,2689.0784999999996,1.0,2662.3215,511_202610020045_ETH_USDT_SHORT_B1_REFERENCE
SHORT,14.22,2026-10-02T00:45:21.120000+09:00,511_202610020045_LINK_USDT_SHORT,1,14.291099999999998,1.0,14.148900000000001,511_202610020045_LINK_USDT_SHORT_B1_REFERENCE
SHORT,116.98,2026-10-02T00:45:05.975000+09:00,511_202610020045_SOL_USDT_SHORT,1,117.5649,1.0,116.3951,511_202610020045_SOL_USDT_SHORT_B1_REFERENCE
SHORT,0.4807,2026-10-02T00:45:18.443000+09:00,511_202610020045_WLD_USDT_SHORT,1,0.48310349999999996,1.0,0.4782965,511_202610020045_WLD_USDT_SHORT_B1_REFERENCE
SHORT,1.4798,2026-10-02T00:45:06.878000+09:00,511_202610020045_XRP_USDT_SHORT,1,1.487199,1.0,1.472401,511_202610020045_XRP_USDT_SHORT_B1_REFERENCE
LONG,84080.8,2026-10-02T00:54:35.404000+09:00,511_202610020050_BTC_USDT_LONG,1,83660.39600000001,1.0,84501.204,511_202610020050_BTC_USDT_LONG_B1_REFERENCE
SHORT,60.56,2026-10-02T00:54:44.155000+09:00,511_202610020050_SILVER_USDT_SHORT,1,60.86279999999999,1.0,60.257200000000005,511_202610020050_SILVER_USDT_SHORT_B1_REFERENCE
SHORT,117.22,2026-10-02T00:54:38.885000+09:00,511_202610020050_SOL_USDT_SHORT,1,117.80609999999999,1.0,116.6339,511_202610020050_SOL_USDT_SHORT_B1_REFERENCE
LONG,92.92,2026-10-02T00:55:00.361000+09:00,511_202610020055_USOIL_USDT_LONG,1,92.4554,1.0,93.38459999999999,511_202610020055_USOIL_USDT_LONG_B1_REFERENCE
LONG,84322.8,2026-10-02T01:16:01.990000+09:00,511_202610020115_BTC_USDT_LONG,1,83901.186,1.0,84744.41399999999,511_202610020115_BTC_USDT_LONG_B1_REFERENCE
SHORT,0.09416,2026-10-02T01:16:11.828000+09:00,511_202610020115_DOGE_USDT_SHORT,1,0.09463079999999999,1.0,0.09368919999999999,511_202610020115_DOGE_USDT_SHORT_B1_REFERENCE
SHORT,87.516,2026-10-02T01:16:14.488000+09:00,511_202610020115_HYPE_USDT_SHORT,1,87.95358,1.0,87.07842000000001,511_202610020115_HYPE_USDT_SHORT_B1_REFERENCE
SHORT,0.4893,2026-10-02T01:16:25.347000+09:00,511_202610020115_ONDO_USDT_SHORT,1,0.4917465,1.0,0.4868535,511_202610020115_ONDO_USDT_SHORT_B1_REFERENCE
SHORT,1316.07,2026-10-02T01:16:17.231000+09:00,511_202610020115_SKHYNIXSTOCK_USDT_SHORT,1,1322.65035,1.0,1309.48965,511_202610020115_SKHYNIXSTOCK_USDT_SHORT_B1_REFERENCE
SHORT,1376.84,2026-10-02T01:16:03.790000+09:00,511_202610020115_ZEC_USDT_SHORT,1,1383.7241999999999,1.0,1369.9558,511_202610020115_ZEC_USDT_SHORT_B1_REFERENCE
SHORT,14.297,2026-10-02T01:25:31.088000+09:00,511_202610020125_LINK_USDT_SHORT,1,14.368485,1.0,14.225515,511_202610020125_LINK_USDT_SHORT_B1_REFERENCE
SHORT,60.78,2026-10-02T01:35:54.966000+09:00,511_202610020135_SILVER_USDT_SHORT,1,61.08389999999999,1.0,60.4761,511_202610020135_SILVER_USDT_SHORT_B1_REFERENCE
SHORT,30381.0,2026-10-02T01:45:36.401000+09:00,511_202610020145_NAS100_USDT_SHORT,1,30532.904999999995,1.0,30229.095,511_202610020145_NAS100_USDT_SHORT_B1_REFERENCE
SHORT,10.775,2026-10-02T01:56:44.780000+09:00,511_202610020155_AVAX_USDT_SHORT,1,10.828875,1.0,10.721125,511_202610020155_AVAX_USDT_SHORT_B1_REFERENCE
SHORT,2677.79,2026-10-02T01:56:14.230000+09:00,511_202610020155_ETH_USDT_SHORT,1,2691.1789499999995,1.0,2664.40105,511_202610020155_ETH_USDT_SHORT_B1_REFERENCE
SHORT,14.18,2026-10-02T01:56:33.931000+09:00,511_202610020155_LINK_USDT_SHORT,1,14.250899999999998,1.0,14.1091,511_202610020155_LINK_USDT_SHORT_B1_REFERENCE
SHORT,0.485,2026-10-02T01:56:41.517000+09:00,511_202610020155_ONDO_USDT_SHORT,1,0.48742499999999994,1.0,0.482575,511_202610020155_ONDO_USDT_SHORT_B1_REFERENCE
SHORT,60.58,2026-10-02T01:56:22.089000+09:00,511_202610020155_SILVER_USDT_SHORT,1,60.88289999999999,1.0,60.2771,511_202610020155_SILVER_USDT_SHORT_B1_REFERENCE
SHORT,300.3,2026-10-02T01:56:32.865000+09:00,511_202610020155_TAO_USDT_SHORT,1,301.8015,1.0,298.7985,511_202610020155_TAO_USDT_SHORT_B1_REFERENCE
LONG,84749.9,2026-10-02T02:25:09.393000+09:00,511_202610020225_BTC_USDT_LONG,1,84326.15049999999,1.0,85173.64949999998,511_202610020225_BTC_USDT_LONG_B1_REFERENCE
LONG,1793.92,2026-10-02T02:35:48.476000+09:00,511_202610020235_SNDKSTOCK_USDT_LONG,1,1784.9504000000002,1.0,1802.8896,511_202610020235_SNDKSTOCK_USDT_LONG_B1_REFERENCE
LONG,118.45,2026-10-02T02:35:38.190000+09:00,511_202610020235_SOL_USDT_LONG,1,117.85775,1.0,119.04225,511_202610020235_SOL_USDT_LONG_B1_REFERENCE
SHORT,31.51,2026-10-02T02:36:02.580000+09:00,511_202610020235_SOXS_USDT_SHORT,1,31.66755,1.0,31.35245,511_202610020235_SOXS_USDT_SHORT_B1_REFERENCE
LONG,1.1797,2026-10-02T02:35:46.623000+09:00,511_202610020235_SUI_USDT_LONG,1,1.1738015,1.0,1.1855984999999998,511_202610020235_SUI_USDT_LONG_B1_REFERENCE
LONG,0.2511,2026-10-02T02:46:36.586000+09:00,511_202610020245_ADA_USDT_LONG,1,0.2498445,1.0,0.25235549999999995,511_202610020245_ADA_USDT_LONG_B1_REFERENCE
LONG,0.09517,2026-10-02T02:46:24.263000+09:00,511_202610020245_DOGE_USDT_LONG,1,0.09469415,1.0,0.09564584999999999,511_202610020245_DOGE_USDT_LONG_B1_REFERENCE
LONG,1086.82,2026-10-02T02:46:18.867000+09:00,511_202610020245_MUSTOCK_USDT_LONG,1,1081.3859,1.0,1092.2540999999999,511_202610020245_MUSTOCK_USDT_LONG_B1_REFERENCE
LONG,118.89,2026-10-02T02:46:17.095000+09:00,511_202610020245_SOL_USDT_LONG,1,118.29555,1.0,119.48444999999998,511_202610020245_SOL_USDT_LONG_B1_REFERENCE
LONG,1090.81,2026-10-02T02:55:10.437000+09:00,511_202610020255_MUSTOCK_USDT_LONG,1,1085.35595,1.0,1096.2640499999998,511_202610020255_MUSTOCK_USDT_LONG_B1_REFERENCE
LONG,4.4437e-06,2026-10-02T02:55:23.180000+09:00,511_202610020255_PEPE_USDT_LONG,1,4.4214815e-06,1.0,4.4659185e-06,511_202610020255_PEPE_USDT_LONG_B1_REFERENCE
LONG,101.72,2026-10-02T02:55:36.368000+09:00,511_202610020255_UKOIL_USDT_LONG,1,101.2114,1.0,102.22859999999999,511_202610020255_UKOIL_USDT_LONG_B1_REFERENCE
LONG,92.63,2026-10-02T02:55:29.684000+09:00,511_202610020255_USOIL_USDT_LONG,1,92.16685,1.0,93.09314999999998,511_202610020255_USOIL_USDT_LONG_B1_REFERENCE
LONG,102.41,2026-10-02T03:05:59.245000+09:00,511_202610020305_UKOIL_USDT_LONG,1,101.89795,1.0,102.92204999999998,511_202610020305_UKOIL_USDT_LONG_B1_REFERENCE
LONG,0.09502,2026-10-02T03:15:22.714000+09:00,511_202610020315_DOGE_USDT_LONG,1,0.09454489999999999,1.0,0.09549509999999999,511_202610020315_DOGE_USDT_LONG_B1_REFERENCE
LONG,14.314,2026-10-02T03:15:30.745000+09:00,511_202610020315_LINK_USDT_LONG,1,14.24243,1.0,14.385569999999998,511_202610020315_LINK_USDT_LONG_B1_REFERENCE
LONG,305.6,2026-10-02T03:15:29.736000+09:00,511_202610020315_TAO_USDT_LONG,1,304.072,1.0,307.128,511_202610020315_TAO_USDT_LONG_B1_REFERENCE
LONG,102.38,2026-10-02T03:15:38.757000+09:00,511_202610020315_UKOIL_USDT_LONG,1,101.8681,1.0,102.89189999999998,511_202610020315_UKOIL_USDT_LONG_B1_REFERENCE
LONG,4170.9,2026-10-02T03:15:19.632000+09:00,511_202610020315_XAUT_USDT_LONG,1,4150.045499999999,1.0,4191.754499999999,511_202610020315_XAUT_USDT_LONG_B1_REFERENCE
LONG,4175.45,2026-10-02T03:15:17.592000+09:00,511_202610020315_XAU_USDT_LONG,1,4154.572749999999,1.0,4196.327249999999,511_202610020315_XAU_USDT_LONG_B1_REFERENCE
LONG,1775.9,2026-10-02T03:27:03.919000+09:00,511_202610020325_SNDKSTOCK_USDT_LONG,1,1767.0205,1.0,1784.7794999999999,511_202610020325_SNDKSTOCK_USDT_LONG_B1_REFERENCE
LONG,102.12,2026-10-02T03:27:16.209000+09:00,511_202610020325_UKOIL_USDT_LONG,1,101.60940000000001,1.0,102.63059999999999,511_202610020325_UKOIL_USDT_LONG_B1_REFERENCE
LONG,1.5032,2026-10-02T03:26:54.832000+09:00,511_202610020325_XRP_USDT_LONG,1,1.495684,1.0,1.510716,511_202610020325_XRP_USDT_LONG_B1_REFERENCE
LONG,0.2499,2026-10-02T03:36:56.358000+09:00,511_202610020335_ADA_USDT_LONG,1,0.2486505,1.0,0.25114949999999997,511_202610020335_ADA_USDT_LONG_B1_REFERENCE
LONG,84985.6,2026-10-02T03:36:29.985000+09:00,511_202610020335_BTC_USDT_LONG,1,84560.672,1.0,85410.52799999999,511_202610020335_BTC_USDT_LONG_B1_REFERENCE
LONG,0.09514,2026-10-02T03:36:42.156000+09:00,511_202610020335_DOGE_USDT_LONG,1,0.0946643,1.0,0.0956157,511_202610020335_DOGE_USDT_LONG_B1_REFERENCE
LONG,2706.93,2026-10-02T03:36:31.056000+09:00,511_202610020335_ETH_USDT_LONG,1,2693.39535,1.0,2720.4646499999994,511_202610020335_ETH_USDT_LONG_B1_REFERENCE
LONG,0.4969,2026-10-02T03:36:58.627000+09:00,511_202610020335_ONDO_USDT_LONG,1,0.4944155,1.0,0.49938449999999995,511_202610020335_ONDO_USDT_LONG_B1_REFERENCE
LONG,4.4491e-06,2026-10-02T03:36:46.490000+09:00,511_202610020335_PEPE_USDT_LONG,1,4.4268545000000005e-06,1.0,4.4713455e-06,511_202610020335_PEPE_USDT_LONG_B1_REFERENCE
LONG,118.74,2026-10-02T03:36:33.480000+09:00,511_202610020335_SOL_USDT_LONG,1,118.1463,1.0,119.33369999999998,511_202610020335_SOL_USDT_LONG_B1_REFERENCE
LONG,765.27,2026-10-02T03:36:55.285000+09:00,511_202610020335_SPY_USDT_LONG,1,761.4436499999999,1.0,769.0963499999999,511_202610020335_SPY_USDT_LONG_B1_REFERENCE
LONG,1.1816,2026-10-02T03:36:43.229000+09:00,511_202610020335_SUI_USDT_LONG,1,1.175692,1.0,1.1875079999999998,511_202610020335_SUI_USDT_LONG_B1_REFERENCE
LONG,4177.8,2026-10-02T03:36:38.957000+09:00,511_202610020335_XAUT_USDT_LONG,1,4156.911,1.0,4198.688999999999,511_202610020335_XAUT_USDT_LONG_B1_REFERENCE
LONG,4183.44,2026-10-02T03:36:36.725000+09:00,511_202610020335_XAU_USDT_LONG,1,4162.5228,1.0,4204.3571999999995,511_202610020335_XAU_USDT_LONG_B1_REFERENCE
SHORT,0.24534,2026-10-02T03:55:43.380000+09:00,511_202610020355_ENA_USDT_SHORT,1,0.24656669999999997,1.0,0.2441133,511_202610020355_ENA_USDT_SHORT_B1_REFERENCE
LONG,84765.8,2026-10-02T04:05:38.124000+09:00,511_202610020405_BTC_USDT_LONG,1,84341.971,1.0,85189.629,511_202610020405_BTC_USDT_LONG_B1_REFERENCE
LONG,0.09497,2026-10-02T04:05:50.231000+09:00,511_202610020405_DOGE_USDT_LONG,1,0.09449515,1.0,0.09544484999999998,511_202610020405_DOGE_USDT_LONG_B1_REFERENCE
SHORT,87.817,2026-10-02T04:05:59.046000+09:00,511_202610020405_HYPE_USDT_SHORT,1,88.25608499999998,1.0,87.37791499999999,511_202610020405_HYPE_USDT_SHORT_B1_REFERENCE
LONG,0.4945,2026-10-02T04:06:09.509000+09:00,511_202610020405_ONDO_USDT_LONG,1,0.4920275,1.0,0.49697249999999993,511_202610020405_ONDO_USDT_LONG_B1_REFERENCE
LONG,4.4422e-06,2026-10-02T04:05:55.666000+09:00,511_202610020405_PEPE_USDT_LONG,1,4.419989e-06,1.0,4.464410999999999e-06,511_202610020405_PEPE_USDT_LONG_B1_REFERENCE
LONG,118.37,2026-10-02T04:05:41.245000+09:00,511_202610020405_SOL_USDT_LONG,1,117.77815000000001,1.0,118.96185,511_202610020405_SOL_USDT_LONG_B1_REFERENCE
LONG,1.1725,2026-10-02T04:05:51.220000+09:00,511_202610020405_SUI_USDT_LONG,1,1.1666375,1.0,1.1783625,511_202610020405_SUI_USDT_LONG_B1_REFERENCE
LONG,92.99,2026-10-02T04:06:01.150000+09:00,511_202610020405_USOIL_USDT_LONG,1,92.52505,1.0,93.45494999999998,511_202610020405_USOIL_USDT_LONG_B1_REFERENCE
LONG,2702.03,2026-10-02T04:14:53.233000+09:00,511_202610020410_ETH_USDT_LONG,1,2688.51985,1.0,2715.54015,511_202610020410_ETH_USDT_LONG_B1_REFERENCE
LONG,1.5026,2026-10-02T04:14:56.620000+09:00,511_202610020410_XRP_USDT_LONG,1,1.4950869999999998,1.0,1.5101129999999998,511_202610020410_XRP_USDT_LONG_B1_REFERENCE
LONG,102.29,2026-10-02T04:15:20.947000+09:00,511_202610020415_UKOIL_USDT_LONG,1,101.77855000000001,1.0,102.80144999999999,511_202610020415_UKOIL_USDT_LONG_B1_REFERENCE
SHORT,1308.79,2026-10-02T04:24:00.100000+09:00,511_202610020420_ZEC_USDT_SHORT,1,1315.3339499999997,1.0,1302.24605,511_202610020420_ZEC_USDT_SHORT_B1_REFERENCE
SHORT,300.77,2026-10-02T04:36:14.845000+09:00,511_202610020435_TAO_USDT_SHORT,1,302.2738499999999,1.0,299.26615,511_202610020435_TAO_USDT_SHORT_B1_REFERENCE
LONG,154.08,2026-10-02T04:45:27.667000+09:00,511_202610020445_SOXL_USDT_LONG,1,153.30960000000002,1.0,154.8504,511_202610020445_SOXL_USDT_LONG_B1_REFERENCE
SHORT,31.7,2026-10-02T04:45:41.233000+09:00,511_202610020445_SOXS_USDT_SHORT,1,31.858499999999996,1.0,31.5415,511_202610020445_SOXS_USDT_SHORT_B1_REFERENCE
LONG,14.439,2026-10-02T04:55:45.821000+09:00,511_202610020455_LINK_USDT_LONG,1,14.366805,1.0,14.511194999999999,511_202610020455_LINK_USDT_LONG_B1_REFERENCE
LONG,1790.36,2026-10-02T04:55:42.246000+09:00,511_202610020455_SNDKSTOCK_USDT_LONG,1,1781.4081999999999,1.0,1799.3117999999997,511_202610020455_SNDKSTOCK_USDT_LONG_B1_REFERENCE
LONG,2704.2,2026-10-02T05:05:27.347000+09:00,511_202610020505_ETH_USDT_LONG,1,2690.6789999999996,1.0,2717.7209999999995,511_202610020505_ETH_USDT_LONG_B1_REFERENCE
LONG,14.503,2026-10-02T05:05:45.965000+09:00,511_202610020505_LINK_USDT_LONG,1,14.430485000000001,1.0,14.575515,511_202610020505_LINK_USDT_LONG_B1_REFERENCE
LONG,1.1914,2026-10-02T05:05:38.724000+09:00,511_202610020505_SUI_USDT_LONG,1,1.185443,1.0,1.1973569999999998,511_202610020505_SUI_USDT_LONG_B1_REFERENCE
LONG,1.5039,2026-10-02T05:05:31.489000+09:00,511_202610020505_XRP_USDT_LONG,1,1.4963805000000001,1.0,1.5114195,511_202610020505_XRP_USDT_LONG_B1_REFERENCE
LONG,169.9,2026-10-02T05:36:20.256000+09:00,511_202610020535_AAVE_USDT_LONG,1,169.0505,1.0,170.74949999999998,511_202610020535_AAVE_USDT_LONG_B1_REFERENCE
LONG,1092.04,2026-10-02T06:05:55.622000+09:00,511_202610020605_MUSTOCK_USDT_LONG,1,1086.5798,1.0,1097.5002,511_202610020605_MUSTOCK_USDT_LONG_B1_REFERENCE
LONG,7673.1,2026-10-02T06:06:11.999000+09:00,511_202610020605_SPX500_USDT_LONG,1,7634.7345000000005,1.0,7711.465499999999,511_202610020605_SPX500_USDT_LONG_B1_REFERENCE
SHORT,0.2466,2026-10-02T06:24:39.623000+09:00,511_202610020620_ADA_USDT_SHORT,1,0.247833,1.0,0.245367,511_202610020620_ADA_USDT_SHORT_B1_REFERENCE
SHORT,0.09434,2026-10-02T06:24:25.386000+09:00,511_202610020620_DOGE_USDT_SHORT,1,0.09481169999999998,1.0,0.09386829999999999,511_202610020620_DOGE_USDT_SHORT_B1_REFERENCE
SHORT,4.82,2026-10-02T06:24:24.193000+09:00,511_202610020620_NEAR_USDT_SHORT,1,4.8441,1.0,4.7959000000000005,511_202610020620_NEAR_USDT_SHORT_B1_REFERENCE
SHORT,0.09394,2026-10-02T06:35:32.593000+09:00,511_202610020635_DOGE_USDT_SHORT,1,0.09440969999999999,1.0,0.09347029999999999,511_202610020635_DOGE_USDT_SHORT_B1_REFERENCE
SHORT,0.4883,2026-10-02T06:35:50.892000+09:00,511_202610020635_ONDO_USDT_SHORT,1,0.49074149999999994,1.0,0.4858585,511_202610020635_ONDO_USDT_SHORT_B1_REFERENCE
LONG,103.37,2026-10-02T06:35:46.825000+09:00,511_202610020635_UKOIL_USDT_LONG,1,102.85315,1.0,103.88685,511_202610020635_UKOIL_USDT_LONG_B1_REFERENCE
SHORT,0.2448,2026-10-02T06:43:43.666000+09:00,511_202610020640_ADA_USDT_SHORT,1,0.24602399999999996,1.0,0.243576,511_202610020640_ADA_USDT_SHORT_B1_REFERENCE
SHORT,86.833,2026-10-02T06:43:36.727000+09:00,511_202610020640_HYPE_USDT_SHORT,1,87.26716499999999,1.0,86.39883499999999,511_202610020640_HYPE_USDT_SHORT_B1_REFERENCE
SHORT,247.57,2026-10-02T06:43:24.163000+09:00,511_202610020640_QNT_USDT_SHORT,1,248.80784999999997,1.0,246.33214999999998,511_202610020640_QNT_USDT_SHORT_B1_REFERENCE
SHORT,2690.91,2026-10-02T06:55:11.086000+09:00,511_202610020655_ETH_USDT_SHORT,1,2704.36455,1.0,2677.45545,511_202610020655_ETH_USDT_SHORT_B1_REFERENCE
SHORT,0.4874,2026-10-02T06:55:40.877000+09:00,511_202610020655_ONDO_USDT_SHORT,1,0.48983699999999997,1.0,0.484963,511_202610020655_ONDO_USDT_SHORT_B1_REFERENCE
LONG,4182.29,2026-10-02T06:55:16.873000+09:00,511_202610020655_XAU_USDT_LONG,1,4161.37855,1.0,4203.20145,511_202610020655_XAU_USDT_LONG_B1_REFERENCE
SHORT,1319.75,2026-10-02T06:55:12.219000+09:00,511_202610020655_ZEC_USDT_SHORT,1,1326.3487499999999,1.0,1313.15125,511_202610020655_ZEC_USDT_SHORT_B1_REFERENCE
LONG,171.0,2026-10-02T07:14:51.977000+09:00,511_202610020710_AAVE_USDT_LONG,1,170.145,1.0,171.855,511_202610020710_AAVE_USDT_LONG_B1_REFERENCE
SHORT,0.2462,2026-10-02T07:25:42.221000+09:00,511_202610020725_ADA_USDT_SHORT,1,0.24743099999999998,1.0,0.244969,511_202610020725_ADA_USDT_SHORT_B1_REFERENCE
SHORT,0.4912,2026-10-02T07:25:47.470000+09:00,511_202610020725_ONDO_USDT_SHORT,1,0.493656,1.0,0.488744,511_202610020725_ONDO_USDT_SHORT_B1_REFERENCE
SHORT,0.09411,2026-10-02T07:35:56.203000+09:00,511_202610020735_DOGE_USDT_SHORT,1,0.09458054999999999,1.0,0.09363945,511_202610020735_DOGE_USDT_SHORT_B1_REFERENCE
SHORT,31.73,2026-10-02T07:36:10.442000+09:00,511_202610020735_SOXS_USDT_SHORT,1,31.88865,1.0,31.57135,511_202610020735_SOXS_USDT_SHORT_B1_REFERENCE
LONG,765.15,2026-10-02T07:36:07.029000+09:00,511_202610020735_SPY_USDT_LONG,1,761.32425,1.0,768.97575,511_202610020735_SPY_USDT_LONG_B1_REFERENCE
SHORT,1.4931,2026-10-02T07:35:49.913000+09:00,511_202610020735_XRP_USDT_SHORT,1,1.5005655,1.0,1.4856345000000002,511_202610020735_XRP_USDT_SHORT_B1_REFERENCE
SHORT,14.272,2026-10-02T07:45:45.668000+09:00,511_202610020745_LINK_USDT_SHORT,1,14.343359999999999,1.0,14.20064,511_202610020745_LINK_USDT_SHORT_B1_REFERENCE
SHORT,4.4021e-06,2026-10-02T07:45:43.567000+09:00,511_202610020745_PEPE_USDT_SHORT,1,4.424110499999999e-06,1.0,4.380089499999999e-06,511_202610020745_PEPE_USDT_SHORT_B1_REFERENCE
SHORT,300.94,2026-10-02T07:45:44.629000+09:00,511_202610020745_TAO_USDT_SHORT,1,302.44469999999995,1.0,299.4353,511_202610020745_TAO_USDT_SHORT_B1_REFERENCE
LONG,2701.91,2026-10-02T07:56:17.821000+09:00,511_202610020755_ETH_USDT_LONG,1,2688.4004499999996,1.0,2715.4195499999996,511_202610020755_ETH_USDT_LONG_B1_REFERENCE
LONG,118.23,2026-10-02T08:04:44.468000+09:00,511_202610020800_SOL_USDT_LONG,1,117.63885,1.0,118.82114999999999,511_202610020800_SOL_USDT_LONG_B1_REFERENCE
LONG,154.82,2026-10-02T08:04:54.206000+09:00,511_202610020800_SOXL_USDT_LONG,1,154.0459,1.0,155.59409999999997,511_202610020800_SOXL_USDT_LONG_B1_REFERENCE
LONG,7679.9,2026-10-02T08:05:02.105000+09:00,511_202610020805_SPX500_USDT_LONG,1,7641.500499999999,1.0,7718.299499999999,511_202610020805_SPX500_USDT_LONG_B1_REFERENCE
LONG,61.13,2026-10-02T08:15:20.263000+09:00,511_202610020815_SILVER_USDT_LONG,1,60.82435,1.0,61.435649999999995,511_202610020815_SILVER_USDT_LONG_B1_REFERENCE
LONG,154.93,2026-10-02T08:15:23.856000+09:00,511_202610020815_SOXL_USDT_LONG,1,154.15535,1.0,155.70465,511_202610020815_SOXL_USDT_LONG_B1_REFERENCE
LONG,2700.61,2026-10-02T08:25:12.445000+09:00,511_202610020825_ETH_USDT_LONG,1,2687.1069500000003,1.0,2714.11305,511_202610020825_ETH_USDT_LONG_B1_REFERENCE
LONG,0.5054,2026-10-02T08:55:48.371000+09:00,511_202610020855_WLD_USDT_LONG,1,0.5028729999999999,1.0,0.5079269999999999,511_202610020855_WLD_USDT_LONG_B1_REFERENCE
LONG,0.4969,2026-10-02T09:07:03.193000+09:00,511_202610020905_ONDO_USDT_LONG,1,0.4944155,1.0,0.49938449999999995,511_202610020905_ONDO_USDT_LONG_B1_REFERENCE
LONG,118.46,2026-10-02T09:06:34.240000+09:00,511_202610020905_SOL_USDT_LONG,1,117.8677,1.0,119.05229999999997,511_202610020905_SOL_USDT_LONG_B1_REFERENCE
LONG,84820.5,2026-10-02T09:15:26.616000+09:00,511_202610020915_BTC_USDT_LONG,1,84396.3975,1.0,85244.6025,511_202610020915_BTC_USDT_LONG_B1_REFERENCE
LONG,118.37,2026-10-02T09:15:29.740000+09:00,511_202610020915_SOL_USDT_LONG,1,117.77815000000001,1.0,118.96185,511_202610020915_SOL_USDT_LONG_B1_REFERENCE
LONG,154.5,2026-10-02T09:15:40.538000+09:00,511_202610020915_SOXL_USDT_LONG,1,153.7275,1.0,155.27249999999998,511_202610020915_SOXL_USDT_LONG_B1_REFERENCE
LONG,7679.0,2026-10-02T09:15:49.980000+09:00,511_202610020915_SPX500_USDT_LONG,1,7640.605,1.0,7717.3949999999995,511_202610020915_SPX500_USDT_LONG_B1_REFERENCE
LONG,765.64,2026-10-02T09:15:48.940000+09:00,511_202610020915_SPY_USDT_LONG,1,761.8118,1.0,769.4681999999999,511_202610020915_SPY_USDT_LONG_B1_REFERENCE
LONG,1.1819,2026-10-02T09:15:39.484000+09:00,511_202610020915_SUI_USDT_LONG,1,1.1759905,1.0,1.1878094999999997,511_202610020915_SUI_USDT_LONG_B1_REFERENCE
LONG,1094.68,2026-10-02T09:25:17.637000+09:00,511_202610020925_MUSTOCK_USDT_LONG,1,1089.2066,1.0,1100.1534,511_202610020925_MUSTOCK_USDT_LONG_B1_REFERENCE
LONG,4.4483e-06,2026-10-02T09:25:30.305000+09:00,511_202610020925_PEPE_USDT_LONG,1,4.4260585000000005e-06,1.0,4.4705415e-06,511_202610020925_PEPE_USDT_LONG_B1_REFERENCE
LONG,1789.6,2026-10-02T09:25:28.460000+09:00,511_202610020925_SNDKSTOCK_USDT_LONG,1,1780.6519999999998,1.0,1798.5479999999998,511_202610020925_SNDKSTOCK_USDT_LONG_B1_REFERENCE
LONG,157.2,2026-10-02T09:25:26.319000+09:00,511_202610020925_SOXL_USDT_LONG,1,156.414,1.0,157.98599999999996,511_202610020925_SOXL_USDT_LONG_B1_REFERENCE
LONG,172.6,2026-10-02T09:36:05.399000+09:00,511_202610020935_AAVE_USDT_LONG,1,171.737,1.0,173.46299999999997,511_202610020935_AAVE_USDT_LONG_B1_REFERENCE
LONG,87.751,2026-10-02T09:35:59.776000+09:00,511_202610020935_HYPE_USDT_LONG,1,87.312245,1.0,88.18975499999999,511_202610020935_HYPE_USDT_LONG_B1_REFERENCE
LONG,1784.08,2026-10-02T09:35:55.314000+09:00,511_202610020935_SNDKSTOCK_USDT_LONG,1,1775.1596,1.0,1793.0003999999997,511_202610020935_SNDKSTOCK_USDT_LONG_B1_REFERENCE
LONG,155.79,2026-10-02T09:35:53.407000+09:00,511_202610020935_SOXL_USDT_LONG,1,155.01104999999998,1.0,156.56894999999997,511_202610020935_SOXL_USDT_LONG_B1_REFERENCE
SHORT,4164.7,2026-10-02T09:35:48.732000+09:00,511_202610020935_XAUT_USDT_SHORT,1,4185.523499999999,1.0,4143.876499999999,511_202610020935_XAUT_USDT_SHORT_B1_REFERENCE
LONG,174.33,2026-10-02T09:45:53.148000+09:00,511_202610020945_AAVE_USDT_LONG,1,173.45835000000002,1.0,175.20165,511_202610020945_AAVE_USDT_LONG_B1_REFERENCE
SHORT,14.257,2026-10-02T09:45:44.833000+09:00,511_202610020945_LINK_USDT_SHORT,1,14.328284999999997,1.0,14.185715,511_202610020945_LINK_USDT_SHORT_B1_REFERENCE
LONG,0.4944,2026-10-02T09:45:55.800000+09:00,511_202610020945_ONDO_USDT_LONG,1,0.491928,1.0,0.496872,511_202610020945_ONDO_USDT_LONG_B1_REFERENCE
LONG,119.01,2026-10-02T09:45:31.548000+09:00,511_202610020945_SOL_USDT_LONG,1,118.41495,1.0,119.60504999999999,511_202610020945_SOL_USDT_LONG_B1_REFERENCE
SHORT,4164.06,2026-10-02T09:45:34.289000+09:00,511_202610020945_XAU_USDT_SHORT,1,4184.8803,1.0,4143.2397,511_202610020945_XAU_USDT_SHORT_B1_REFERENCE
LONG,1.496,2026-10-02T09:45:32.384000+09:00,511_202610020945_XRP_USDT_LONG,1,1.48852,1.0,1.50348,511_202610020945_XRP_USDT_LONG_B1_REFERENCE
LONG,156.31,2026-10-02T09:55:41.788000+09:00,511_202610020955_SOXL_USDT_LONG,1,155.52845,1.0,157.09154999999998,511_202610020955_SOXL_USDT_LONG_B1_REFERENCE
SHORT,31.32,2026-10-02T09:55:55.408000+09:00,511_202610020955_SOXS_USDT_SHORT,1,31.476599999999998,1.0,31.1634,511_202610020955_SOXS_USDT_SHORT_B1_REFERENCE
SHORT,0.24104,2026-10-02T10:06:52.875000+09:00,511_202610021005_ENA_USDT_SHORT,1,0.24224519999999997,1.0,0.23983480000000001,511_202610021005_ENA_USDT_SHORT_B1_REFERENCE
SHORT,14.234,2026-10-02T10:06:44.106000+09:00,511_202610021005_LINK_USDT_SHORT,1,14.305169999999999,1.0,14.16283,511_202610021005_LINK_USDT_SHORT_B1_REFERENCE
SHORT,4151.26,2026-10-02T10:06:33.562000+09:00,511_202610021005_XAU_USDT_SHORT,1,4172.0163,1.0,4130.5037,511_202610021005_XAU_USDT_SHORT_B1_REFERENCE
SHORT,1.4903,2026-10-02T10:15:15.535000+09:00,511_202610021015_XRP_USDT_SHORT,1,1.4977515,1.0,1.4828485,511_202610021015_XRP_USDT_SHORT_B1_REFERENCE
SHORT,14.218,2026-10-02T10:25:30.723000+09:00,511_202610021025_LINK_USDT_SHORT,1,14.289089999999998,1.0,14.14691,511_202610021025_LINK_USDT_SHORT_B1_REFERENCE
SHORT,4150.7,2026-10-02T10:25:20.253000+09:00,511_202610021025_XAUT_USDT_SHORT,1,4171.4535,1.0,4129.9465,511_202610021025_XAUT_USDT_SHORT_B1_REFERENCE
SHORT,1.4919,2026-10-02T10:25:15.381000+09:00,511_202610021025_XRP_USDT_SHORT,1,1.4993594999999997,1.0,1.4844405,511_202610021025_XRP_USDT_SHORT_B1_REFERENCE
SHORT,1324.53,2026-10-02T10:25:13.225000+09:00,511_202610021025_ZEC_USDT_SHORT,1,1331.1526499999998,1.0,1317.90735,511_202610021025_ZEC_USDT_SHORT_B1_REFERENCE
LONG,177.73,2026-10-02T10:34:34.961000+09:00,511_202610021030_AAVE_USDT_LONG,1,176.84134999999998,1.0,178.61864999999997,511_202610021030_AAVE_USDT_LONG_B1_REFERENCE
SHORT,4.3948e-06,2026-10-02T10:34:24.001000+09:00,511_202610021030_PEPE_USDT_SHORT,1,4.4167739999999995e-06,1.0,4.372826e-06,511_202610021030_PEPE_USDT_SHORT_B1_REFERENCE
SHORT,1347.51,2026-10-02T10:34:22.763000+09:00,511_202610021030_SKHYNIXSTOCK_USDT_SHORT,1,1354.2475499999998,1.0,1340.77245,511_202610021030_SKHYNIXSTOCK_USDT_SHORT_B1_REFERENCE
SHORT,4.3796e-06,2026-10-02T10:44:19.361000+09:00,511_202610021040_PEPE_USDT_SHORT,1,4.401498e-06,1.0,4.357702e-06,511_202610021040_PEPE_USDT_SHORT_B1_REFERENCE
LONG,175.7,2026-10-02T10:55:12.137000+09:00,511_202610021055_AAVE_USDT_LONG,1,174.8215,1.0,176.57849999999996,511_202610021055_AAVE_USDT_LONG_B1_REFERENCE
LONG,88.153,2026-10-02T10:55:06.937000+09:00,511_202610021055_HYPE_USDT_LONG,1,87.712235,1.0,88.59376499999999,511_202610021055_HYPE_USDT_LONG_B1_REFERENCE
LONG,85013.8,2026-10-02T11:05:34.650000+09:00,511_202610021105_BTC_USDT_LONG,1,84588.731,1.0,85438.86899999999,511_202610021105_BTC_USDT_LONG_B1_REFERENCE
LONG,1092.21,2026-10-02T11:05:38.952000+09:00,511_202610021105_MUSTOCK_USDT_LONG,1,1086.74895,1.0,1097.67105,511_202610021105_MUSTOCK_USDT_LONG_B1_REFERENCE
LONG,4.903,2026-10-02T11:05:44.280000+09:00,511_202610021105_NEAR_USDT_LONG,1,4.8784849999999995,1.0,4.927514999999999,511_202610021105_NEAR_USDT_LONG_B1_REFERENCE
LONG,88.301,2026-10-02T11:16:07.785000+09:00,511_202610021115_HYPE_USDT_LONG,1,87.859495,1.0,88.742505,511_202610021115_HYPE_USDT_LONG_B1_REFERENCE
LONG,1.1875,2026-10-02T11:15:59.629000+09:00,511_202610021115_SUI_USDT_LONG,1,1.1815625,1.0,1.1934375,511_202610021115_SUI_USDT_LONG_B1_REFERENCE
LONG,174.91,2026-10-02T11:35:52.042000+09:00,511_202610021135_AAVE_USDT_LONG,1,174.03545,1.0,175.78454999999997,511_202610021135_AAVE_USDT_LONG_B1_REFERENCE
SHORT,0.09375,2026-10-02T11:35:34.119000+09:00,511_202610021135_DOGE_USDT_SHORT,1,0.09421874999999999,1.0,0.09328125,511_202610021135_DOGE_USDT_SHORT_B1_REFERENCE
LONG,304.84,2026-10-02T11:43:30.742000+09:00,511_202610021140_TAO_USDT_LONG,1,303.31579999999997,1.0,306.3641999999999,511_202610021140_TAO_USDT_LONG_B1_REFERENCE
LONG,102.49,2026-10-02T11:43:37.900000+09:00,511_202610021140_UKOIL_USDT_LONG,1,101.97755,1.0,103.00244999999998,511_202610021140_UKOIL_USDT_LONG_B1_REFERENCE
LONG,4.957,2026-10-02T11:54:29.913000+09:00,511_202610021150_NEAR_USDT_LONG,1,4.932215,1.0,4.9817849999999995,511_202610021150_NEAR_USDT_LONG_B1_REFERENCE
LONG,4.432e-06,2026-10-02T11:54:35.124000+09:00,511_202610021150_PEPE_USDT_LONG,1,4.40984e-06,1.0,4.454159999999999e-06,511_202610021150_PEPE_USDT_LONG_B1_REFERENCE
LONG,156.93,2026-10-02T12:04:51.509000+09:00,511_202610021200_SOXL_USDT_LONG,1,156.14535,1.0,157.71464999999998,511_202610021200_SOXL_USDT_LONG_B1_REFERENCE
LONG,85303.9,2026-10-02T12:15:38.234000+09:00,511_202610021215_BTC_USDT_LONG,1,84877.3805,1.0,85730.41949999999,511_202610021215_BTC_USDT_LONG_B1_REFERENCE
LONG,252.15,2026-10-02T12:15:44.450000+09:00,511_202610021215_QNT_USDT_LONG,1,250.88925,1.0,253.41074999999998,511_202610021215_QNT_USDT_LONG_B1_REFERENCE
LONG,1789.48,2026-10-02T12:15:50.737000+09:00,511_202610021215_SNDKSTOCK_USDT_LONG,1,1780.5326,1.0,1798.4273999999998,511_202610021215_SNDKSTOCK_USDT_LONG_B1_REFERENCE
LONG,85372.0,2026-10-02T12:35:02.863000+09:00,511_202610021235_BTC_USDT_LONG,1,84945.14,1.0,85798.85999999999,511_202610021235_BTC_USDT_LONG_B1_REFERENCE
LONG,14.414,2026-10-02T12:35:26.838000+09:00,511_202610021235_LINK_USDT_LONG,1,14.34193,1.0,14.486069999999998,511_202610021235_LINK_USDT_LONG_B1_REFERENCE
LONG,4.4664e-06,2026-10-02T12:35:23.453000+09:00,511_202610021235_PEPE_USDT_LONG,1,4.444068e-06,1.0,4.488732e-06,511_202610021235_PEPE_USDT_LONG_B1_REFERENCE
LONG,1362.65,2026-10-02T12:35:22.362000+09:00,511_202610021235_SKHYNIXSTOCK_USDT_LONG,1,1355.8367500000002,1.0,1369.46325,511_202610021235_SKHYNIXSTOCK_USDT_LONG_B1_REFERENCE
LONG,1.1841,2026-10-02T12:35:19.222000+09:00,511_202610021235_SUI_USDT_LONG,1,1.1781795,1.0,1.1900204999999997,511_202610021235_SUI_USDT_LONG_B1_REFERENCE
LONG,0.5122,2026-10-02T12:35:25.538000+09:00,511_202610021235_WLD_USDT_LONG,1,0.509639,1.0,0.5147609999999999,511_202610021235_WLD_USDT_LONG_B1_REFERENCE
LONG,4.4757e-06,2026-10-02T12:46:10.190000+09:00,511_202610021245_PEPE_USDT_LONG,1,4.4533215e-06,1.0,4.4980785e-06,511_202610021245_PEPE_USDT_LONG_B1_REFERENCE
LONG,0.0947,2026-10-02T12:55:25.621000+09:00,511_202610021255_DOGE_USDT_LONG,1,0.0942265,1.0,0.0951735,511_202610021255_DOGE_USDT_LONG_B1_REFERENCE
LONG,120.94,2026-10-02T12:55:17.680000+09:00,511_202610021255_SOL_USDT_LONG,1,120.3353,1.0,121.54469999999999,511_202610021255_SOL_USDT_LONG_B1_REFERENCE
LONG,0.4978,2026-10-02T13:06:06.524000+09:00,511_202610021305_ONDO_USDT_LONG,1,0.495311,1.0,0.500289,511_202610021305_ONDO_USDT_LONG_B1_REFERENCE
LONG,61.23,2026-10-02T13:05:48.045000+09:00,511_202610021305_SILVER_USDT_LONG,1,60.923849999999995,1.0,61.53614999999999,511_202610021305_SILVER_USDT_LONG_B1_REFERENCE
LONG,4180.1,2026-10-02T13:05:47.144000+09:00,511_202610021305_XAUT_USDT_LONG,1,4159.199500000001,1.0,4201.0005,511_202610021305_XAUT_USDT_LONG_B1_REFERENCE
LONG,4185.87,2026-10-02T13:05:45.400000+09:00,511_202610021305_XAU_USDT_LONG,1,4164.94065,1.0,4206.799349999999,511_202610021305_XAU_USDT_LONG_B1_REFERENCE
LONG,1.5088,2026-10-02T13:05:43.394000+09:00,511_202610021305_XRP_USDT_LONG,1,1.501256,1.0,1.5163439999999997,511_202610021305_XRP_USDT_LONG_B1_REFERENCE
LONG,0.09471,2026-10-02T13:16:22.667000+09:00,511_202610021315_DOGE_USDT_LONG,1,0.09423645,1.0,0.09518354999999999,511_202610021315_DOGE_USDT_LONG_B1_REFERENCE
LONG,766.8,2026-10-02T13:16:32.814000+09:00,511_202610021315_SPY_USDT_LONG,1,762.966,1.0,770.6339999999999,511_202610021315_SPY_USDT_LONG_B1_REFERENCE
LONG,4182.5,2026-10-02T13:16:20.818000+09:00,511_202610021315_XAUT_USDT_LONG,1,4161.5875,1.0,4203.412499999999,511_202610021315_XAUT_USDT_LONG_B1_REFERENCE
LONG,4189.9,2026-10-02T13:16:19.141000+09:00,511_202610021315_XAU_USDT_LONG,1,4168.9505,1.0,4210.849499999999,511_202610021315_XAU_USDT_LONG_B1_REFERENCE
LONG,180.84,2026-10-02T13:26:20.488000+09:00,511_202610021325_AAVE_USDT_LONG,1,179.9358,1.0,181.74419999999998,511_202610021325_AAVE_USDT_LONG_B1_REFERENCE
LONG,0.2537,2026-10-02T13:26:19.574000+09:00,511_202610021325_ADA_USDT_LONG,1,0.2524315,1.0,0.25496849999999993,511_202610021325_ADA_USDT_LONG_B1_REFERENCE
LONG,86574.1,2026-10-02T13:25:57.631000+09:00,511_202610021325_BTC_USDT_LONG,1,86141.2295,1.0,87006.9705,511_202610021325_BTC_USDT_LONG_B1_REFERENCE
LONG,0.09605,2026-10-02T13:26:06.699000+09:00,511_202610021325_DOGE_USDT_LONG,1,0.09556975,1.0,0.09653024999999998,511_202610021325_DOGE_USDT_LONG_B1_REFERENCE
LONG,89.386,2026-10-02T13:26:15.767000+09:00,511_202610021325_HYPE_USDT_LONG,1,88.93907,1.0,89.83292999999999,511_202610021325_HYPE_USDT_LONG_B1_REFERENCE
LONG,5.038,2026-10-02T13:26:07.763000+09:00,511_202610021325_NEAR_USDT_LONG,1,5.01281,1.0,5.06319,511_202610021325_NEAR_USDT_LONG_B1_REFERENCE
LONG,0.5064,2026-10-02T13:26:24.043000+09:00,511_202610021325_ONDO_USDT_LONG,1,0.503868,1.0,0.5089319999999999,511_202610021325_ONDO_USDT_LONG_B1_REFERENCE
LONG,4.5647e-06,2026-10-02T13:26:12.171000+09:00,511_202610021325_PEPE_USDT_LONG,1,4.5418764999999995e-06,1.0,4.587523499999999e-06,511_202610021325_PEPE_USDT_LONG_B1_REFERENCE
LONG,311.25,2026-10-02T13:26:13.071000+09:00,511_202610021325_TAO_USDT_LONG,1,309.69375,1.0,312.80625,511_202610021325_TAO_USDT_LONG_B1_REFERENCE
SHORT,92.55,2026-10-02T13:26:18.527000+09:00,511_202610021325_USOIL_USDT_SHORT,1,93.01274999999998,1.0,92.08725,511_202610021325_USOIL_USDT_SHORT_B1_REFERENCE
LONG,0.5237,2026-10-02T13:26:13.974000+09:00,511_202610021325_WLD_USDT_LONG,1,0.5210815000000001,1.0,0.5263185,511_202610021325_WLD_USDT_LONG_B1_REFERENCE
LONG,1.5254,2026-10-02T13:26:01.250000+09:00,511_202610021325_XRP_USDT_LONG,1,1.517773,1.0,1.533027,511_202610021325_XRP_USDT_LONG_B1_REFERENCE
LONG,86435.1,2026-10-02T13:35:25.537000+09:00,511_202610021335_BTC_USDT_LONG,1,86002.92450000001,1.0,86867.2755,511_202610021335_BTC_USDT_LONG_B1_REFERENCE
LONG,0.5046,2026-10-02T13:35:54.462000+09:00,511_202610021335_ONDO_USDT_LONG,1,0.502077,1.0,0.507123,511_202610021335_ONDO_USDT_LONG_B1_REFERENCE
LONG,1.1963,2026-10-02T13:35:37.401000+09:00,511_202610021335_SUI_USDT_LONG,1,1.1903184999999998,1.0,1.2022814999999998,511_202610021335_SUI_USDT_LONG_B1_REFERENCE
LONG,1.5215,2026-10-02T13:35:29.452000+09:00,511_202610021335_XRP_USDT_LONG,1,1.5138925,1.0,1.5291074999999998,511_202610021335_XRP_USDT_LONG_B1_REFERENCE
LONG,0.09625,2026-10-02T13:46:01.147000+09:00,511_202610021345_DOGE_USDT_LONG,1,0.09576875,1.0,0.09673124999999999,511_202610021345_DOGE_USDT_LONG_B1_REFERENCE
LONG,0.5249,2026-10-02T13:46:09.491000+09:00,511_202610021345_WLD_USDT_LONG,1,0.5222755,1.0,0.5275245,511_202610021345_WLD_USDT_LONG_B1_REFERENCE
LONG,186.25,2026-10-02T13:55:51.509000+09:00,511_202610021355_AAVE_USDT_LONG,1,185.31875,1.0,187.18124999999998,511_202610021355_AAVE_USDT_LONG_B1_REFERENCE
LONG,254.5,2026-10-02T13:55:34.489000+09:00,511_202610021355_QNT_USDT_LONG,1,253.2275,1.0,255.77249999999998,511_202610021355_QNT_USDT_LONG_B1_REFERENCE
LONG,1363.94,2026-10-02T13:55:43.114000+09:00,511_202610021355_SKHYNIXSTOCK_USDT_LONG,1,1357.1203,1.0,1370.7596999999998,511_202610021355_SKHYNIXSTOCK_USDT_LONG_B1_REFERENCE
LONG,312.64,2026-10-02T13:55:44.074000+09:00,511_202610021355_TAO_USDT_LONG,1,311.0768,1.0,314.2032,511_202610021355_TAO_USDT_LONG_B1_REFERENCE
LONG,186.24,2026-10-02T14:06:10.604000+09:00,511_202610021405_AAVE_USDT_LONG,1,185.30880000000002,1.0,187.1712,511_202610021405_AAVE_USDT_LONG_B1_REFERENCE
LONG,14.585,2026-10-02T14:06:05.087000+09:00,511_202610021405_LINK_USDT_LONG,1,14.512075000000001,1.0,14.657924999999999,511_202610021405_LINK_USDT_LONG_B1_REFERENCE
LONG,123.25,2026-10-02T14:05:50.255000+09:00,511_202610021405_SOL_USDT_LONG,1,122.63375,1.0,123.86625,511_202610021405_SOL_USDT_LONG_B1_REFERENCE
SHORT,92.45,2026-10-02T14:06:08.754000+09:00,511_202610021405_USOIL_USDT_SHORT,1,92.91224999999999,1.0,91.98775,511_202610021405_USOIL_USDT_SHORT_B1_REFERENCE
LONG,1361.82,2026-10-02T14:25:28.428000+09:00,511_202610021425_SKHYNIXSTOCK_USDT_LONG,1,1355.0109,1.0,1368.6290999999999,511_202610021425_SKHYNIXSTOCK_USDT_LONG_B1_REFERENCE
LONG,4.986,2026-10-02T14:36:02.378000+09:00,511_202610021435_NEAR_USDT_LONG,1,4.961069999999999,1.0,5.010929999999999,511_202610021435_NEAR_USDT_LONG_B1_REFERENCE
LONG,4.5946e-06,2026-10-02T14:36:05.943000+09:00,511_202610021435_PEPE_USDT_LONG,1,4.571627e-06,1.0,4.617573e-06,511_202610021435_PEPE_USDT_LONG_B1_REFERENCE
LONG,310.79,2026-10-02T14:36:07.717000+09:00,511_202610021435_TAO_USDT_LONG,1,309.23605000000003,1.0,312.34395,511_202610021435_TAO_USDT_LONG_B1_REFERENCE
LONG,89.145,2026-10-02T14:45:34.132000+09:00,511_202610021445_HYPE_USDT_LONG,1,88.699275,1.0,89.59072499999999,511_202610021445_HYPE_USDT_LONG_B1_REFERENCE
LONG,4.978,2026-10-02T14:45:25.297000+09:00,511_202610021445_NEAR_USDT_LONG,1,4.95311,1.0,5.002889999999999,511_202610021445_NEAR_USDT_LONG_B1_REFERENCE
LONG,89.93,2026-10-02T14:55:33.767000+09:00,511_202610021455_HYPE_USDT_LONG,1,89.48035,1.0,90.37965,511_202610021455_HYPE_USDT_LONG_B1_REFERENCE
SHORT,92.59,2026-10-02T15:05:51.418000+09:00,511_202610021505_USOIL_USDT_SHORT,1,93.05295,1.0,92.12705,511_202610021505_USOIL_USDT_SHORT_B1_REFERENCE
LONG,0.5256,2026-10-02T15:05:44.950000+09:00,511_202610021505_WLD_USDT_LONG,1,0.522972,1.0,0.5282279999999999,511_202610021505_WLD_USDT_LONG_B1_REFERENCE
LONG,90.639,2026-10-02T15:14:43.145000+09:00,511_202610021510_HYPE_USDT_LONG,1,90.185805,1.0,91.09219499999999,511_202610021510_HYPE_USDT_LONG_B1_REFERENCE
LONG,0.2545,2026-10-02T15:26:22.752000+09:00,511_202610021525_ADA_USDT_LONG,1,0.2532275,1.0,0.25577249999999996,511_202610021525_ADA_USDT_LONG_B1_REFERENCE
LONG,0.24742,2026-10-02T15:26:24.477000+09:00,511_202610021525_ENA_USDT_LONG,1,0.2461829,1.0,0.24865709999999996,511_202610021525_ENA_USDT_LONG_B1_REFERENCE
LONG,0.5403,2026-10-02T15:26:17.326000+09:00,511_202610021525_WLD_USDT_LONG,1,0.5375985,1.0,0.5430014999999999,511_202610021525_WLD_USDT_LONG_B1_REFERENCE
LONG,1.5243,2026-10-02T15:26:05.417000+09:00,511_202610021525_XRP_USDT_LONG,1,1.5166785,1.0,1.5319215,511_202610021525_XRP_USDT_LONG_B1_REFERENCE
SHORT,101.58,2026-10-02T15:33:49.708000+09:00,511_202610021530_UKOIL_USDT_SHORT,1,102.08789999999999,1.0,101.07209999999999,511_202610021530_UKOIL_USDT_SHORT_B1_REFERENCE
LONG,1386.45,2026-10-02T15:33:24.843000+09:00,511_202610021530_ZEC_USDT_LONG,1,1379.51775,1.0,1393.3822499999999,511_202610021530_ZEC_USDT_LONG_B1_REFERENCE
SHORT,101.41,2026-10-02T15:45:43.112000+09:00,511_202610021545_UKOIL_USDT_SHORT,1,101.91704999999999,1.0,100.90294999999999,511_202610021545_UKOIL_USDT_SHORT_B1_REFERENCE
SHORT,91.94,2026-10-02T15:45:41.340000+09:00,511_202610021545_USOIL_USDT_SHORT,1,92.39969999999998,1.0,91.4803,511_202610021545_USOIL_USDT_SHORT_B1_REFERENCE
SHORT,227.37,2026-10-02T16:04:47.669000+09:00,511_202610021600_QNT_USDT_SHORT,1,228.50685,1.0,226.23315,511_202610021600_QNT_USDT_SHORT_B1_REFERENCE
LONG,185.31,2026-10-02T16:05:01.521000+09:00,511_202610021605_AAVE_USDT_LONG,1,184.38345,1.0,186.23655,511_202610021605_AAVE_USDT_LONG_B1_REFERENCE
LONG,157.84,2026-10-02T16:15:27.143000+09:00,511_202610021615_SOXL_USDT_LONG,1,157.0508,1.0,158.6292,511_202610021615_SOXL_USDT_LONG_B1_REFERENCE
SHORT,30.99,2026-10-02T16:15:41.660000+09:00,511_202610021615_SOXS_USDT_SHORT,1,31.144949999999994,1.0,30.83505,511_202610021615_SOXS_USDT_SHORT_B1_REFERENCE
LONG,0.006071,2026-10-02T16:35:53.451000+09:00,511_202610021635_PUMPFUN_USDT_LONG,1,0.006040645,1.0,0.006101354999999999,511_202610021635_PUMPFUN_USDT_LONG_B1_REFERENCE
LONG,157.86,2026-10-02T16:44:33.098000+09:00,511_202610021640_SOXL_USDT_LONG,1,157.07070000000002,1.0,158.6493,511_202610021640_SOXL_USDT_LONG_B1_REFERENCE
SHORT,90.94,2026-10-02T16:44:42.863000+09:00,511_202610021640_USOIL_USDT_SHORT,1,91.39469999999999,1.0,90.4853,511_202610021640_USOIL_USDT_SHORT_B1_REFERENCE
LONG,0.09616,2026-10-02T16:53:54.669000+09:00,511_202610021650_DOGE_USDT_LONG,1,0.09567919999999999,1.0,0.09664079999999999,511_202610021650_DOGE_USDT_LONG_B1_REFERENCE
LONG,1096.2,2026-10-02T16:53:49.073000+09:00,511_202610021650_MUSTOCK_USDT_LONG,1,1090.719,1.0,1101.681,511_202610021650_MUSTOCK_USDT_LONG_B1_REFERENCE
LONG,0.255,2026-10-02T17:06:00.339000+09:00,511_202610021705_ADA_USDT_LONG,1,0.253725,1.0,0.256275,511_202610021705_ADA_USDT_LONG_B1_REFERENCE
LONG,1366.17,2026-10-02T17:05:50.458000+09:00,511_202610021705_SKHYNIXSTOCK_USDT_LONG,1,1359.33915,1.0,1373.00085,511_202610021705_SKHYNIXSTOCK_USDT_LONG_B1_REFERENCE
LONG,1792.91,2026-10-02T17:05:52.259000+09:00,511_202610021705_SNDKSTOCK_USDT_LONG,1,1783.9454500000002,1.0,1801.87455,511_202610021705_SNDKSTOCK_USDT_LONG_B1_REFERENCE
LONG,121.84,2026-10-02T17:05:39.548000+09:00,511_202610021705_SOL_USDT_LONG,1,121.2308,1.0,122.44919999999999,511_202610021705_SOL_USDT_LONG_B1_REFERENCE
LONG,158.9,2026-10-02T17:05:51.407000+09:00,511_202610021705_SOXL_USDT_LONG,1,158.1055,1.0,159.69449999999998,511_202610021705_SOXL_USDT_LONG_B1_REFERENCE
SHORT,30.77,2026-10-02T17:06:03.157000+09:00,511_202610021705_SOXS_USDT_SHORT,1,30.923849999999998,1.0,30.61615,511_202610021705_SOXS_USDT_SHORT_B1_REFERENCE
SHORT,90.13,2026-10-02T17:05:59.459000+09:00,511_202610021705_USOIL_USDT_SHORT,1,90.58064999999999,1.0,89.67935,511_202610021705_USOIL_USDT_SHORT_B1_REFERENCE
LONG,4184.0,2026-10-02T17:05:44.148000+09:00,511_202610021705_XAUT_USDT_LONG,1,4163.08,1.0,4204.919999999999,511_202610021705_XAUT_USDT_LONG_B1_REFERENCE
LONG,1.5329,2026-10-02T17:05:40.493000+09:00,511_202610021705_XRP_USDT_LONG,1,1.5252355,1.0,1.5405644999999997,511_202610021705_XRP_USDT_LONG_B1_REFERENCE
LONG,1389.09,2026-10-02T17:05:38.714000+09:00,511_202610021705_ZEC_USDT_LONG,1,1382.14455,1.0,1396.0354499999999,511_202610021705_ZEC_USDT_LONG_B1_REFERENCE
LONG,1103.35,2026-10-02T17:15:37.161000+09:00,511_202610021715_MUSTOCK_USDT_LONG,1,1097.83325,1.0,1108.8667499999997,511_202610021715_MUSTOCK_USDT_LONG_B1_REFERENCE
LONG,1368.78,2026-10-02T17:15:46.847000+09:00,511_202610021715_SKHYNIXSTOCK_USDT_LONG,1,1361.9361,1.0,1375.6238999999998,511_202610021715_SKHYNIXSTOCK_USDT_LONG_B1_REFERENCE
LONG,159.99,2026-10-02T17:15:46.025000+09:00,511_202610021715_SOXL_USDT_LONG,1,159.19005,1.0,160.78995,511_202610021715_SOXL_USDT_LONG_B1_REFERENCE
SHORT,30.48,2026-10-02T17:15:59.234000+09:00,511_202610021715_SOXS_USDT_SHORT,1,30.632399999999997,1.0,30.3276,511_202610021715_SOXS_USDT_SHORT_B1_REFERENCE
SHORT,89.95,2026-10-02T17:15:53.864000+09:00,511_202610021715_USOIL_USDT_SHORT,1,90.39975,1.0,89.50025000000001,511_202610021715_USOIL_USDT_SHORT_B1_REFERENCE
LONG,0.09768,2026-10-02T17:24:16.574000+09:00,511_202610021720_DOGE_USDT_LONG,1,0.0971916,1.0,0.09816839999999999,511_202610021720_DOGE_USDT_LONG_B1_REFERENCE
LONG,90.077,2026-10-02T17:24:26.808000+09:00,511_202610021720_HYPE_USDT_LONG,1,89.626615,1.0,90.527385,511_202610021720_HYPE_USDT_LONG_B1_REFERENCE
LONG,0.5064,2026-10-02T17:24:36.106000+09:00,511_202610021720_ONDO_USDT_LONG,1,0.503868,1.0,0.5089319999999999,511_202610021720_ONDO_USDT_LONG_B1_REFERENCE
LONG,4.5889e-06,2026-10-02T17:24:19.546000+09:00,511_202610021720_PEPE_USDT_LONG,1,4.5659555e-06,1.0,4.6118445e-06,511_202610021720_PEPE_USDT_LONG_B1_REFERENCE
LONG,1370.17,2026-10-02T17:35:40.720000+09:00,511_202610021735_SKHYNIXSTOCK_USDT_LONG,1,1363.31915,1.0,1377.0208499999999,511_202610021735_SKHYNIXSTOCK_USDT_LONG_B1_REFERENCE
LONG,313.65,2026-10-02T17:35:42.693000+09:00,511_202610021735_TAO_USDT_LONG,1,312.08175,1.0,315.21824999999995,511_202610021735_TAO_USDT_LONG_B1_REFERENCE
SHORT,99.45,2026-10-02T18:05:40.453000+09:00,511_202610021805_UKOIL_USDT_SHORT,1,99.94725,1.0,98.95275000000001,511_202610021805_UKOIL_USDT_SHORT_B1_REFERENCE
LONG,314.02,2026-10-02T18:13:35.899000+09:00,511_202610021810_TAO_USDT_LONG,1,312.44989999999996,1.0,315.59009999999995,511_202610021810_TAO_USDT_LONG_B1_REFERENCE
LONG,1.5399,2026-10-02T18:13:20.938000+09:00,511_202610021810_XRP_USDT_LONG,1,1.5322005,1.0,1.5475994999999998,511_202610021810_XRP_USDT_LONG_B1_REFERENCE
LONG,0.541,2026-10-02T18:37:04.427000+09:00,511_202610021835_WLD_USDT_LONG,1,0.5382950000000001,1.0,0.543705,511_202610021835_WLD_USDT_LONG_B1_REFERENCE
LONG,1372.34,2026-10-02T18:45:59.824000+09:00,511_202610021845_SKHYNIXSTOCK_USDT_LONG,1,1365.4783,1.0,1379.2016999999998,511_202610021845_SKHYNIXSTOCK_USDT_LONG_B1_REFERENCE
LONG,0.5405,2026-10-02T18:46:02.675000+09:00,511_202610021845_WLD_USDT_LONG,1,0.5377974999999999,1.0,0.5432024999999999,511_202610021845_WLD_USDT_LONG_B1_REFERENCE
LONG,0.09704,2026-10-02T18:55:28.682000+09:00,511_202610021855_DOGE_USDT_LONG,1,0.0965548,1.0,0.09752519999999999,511_202610021855_DOGE_USDT_LONG_B1_REFERENCE
LONG,312.64,2026-10-02T18:55:37.141000+09:00,511_202610021855_TAO_USDT_LONG,1,311.0768,1.0,314.2032,511_202610021855_TAO_USDT_LONG_B1_REFERENCE
LONG,184.68,2026-10-02T19:04:42.603000+09:00,511_202610021900_AAVE_USDT_LONG,1,183.75660000000002,1.0,185.6034,511_202610021900_AAVE_USDT_LONG_B1_REFERENCE
LONG,0.257,2026-10-02T19:04:43.615000+09:00,511_202610021900_ADA_USDT_LONG,1,0.255715,1.0,0.258285,511_202610021900_ADA_USDT_LONG_B1_REFERENCE
SHORT,14.34,2026-10-02T19:16:03.741000+09:00,511_202610021915_LINK_USDT_SHORT,1,14.411699999999998,1.0,14.2683,511_202610021915_LINK_USDT_SHORT_B1_REFERENCE
SHORT,1.1818,2026-10-02T19:15:57.536000+09:00,511_202610021915_SUI_USDT_SHORT,1,1.187709,1.0,1.175891,511_202610021915_SUI_USDT_SHORT_B1_REFERENCE
SHORT,14.315,2026-10-02T19:26:38.868000+09:00,511_202610021925_LINK_USDT_SHORT,1,14.386574999999999,1.0,14.243425,511_202610021925_LINK_USDT_SHORT_B1_REFERENCE
SHORT,4168.8,2026-10-02T19:26:28.732000+09:00,511_202610021925_XAUT_USDT_SHORT,1,4189.643999999999,1.0,4147.956,511_202610021925_XAUT_USDT_SHORT_B1_REFERENCE
LONG,1392.11,2026-10-02T19:26:22.893000+09:00,511_202610021925_ZEC_USDT_LONG,1,1385.14945,1.0,1399.0705499999997,511_202610021925_ZEC_USDT_LONG_B1_REFERENCE
LONG,1797.93,2026-10-02T19:35:47.834000+09:00,511_202610021935_SNDKSTOCK_USDT_LONG,1,1788.94035,1.0,1806.9196499999998,511_202610021935_SNDKSTOCK_USDT_LONG_B1_REFERENCE
LONG,90.967,2026-10-02T19:45:46.899000+09:00,511_202610021945_HYPE_USDT_LONG,1,90.512165,1.0,91.42183499999999,511_202610021945_HYPE_USDT_LONG_B1_REFERENCE
SHORT,4.919,2026-10-02T19:45:36.896000+09:00,511_202610021945_NEAR_USDT_SHORT,1,4.943594999999999,1.0,4.894405,511_202610021945_NEAR_USDT_SHORT_B1_REFERENCE
LONG,0.511,2026-10-02T19:45:55.837000+09:00,511_202610021945_ONDO_USDT_LONG,1,0.508445,1.0,0.513555,511_202610021945_ONDO_USDT_LONG_B1_REFERENCE
LONG,1.5451,2026-10-02T19:45:28.729000+09:00,511_202610021945_XRP_USDT_LONG,1,1.5373744999999999,1.0,1.5528254999999997,511_202610021945_XRP_USDT_LONG_B1_REFERENCE
LONG,0.5088,2026-10-02T19:55:45.685000+09:00,511_202610021955_ONDO_USDT_LONG,1,0.506256,1.0,0.511344,511_202610021955_ONDO_USDT_LONG_B1_REFERENCE
LONG,0.24789,2026-10-02T20:06:06.065000+09:00,511_202610022005_ENA_USDT_LONG,1,0.24665055,1.0,0.24912944999999997,511_202610022005_ENA_USDT_LONG_B1_REFERENCE
SHORT,4.876,2026-10-02T20:14:22.761000+09:00,511_202610022010_NEAR_USDT_SHORT,1,4.90038,1.0,4.8516200000000005,511_202610022010_NEAR_USDT_SHORT_B1_REFERENCE
SHORT,61.1,2026-10-02T20:14:20.726000+09:00,511_202610022010_SILVER_USDT_SHORT,1,61.405499999999996,1.0,60.7945,511_202610022010_SILVER_USDT_SHORT_B1_REFERENCE
LONG,122.17,2026-10-02T20:14:14.143000+09:00,511_202610022010_SOL_USDT_LONG,1,121.55915,1.0,122.78084999999999,511_202610022010_SOL_USDT_LONG_B1_REFERENCE
SHORT,4.5204e-06,2026-10-02T20:25:31.278000+09:00,511_202610022025_PEPE_USDT_SHORT,1,4.543001999999999e-06,1.0,4.497798e-06,511_202610022025_PEPE_USDT_SHORT_B1_REFERENCE
LONG,4188.03,2026-10-02T20:25:24.370000+09:00,511_202610022025_XAU_USDT_LONG,1,4167.089849999999,1.0,4208.970149999999,511_202610022025_XAU_USDT_LONG_B1_REFERENCE
SHORT,1775.2,2026-10-02T20:35:54.371000+09:00,511_202610022035_SNDKSTOCK_USDT_SHORT,1,1784.0759999999998,1.0,1766.324,511_202610022035_SNDKSTOCK_USDT_SHORT_B1_REFERENCE
LONG,311.83,2026-10-02T20:35:56.205000+09:00,511_202610022035_TAO_USDT_LONG,1,310.27085,1.0,313.38915,511_202610022035_TAO_USDT_LONG_B1_REFERENCE
SHORT,4.878,2026-10-02T20:46:58.386000+09:00,511_202610022045_NEAR_USDT_SHORT,1,4.90239,1.0,4.85361,511_202610022045_NEAR_USDT_SHORT_B1_REFERENCE
SHORT,4.4731e-06,2026-10-02T20:47:00.338000+09:00,511_202610022045_PEPE_USDT_SHORT,1,4.4954655e-06,1.0,4.450734500000001e-06,511_202610022045_PEPE_USDT_SHORT_B1_REFERENCE
LONG,247.67,2026-10-02T20:46:54.946000+09:00,511_202610022045_QNT_USDT_LONG,1,246.43165,1.0,248.90834999999996,511_202610022045_QNT_USDT_LONG_B1_REFERENCE
LONG,0.06697,2026-10-02T20:47:14.524000+09:00,511_202610022045_SAND_USDT_LONG,1,0.06663515,1.0,0.06730485,511_202610022045_SAND_USDT_LONG_B1_REFERENCE
SHORT,1767.68,2026-10-02T20:47:03.230000+09:00,511_202610022045_SNDKSTOCK_USDT_SHORT,1,1776.5184,1.0,1758.8416,511_202610022045_SNDKSTOCK_USDT_SHORT_B1_REFERENCE
SHORT,4.4168e-06,2026-10-02T20:54:40.830000+09:00,511_202610022050_PEPE_USDT_SHORT,1,4.4388839999999995e-06,1.0,4.394716e-06,511_202610022050_PEPE_USDT_SHORT_B1_REFERENCE
LONG,0.06919,2026-10-02T20:54:53.689000+09:00,511_202610022050_SAND_USDT_LONG,1,0.06884405,1.0,0.06953595,511_202610022050_SAND_USDT_LONG_B1_REFERENCE
SHORT,4.4131e-06,2026-10-02T21:06:56.251000+09:00,511_202610022105_PEPE_USDT_SHORT,1,4.435165499999999e-06,1.0,4.3910345e-06,511_202610022105_PEPE_USDT_SHORT_B1_REFERENCE
LONG,0.06944,2026-10-02T21:07:08.691000+09:00,511_202610022105_SAND_USDT_LONG,1,0.0690928,1.0,0.0697872,511_202610022105_SAND_USDT_LONG_B1_REFERENCE
SHORT,61.02,2026-10-02T21:06:52.739000+09:00,511_202610022105_SILVER_USDT_SHORT,1,61.3251,1.0,60.7149,511_202610022105_SILVER_USDT_SHORT_B1_REFERENCE
SHORT,1361.53,2026-10-02T21:06:57.143000+09:00,511_202610022105_SKHYNIXSTOCK_USDT_SHORT,1,1368.33765,1.0,1354.72235,511_202610022105_SKHYNIXSTOCK_USDT_SHORT_B1_REFERENCE
SHORT,1759.55,2026-10-02T21:06:58.944000+09:00,511_202610022105_SNDKSTOCK_USDT_SHORT,1,1768.3477499999997,1.0,1750.75225,511_202610022105_SNDKSTOCK_USDT_SHORT_B1_REFERENCE
SHORT,1.1741,2026-10-02T21:06:55.387000+09:00,511_202610022105_SUI_USDT_SHORT,1,1.1799704999999998,1.0,1.1682294999999998,511_202610022105_SUI_USDT_SHORT_B1_REFERENCE
SHORT,1362.05,2026-10-02T21:13:45.402000+09:00,511_202610022110_SKHYNIXSTOCK_USDT_SHORT,1,1368.8602499999997,1.0,1355.23975,511_202610022110_SKHYNIXSTOCK_USDT_SHORT_B1_REFERENCE
SHORT,4179.34,2026-10-02T21:13:38.383000+09:00,511_202610022110_XAU_USDT_SHORT,1,4200.2366999999995,1.0,4158.4433,511_202610022110_XAU_USDT_SHORT_B1_REFERENCE
LONG,245.88,2026-10-02T21:24:15.374000+09:00,511_202610022120_QNT_USDT_LONG,1,244.6506,1.0,247.10939999999997,511_202610022120_QNT_USDT_LONG_B1_REFERENCE
LONG,0.2574,2026-10-02T21:36:55.474000+09:00,511_202610022135_ADA_USDT_LONG,1,0.25611300000000004,1.0,0.258687,511_202610022135_ADA_USDT_LONG_B1_REFERENCE
LONG,0.09708,2026-10-02T21:36:42.718000+09:00,511_202610022135_DOGE_USDT_LONG,1,0.0965946,1.0,0.09756539999999998,511_202610022135_DOGE_USDT_LONG_B1_REFERENCE
LONG,248.75,2026-10-02T21:36:40.893000+09:00,511_202610022135_QNT_USDT_LONG,1,247.50625,1.0,249.99374999999998,511_202610022135_QNT_USDT_LONG_B1_REFERENCE
LONG,164.82,2026-10-02T21:36:45.514000+09:00,511_202610022135_SOXL_USDT_LONG,1,163.9959,1.0,165.64409999999998,511_202610022135_SOXL_USDT_LONG_B1_REFERENCE
LONG,7735.6,2026-10-02T21:36:58.147000+09:00,511_202610022135_SPX500_USDT_LONG,1,7696.9220000000005,1.0,7774.277999999999,511_202610022135_SPX500_USDT_LONG_B1_REFERENCE
LONG,771.42,2026-10-02T21:36:52.769000+09:00,511_202610022135_SPY_USDT_LONG,1,767.5628999999999,1.0,775.2770999999999,511_202610022135_SPY_USDT_LONG_B1_REFERENCE
LONG,0.5557,2026-10-02T21:36:49.121000+09:00,511_202610022135_WLD_USDT_LONG,1,0.5529215,1.0,0.5584784999999999,511_202610022135_WLD_USDT_LONG_B1_REFERENCE
LONG,4214.1,2026-10-02T21:36:39.993000+09:00,511_202610022135_XAUT_USDT_LONG,1,4193.029500000001,1.0,4235.1705,511_202610022135_XAUT_USDT_LONG_B1_REFERENCE
LONG,1.5457,2026-10-02T21:36:37.135000+09:00,511_202610022135_XRP_USDT_LONG,1,1.5379715,1.0,1.5534284999999999,511_202610022135_XRP_USDT_LONG_B1_REFERENCE
SHORT,14.342,2026-10-02T21:45:39.662000+09:00,511_202610022145_LINK_USDT_SHORT,1,14.413709999999998,1.0,14.270290000000001,511_202610022145_LINK_USDT_SHORT_B1_REFERENCE
SHORT,4.858,2026-10-02T21:45:30.506000+09:00,511_202610022145_NEAR_USDT_SHORT,1,4.882289999999999,1.0,4.83371,511_202610022145_NEAR_USDT_SHORT_B1_REFERENCE
LONG,61.68,2026-10-02T21:45:26.993000+09:00,511_202610022145_SILVER_USDT_LONG,1,61.3716,1.0,61.98839999999999,511_202610022145_SILVER_USDT_LONG_B1_REFERENCE
SHORT,1370.92,2026-10-02T21:45:20.219000+09:00,511_202610022145_ZEC_USDT_SHORT,1,1377.7746,1.0,1364.0654,511_202610022145_ZEC_USDT_SHORT_B1_REFERENCE
LONG,0.5679,2026-10-02T21:55:35.560000+09:00,511_202610022155_WLD_USDT_LONG,1,0.5650605,1.0,0.5707394999999998,511_202610022155_WLD_USDT_LONG_B1_REFERENCE
LONG,61.66,2026-10-02T22:08:11.474000+09:00,511_202610022205_SILVER_USDT_LONG,1,61.351699999999994,1.0,61.96829999999999,511_202610022205_SILVER_USDT_LONG_B1_REFERENCE
SHORT,0.24569,2026-10-02T22:16:22.225000+09:00,511_202610022215_ENA_USDT_SHORT,1,0.24691844999999996,1.0,0.24446155,511_202610022215_ENA_USDT_SHORT_B1_REFERENCE
LONG,1.2028,2026-10-02T22:16:06.704000+09:00,511_202610022215_SUI_USDT_LONG,1,1.1967860000000001,1.0,1.208814,511_202610022215_SUI_USDT_LONG_B1_REFERENCE
SHORT,14.353,2026-10-02T22:26:24.439000+09:00,511_202610022225_LINK_USDT_SHORT,1,14.424764999999999,1.0,14.281235,511_202610022225_LINK_USDT_SHORT_B1_REFERENCE
SHORT,1732.04,2026-10-02T22:35:46.239000+09:00,511_202610022235_SNDKSTOCK_USDT_SHORT,1,1740.7001999999998,1.0,1723.3798,511_202610022235_SNDKSTOCK_USDT_SHORT_B1_REFERENCE
SHORT,99.24,2026-10-02T22:35:54.997000+09:00,511_202610022235_UKOIL_USDT_SHORT,1,99.73619999999998,1.0,98.7438,511_202610022235_UKOIL_USDT_SHORT_B1_REFERENCE
SHORT,0.24625,2026-10-02T22:45:48.024000+09:00,511_202610022245_ENA_USDT_SHORT,1,0.24748124999999996,1.0,0.24501875,511_202610022245_ENA_USDT_SHORT_B1_REFERENCE
LONG,1372.52,2026-10-02T22:45:35.625000+09:00,511_202610022245_SKHYNIXSTOCK_USDT_LONG,1,1365.6574,1.0,1379.3826,511_202610022245_SKHYNIXSTOCK_USDT_LONG_B1_REFERENCE
LONG,166.68,2026-10-02T22:45:32.268000+09:00,511_202610022245_SOXL_USDT_LONG,1,165.8466,1.0,167.5134,511_202610022245_SOXL_USDT_LONG_B1_REFERENCE
SHORT,29.03,2026-10-02T22:45:49.079000+09:00,511_202610022245_SOXS_USDT_SHORT,1,29.17515,1.0,28.88485,511_202610022245_SOXS_USDT_SHORT_B1_REFERENCE
LONG,7744.2,2026-10-02T22:45:46.959000+09:00,511_202610022245_SPX500_USDT_LONG,1,7705.478999999999,1.0,7782.920999999999,511_202610022245_SPX500_USDT_LONG_B1_REFERENCE
LONG,1.2099,2026-10-02T22:45:30.984000+09:00,511_202610022245_SUI_USDT_LONG,1,1.2038505,1.0,1.2159494999999998,511_202610022245_SUI_USDT_LONG_B1_REFERENCE
LONG,0.5829,2026-10-02T22:45:33.409000+09:00,511_202610022245_WLD_USDT_LONG,1,0.5799854999999999,1.0,0.5858144999999999,511_202610022245_WLD_USDT_LONG_B1_REFERENCE
SHORT,14.359,2026-10-02T22:56:08.061000+09:00,511_202610022255_LINK_USDT_SHORT,1,14.430794999999998,1.0,14.287205,511_202610022255_LINK_USDT_SHORT_B1_REFERENCE
LONG,61.67,2026-10-02T23:05:50.787000+09:00,511_202610022305_SILVER_USDT_LONG,1,61.361650000000004,1.0,61.97834999999999,511_202610022305_SILVER_USDT_LONG_B1_REFERENCE
LONG,1383.4,2026-10-02T23:05:59.844000+09:00,511_202610022305_SKHYNIXSTOCK_USDT_LONG,1,1376.4830000000002,1.0,1390.317,511_202610022305_SKHYNIXSTOCK_USDT_LONG_B1_REFERENCE
LONG,7743.9,2026-10-02T23:06:11.328000+09:00,511_202610022305_SPX500_USDT_LONG,1,7705.1804999999995,1.0,7782.619499999999,511_202610022305_SPX500_USDT_LONG_B1_REFERENCE
LONG,313.56,2026-10-02T23:06:01.971000+09:00,511_202610022305_TAO_USDT_LONG,1,311.9922,1.0,315.1278,511_202610022305_TAO_USDT_LONG_B1_REFERENCE
SHORT,99.04,2026-10-02T23:06:10.290000+09:00,511_202610022305_UKOIL_USDT_SHORT,1,99.53519999999999,1.0,98.54480000000001,511_202610022305_UKOIL_USDT_SHORT_B1_REFERENCE
SHORT,183.14,2026-10-02T23:15:46.272000+09:00,511_202610022315_AAVE_USDT_SHORT,1,184.05569999999997,1.0,182.2243,511_202610022315_AAVE_USDT_SHORT_B1_REFERENCE
SHORT,0.24449,2026-10-02T23:15:50.641000+09:00,511_202610022315_ENA_USDT_SHORT,1,0.24571245,1.0,0.24326755,511_202610022315_ENA_USDT_SHORT_B1_REFERENCE
SHORT,14.307,2026-10-02T23:15:42.270000+09:00,511_202610022315_LINK_USDT_SHORT,1,14.378535,1.0,14.235465,511_202610022315_LINK_USDT_SHORT_B1_REFERENCE
SHORT,4.4463e-06,2026-10-02T23:15:36.897000+09:00,511_202610022315_PEPE_USDT_SHORT,1,4.4685315e-06,1.0,4.4240685e-06,511_202610022315_PEPE_USDT_SHORT_B1_REFERENCE
SHORT,1375.09,2026-10-02T23:15:22.685000+09:00,511_202610022315_ZEC_USDT_SHORT,1,1381.9654499999997,1.0,1368.21455,511_202610022315_ZEC_USDT_SHORT_B1_REFERENCE
LONG,7750.1,2026-10-02T23:25:49.420000+09:00,511_202610022325_SPX500_USDT_LONG,1,7711.3495,1.0,7788.8505,511_202610022325_SPX500_USDT_LONG_B1_REFERENCE
SHORT,0.2532,2026-10-02T23:35:56.064000+09:00,511_202610022335_ADA_USDT_SHORT,1,0.25446599999999997,1.0,0.251934,511_202610022335_ADA_USDT_SHORT_B1_REFERENCE
SHORT,2722.23,2026-10-02T23:35:31.825000+09:00,511_202610022335_ETH_USDT_SHORT,1,2735.8411499999997,1.0,2708.61885,511_202610022335_ETH_USDT_SHORT_B1_REFERENCE
SHORT,14.267,2026-10-02T23:35:50.953000+09:00,511_202610022335_LINK_USDT_SHORT,1,14.338334999999997,1.0,14.195665,511_202610022335_LINK_USDT_SHORT_B1_REFERENCE
SHORT,1.525,2026-10-02T23:35:34.905000+09:00,511_202610022335_XRP_USDT_SHORT,1,1.5326249999999997,1.0,1.517375,511_202610022335_XRP_USDT_SHORT_B1_REFERENCE
SHORT,0.2541,2026-10-02T23:44:48.118000+09:00,511_202610022340_ADA_USDT_SHORT,1,0.25537049999999994,1.0,0.2528295,511_202610022340_ADA_USDT_SHORT_B1_REFERENCE
SHORT,85584.4,2026-10-02T23:55:51.362000+09:00,511_202610022355_BTC_USDT_SHORT,1,86012.32199999999,1.0,85156.47799999999,511_202610022355_BTC_USDT_SHORT_B1_REFERENCE
SHORT,0.09526,2026-10-02T23:56:03.054000+09:00,511_202610022355_DOGE_USDT_SHORT,1,0.09573629999999998,1.0,0.0947837,511_202610022355_DOGE_USDT_SHORT_B1_REFERENCE
SHORT,120.5,2026-10-02T23:55:54.645000+09:00,511_202610022355_SOL_USDT_SHORT,1,121.10249999999999,1.0,119.8975,511_202610022355_SOL_USDT_SHORT_B1_REFERENCE
SHORT,4160.98,2026-10-02T23:55:58.208000+09:00,511_202610022355_XAU_USDT_SHORT,1,4181.784899999999,1.0,4140.1750999999995,511_202610022355_XAU_USDT_SHORT_B1_REFERENCE
SHORT,1.5117,2026-10-02T23:55:55.803000+09:00,511_202610022355_XRP_USDT_SHORT,1,1.5192584999999998,1.0,1.5041415,511_202610022355_XRP_USDT_SHORT_B1_REFERENCE
SHORT,0.09511,2026-10-03T00:06:06.859000+09:00,511_202610030005_DOGE_USDT_SHORT,1,0.09558554999999999,1.0,0.09463445,511_202610030005_DOGE_USDT_SHORT_B1_REFERENCE
SHORT,0.24361,2026-10-03T00:06:25.853000+09:00,511_202610030005_ENA_USDT_SHORT,1,0.24482804999999996,1.0,0.24239195,511_202610030005_ENA_USDT_SHORT_B1_REFERENCE
SHORT,120.05,2026-10-03T00:05:59.289000+09:00,511_202610030005_SOL_USDT_SHORT,1,120.65024999999999,1.0,119.44975,511_202610030005_SOL_USDT_SHORT_B1_REFERENCE
SHORT,307.72,2026-10-03T00:06:15.405000+09:00,511_202610030005_TAO_USDT_SHORT,1,309.2586,1.0,306.18140000000005,511_202610030005_TAO_USDT_SHORT_B1_REFERENCE
SHORT,4155.2,2026-10-03T00:06:03.573000+09:00,511_202610030005_XAUT_USDT_SHORT,1,4175.976,1.0,4134.424,511_202610030005_XAUT_USDT_SHORT_B1_REFERENCE
SHORT,1.5066,2026-10-03T00:06:00.442000+09:00,511_202610030005_XRP_USDT_SHORT,1,1.5141329999999997,1.0,1.499067,511_202610030005_XRP_USDT_SHORT_B1_REFERENCE
SHORT,14.239,2026-10-03T00:15:40.082000+09:00,511_202610030015_LINK_USDT_SHORT,1,14.310194999999998,1.0,14.167805000000001,511_202610030015_LINK_USDT_SHORT_B1_REFERENCE
SHORT,60.5,2026-10-03T00:15:28.111000+09:00,511_202610030015_SILVER_USDT_SHORT,1,60.802499999999995,1.0,60.1975,511_202610030015_SILVER_USDT_SHORT_B1_REFERENCE
SHORT,4150.3,2026-10-03T00:15:27.100000+09:00,511_202610030015_XAUT_USDT_SHORT,1,4171.0515,1.0,4129.5485,511_202610030015_XAUT_USDT_SHORT_B1_REFERENCE
SHORT,4151.18,2026-10-03T00:15:25.116000+09:00,511_202610030015_XAU_USDT_SHORT,1,4171.9358999999995,1.0,4130.4241,511_202610030015_XAU_USDT_SHORT_B1_REFERENCE
SHORT,0.24238,2026-10-03T00:25:48.139000+09:00,511_202610030025_ENA_USDT_SHORT,1,0.2435919,1.0,0.24116810000000002,511_202610030025_ENA_USDT_SHORT_B1_REFERENCE
SHORT,14.197,2026-10-03T00:25:41.117000+09:00,511_202610030025_LINK_USDT_SHORT,1,14.267984999999998,1.0,14.126014999999999,511_202610030025_LINK_USDT_SHORT_B1_REFERENCE
SHORT,0.2514,2026-10-03T00:46:03.383000+09:00,511_202610030045_ADA_USDT_SHORT,1,0.25265699999999996,1.0,0.250143,511_202610030045_ADA_USDT_SHORT_B1_REFERENCE
SHORT,14.22,2026-10-03T00:45:59.246000+09:00,511_202610030045_LINK_USDT_SHORT,1,14.291099999999998,1.0,14.148900000000001,511_202610030045_LINK_USDT_SHORT_B1_REFERENCE
SHORT,59.94,2026-10-03T00:45:45.319000+09:00,511_202610030045_SILVER_USDT_SHORT,1,60.23969999999999,1.0,59.640299999999996,511_202610030045_SILVER_USDT_SHORT_B1_REFERENCE
SHORT,1.1677,2026-10-03T00:45:48.465000+09:00,511_202610030045_SUI_USDT_SHORT,1,1.1735384999999998,1.0,1.1618614999999999,511_202610030045_SUI_USDT_SHORT_B1_REFERENCE
SHORT,308.38,2026-10-03T00:45:55.947000+09:00,511_202610030045_TAO_USDT_SHORT,1,309.92189999999994,1.0,306.8381,511_202610030045_TAO_USDT_SHORT_B1_REFERENCE
SHORT,0.24326,2026-10-03T01:06:12.449000+09:00,511_202610030105_ENA_USDT_SHORT,1,0.24447629999999998,1.0,0.2420437,511_202610030105_ENA_USDT_SHORT_B1_REFERENCE
LONG,91.11,2026-10-03T01:06:06.662000+09:00,511_202610030105_USOIL_USDT_LONG,1,90.65445,1.0,91.56554999999999,511_202610030105_USOIL_USDT_LONG_B1_REFERENCE
LONG,0.5773,2026-10-03T01:05:57.647000+09:00,511_202610030105_WLD_USDT_LONG,1,0.5744135,1.0,0.5801864999999999,511_202610030105_WLD_USDT_LONG_B1_REFERENCE
SHORT,0.2529,2026-10-03T01:16:24.851000+09:00,511_202610030115_ADA_USDT_SHORT,1,0.25416449999999996,1.0,0.2516355,511_202610030115_ADA_USDT_SHORT_B1_REFERENCE
SHORT,89.334,2026-10-03T01:16:21.324000+09:00,511_202610030115_HYPE_USDT_SHORT,1,89.78067,1.0,88.88733,511_202610030115_HYPE_USDT_SHORT_B1_REFERENCE
LONG,769.95,2026-10-03T01:16:20.176000+09:00,511_202610030115_SPY_USDT_LONG,1,766.1002500000001,1.0,773.79975,511_202610030115_SPY_USDT_LONG_B1_REFERENCE
SHORT,309.9,2026-10-03T01:16:17.538000+09:00,511_202610030115_TAO_USDT_SHORT,1,311.44949999999994,1.0,308.35049999999995,511_202610030115_TAO_USDT_SHORT_B1_REFERENCE
SHORT,0.2531,2026-10-03T01:25:52.719000+09:00,511_202610030125_ADA_USDT_SHORT,1,0.25436549999999997,1.0,0.2518345,511_202610030125_ADA_USDT_SHORT_B1_REFERENCE
SHORT,4.835,2026-10-03T01:25:38.467000+09:00,511_202610030125_NEAR_USDT_SHORT,1,4.859175,1.0,4.810825,511_202610030125_NEAR_USDT_SHORT_B1_REFERENCE
SHORT,4.4096e-06,2026-10-03T01:25:39.689000+09:00,511_202610030125_PEPE_USDT_SHORT,1,4.431648e-06,1.0,4.387552e-06,511_202610030125_PEPE_USDT_SHORT_B1_REFERENCE
SHORT,1735.0,2026-10-03T01:25:42.953000+09:00,511_202610030125_SNDKSTOCK_USDT_SHORT,1,1743.6749999999997,1.0,1726.325,511_202610030125_SNDKSTOCK_USDT_SHORT_B1_REFERENCE
LONG,102.23,2026-10-03T01:36:37.917000+09:00,511_202610030135_UKOIL_USDT_LONG,1,101.71885,1.0,102.74114999999999,511_202610030135_UKOIL_USDT_LONG_B1_REFERENCE
SHORT,1368.41,2026-10-03T01:36:18.495000+09:00,511_202610030135_ZEC_USDT_SHORT,1,1375.2520499999998,1.0,1361.56795,511_202610030135_ZEC_USDT_SHORT_B1_REFERENCE
SHORT,308.14,2026-10-03T01:55:38.886000+09:00,511_202610030155_TAO_USDT_SHORT,1,309.68069999999994,1.0,306.59929999999997,511_202610030155_TAO_USDT_SHORT_B1_REFERENCE
LONG,7724.6,2026-10-03T02:06:38.874000+09:00,511_202610030205_SPX500_USDT_LONG,1,7685.977000000001,1.0,7763.223,511_202610030205_SPX500_USDT_LONG_B1_REFERENCE
SHORT,1365.43,2026-10-03T02:06:11.359000+09:00,511_202610030205_ZEC_USDT_SHORT,1,1372.25715,1.0,1358.60285,511_202610030205_ZEC_USDT_SHORT_B1_REFERENCE
SHORT,88.736,2026-10-03T02:16:54.520000+09:00,511_202610030215_HYPE_USDT_SHORT,1,89.17967999999999,1.0,88.29232,511_202610030215_HYPE_USDT_SHORT_B1_REFERENCE
SHORT,1355.25,2026-10-03T02:16:38.951000+09:00,511_202610030215_ZEC_USDT_SHORT,1,1362.02625,1.0,1348.4737499999999,511_202610030215_ZEC_USDT_SHORT_B1_REFERENCE
SHORT,0.2497,2026-10-03T02:45:49.075000+09:00,511_202610030245_ADA_USDT_SHORT,1,0.25094849999999996,1.0,0.2484515,511_202610030245_ADA_USDT_SHORT_B1_REFERENCE
SHORT,4.782,2026-10-03T02:45:35.092000+09:00,511_202610030245_NEAR_USDT_SHORT,1,4.80591,1.0,4.75809,511_202610030245_NEAR_USDT_SHORT_B1_REFERENCE
SHORT,119.32,2026-10-03T02:45:25.707000+09:00,511_202610030245_SOL_USDT_SHORT,1,119.91659999999997,1.0,118.7234,511_202610030245_SOL_USDT_SHORT_B1_REFERENCE
SHORT,1.1543,2026-10-03T02:45:34.080000+09:00,511_202610030245_SUI_USDT_SHORT,1,1.1600715,1.0,1.1485285,511_202610030245_SUI_USDT_SHORT_B1_REFERENCE
SHORT,304.19,2026-10-03T02:45:39.210000+09:00,511_202610030245_TAO_USDT_SHORT,1,305.71094999999997,1.0,302.66904999999997,511_202610030245_TAO_USDT_SHORT_B1_REFERENCE
SHORT,0.09444,2026-10-03T02:54:36.672000+09:00,511_202610030250_DOGE_USDT_SHORT,1,0.09491219999999999,1.0,0.09396779999999999,511_202610030250_DOGE_USDT_SHORT_B1_REFERENCE
SHORT,304.68,2026-10-03T02:54:41.778000+09:00,511_202610030250_TAO_USDT_SHORT,1,306.2034,1.0,303.1566,511_202610030250_TAO_USDT_SHORT_B1_REFERENCE
SHORT,4.76,2026-10-03T03:05:55.452000+09:00,511_202610030305_NEAR_USDT_SHORT,1,4.783799999999999,1.0,4.7362,511_202610030305_NEAR_USDT_SHORT_B1_REFERENCE
SHORT,4.2906e-06,2026-10-03T03:05:56.449000+09:00,511_202610030305_PEPE_USDT_SHORT,1,4.3120529999999995e-06,1.0,4.269147e-06,511_202610030305_PEPE_USDT_SHORT_B1_REFERENCE
SHORT,182.88,2026-10-03T03:15:47.823000+09:00,511_202610030315_AAVE_USDT_SHORT,1,183.79439999999997,1.0,181.9656,511_202610030315_AAVE_USDT_SHORT_B1_REFERENCE
SHORT,0.24177,2026-10-03T03:15:48.861000+09:00,511_202610030315_ENA_USDT_SHORT,1,0.24297885,1.0,0.24056115,511_202610030315_ENA_USDT_SHORT_B1_REFERENCE
SHORT,239.8,2026-10-03T03:15:29.859000+09:00,511_202610030315_QNT_USDT_SHORT,1,240.999,1.0,238.601,511_202610030315_QNT_USDT_SHORT_B1_REFERENCE
SHORT,118.9,2026-10-03T03:25:38.385000+09:00,511_202610030325_SOL_USDT_SHORT,1,119.49449999999999,1.0,118.30550000000001,511_202610030325_SOL_USDT_SHORT_B1_REFERENCE
SHORT,299.84,2026-10-03T03:25:51.845000+09:00,511_202610030325_TAO_USDT_SHORT,1,301.33919999999995,1.0,298.3408,511_202610030325_TAO_USDT_SHORT_B1_REFERENCE
SHORT,1.4889,2026-10-03T03:25:39.400000+09:00,511_202610030325_XRP_USDT_SHORT,1,1.4963444999999997,1.0,1.4814554999999998,511_202610030325_XRP_USDT_SHORT_B1_REFERENCE
SHORT,1345.22,2026-10-03T03:25:37.244000+09:00,511_202610030325_ZEC_USDT_SHORT,1,1351.9461,1.0,1338.4939,511_202610030325_ZEC_USDT_SHORT_B1_REFERENCE
SHORT,181.69,2026-10-03T03:35:58.477000+09:00,511_202610030335_AAVE_USDT_SHORT,1,182.59844999999999,1.0,180.78155,511_202610030335_AAVE_USDT_SHORT_B1_REFERENCE
SHORT,0.23676,2026-10-03T03:35:59.502000+09:00,511_202610030335_ENA_USDT_SHORT,1,0.23794379999999998,1.0,0.23557619999999999,511_202610030335_ENA_USDT_SHORT_B1_REFERENCE
SHORT,87.773,2026-10-03T03:35:52.537000+09:00,511_202610030335_HYPE_USDT_SHORT,1,88.21186499999999,1.0,87.33413499999999,511_202610030335_HYPE_USDT_SHORT_B1_REFERENCE
SHORT,1074.13,2026-10-03T03:35:38.260000+09:00,511_202610030335_MUSTOCK_USDT_SHORT,1,1079.50065,1.0,1068.75935,511_202610030335_MUSTOCK_USDT_SHORT_B1_REFERENCE
SHORT,4.648,2026-10-03T03:35:44.183000+09:00,511_202610030335_NEAR_USDT_SHORT,1,4.671239999999999,1.0,4.624759999999999,511_202610030335_NEAR_USDT_SHORT_B1_REFERENCE
SHORT,1366.85,2026-10-03T03:35:49.523000+09:00,511_202610030335_SKHYNIXSTOCK_USDT_SHORT,1,1373.6842499999998,1.0,1360.0157499999998,511_202610030335_SKHYNIXSTOCK_USDT_SHORT_B1_REFERENCE
SHORT,118.46,2026-10-03T03:35:35.047000+09:00,511_202610030335_SOL_USDT_SHORT,1,119.05229999999997,1.0,117.8677,511_202610030335_SOL_USDT_SHORT_B1_REFERENCE
SHORT,179.57,2026-10-03T03:45:52.937000+09:00,511_202610030345_AAVE_USDT_SHORT,1,180.46784999999997,1.0,178.67215,511_202610030345_AAVE_USDT_SHORT_B1_REFERENCE
SHORT,0.2383,2026-10-03T03:45:52.052000+09:00,511_202610030345_ADA_USDT_SHORT,1,0.2394915,1.0,0.2371085,511_202610030345_ADA_USDT_SHORT_B1_REFERENCE
SHORT,83984.3,2026-10-03T03:45:29.695000+09:00,511_202610030345_BTC_USDT_SHORT,1,84404.2215,1.0,83564.3785,511_202610030345_BTC_USDT_SHORT_B1_REFERENCE
SHORT,0.09088,2026-10-03T03:45:38.815000+09:00,511_202610030345_DOGE_USDT_SHORT,1,0.0913344,1.0,0.09042560000000001,511_202610030345_DOGE_USDT_SHORT_B1_REFERENCE
SHORT,2655.96,2026-10-03T03:45:30.575000+09:00,511_202610030345_ETH_USDT_SHORT,1,2669.2398,1.0,2642.6802000000002,511_202610030345_ETH_USDT_SHORT_B1_REFERENCE
SHORT,87.1,2026-10-03T03:45:47.705000+09:00,511_202610030345_HYPE_USDT_SHORT,1,87.53549999999998,1.0,86.66449999999999,511_202610030345_HYPE_USDT_SHORT_B1_REFERENCE
SHORT,0.4768,2026-10-03T03:45:55.514000+09:00,511_202610030345_ONDO_USDT_SHORT,1,0.47918399999999994,1.0,0.474416,511_202610030345_ONDO_USDT_SHORT_B1_REFERENCE
SHORT,0.00534,2026-10-03T03:45:53.793000+09:00,511_202610030345_PUMPFUN_USDT_SHORT,1,0.005366699999999999,1.0,0.0053133,511_202610030345_PUMPFUN_USDT_SHORT_B1_REFERENCE
SHORT,1367.02,2026-10-03T03:45:45.884000+09:00,511_202610030345_SKHYNIXSTOCK_USDT_SHORT,1,1373.8550999999998,1.0,1360.1849,511_202610030345_SKHYNIXSTOCK_USDT_SHORT_B1_REFERENCE
SHORT,0.5403,2026-10-03T03:45:42.338000+09:00,511_202610030345_WLD_USDT_SHORT,1,0.5430014999999999,1.0,0.5375985,511_202610030345_WLD_USDT_SHORT_B1_REFERENCE
SHORT,84165.5,2026-10-03T03:55:21.493000+09:00,511_202610030355_BTC_USDT_SHORT,1,84586.32749999998,1.0,83744.6725,511_202610030355_BTC_USDT_SHORT_B1_REFERENCE
SHORT,0.09097,2026-10-03T03:55:31.973000+09:00,511_202610030355_DOGE_USDT_SHORT,1,0.09142484999999999,1.0,0.09051514999999999,511_202610030355_DOGE_USDT_SHORT_B1_REFERENCE
SHORT,2660.86,2026-10-03T03:55:22.706000+09:00,511_202610030355_ETH_USDT_SHORT,1,2674.1643,1.0,2647.5557,511_202610030355_ETH_USDT_SHORT_B1_REFERENCE
SHORT,4.17e-06,2026-10-03T03:55:34.981000+09:00,511_202610030355_PEPE_USDT_SHORT,1,4.19085e-06,1.0,4.14915e-06,511_202610030355_PEPE_USDT_SHORT_B1_REFERENCE
SHORT,163.9,2026-10-03T04:04:13.105000+09:00,511_202610030400_SOXL_USDT_SHORT,1,164.71949999999998,1.0,163.0805,511_202610030400_SOXL_USDT_SHORT_B1_REFERENCE
LONG,102.45,2026-10-03T04:35:59.009000+09:00,511_202610030435_UKOIL_USDT_LONG,1,101.93775000000001,1.0,102.96225,511_202610030435_UKOIL_USDT_LONG_B1_REFERENCE
SHORT,228.47,2026-10-03T04:45:55.478000+09:00,511_202610030445_QNT_USDT_SHORT,1,229.61234999999996,1.0,227.32765,511_202610030445_QNT_USDT_SHORT_B1_REFERENCE
LONG,1377.11,2026-10-03T04:55:42.648000+09:00,511_202610030455_SKHYNIXSTOCK_USDT_LONG,1,1370.22445,1.0,1383.9955499999996,511_202610030455_SKHYNIXSTOCK_USDT_LONG_B1_REFERENCE
SHORT,0.5398,2026-10-03T04:55:38.422000+09:00,511_202610030455_WLD_USDT_SHORT,1,0.5424989999999998,1.0,0.5371009999999999,511_202610030455_WLD_USDT_SHORT_B1_REFERENCE
SHORT,163.72,2026-10-03T05:05:54.513000+09:00,511_202610030505_SOXL_USDT_SHORT,1,164.53859999999997,1.0,162.9014,511_202610030505_SOXL_USDT_SHORT_B1_REFERENCE
LONG,770.67,2026-10-03T05:16:44.150000+09:00,511_202610030515_SPY_USDT_LONG,1,766.81665,1.0,774.5233499999998,511_202610030515_SPY_USDT_LONG_B1_REFERENCE
LONG,1374.49,2026-10-03T05:36:10.428000+09:00,511_202610030535_SKHYNIXSTOCK_USDT_LONG,1,1367.61755,1.0,1381.3624499999999,511_202610030535_SKHYNIXSTOCK_USDT_LONG_B1_REFERENCE
LONG,770.37,2026-10-03T06:06:14.144000+09:00,511_202610030605_SPY_USDT_LONG,1,766.51815,1.0,774.2218499999999,511_202610030605_SPY_USDT_LONG_B1_REFERENCE
SHORT,13.596,2026-10-03T06:25:44.869000+09:00,511_202610030625_LINK_USDT_SHORT,1,13.663979999999999,1.0,13.52802,511_202610030625_LINK_USDT_SHORT_B1_REFERENCE
SHORT,1.1218,2026-10-03T06:25:38.978000+09:00,511_202610030625_SUI_USDT_SHORT,1,1.1274089999999999,1.0,1.116191,511_202610030625_SUI_USDT_SHORT_B1_REFERENCE
SHORT,0.5319,2026-10-03T06:34:56.519000+09:00,511_202610030630_WLD_USDT_SHORT,1,0.5345595,1.0,0.5292405,511_202610030630_WLD_USDT_SHORT_B1_REFERENCE
SHORT,180.29,2026-10-03T06:35:10.209000+09:00,511_202610030635_AAVE_USDT_SHORT,1,181.19144999999997,1.0,179.38854999999998,511_202610030635_AAVE_USDT_SHORT_B1_REFERENCE
SHORT,226.03,2026-10-03T06:45:41.789000+09:00,511_202610030645_QNT_USDT_SHORT,1,227.16015,1.0,224.89985,511_202610030645_QNT_USDT_SHORT_B1_REFERENCE
SHORT,0.22979,2026-10-03T07:16:03.041000+09:00,511_202610030715_ENA_USDT_SHORT,1,0.23093894999999998,1.0,0.22864104999999998,511_202610030715_ENA_USDT_SHORT_B1_REFERENCE
SHORT,1370.0,2026-10-03T07:15:55.551000+09:00,511_202610030715_SKHYNIXSTOCK_USDT_SHORT,1,1376.85,1.0,1363.15,511_202610030715_SKHYNIXSTOCK_USDT_SHORT_B1_REFERENCE
SHORT,0.23107,2026-10-03T07:25:57.681000+09:00,511_202610030725_ENA_USDT_SHORT,1,0.23222534999999997,1.0,0.22991465,511_202610030725_ENA_USDT_SHORT_B1_REFERENCE
LONG,0.0648,2026-10-03T07:36:26.620000+09:00,511_202610030735_SAND_USDT_LONG,1,0.06447599999999999,1.0,0.06512399999999999,511_202610030735_SAND_USDT_LONG_B1_REFERENCE
SHORT,1070.03,2026-10-03T07:45:38.258000+09:00,511_202610030745_MUSTOCK_USDT_SHORT,1,1075.38015,1.0,1064.67985,511_202610030745_MUSTOCK_USDT_SHORT_B1_REFERENCE
LONG,0.06454,2026-10-03T07:45:48.824000+09:00,511_202610030745_SAND_USDT_LONG,1,0.0642173,1.0,0.0648627,511_202610030745_SAND_USDT_LONG_B1_REFERENCE
SHORT,0.5388,2026-10-03T07:45:44.768000+09:00,511_202610030745_WLD_USDT_SHORT,1,0.5414939999999999,1.0,0.536106,511_202610030745_WLD_USDT_SHORT_B1_REFERENCE
LONG,0.06541,2026-10-03T08:26:05.139000+09:00,511_202610030825_SAND_USDT_LONG,1,0.06508295,1.0,0.06573704999999999,511_202610030825_SAND_USDT_LONG_B1_REFERENCE
LONG,0.06712,2026-10-03T08:45:41.266000+09:00,511_202610030845_SAND_USDT_LONG,1,0.0667844,1.0,0.06745559999999999,511_202610030845_SAND_USDT_LONG_B1_REFERENCE
LONG,1373.06,2026-10-03T08:45:43.350000+09:00,511_202610030845_SKHYNIXSTOCK_USDT_LONG,1,1366.1947,1.0,1379.9252999999999,511_202610030845_SKHYNIXSTOCK_USDT_LONG_B1_REFERENCE
LONG,0.06884,2026-10-03T08:54:44.041000+09:00,511_202610030850_SAND_USDT_LONG,1,0.0684958,1.0,0.06918419999999999,511_202610030850_SAND_USDT_LONG_B1_REFERENCE
SHORT,84432.9,2026-10-03T09:05:58.127000+09:00,511_202610030905_BTC_USDT_SHORT,1,84855.06449999998,1.0,84010.7355,511_202610030905_BTC_USDT_SHORT_B1_REFERENCE
LONG,0.5625,2026-10-03T09:06:13.075000+09:00,511_202610030905_WLD_USDT_LONG,1,0.5596875,1.0,0.5653124999999999,511_202610030905_WLD_USDT_LONG_B1_REFERENCE
SHORT,179.44,2026-10-03T09:16:26.917000+09:00,511_202610030915_AAVE_USDT_SHORT,1,180.33719999999997,1.0,178.5428,511_202610030915_AAVE_USDT_SHORT_B1_REFERENCE
LONG,164.42,2026-10-03T09:16:17.557000+09:00,511_202610030915_SOXL_USDT_LONG,1,163.59789999999998,1.0,165.24209999999997,511_202610030915_SOXL_USDT_LONG_B1_REFERENCE
LONG,0.2462,2026-10-03T09:25:47.273000+09:00,511_202610030925_ADA_USDT_LONG,1,0.244969,1.0,0.24743099999999998,511_202610030925_ADA_USDT_LONG_B1_REFERENCE
LONG,1.1696,2026-10-03T09:25:34.367000+09:00,511_202610030925_SUI_USDT_LONG,1,1.163752,1.0,1.1754479999999998,511_202610030925_SUI_USDT_LONG_B1_REFERENCE
LONG,13.878,2026-10-03T09:35:53.053000+09:00,511_202610030935_LINK_USDT_LONG,1,13.80861,1.0,13.947389999999999,511_202610030935_LINK_USDT_LONG_B1_REFERENCE
LONG,0.4954,2026-10-03T09:36:04.812000+09:00,511_202610030935_ONDO_USDT_LONG,1,0.492923,1.0,0.49787699999999996,511_202610030935_ONDO_USDT_LONG_B1_REFERENCE
LONG,60.57,2026-10-03T09:35:40.119000+09:00,511_202610030935_SILVER_USDT_LONG,1,60.26715,1.0,60.87284999999999,511_202610030935_SILVER_USDT_LONG_B1_REFERENCE
LONG,1.4896,2026-10-03T09:35:36.942000+09:00,511_202610030935_XRP_USDT_LONG,1,1.4821520000000001,1.0,1.497048,511_202610030935_XRP_USDT_LONG_B1_REFERENCE
LONG,1321.94,2026-10-03T09:35:34.781000+09:00,511_202610030935_ZEC_USDT_LONG,1,1315.3303,1.0,1328.5496999999998,511_202610030935_ZEC_USDT_LONG_B1_REFERENCE
LONG,0.4946,2026-10-03T09:45:52.156000+09:00,511_202610030945_ONDO_USDT_LONG,1,0.492127,1.0,0.49707299999999993,511_202610030945_ONDO_USDT_LONG_B1_REFERENCE
LONG,4.2719e-06,2026-10-03T09:45:36.872000+09:00,511_202610030945_PEPE_USDT_LONG,1,4.250540499999999e-06,1.0,4.293259499999999e-06,511_202610030945_PEPE_USDT_LONG_B1_REFERENCE
LONG,0.005624,2026-10-03T09:45:54.216000+09:00,511_202610030945_PUMPFUN_USDT_LONG,1,0.005595879999999999,1.0,0.005652119999999999,511_202610030945_PUMPFUN_USDT_LONG_B1_REFERENCE
LONG,251.64,2026-10-03T09:45:32.458000+09:00,511_202610030945_QNT_USDT_LONG,1,250.3818,1.0,252.89819999999995,511_202610030945_QNT_USDT_LONG_B1_REFERENCE
LONG,1318.09,2026-10-03T09:45:24.844000+09:00,511_202610030945_ZEC_USDT_LONG,1,1311.49955,1.0,1324.6804499999998,511_202610030945_ZEC_USDT_LONG_B1_REFERENCE
LONG,0.4947,2026-10-03T09:53:54.886000+09:00,511_202610030950_ONDO_USDT_LONG,1,0.49222649999999996,1.0,0.49717349999999993,511_202610030950_ONDO_USDT_LONG_B1_REFERENCE
LONG,253.87,2026-10-03T09:53:39.177000+09:00,511_202610030950_QNT_USDT_LONG,1,252.60065,1.0,255.13934999999998,511_202610030950_QNT_USDT_LONG_B1_REFERENCE
SHORT,179.28,2026-10-03T10:06:10.558000+09:00,511_202610031005_AAVE_USDT_SHORT,1,180.17639999999997,1.0,178.3836,511_202610031005_AAVE_USDT_SHORT_B1_REFERENCE
LONG,1.1791,2026-10-03T10:05:51.335000+09:00,511_202610031005_SUI_USDT_LONG,1,1.1732045,1.0,1.1849954999999999,511_202610031005_SUI_USDT_LONG_B1_REFERENCE
LONG,13.914,2026-10-03T10:15:58.393000+09:00,511_202610031015_LINK_USDT_LONG,1,13.84443,1.0,13.983569999999999,511_202610031015_LINK_USDT_LONG_B1_REFERENCE
LONG,4.715,2026-10-03T10:15:50.927000+09:00,511_202610031015_NEAR_USDT_LONG,1,4.691425,1.0,4.738574999999999,511_202610031015_NEAR_USDT_LONG_B1_REFERENCE
LONG,0.005677,2026-10-03T10:16:08.904000+09:00,511_202610031015_PUMPFUN_USDT_LONG,1,0.005648615,1.0,0.0057053849999999994,511_202610031015_PUMPFUN_USDT_LONG_B1_REFERENCE
LONG,770.5,2026-10-03T10:16:01.528000+09:00,511_202610031015_SPY_USDT_LONG,1,766.6475,1.0,774.3525,511_202610031015_SPY_USDT_LONG_B1_REFERENCE
LONG,1.1945,2026-10-03T10:15:49.897000+09:00,511_202610031015_SUI_USDT_LONG,1,1.1885275,1.0,1.2004724999999998,511_202610031015_SUI_USDT_LONG_B1_REFERENCE
SHORT,1369.4,2026-10-03T10:25:41.203000+09:00,511_202610031025_SKHYNIXSTOCK_USDT_SHORT,1,1376.2469999999998,1.0,1362.553,511_202610031025_SKHYNIXSTOCK_USDT_SHORT_B1_REFERENCE
SHORT,1368.64,2026-10-03T10:35:53.574000+09:00,511_202610031035_SKHYNIXSTOCK_USDT_SHORT,1,1375.4832,1.0,1361.7968,511_202610031035_SKHYNIXSTOCK_USDT_SHORT_B1_REFERENCE
LONG,0.4933,2026-10-03T10:46:13.051000+09:00,511_202610031045_ONDO_USDT_LONG,1,0.49083350000000003,1.0,0.49576649999999994,511_202610031045_ONDO_USDT_LONG_B1_REFERENCE
LONG,181.64,2026-10-03T11:06:07.451000+09:00,511_202610031105_AAVE_USDT_LONG,1,180.7318,1.0,182.54819999999998,511_202610031105_AAVE_USDT_LONG_B1_REFERENCE
LONG,84604.1,2026-10-03T11:05:39.716000+09:00,511_202610031105_BTC_USDT_LONG,1,84181.0795,1.0,85027.12049999999,511_202610031105_BTC_USDT_LONG_B1_REFERENCE
SHORT,1367.46,2026-10-03T11:06:03.707000+09:00,511_202610031105_SKHYNIXSTOCK_USDT_SHORT,1,1374.2973,1.0,1360.6227000000001,511_202610031105_SKHYNIXSTOCK_USDT_SHORT_B1_REFERENCE
SHORT,90.69,2026-10-03T11:06:05.073000+09:00,511_202610031105_USOIL_USDT_SHORT,1,91.14344999999999,1.0,90.23655,511_202610031105_USOIL_USDT_SHORT_B1_REFERENCE
LONG,119.14,2026-10-03T11:14:32.624000+09:00,511_202610031110_SOL_USDT_LONG,1,118.5443,1.0,119.7357,511_202610031110_SOL_USDT_LONG_B1_REFERENCE
LONG,181.95,2026-10-03T11:35:17.950000+09:00,511_202610031135_AAVE_USDT_LONG,1,181.04025,1.0,182.85974999999996,511_202610031135_AAVE_USDT_LONG_B1_REFERENCE
SHORT,163.51,2026-10-03T11:35:09.666000+09:00,511_202610031135_SOXL_USDT_SHORT,1,164.32754999999997,1.0,162.69244999999998,511_202610031135_SOXL_USDT_SHORT_B1_REFERENCE
LONG,0.07069,2026-10-03T11:56:44.194000+09:00,511_202610031155_SAND_USDT_LONG,1,0.07033655,1.0,0.07104345,511_202610031155_SAND_USDT_LONG_B1_REFERENCE
LONG,181.01,2026-10-03T12:06:44.844000+09:00,511_202610031205_AAVE_USDT_LONG,1,180.10495,1.0,181.91504999999998,511_202610031205_AAVE_USDT_LONG_B1_REFERENCE
LONG,0.0738,2026-10-03T12:06:34.627000+09:00,511_202610031205_SAND_USDT_LONG,1,0.07343100000000001,1.0,0.074169,511_202610031205_SAND_USDT_LONG_B1_REFERENCE
LONG,294.51,2026-10-03T12:06:35.647000+09:00,511_202610031205_TAO_USDT_LONG,1,293.03745,1.0,295.98254999999995,511_202610031205_TAO_USDT_LONG_B1_REFERENCE
LONG,0.4512,2026-10-03T12:06:48.153000+09:00,511_202610031205_TIA_USDT_LONG,1,0.448944,1.0,0.4534559999999999,511_202610031205_TIA_USDT_LONG_B1_REFERENCE
LONG,2676.0,2026-10-03T12:15:52.510000+09:00,511_202610031215_ETH_USDT_LONG,1,2662.62,1.0,2689.3799999999997,511_202610031215_ETH_USDT_LONG_B1_REFERENCE
LONG,4.2748e-06,2026-10-03T12:16:04.640000+09:00,511_202610031215_PEPE_USDT_LONG,1,4.253426e-06,1.0,4.296173999999999e-06,511_202610031215_PEPE_USDT_LONG_B1_REFERENCE
LONG,0.2477,2026-10-03T12:25:47.120000+09:00,511_202610031225_ADA_USDT_LONG,1,0.2464615,1.0,0.24893849999999998,511_202610031225_ADA_USDT_LONG_B1_REFERENCE
LONG,0.07908,2026-10-03T12:25:36.904000+09:00,511_202610031225_SAND_USDT_LONG,1,0.0786846,1.0,0.07947539999999999,511_202610031225_SAND_USDT_LONG_B1_REFERENCE
LONG,0.4529,2026-10-03T12:25:51.385000+09:00,511_202610031225_TIA_USDT_LONG,1,0.4506355,1.0,0.45516449999999997,511_202610031225_TIA_USDT_LONG_B1_REFERENCE
LONG,10.93,2026-10-03T12:36:12.731000+09:00,511_202610031235_AVAX_USDT_LONG,1,10.87535,1.0,10.984649999999998,511_202610031235_AVAX_USDT_LONG_B1_REFERENCE
LONG,10.921,2026-10-03T12:46:00.925000+09:00,511_202610031245_AVAX_USDT_LONG,1,10.866394999999999,1.0,10.975604999999998,511_202610031245_AVAX_USDT_LONG_B1_REFERENCE
LONG,254.03,2026-10-03T12:45:38.450000+09:00,511_202610031245_QNT_USDT_LONG,1,252.75985,1.0,255.30014999999997,511_202610031245_QNT_USDT_LONG_B1_REFERENCE
LONG,119.2,2026-10-03T12:45:31.860000+09:00,511_202610031245_SOL_USDT_LONG,1,118.604,1.0,119.79599999999999,511_202610031245_SOL_USDT_LONG_B1_REFERENCE
LONG,0.09328,2026-10-03T12:55:38.984000+09:00,511_202610031255_DOGE_USDT_LONG,1,0.0928136,1.0,0.0937464,511_202610031255_DOGE_USDT_LONG_B1_REFERENCE
SHORT,178.26,2026-10-03T13:06:38.258000+09:00,511_202610031305_AAVE_USDT_SHORT,1,179.15129999999996,1.0,177.3687,511_202610031305_AAVE_USDT_SHORT_B1_REFERENCE
LONG,84664.0,2026-10-03T13:06:14.610000+09:00,511_202610031305_BTC_USDT_LONG,1,84240.68,1.0,85087.31999999999,511_202610031305_BTC_USDT_LONG_B1_REFERENCE
LONG,13.937,2026-10-03T13:15:09.628000+09:00,511_202610031315_LINK_USDT_LONG,1,13.867315,1.0,14.006684999999997,511_202610031315_LINK_USDT_LONG_B1_REFERENCE
SHORT,4.645,2026-10-03T13:24:45.141000+09:00,511_202610031320_NEAR_USDT_SHORT,1,4.668224999999999,1.0,4.6217749999999995,511_202610031320_NEAR_USDT_SHORT_B1_REFERENCE
SHORT,0.005412,2026-10-03T13:36:34.264000+09:00,511_202610031335_PUMPFUN_USDT_SHORT,1,0.00543906,1.0,0.00538494,511_202610031335_PUMPFUN_USDT_SHORT_B1_REFERENCE
LONG,0.5706,2026-10-03T13:55:47.120000+09:00,511_202610031355_WLD_USDT_LONG,1,0.567747,1.0,0.573453,511_202610031355_WLD_USDT_LONG_B1_REFERENCE
SHORT,290.16,2026-10-03T14:06:02.987000+09:00,511_202610031405_TAO_USDT_SHORT,1,291.6108,1.0,288.7092,511_202610031405_TAO_USDT_SHORT_B1_REFERENCE
LONG,119.6,2026-10-03T14:35:35.990000+09:00,511_202610031435_SOL_USDT_LONG,1,119.002,1.0,120.19799999999998,511_202610031435_SOL_USDT_LONG_B1_REFERENCE
SHORT,0.4456,2026-10-03T14:35:59.240000+09:00,511_202610031435_TIA_USDT_SHORT,1,0.44782799999999995,1.0,0.443372,511_202610031435_TIA_USDT_SHORT_B1_REFERENCE
LONG,253.37,2026-10-03T14:45:36.944000+09:00,511_202610031445_QNT_USDT_LONG,1,252.10315,1.0,254.63684999999998,511_202610031445_QNT_USDT_LONG_B1_REFERENCE
SHORT,290.93,2026-10-03T14:45:44.056000+09:00,511_202610031445_TAO_USDT_SHORT,1,292.38464999999997,1.0,289.47535,511_202610031445_TAO_USDT_SHORT_B1_REFERENCE
SHORT,4.2459e-06,2026-10-03T14:55:40.206000+09:00,511_202610031455_PEPE_USDT_SHORT,1,4.2671295e-06,1.0,4.2246705000000005e-06,511_202610031455_PEPE_USDT_SHORT_B1_REFERENCE
SHORT,0.09286,2026-10-03T15:15:35.958000+09:00,511_202610031515_DOGE_USDT_SHORT,1,0.09332429999999999,1.0,0.0923957,511_202610031515_DOGE_USDT_SHORT_B1_REFERENCE
SHORT,0.481,2026-10-03T15:15:54.410000+09:00,511_202610031515_ONDO_USDT_SHORT,1,0.4834049999999999,1.0,0.478595,511_202610031515_ONDO_USDT_SHORT_B1_REFERENCE
SHORT,1718.17,2026-10-03T15:15:48.610000+09:00,511_202610031515_SNDKSTOCK_USDT_SHORT,1,1726.76085,1.0,1709.57915,511_202610031515_SNDKSTOCK_USDT_SHORT_B1_REFERENCE
SHORT,289.73,2026-10-03T15:15:42.681000+09:00,511_202610031515_TAO_USDT_SHORT,1,291.17865,1.0,288.28135000000003,511_202610031515_TAO_USDT_SHORT_B1_REFERENCE
SHORT,1.4847,2026-10-03T15:15:29.166000+09:00,511_202610031515_XRP_USDT_SHORT,1,1.4921234999999997,1.0,1.4772764999999999,511_202610031515_XRP_USDT_SHORT_B1_REFERENCE
SHORT,0.09284,2026-10-03T15:26:03.541000+09:00,511_202610031525_DOGE_USDT_SHORT,1,0.09330419999999999,1.0,0.09237580000000001,511_202610031525_DOGE_USDT_SHORT_B1_REFERENCE
SHORT,1718.21,2026-10-03T15:26:14.459000+09:00,511_202610031525_SNDKSTOCK_USDT_SHORT,1,1726.8010499999998,1.0,1709.61895,511_202610031525_SNDKSTOCK_USDT_SHORT_B1_REFERENCE
LONG,84608.5,2026-10-03T15:35:35.371000+09:00,511_202610031535_BTC_USDT_LONG,1,84185.4575,1.0,85031.5425,511_202610031535_BTC_USDT_LONG_B1_REFERENCE
LONG,14.086,2026-10-03T15:45:47.926000+09:00,511_202610031545_LINK_USDT_LONG,1,14.01557,1.0,14.156429999999999,511_202610031545_LINK_USDT_LONG_B1_REFERENCE
SHORT,0.00545,2026-10-03T15:45:54.124000+09:00,511_202610031545_PUMPFUN_USDT_SHORT,1,0.0054772499999999995,1.0,0.00542275,511_202610031545_PUMPFUN_USDT_SHORT_B1_REFERENCE
SHORT,0.2455,2026-10-03T15:55:46.386000+09:00,511_202610031555_ADA_USDT_SHORT,1,0.24672749999999996,1.0,0.2442725,511_202610031555_ADA_USDT_SHORT_B1_REFERENCE
LONG,4.711,2026-10-03T15:55:37.254000+09:00,511_202610031555_NEAR_USDT_LONG,1,4.687445,1.0,4.734554999999999,511_202610031555_NEAR_USDT_LONG_B1_REFERENCE
SHORT,0.2452,2026-10-03T16:05:46.029000+09:00,511_202610031605_ADA_USDT_SHORT,1,0.24642599999999998,1.0,0.243974,511_202610031605_ADA_USDT_SHORT_B1_REFERENCE
LONG,2678.45,2026-10-03T16:05:25.807000+09:00,511_202610031605_ETH_USDT_LONG,1,2665.05775,1.0,2691.8422499999997,511_202610031605_ETH_USDT_LONG_B1_REFERENCE
LONG,91.29,2026-10-03T16:05:45.156000+09:00,511_202610031605_USOIL_USDT_LONG,1,90.83355,1.0,91.74645,511_202610031605_USOIL_USDT_LONG_B1_REFERENCE
LONG,2679.51,2026-10-03T16:15:37.565000+09:00,511_202610031615_ETH_USDT_LONG,1,2666.11245,1.0,2692.90755,511_202610031615_ETH_USDT_LONG_B1_REFERENCE
LONG,263.4,2026-10-03T16:15:44.150000+09:00,511_202610031615_QNT_USDT_LONG,1,262.08299999999997,1.0,264.7169999999999,511_202610031615_QNT_USDT_LONG_B1_REFERENCE
SHORT,0.0927,2026-10-03T16:24:44.161000+09:00,511_202610031620_DOGE_USDT_SHORT,1,0.0931635,1.0,0.0922365,511_202610031620_DOGE_USDT_SHORT_B1_REFERENCE
SHORT,88.087,2026-10-03T16:24:54.941000+09:00,511_202610031620_HYPE_USDT_SHORT,1,88.527435,1.0,87.64656500000001,511_202610031620_HYPE_USDT_SHORT_B1_REFERENCE
LONG,264.79,2026-10-03T16:24:43.216000+09:00,511_202610031620_QNT_USDT_LONG,1,263.46605,1.0,266.11395,511_202610031620_QNT_USDT_LONG_B1_REFERENCE
LONG,180.12,2026-10-03T16:36:28.123000+09:00,511_202610031635_AAVE_USDT_LONG,1,179.2194,1.0,181.02059999999997,511_202610031635_AAVE_USDT_LONG_B1_REFERENCE
SHORT,88.165,2026-10-03T16:36:20.541000+09:00,511_202610031635_HYPE_USDT_SHORT,1,88.605825,1.0,87.724175,511_202610031635_HYPE_USDT_SHORT_B1_REFERENCE
LONG,4.702,2026-10-03T16:36:14.097000+09:00,511_202610031635_NEAR_USDT_LONG,1,4.67849,1.0,4.72551,511_202610031635_NEAR_USDT_LONG_B1_REFERENCE
LONG,263.27,2026-10-03T16:36:07.580000+09:00,511_202610031635_QNT_USDT_LONG,1,261.95365,1.0,264.58635,511_202610031635_QNT_USDT_LONG_B1_REFERENCE
SHORT,289.25,2026-10-03T16:36:15.182000+09:00,511_202610031635_TAO_USDT_SHORT,1,290.69624999999996,1.0,287.80375,511_202610031635_TAO_USDT_SHORT_B1_REFERENCE
SHORT,4146.13,2026-10-03T16:36:03.246000+09:00,511_202610031635_XAU_USDT_SHORT,1,4166.86065,1.0,4125.39935,511_202610031635_XAU_USDT_SHORT_B1_REFERENCE
SHORT,0.09264,2026-10-03T16:46:53.399000+09:00,511_202610031645_DOGE_USDT_SHORT,1,0.0931032,1.0,0.0921768,511_202610031645_DOGE_USDT_SHORT_B1_REFERENCE
SHORT,4.2267e-06,2026-10-03T16:46:57.109000+09:00,511_202610031645_PEPE_USDT_SHORT,1,4.247833499999999e-06,1.0,4.2055665e-06,511_202610031645_PEPE_USDT_SHORT_B1_REFERENCE
LONG,264.41,2026-10-03T16:46:52.520000+09:00,511_202610031645_QNT_USDT_LONG,1,263.08795000000003,1.0,265.73205,511_202610031645_QNT_USDT_LONG_B1_REFERENCE
SHORT,1.1515,2026-10-03T16:46:55.316000+09:00,511_202610031645_SUI_USDT_SHORT,1,1.1572574999999998,1.0,1.1457424999999999,511_202610031645_SUI_USDT_SHORT_B1_REFERENCE
SHORT,288.79,2026-10-03T16:46:59.136000+09:00,511_202610031645_TAO_USDT_SHORT,1,290.23395,1.0,287.34605,511_202610031645_TAO_USDT_SHORT_B1_REFERENCE
SHORT,1.4803,2026-10-03T16:46:48.068000+09:00,511_202610031645_XRP_USDT_SHORT,1,1.4877014999999998,1.0,1.4728984999999999,511_202610031645_XRP_USDT_SHORT_B1_REFERENCE
SHORT,0.444,2026-10-03T16:54:42.891000+09:00,511_202610031650_TIA_USDT_SHORT,1,0.44621999999999995,1.0,0.44178,511_202610031650_TIA_USDT_SHORT_B1_REFERENCE
SHORT,0.5526,2026-10-03T16:54:29.538000+09:00,511_202610031650_WLD_USDT_SHORT,1,0.5553629999999999,1.0,0.549837,511_202610031650_WLD_USDT_SHORT_B1_REFERENCE
SHORT,4139.43,2026-10-03T16:54:21.227000+09:00,511_202610031650_XAU_USDT_SHORT,1,4160.12715,1.0,4118.73285,511_202610031650_XAU_USDT_SHORT_B1_REFERENCE
SHORT,1.4804,2026-10-03T16:54:20.235000+09:00,511_202610031650_XRP_USDT_SHORT,1,1.4878019999999998,1.0,1.472998,511_202610031650_XRP_USDT_SHORT_B1_REFERENCE
LONG,180.14,2026-10-03T17:06:17.315000+09:00,511_202610031705_AAVE_USDT_LONG,1,179.2393,1.0,181.04069999999996,511_202610031705_AAVE_USDT_LONG_B1_REFERENCE
SHORT,4.2282e-06,2026-10-03T17:06:03.053000+09:00,511_202610031705_PEPE_USDT_SHORT,1,4.249340999999999e-06,1.0,4.207058999999999e-06,511_202610031705_PEPE_USDT_SHORT_B1_REFERENCE
SHORT,289.08,2026-10-03T17:23:45.729000+09:00,511_202610031720_TAO_USDT_SHORT,1,290.52539999999993,1.0,287.6346,511_202610031720_TAO_USDT_SHORT_B1_REFERENCE
SHORT,0.5593,2026-10-03T17:23:42.622000+09:00,511_202610031720_WLD_USDT_SHORT,1,0.5620965,1.0,0.5565035,511_202610031720_WLD_USDT_SHORT_B1_REFERENCE
LONG,180.46,2026-10-03T17:36:08.150000+09:00,511_202610031735_AAVE_USDT_LONG,1,179.5577,1.0,181.36229999999998,511_202610031735_AAVE_USDT_LONG_B1_REFERENCE
SHORT,0.2434,2026-10-03T17:36:04.134000+09:00,511_202610031735_ADA_USDT_SHORT,1,0.24461699999999997,1.0,0.242183,511_202610031735_ADA_USDT_SHORT_B1_REFERENCE
SHORT,87.856,2026-10-03T17:36:00.866000+09:00,511_202610031735_HYPE_USDT_SHORT,1,88.29527999999999,1.0,87.41672,511_202610031735_HYPE_USDT_SHORT_B1_REFERENCE
LONG,0.005502,2026-10-03T17:36:07.148000+09:00,511_202610031735_PUMPFUN_USDT_LONG,1,0.00547449,1.0,0.00552951,511_202610031735_PUMPFUN_USDT_LONG_B1_REFERENCE
LONG,265.72,2026-10-03T17:35:47.773000+09:00,511_202610031735_QNT_USDT_LONG,1,264.39140000000003,1.0,267.0486,511_202610031735_QNT_USDT_LONG_B1_REFERENCE
LONG,91.22,2026-10-03T17:36:03.148000+09:00,511_202610031735_USOIL_USDT_LONG,1,90.76389999999999,1.0,91.67609999999999,511_202610031735_USOIL_USDT_LONG_B1_REFERENCE
LONG,180.94,2026-10-03T17:45:30.906000+09:00,511_202610031745_AAVE_USDT_LONG,1,180.0353,1.0,181.8447,511_202610031745_AAVE_USDT_LONG_B1_REFERENCE
SHORT,4.677,2026-10-03T18:05:59.574000+09:00,511_202610031805_NEAR_USDT_SHORT,1,4.700384999999999,1.0,4.653614999999999,511_202610031805_NEAR_USDT_SHORT_B1_REFERENCE
SHORT,1716.56,2026-10-03T18:06:06.172000+09:00,511_202610031805_SNDKSTOCK_USDT_SHORT,1,1725.1427999999999,1.0,1707.9772,511_202610031805_SNDKSTOCK_USDT_SHORT_B1_REFERENCE
SHORT,288.44,2026-10-03T18:06:00.498000+09:00,511_202610031805_TAO_USDT_SHORT,1,289.88219999999995,1.0,286.9978,511_202610031805_TAO_USDT_SHORT_B1_REFERENCE
SHORT,87.793,2026-10-03T18:16:57.087000+09:00,511_202610031815_HYPE_USDT_SHORT,1,88.231965,1.0,87.35403500000001,511_202610031815_HYPE_USDT_SHORT_B1_REFERENCE
LONG,1.1604,2026-10-03T18:16:49.187000+09:00,511_202610031815_SUI_USDT_LONG,1,1.154598,1.0,1.166202,511_202610031815_SUI_USDT_LONG_B1_REFERENCE
LONG,0.5664,2026-10-03T18:16:50.057000+09:00,511_202610031815_WLD_USDT_LONG,1,0.563568,1.0,0.569232,511_202610031815_WLD_USDT_LONG_B1_REFERENCE
LONG,1.1675,2026-10-03T18:24:41.458000+09:00,511_202610031820_SUI_USDT_LONG,1,1.1616625,1.0,1.1733375,511_202610031820_SUI_USDT_LONG_B1_REFERENCE
SHORT,4.654,2026-10-03T18:35:56.938000+09:00,511_202610031835_NEAR_USDT_SHORT,1,4.677269999999999,1.0,4.63073,511_202610031835_NEAR_USDT_SHORT_B1_REFERENCE
LONG,0.4515,2026-10-03T18:45:54.462000+09:00,511_202610031845_TIA_USDT_LONG,1,0.4492425,1.0,0.4537575,511_202610031845_TIA_USDT_LONG_B1_REFERENCE
LONG,1.1907,2026-10-03T18:53:42.172000+09:00,511_202610031850_SUI_USDT_LONG,1,1.1847465000000001,1.0,1.1966535,511_202610031850_SUI_USDT_LONG_B1_REFERENCE
LONG,0.4549,2026-10-03T18:53:58.451000+09:00,511_202610031850_TIA_USDT_LONG,1,0.4526255,1.0,0.4571745,511_202610031850_TIA_USDT_LONG_B1_REFERENCE
LONG,1.1781,2026-10-03T19:06:00.347000+09:00,511_202610031905_SUI_USDT_LONG,1,1.1722095,1.0,1.1839904999999997,511_202610031905_SUI_USDT_LONG_B1_REFERENCE
LONG,0.5864,2026-10-03T19:06:01.582000+09:00,511_202610031905_WLD_USDT_LONG,1,0.583468,1.0,0.589332,511_202610031905_WLD_USDT_LONG_B1_REFERENCE
SHORT,4143.77,2026-10-03T19:05:52.765000+09:00,511_202610031905_XAU_USDT_SHORT,1,4164.48885,1.0,4123.05115,511_202610031905_XAU_USDT_SHORT_B1_REFERENCE
LONG,159.12,2026-10-03T19:13:56.398000+09:00,511_202610031910_SPCXSTOCK_USDT_LONG,1,158.3244,1.0,159.91559999999998,511_202610031910_SPCXSTOCK_USDT_LONG_B1_REFERENCE
LONG,0.4585,2026-10-03T19:13:54.363000+09:00,511_202610031910_TIA_USDT_LONG,1,0.45620750000000004,1.0,0.4607925,511_202610031910_TIA_USDT_LONG_B1_REFERENCE
LONG,0.5885,2026-10-03T19:13:41.951000+09:00,511_202610031910_WLD_USDT_LONG,1,0.5855575000000001,1.0,0.5914425,511_202610031910_WLD_USDT_LONG_B1_REFERENCE
LONG,4.2616e-06,2026-10-03T19:25:47.854000+09:00,511_202610031925_PEPE_USDT_LONG,1,4.240292e-06,1.0,4.2829079999999995e-06,511_202610031925_PEPE_USDT_LONG_B1_REFERENCE
LONG,1318.04,2026-10-03T19:25:35.111000+09:00,511_202610031925_ZEC_USDT_LONG,1,1311.4497999999999,1.0,1324.6301999999998,511_202610031925_ZEC_USDT_LONG_B1_REFERENCE
LONG,0.4879,2026-10-03T19:36:05.069000+09:00,511_202610031935_ONDO_USDT_LONG,1,0.4854605,1.0,0.49033949999999993,511_202610031935_ONDO_USDT_LONG_B1_REFERENCE
LONG,4.2714e-06,2026-10-03T19:35:55.273000+09:00,511_202610031935_PEPE_USDT_LONG,1,4.250043e-06,1.0,4.292757e-06,511_202610031935_PEPE_USDT_LONG_B1_REFERENCE
LONG,0.00557,2026-10-03T19:36:06.920000+09:00,511_202610031935_PUMPFUN_USDT_LONG,1,0.00554215,1.0,0.00559785,511_202610031935_PUMPFUN_USDT_LONG_B1_REFERENCE
SHORT,0.07206,2026-10-03T19:35:52.639000+09:00,511_202610031935_SAND_USDT_SHORT,1,0.07242029999999999,1.0,0.0716997,511_202610031935_SAND_USDT_SHORT_B1_REFERENCE
LONG,163.44,2026-10-03T19:35:59.718000+09:00,511_202610031935_SOXL_USDT_LONG,1,162.62279999999998,1.0,164.25719999999998,511_202610031935_SOXL_USDT_LONG_B1_REFERENCE
LONG,0.6019,2026-10-03T19:35:53.505000+09:00,511_202610031935_WLD_USDT_LONG,1,0.5988905,1.0,0.6049094999999999,511_202610031935_WLD_USDT_LONG_B1_REFERENCE
LONG,4.2771e-06,2026-10-03T19:44:52.741000+09:00,511_202610031940_PEPE_USDT_LONG,1,4.2557145e-06,1.0,4.2984855e-06,511_202610031940_PEPE_USDT_LONG_B1_REFERENCE
LONG,119.41,2026-10-03T19:44:41.357000+09:00,511_202610031940_SOL_USDT_LONG,1,118.81295,1.0,120.00704999999998,511_202610031940_SOL_USDT_LONG_B1_REFERENCE
LONG,181.86,2026-10-03T19:56:18.485000+09:00,511_202610031955_AAVE_USDT_LONG,1,180.9507,1.0,182.7693,511_202610031955_AAVE_USDT_LONG_B1_REFERENCE
LONG,1.1834,2026-10-03T19:56:06.354000+09:00,511_202610031955_SUI_USDT_LONG,1,1.177483,1.0,1.189317,511_202610031955_SUI_USDT_LONG_B1_REFERENCE
SHORT,13.903,2026-10-03T20:14:47.598000+09:00,511_202610032010_LINK_USDT_SHORT,1,13.972515,1.0,13.833485,511_202610032010_LINK_USDT_SHORT_B1_REFERENCE
SHORT,257.06,2026-10-03T20:25:33.426000+09:00,511_202610032025_QNT_USDT_SHORT,1,258.34529999999995,1.0,255.7747,511_202610032025_QNT_USDT_SHORT_B1_REFERENCE
LONG,69.57,2026-10-03T20:55:55.122000+09:00,511_202610032055_LTC_USDT_LONG,1,69.22215,1.0,69.91784999999999,511_202610032055_LTC_USDT_LONG_B1_REFERENCE
SHORT,0.07318,2026-10-03T20:55:41.640000+09:00,511_202610032055_SAND_USDT_SHORT,1,0.07354589999999998,1.0,0.07281409999999999,511_202610032055_SAND_USDT_SHORT_B1_REFERENCE
SHORT,1316.08,2026-10-03T20:55:31.307000+09:00,511_202610032055_ZEC_USDT_SHORT,1,1322.6603999999998,1.0,1309.4995999999999,511_202610032055_ZEC_USDT_SHORT_B1_REFERENCE
LONG,0.2456,2026-10-03T21:07:15.143000+09:00,511_202610032105_ADA_USDT_LONG,1,0.244372,1.0,0.246828,511_202610032105_ADA_USDT_LONG_B1_REFERENCE
SHORT,4.663,2026-10-03T21:07:08.276000+09:00,511_202610032105_NEAR_USDT_SHORT,1,4.686315,1.0,4.639685,511_202610032105_NEAR_USDT_SHORT_B1_REFERENCE
LONG,0.005696,2026-10-03T21:07:20.957000+09:00,511_202610032105_PUMPFUN_USDT_LONG,1,0.00566752,1.0,0.005724479999999999,511_202610032105_PUMPFUN_USDT_LONG_B1_REFERENCE
LONG,1.1904,2026-10-03T21:07:04.314000+09:00,511_202610032105_SUI_USDT_LONG,1,1.184448,1.0,1.1963519999999999,511_202610032105_SUI_USDT_LONG_B1_REFERENCE
LONG,291.04,2026-10-03T21:07:07.254000+09:00,511_202610032105_TAO_USDT_LONG,1,289.58480000000003,1.0,292.4952,511_202610032105_TAO_USDT_LONG_B1_REFERENCE
SHORT,1310.59,2026-10-03T21:06:54.338000+09:00,511_202610032105_ZEC_USDT_SHORT,1,1317.1429499999997,1.0,1304.03705,511_202610032105_ZEC_USDT_SHORT_B1_REFERENCE
LONG,1.4871,2026-10-03T21:14:40.255000+09:00,511_202610032110_XRP_USDT_LONG,1,1.4796645000000002,1.0,1.4945355,511_202610032110_XRP_USDT_LONG_B1_REFERENCE
LONG,0.005769,2026-10-03T21:25:39.120000+09:00,511_202610032125_PUMPFUN_USDT_LONG,1,0.005740154999999999,1.0,0.005797844999999999,511_202610032125_PUMPFUN_USDT_LONG_B1_REFERENCE
LONG,1.1929,2026-10-03T21:25:23.247000+09:00,511_202610032125_SUI_USDT_LONG,1,1.1869355000000001,1.0,1.1988645,511_202610032125_SUI_USDT_LONG_B1_REFERENCE
LONG,0.005796,2026-10-03T21:36:07.609000+09:00,511_202610032135_PUMPFUN_USDT_LONG,1,0.00576702,1.0,0.00582498,511_202610032135_PUMPFUN_USDT_LONG_B1_REFERENCE
SHORT,1303.89,2026-10-03T21:45:50.542000+09:00,511_202610032145_ZEC_USDT_SHORT,1,1310.4094499999999,1.0,1297.37055,511_202610032145_ZEC_USDT_SHORT_B1_REFERENCE
LONG,69.57,2026-10-03T21:55:03.760000+09:00,511_202610032155_LTC_USDT_LONG,1,69.22215,1.0,69.91784999999999,511_202610032155_LTC_USDT_LONG_B1_REFERENCE
SHORT,60.48,2026-10-03T22:05:56.623000+09:00,511_202610032205_SILVER_USDT_SHORT,1,60.78239999999999,1.0,60.1776,511_202610032205_SILVER_USDT_SHORT_B1_REFERENCE
SHORT,4.65,2026-10-03T22:25:58.617000+09:00,511_202610032225_NEAR_USDT_SHORT,1,4.6732499999999995,1.0,4.62675,511_202610032225_NEAR_USDT_SHORT_B1_REFERENCE
SHORT,60.49,2026-10-03T22:25:50.729000+09:00,511_202610032225_SILVER_USDT_SHORT,1,60.792449999999995,1.0,60.18755,511_202610032225_SILVER_USDT_SHORT_B1_REFERENCE
LONG,0.4879,2026-10-03T22:36:07.607000+09:00,511_202610032235_ONDO_USDT_LONG,1,0.4854605,1.0,0.49033949999999993,511_202610032235_ONDO_USDT_LONG_B1_REFERENCE
LONG,69.6,2026-10-03T22:45:56.231000+09:00,511_202610032245_LTC_USDT_LONG,1,69.252,1.0,69.948,511_202610032245_LTC_USDT_LONG_B1_REFERENCE
SHORT,251.99,2026-10-03T22:45:36.356000+09:00,511_202610032245_QNT_USDT_SHORT,1,253.24994999999998,1.0,250.73005,511_202610032245_QNT_USDT_SHORT_B1_REFERENCE
LONG,0.20201,2026-10-03T23:06:27.780000+09:00,511_202610032305_ARB_USDT_LONG,1,0.20099994999999998,1.0,0.20302004999999998,511_202610032305_ARB_USDT_LONG_B1_REFERENCE
SHORT,4.627,2026-10-03T23:13:38.190000+09:00,511_202610032310_NEAR_USDT_SHORT,1,4.650135,1.0,4.603865,511_202610032310_NEAR_USDT_SHORT_B1_REFERENCE
SHORT,249.43,2026-10-03T23:13:26.582000+09:00,511_202610032310_QNT_USDT_SHORT,1,250.67714999999998,1.0,248.18285,511_202610032310_QNT_USDT_SHORT_B1_REFERENCE
SHORT,288.97,2026-10-03T23:13:37.176000+09:00,511_202610032310_TAO_USDT_SHORT,1,290.41485,1.0,287.52515000000005,511_202610032310_TAO_USDT_SHORT_B1_REFERENCE
SHORT,1294.02,2026-10-03T23:13:23.338000+09:00,511_202610032310_ZEC_USDT_SHORT,1,1300.4900999999998,1.0,1287.5499,511_202610032310_ZEC_USDT_SHORT_B1_REFERENCE
LONG,11.156,2026-10-03T23:38:19.921000+09:00,511_202610032335_AVAX_USDT_LONG,1,11.10022,1.0,11.21178,511_202610032335_AVAX_USDT_LONG_B1_REFERENCE
SHORT,1069.79,2026-10-03T23:37:58.585000+09:00,511_202610032335_MUSTOCK_USDT_SHORT,1,1075.1389499999998,1.0,1064.44105,511_202610032335_MUSTOCK_USDT_SHORT_B1_REFERENCE
LONG,4.2728e-06,2026-10-03T23:38:04.076000+09:00,511_202610032335_PEPE_USDT_LONG,1,4.251436e-06,1.0,4.294163999999999e-06,511_202610032335_PEPE_USDT_LONG_B1_REFERENCE
LONG,0.4681,2026-10-03T23:38:17.700000+09:00,511_202610032335_TIA_USDT_LONG,1,0.4657595,1.0,0.4704405,511_202610032335_TIA_USDT_LONG_B1_REFERENCE
SHORT,4137.3,2026-10-03T23:38:02.762000+09:00,511_202610032335_XAUT_USDT_SHORT,1,4157.9865,1.0,4116.6135,511_202610032335_XAUT_USDT_SHORT_B1_REFERENCE
LONG,88.574,2026-10-03T23:45:53.812000+09:00,511_202610032345_HYPE_USDT_LONG,1,88.13113,1.0,89.01686999999998,511_202610032345_HYPE_USDT_LONG_B1_REFERENCE
LONG,0.4952,2026-10-03T23:45:56.938000+09:00,511_202610032345_ONDO_USDT_LONG,1,0.492724,1.0,0.4976759999999999,511_202610032345_ONDO_USDT_LONG_B1_REFERENCE
LONG,4.2844e-06,2026-10-03T23:45:47.215000+09:00,511_202610032345_PEPE_USDT_LONG,1,4.262978e-06,1.0,4.305822e-06,511_202610032345_PEPE_USDT_LONG_B1_REFERENCE
LONG,88.999,2026-10-03T23:54:59.726000+09:00,511_202610032350_HYPE_USDT_LONG,1,88.55400499999999,1.0,89.44399499999999,511_202610032350_HYPE_USDT_LONG_B1_REFERENCE
LONG,4.2837e-06,2026-10-03T23:54:53.361000+09:00,511_202610032350_PEPE_USDT_LONG,1,4.2622815e-06,1.0,4.3051184999999994e-06,511_202610032350_PEPE_USDT_LONG_B1_REFERENCE
LONG,1.4884,2026-10-03T23:54:42.167000+09:00,511_202610032350_XRP_USDT_LONG,1,1.480958,1.0,1.495842,511_202610032350_XRP_USDT_LONG_B1_REFERENCE
LONG,0.2459,2026-10-03T23:55:00.756000+09:00,511_202610032355_ADA_USDT_LONG,1,0.2446705,1.0,0.24712949999999997,511_202610032355_ADA_USDT_LONG_B1_REFERENCE
LONG,0.07497,2026-10-04T00:08:07.493000+09:00,511_202610040005_SAND_USDT_LONG,1,0.07459515,1.0,0.07534484999999999,511_202610040005_SAND_USDT_LONG_B1_REFERENCE
SHORT,179.03,2026-10-04T00:15:57.578000+09:00,511_202610040015_AAVE_USDT_SHORT,1,179.92514999999997,1.0,178.13485,511_202610040015_AAVE_USDT_SHORT_B1_REFERENCE
LONG,0.07629,2026-10-04T00:15:41.170000+09:00,511_202610040015_SAND_USDT_LONG,1,0.07590854999999999,1.0,0.07667144999999999,511_202610040015_SAND_USDT_LONG_B1_REFERENCE
LONG,7733.6,2026-10-04T00:16:02.685000+09:00,511_202610040015_SPX500_USDT_LONG,1,7694.932000000001,1.0,7772.267999999999,511_202610040015_SPX500_USDT_LONG_B1_REFERENCE
SHORT,1300.54,2026-10-04T00:15:34.921000+09:00,511_202610040015_ZEC_USDT_SHORT,1,1307.0426999999997,1.0,1294.0373,511_202610040015_ZEC_USDT_SHORT_B1_REFERENCE
LONG,0.245,2026-10-04T00:23:45.507000+09:00,511_202610040020_ADA_USDT_LONG,1,0.243775,1.0,0.24622499999999997,511_202610040020_ADA_USDT_LONG_B1_REFERENCE
SHORT,13.829,2026-10-04T00:23:41.853000+09:00,511_202610040020_LINK_USDT_SHORT,1,13.898145,1.0,13.759855,511_202610040020_LINK_USDT_SHORT_B1_REFERENCE
LONG,0.07533,2026-10-04T00:23:33.972000+09:00,511_202610040020_SAND_USDT_LONG,1,0.07495334999999999,1.0,0.07570664999999999,511_202610040020_SAND_USDT_LONG_B1_REFERENCE
SHORT,4137.7,2026-10-04T00:23:39.256000+09:00,511_202610040020_XAUT_USDT_SHORT,1,4158.388499999999,1.0,4117.0115,511_202610040020_XAUT_USDT_SHORT_B1_REFERENCE
LONG,7737.3,2026-10-04T00:35:23.437000+09:00,511_202610040035_SPX500_USDT_LONG,1,7698.6135,1.0,7775.986499999999,511_202610040035_SPX500_USDT_LONG_B1_REFERENCE
SHORT,179.92,2026-10-04T00:46:16.174000+09:00,511_202610040045_AAVE_USDT_SHORT,1,180.81959999999998,1.0,179.0204,511_202610040045_AAVE_USDT_SHORT_B1_REFERENCE
LONG,0.4941,2026-10-04T00:46:17.215000+09:00,511_202610040045_ONDO_USDT_LONG,1,0.4916295,1.0,0.4965704999999999,511_202610040045_ONDO_USDT_LONG_B1_REFERENCE
LONG,292.22,2026-10-04T00:46:07.948000+09:00,511_202610040045_TAO_USDT_LONG,1,290.75890000000004,1.0,293.6811,511_202610040045_TAO_USDT_LONG_B1_REFERENCE
LONG,0.09311,2026-10-04T00:56:10.358000+09:00,511_202610040055_DOGE_USDT_LONG,1,0.09264445,1.0,0.09357555,511_202610040055_DOGE_USDT_LONG_B1_REFERENCE
LONG,1071.2,2026-10-04T01:06:11.161000+09:00,511_202610040105_MUSTOCK_USDT_LONG,1,1065.844,1.0,1076.556,511_202610040105_MUSTOCK_USDT_LONG_B1_REFERENCE
SHORT,248.31,2026-10-04T01:06:00.593000+09:00,511_202610040105_QNT_USDT_SHORT,1,249.55154999999996,1.0,247.06845,511_202610040105_QNT_USDT_SHORT_B1_REFERENCE
LONG,0.07515,2026-10-04T01:06:04.675000+09:00,511_202610040105_SAND_USDT_LONG,1,0.07477425,1.0,0.07552574999999999,511_202610040105_SAND_USDT_LONG_B1_REFERENCE
LONG,1071.7,2026-10-04T01:15:50.560000+09:00,511_202610040115_MUSTOCK_USDT_LONG,1,1066.3415,1.0,1077.0584999999999,511_202610040115_MUSTOCK_USDT_LONG_B1_REFERENCE
SHORT,4.628,2026-10-04T01:15:47.411000+09:00,511_202610040115_NEAR_USDT_SHORT,1,4.65114,1.0,4.60486,511_202610040115_NEAR_USDT_SHORT_B1_REFERENCE
LONG,0.4934,2026-10-04T01:15:58.938000+09:00,511_202610040115_ONDO_USDT_LONG,1,0.490933,1.0,0.49586699999999995,511_202610040115_ONDO_USDT_LONG_B1_REFERENCE
SHORT,1293.53,2026-10-04T01:15:34.915000+09:00,511_202610040115_ZEC_USDT_SHORT,1,1299.9976499999998,1.0,1287.06235,511_202610040115_ZEC_USDT_SHORT_B1_REFERENCE
SHORT,178.55,2026-10-04T01:23:46.898000+09:00,511_202610040120_AAVE_USDT_SHORT,1,179.44275,1.0,177.65725,511_202610040120_AAVE_USDT_SHORT_B1_REFERENCE
LONG,1372.66,2026-10-04T01:23:42.596000+09:00,511_202610040120_SKHYNIXSTOCK_USDT_LONG,1,1365.7967,1.0,1379.5232999999998,511_202610040120_SKHYNIXSTOCK_USDT_LONG_B1_REFERENCE
SHORT,1292.12,2026-10-04T01:23:29.657000+09:00,511_202610040120_ZEC_USDT_SHORT,1,1298.5805999999998,1.0,1285.6593999999998,511_202610040120_ZEC_USDT_SHORT_B1_REFERENCE
LONG,4.2895e-06,2026-10-04T01:35:55.251000+09:00,511_202610040135_PEPE_USDT_LONG,1,4.2680525e-06,1.0,4.3109475e-06,511_202610040135_PEPE_USDT_LONG_B1_REFERENCE
LONG,0.00598,2026-10-04T01:36:12.786000+09:00,511_202610040135_PUMPFUN_USDT_LONG,1,0.0059501,1.0,0.0060098999999999994,511_202610040135_PUMPFUN_USDT_LONG_B1_REFERENCE
LONG,1.4886,2026-10-04T01:35:46.402000+09:00,511_202610040135_XRP_USDT_LONG,1,1.4811569999999998,1.0,1.4960429999999998,511_202610040135_XRP_USDT_LONG_B1_REFERENCE
LONG,4.3106e-06,2026-10-04T01:44:48.711000+09:00,511_202610040140_PEPE_USDT_LONG,1,4.289047e-06,1.0,4.3321529999999996e-06,511_202610040140_PEPE_USDT_LONG_B1_REFERENCE
LONG,0.006127,2026-10-04T01:44:59.861000+09:00,511_202610040140_PUMPFUN_USDT_LONG,1,0.006096364999999999,1.0,0.006157634999999999,511_202610040140_PUMPFUN_USDT_LONG_B1_REFERENCE
LONG,1.4935,2026-10-04T02:14:41.214000+09:00,511_202610040210_XRP_USDT_LONG,1,1.4860325,1.0,1.5009674999999998,511_202610040210_XRP_USDT_LONG_B1_REFERENCE
LONG,0.23615,2026-10-04T02:15:02.612000+09:00,511_202610040215_ENA_USDT_LONG,1,0.23496925,1.0,0.23733074999999998,511_202610040215_ENA_USDT_LONG_B1_REFERENCE
LONG,0.4946,2026-10-04T02:15:00.895000+09:00,511_202610040215_ONDO_USDT_LONG,1,0.492127,1.0,0.49707299999999993,511_202610040215_ONDO_USDT_LONG_B1_REFERENCE
LONG,11.133,2026-10-04T02:26:14.336000+09:00,511_202610040225_AVAX_USDT_LONG,1,11.077335,1.0,11.188664999999999,511_202610040225_AVAX_USDT_LONG_B1_REFERENCE
LONG,294.93,2026-10-04T02:26:04.818000+09:00,511_202610040225_TAO_USDT_LONG,1,293.45535,1.0,296.40465,511_202610040225_TAO_USDT_LONG_B1_REFERENCE
SHORT,178.36,2026-10-04T02:37:11.728000+09:00,511_202610040235_AAVE_USDT_SHORT,1,179.2518,1.0,177.46820000000002,511_202610040235_AAVE_USDT_SHORT_B1_REFERENCE
LONG,4.3011e-06,2026-10-04T02:44:34.877000+09:00,511_202610040240_PEPE_USDT_LONG,1,4.2795945000000005e-06,1.0,4.3226055e-06,511_202610040240_PEPE_USDT_LONG_B1_REFERENCE
SHORT,1.1733,2026-10-04T02:44:29.764000+09:00,511_202610040240_SUI_USDT_SHORT,1,1.1791664999999998,1.0,1.1674335,511_202610040240_SUI_USDT_SHORT_B1_REFERENCE
LONG,295.49,2026-10-04T02:44:36.152000+09:00,511_202610040240_TAO_USDT_LONG,1,294.01255000000003,1.0,296.96745,511_202610040240_TAO_USDT_LONG_B1_REFERENCE
SHORT,0.2011,2026-10-04T02:56:19.392000+09:00,511_202610040255_ARB_USDT_SHORT,1,0.20210549999999997,1.0,0.2000945,511_202610040255_ARB_USDT_SHORT_B1_REFERENCE
LONG,0.23642,2026-10-04T02:56:20.435000+09:00,511_202610040255_ENA_USDT_LONG,1,0.2352379,1.0,0.23760209999999996,511_202610040255_ENA_USDT_LONG_B1_REFERENCE
SHORT,178.75,2026-10-04T03:06:19.140000+09:00,511_202610040305_AAVE_USDT_SHORT,1,179.64374999999998,1.0,177.85625,511_202610040305_AAVE_USDT_SHORT_B1_REFERENCE
LONG,89.262,2026-10-04T03:06:12.751000+09:00,511_202610040305_HYPE_USDT_LONG,1,88.81569,1.0,89.70831,511_202610040305_HYPE_USDT_LONG_B1_REFERENCE
SHORT,178.52,2026-10-04T03:25:53.306000+09:00,511_202610040325_AAVE_USDT_SHORT,1,179.4126,1.0,177.62740000000002,511_202610040325_AAVE_USDT_SHORT_B1_REFERENCE
SHORT,0.1999,2026-10-04T03:25:57.005000+09:00,511_202610040325_ARB_USDT_SHORT,1,0.20089949999999998,1.0,0.19890049999999998,511_202610040325_ARB_USDT_SHORT_B1_REFERENCE
SHORT,0.07282,2026-10-04T03:25:39.048000+09:00,511_202610040325_SAND_USDT_SHORT,1,0.07318409999999999,1.0,0.07245589999999999,511_202610040325_SAND_USDT_SHORT_B1_REFERENCE
LONG,0.23628,2026-10-04T03:36:30.116000+09:00,511_202610040335_ENA_USDT_LONG,1,0.2350986,1.0,0.23746139999999996,511_202610040335_ENA_USDT_LONG_B1_REFERENCE
LONG,13.905,2026-10-04T03:36:13.956000+09:00,511_202610040335_LINK_USDT_LONG,1,13.835474999999999,1.0,13.974524999999998,511_202610040335_LINK_USDT_LONG_B1_REFERENCE
LONG,119.77,2026-10-04T03:36:02.088000+09:00,511_202610040335_SOL_USDT_LONG,1,119.17115,1.0,120.36884999999998,511_202610040335_SOL_USDT_LONG_B1_REFERENCE
LONG,294.69,2026-10-04T03:36:11.867000+09:00,511_202610040335_TAO_USDT_LONG,1,293.21655,1.0,296.16344999999995,511_202610040335_TAO_USDT_LONG_B1_REFERENCE
LONG,0.23769,2026-10-04T03:45:12.689000+09:00,511_202610040345_ENA_USDT_LONG,1,0.23650155,1.0,0.23887845,511_202610040345_ENA_USDT_LONG_B1_REFERENCE
LONG,89.117,2026-10-04T03:56:04.245000+09:00,511_202610040355_HYPE_USDT_LONG,1,88.67141500000001,1.0,89.562585,511_202610040355_HYPE_USDT_LONG_B1_REFERENCE
SHORT,68.86,2026-10-04T03:56:10.907000+09:00,511_202610040355_LTC_USDT_SHORT,1,69.20429999999999,1.0,68.5157,511_202610040355_LTC_USDT_SHORT_B1_REFERENCE
LONG,0.006393,2026-10-04T03:56:05.111000+09:00,511_202610040355_PUMPFUN_USDT_LONG,1,0.006361035,1.0,0.0064249649999999995,511_202610040355_PUMPFUN_USDT_LONG_B1_REFERENCE
LONG,4.697,2026-10-04T04:05:08.320000+09:00,511_202610040405_NEAR_USDT_LONG,1,4.673515,1.0,4.720484999999999,511_202610040405_NEAR_USDT_LONG_B1_REFERENCE
SHORT,0.5896,2026-10-04T04:05:03.078000+09:00,511_202610040405_WLD_USDT_SHORT,1,0.592548,1.0,0.5866520000000001,511_202610040405_WLD_USDT_SHORT_B1_REFERENCE
LONG,254.87,2026-10-04T04:14:45.381000+09:00,511_202610040410_QNT_USDT_LONG,1,253.59565,1.0,256.14435,511_202610040410_QNT_USDT_LONG_B1_REFERENCE
LONG,4.729,2026-10-04T04:25:47.661000+09:00,511_202610040425_NEAR_USDT_LONG,1,4.705355,1.0,4.752644999999999,511_202610040425_NEAR_USDT_LONG_B1_REFERENCE
LONG,294.67,2026-10-04T04:35:56.931000+09:00,511_202610040435_TAO_USDT_LONG,1,293.19665000000003,1.0,296.14335,511_202610040435_TAO_USDT_LONG_B1_REFERENCE
LONG,1315.95,2026-10-04T04:35:44.197000+09:00,511_202610040435_ZEC_USDT_LONG,1,1309.37025,1.0,1322.52975,511_202610040435_ZEC_USDT_LONG_B1_REFERENCE
LONG,0.2373,2026-10-04T04:46:18.815000+09:00,511_202610040445_ENA_USDT_LONG,1,0.2361135,1.0,0.2384865,511_202610040445_ENA_USDT_LONG_B1_REFERENCE
LONG,0.23829,2026-10-04T05:06:25.209000+09:00,511_202610040505_ENA_USDT_LONG,1,0.23709855,1.0,0.23948144999999998,511_202610040505_ENA_USDT_LONG_B1_REFERENCE
LONG,4.764,2026-10-04T05:06:11.723000+09:00,511_202610040505_NEAR_USDT_LONG,1,4.7401800000000005,1.0,4.78782,511_202610040505_NEAR_USDT_LONG_B1_REFERENCE
LONG,257.35,2026-10-04T05:06:06.572000+09:00,511_202610040505_QNT_USDT_LONG,1,256.06325000000004,1.0,258.63675,511_202610040505_QNT_USDT_LONG_B1_REFERENCE
LONG,4.758,2026-10-04T05:14:49.090000+09:00,511_202610040510_NEAR_USDT_LONG,1,4.73421,1.0,4.781789999999999,511_202610040510_NEAR_USDT_LONG_B1_REFERENCE
SHORT,0.5892,2026-10-04T05:14:45.427000+09:00,511_202610040510_WLD_USDT_SHORT,1,0.5921459999999998,1.0,0.5862539999999999,511_202610040510_WLD_USDT_SHORT_B1_REFERENCE
LONG,0.09324,2026-10-04T05:25:57.756000+09:00,511_202610040525_DOGE_USDT_LONG,1,0.0927738,1.0,0.09370619999999999,511_202610040525_DOGE_USDT_LONG_B1_REFERENCE
LONG,180.83,2026-10-04T05:46:07.424000+09:00,511_202610040545_AAVE_USDT_LONG,1,179.92585000000003,1.0,181.73415,511_202610040545_AAVE_USDT_LONG_B1_REFERENCE
LONG,4.3233e-06,2026-10-04T05:45:55.617000+09:00,511_202610040545_PEPE_USDT_LONG,1,4.3016835e-06,1.0,4.344916499999999e-06,511_202610040545_PEPE_USDT_LONG_B1_REFERENCE
LONG,260.37,2026-10-04T05:45:51.452000+09:00,511_202610040545_QNT_USDT_LONG,1,259.06815,1.0,261.67184999999995,511_202610040545_QNT_USDT_LONG_B1_REFERENCE
LONG,1.1803,2026-10-04T05:45:54.793000+09:00,511_202610040545_SUI_USDT_LONG,1,1.1743985,1.0,1.1862014999999997,511_202610040545_SUI_USDT_LONG_B1_REFERENCE
LONG,264.37,2026-10-04T05:53:34.239000+09:00,511_202610040550_QNT_USDT_LONG,1,263.04815,1.0,265.69185,511_202610040550_QNT_USDT_LONG_B1_REFERENCE
LONG,0.07574,2026-10-04T06:06:01.460000+09:00,511_202610040605_SAND_USDT_LONG,1,0.0753613,1.0,0.0761187,511_202610040605_SAND_USDT_LONG_B1_REFERENCE
LONG,89.382,2026-10-04T06:15:54.721000+09:00,511_202610040615_HYPE_USDT_LONG,1,88.93509,1.0,89.82891,511_202610040615_HYPE_USDT_LONG_B1_REFERENCE
LONG,0.4947,2026-10-04T06:16:04.001000+09:00,511_202610040615_ONDO_USDT_LONG,1,0.49222649999999996,1.0,0.49717349999999993,511_202610040615_ONDO_USDT_LONG_B1_REFERENCE
LONG,0.07602,2026-10-04T06:25:59.237000+09:00,511_202610040625_SAND_USDT_LONG,1,0.07563990000000001,1.0,0.0764001,511_202610040625_SAND_USDT_LONG_B1_REFERENCE
LONG,1.1762,2026-10-04T06:26:00.311000+09:00,511_202610040625_SUI_USDT_LONG,1,1.1703189999999999,1.0,1.1820809999999997,511_202610040625_SUI_USDT_LONG_B1_REFERENCE
LONG,9.052,2026-10-04T06:26:23.659000+09:00,511_202610040625_UNI_USDT_LONG,1,9.006739999999999,1.0,9.097259999999999,511_202610040625_UNI_USDT_LONG_B1_REFERENCE
LONG,4.761,2026-10-04T06:35:07.837000+09:00,511_202610040635_NEAR_USDT_LONG,1,4.737195,1.0,4.7848049999999995,511_202610040635_NEAR_USDT_LONG_B1_REFERENCE
LONG,298.09,2026-10-04T06:35:09.673000+09:00,511_202610040635_TAO_USDT_LONG,1,296.59954999999997,1.0,299.5804499999999,511_202610040635_TAO_USDT_LONG_B1_REFERENCE
LONG,298.95,2026-10-04T06:45:54.912000+09:00,511_202610040645_TAO_USDT_LONG,1,297.45525,1.0,300.44474999999994,511_202610040645_TAO_USDT_LONG_B1_REFERENCE
SHORT,11.076,2026-10-04T07:11:30.234000+09:00,511_202610040710_AVAX_USDT_SHORT,1,11.13138,1.0,11.020620000000001,511_202610040710_AVAX_USDT_SHORT_B1_REFERENCE
LONG,14.169,2026-10-04T07:11:24.922000+09:00,511_202610040710_LINK_USDT_LONG,1,14.098155,1.0,14.239844999999999,511_202610040710_LINK_USDT_LONG_B1_REFERENCE
LONG,302.24,2026-10-04T07:11:24.038000+09:00,511_202610040710_TAO_USDT_LONG,1,300.72880000000004,1.0,303.7512,511_202610040710_TAO_USDT_LONG_B1_REFERENCE
LONG,0.5994,2026-10-04T07:18:02.652000+09:00,511_202610040715_WLD_USDT_LONG,1,0.596403,1.0,0.602397,511_202610040715_WLD_USDT_LONG_B1_REFERENCE
SHORT,0.2444,2026-10-04T07:25:58.744000+09:00,511_202610040725_ADA_USDT_SHORT,1,0.24562199999999998,1.0,0.243178,511_202610040725_ADA_USDT_SHORT_B1_REFERENCE
LONG,69.52,2026-10-04T07:25:56.663000+09:00,511_202610040725_LTC_USDT_LONG,1,69.1724,1.0,69.86759999999998,511_202610040725_LTC_USDT_LONG_B1_REFERENCE
SHORT,0.4669,2026-10-04T07:26:02.209000+09:00,511_202610040725_TIA_USDT_SHORT,1,0.46923449999999994,1.0,0.46456549999999996,511_202610040725_TIA_USDT_SHORT_B1_REFERENCE
LONG,69.65,2026-10-04T07:35:48.398000+09:00,511_202610040735_LTC_USDT_LONG,1,69.30175,1.0,69.99825,511_202610040735_LTC_USDT_LONG_B1_REFERENCE
LONG,4.8,2026-10-04T07:35:39.209000+09:00,511_202610040735_NEAR_USDT_LONG,1,4.776,1.0,4.823999999999999,511_202610040735_NEAR_USDT_LONG_B1_REFERENCE
LONG,1379.61,2026-10-04T07:35:42.813000+09:00,511_202610040735_SKHYNIXSTOCK_USDT_LONG,1,1372.71195,1.0,1386.5080499999997,511_202610040735_SKHYNIXSTOCK_USDT_LONG_B1_REFERENCE
LONG,69.94,2026-10-04T07:46:08.078000+09:00,511_202610040745_LTC_USDT_LONG,1,69.5903,1.0,70.2897,511_202610040745_LTC_USDT_LONG_B1_REFERENCE
LONG,1.1792,2026-10-04T07:45:57.473000+09:00,511_202610040745_SUI_USDT_LONG,1,1.1733040000000001,1.0,1.185096,511_202610040745_SUI_USDT_LONG_B1_REFERENCE
LONG,304.3,2026-10-04T07:46:00.435000+09:00,511_202610040745_TAO_USDT_LONG,1,302.7785,1.0,305.82149999999996,511_202610040745_TAO_USDT_LONG_B1_REFERENCE
SHORT,0.2001,2026-10-04T07:54:58.163000+09:00,511_202610040750_ARB_USDT_SHORT,1,0.2011005,1.0,0.1990995,511_202610040750_ARB_USDT_SHORT_B1_REFERENCE
LONG,70.09,2026-10-04T07:54:55.609000+09:00,511_202610040750_LTC_USDT_LONG,1,69.73955000000001,1.0,70.44045,511_202610040750_LTC_USDT_LONG_B1_REFERENCE
LONG,1.1855,2026-10-04T07:54:45.217000+09:00,511_202610040750_SUI_USDT_LONG,1,1.1795725,1.0,1.1914274999999999,511_202610040750_SUI_USDT_LONG_B1_REFERENCE
SHORT,0.2439,2026-10-04T08:06:30.467000+09:00,511_202610040805_ADA_USDT_SHORT,1,0.2451195,1.0,0.2426805,511_202610040805_ADA_USDT_SHORT_B1_REFERENCE
SHORT,11.074,2026-10-04T08:06:27.376000+09:00,511_202610040805_AVAX_USDT_SHORT,1,11.129369999999998,1.0,11.01863,511_202610040805_AVAX_USDT_SHORT_B1_REFERENCE
LONG,1.1848,2026-10-04T08:06:15.327000+09:00,511_202610040805_SUI_USDT_LONG,1,1.178876,1.0,1.190724,511_202610040805_SUI_USDT_LONG_B1_REFERENCE
SHORT,1288.06,2026-10-04T08:06:07.897000+09:00,511_202610040805_ZEC_USDT_SHORT,1,1294.5002999999997,1.0,1281.6197,511_202610040805_ZEC_USDT_SHORT_B1_REFERENCE
SHORT,2.0021,2026-10-04T08:06:33.688000+09:00,511_202610040805_ZRO_USDT_SHORT,1,2.0121105,1.0,1.9920895,511_202610040805_ZRO_USDT_SHORT_B1_REFERENCE
LONG,14.095,2026-10-04T08:16:14.546000+09:00,511_202610040815_LINK_USDT_LONG,1,14.024525,1.0,14.165474999999999,511_202610040815_LINK_USDT_LONG_B1_REFERENCE
LONG,0.4965,2026-10-04T08:16:30.773000+09:00,511_202610040815_ONDO_USDT_LONG,1,0.4940175,1.0,0.49898249999999994,511_202610040815_ONDO_USDT_LONG_B1_REFERENCE
SHORT,1296.84,2026-10-04T08:16:01.063000+09:00,511_202610040815_ZEC_USDT_SHORT,1,1303.3241999999998,1.0,1290.3557999999998,511_202610040815_ZEC_USDT_SHORT_B1_REFERENCE
SHORT,0.09282,2026-10-04T08:37:01.932000+09:00,511_202610040835_DOGE_USDT_SHORT,1,0.0932841,1.0,0.0923559,511_202610040835_DOGE_USDT_SHORT_B1_REFERENCE
LONG,0.4992,2026-10-04T08:37:16.879000+09:00,511_202610040835_ONDO_USDT_LONG,1,0.496704,1.0,0.5016959999999999,511_202610040835_ONDO_USDT_LONG_B1_REFERENCE
LONG,306.62,2026-10-04T08:37:01.046000+09:00,511_202610040835_TAO_USDT_LONG,1,305.0869,1.0,308.1531,511_202610040835_TAO_USDT_LONG_B1_REFERENCE
LONG,180.77,2026-10-04T08:46:01.130000+09:00,511_202610040845_AAVE_USDT_LONG,1,179.86615,1.0,181.67385,511_202610040845_AAVE_USDT_LONG_B1_REFERENCE
LONG,0.4996,2026-10-04T08:46:06.953000+09:00,511_202610040845_ONDO_USDT_LONG,1,0.497102,1.0,0.5020979999999999,511_202610040845_ONDO_USDT_LONG_B1_REFERENCE
LONG,9.044,2026-10-04T08:46:07.795000+09:00,511_202610040845_UNI_USDT_LONG,1,8.99878,1.0,9.08922,511_202610040845_UNI_USDT_LONG_B1_REFERENCE
SHORT,1301.05,2026-10-04T08:45:42.543000+09:00,511_202610040845_ZEC_USDT_SHORT,1,1307.55525,1.0,1294.54475,511_202610040845_ZEC_USDT_SHORT_B1_REFERENCE
LONG,181.3,2026-10-04T08:55:57.211000+09:00,511_202610040855_AAVE_USDT_LONG,1,180.39350000000002,1.0,182.2065,511_202610040855_AAVE_USDT_LONG_B1_REFERENCE
LONG,0.07489,2026-10-04T08:55:43.541000+09:00,511_202610040855_SAND_USDT_LONG,1,0.07451555,1.0,0.07526445,511_202610040855_SAND_USDT_LONG_B1_REFERENCE
SHORT,0.2439,2026-10-04T09:06:28.929000+09:00,511_202610040905_ADA_USDT_SHORT,1,0.2451195,1.0,0.2426805,511_202610040905_ADA_USDT_SHORT_B1_REFERENCE
LONG,0.5025,2026-10-04T09:06:33.107000+09:00,511_202610040905_ONDO_USDT_LONG,1,0.4999874999999999,1.0,0.5050124999999999,511_202610040905_ONDO_USDT_LONG_B1_REFERENCE
LONG,1.1848,2026-10-04T09:06:14.414000+09:00,511_202610040905_SUI_USDT_LONG,1,1.178876,1.0,1.190724,511_202610040905_SUI_USDT_LONG_B1_REFERENCE
LONG,181.69,2026-10-04T09:15:01.849000+09:00,511_202610040915_AAVE_USDT_LONG,1,180.78155,1.0,182.59844999999999,511_202610040915_AAVE_USDT_LONG_B1_REFERENCE
LONG,0.20301,2026-10-04T09:15:03.566000+09:00,511_202610040915_ARB_USDT_LONG,1,0.20199495,1.0,0.20402504999999999,511_202610040915_ARB_USDT_LONG_B1_REFERENCE
LONG,11.12,2026-10-04T09:23:58.791000+09:00,511_202610040920_AVAX_USDT_LONG,1,11.0644,1.0,11.175599999999998,511_202610040920_AVAX_USDT_LONG_B1_REFERENCE
LONG,89.632,2026-10-04T09:23:56.597000+09:00,511_202610040920_HYPE_USDT_LONG,1,89.18384,1.0,90.08015999999999,511_202610040920_HYPE_USDT_LONG_B1_REFERENCE
LONG,0.24005,2026-10-04T09:36:30.207000+09:00,511_202610040935_ENA_USDT_LONG,1,0.23884975,1.0,0.24125025,511_202610040935_ENA_USDT_LONG_B1_REFERENCE
LONG,14.225,2026-10-04T09:36:19.961000+09:00,511_202610040935_LINK_USDT_LONG,1,14.153875,1.0,14.296124999999998,511_202610040935_LINK_USDT_LONG_B1_REFERENCE
LONG,4.903,2026-10-04T09:36:16.553000+09:00,511_202610040935_NEAR_USDT_LONG,1,4.8784849999999995,1.0,4.927514999999999,511_202610040935_NEAR_USDT_LONG_B1_REFERENCE
LONG,9.089,2026-10-04T09:36:34.620000+09:00,511_202610040935_UNI_USDT_LONG,1,9.043555,1.0,9.134445,511_202610040935_UNI_USDT_LONG_B1_REFERENCE
SHORT,0.2439,2026-10-04T09:46:04.109000+09:00,511_202610040945_ADA_USDT_SHORT,1,0.2451195,1.0,0.2426805,511_202610040945_ADA_USDT_SHORT_B1_REFERENCE
SHORT,1372.6,2026-10-04T09:55:57.561000+09:00,511_202610040955_SKHYNIXSTOCK_USDT_SHORT,1,1379.4629999999997,1.0,1365.7369999999999,511_202610040955_SKHYNIXSTOCK_USDT_SHORT_B1_REFERENCE
LONG,120.06,2026-10-04T09:55:46.112000+09:00,511_202610040955_SOL_USDT_LONG,1,119.4597,1.0,120.66029999999999,511_202610040955_SOL_USDT_LONG_B1_REFERENCE
SHORT,1.9879,2026-10-04T09:56:09.391000+09:00,511_202610040955_ZRO_USDT_SHORT,1,1.9978394999999998,1.0,1.9779605,511_202610040955_ZRO_USDT_SHORT_B1_REFERENCE
LONG,70.74,2026-10-04T10:06:19.111000+09:00,511_202610041005_LTC_USDT_LONG,1,70.38629999999999,1.0,71.09369999999998,511_202610041005_LTC_USDT_LONG_B1_REFERENCE
LONG,0.4992,2026-10-04T10:06:29.078000+09:00,511_202610041005_ONDO_USDT_LONG,1,0.496704,1.0,0.5016959999999999,511_202610041005_ONDO_USDT_LONG_B1_REFERENCE
LONG,120.24,2026-10-04T10:06:02.478000+09:00,511_202610041005_SOL_USDT_LONG,1,119.63879999999999,1.0,120.84119999999999,511_202610041005_SOL_USDT_LONG_B1_REFERENCE
SHORT,0.5931,2026-10-04T10:06:05.612000+09:00,511_202610041005_WLD_USDT_SHORT,1,0.5960654999999999,1.0,0.5901345,511_202610041005_WLD_USDT_SHORT_B1_REFERENCE
LONG,4.845,2026-10-04T10:16:01.866000+09:00,511_202610041015_NEAR_USDT_LONG,1,4.820774999999999,1.0,4.869224999999999,511_202610041015_NEAR_USDT_LONG_B1_REFERENCE
LONG,267.48,2026-10-04T10:15:57.563000+09:00,511_202610041015_QNT_USDT_LONG,1,266.1426,1.0,268.81739999999996,511_202610041015_QNT_USDT_LONG_B1_REFERENCE
SHORT,1.9991,2026-10-04T10:16:20.063000+09:00,511_202610041015_ZRO_USDT_SHORT,1,2.0090955,1.0,1.9891045,511_202610041015_ZRO_USDT_SHORT_B1_REFERENCE
SHORT,1371.34,2026-10-04T10:25:46.910000+09:00,511_202610041025_SKHYNIXSTOCK_USDT_SHORT,1,1378.1966999999997,1.0,1364.4832999999999,511_202610041025_SKHYNIXSTOCK_USDT_SHORT_B1_REFERENCE
LONG,272.39,2026-10-04T10:35:56.029000+09:00,511_202610041035_QNT_USDT_LONG,1,271.02805,1.0,273.75194999999997,511_202610041035_QNT_USDT_LONG_B1_REFERENCE
LONG,0.006285,2026-10-04T10:54:06.252000+09:00,511_202610041050_PUMPFUN_USDT_LONG,1,0.006253575,1.0,0.006316424999999999,511_202610041050_PUMPFUN_USDT_LONG_B1_REFERENCE
SHORT,0.4681,2026-10-04T10:54:18.037000+09:00,511_202610041050_TIA_USDT_SHORT,1,0.4704405,1.0,0.4657595,511_202610041050_TIA_USDT_SHORT_B1_REFERENCE
LONG,89.798,2026-10-04T11:06:21.267000+09:00,511_202610041105_HYPE_USDT_LONG,1,89.34901,1.0,90.24699,511_202610041105_HYPE_USDT_LONG_B1_REFERENCE
LONG,276.32,2026-10-04T11:06:02.074000+09:00,511_202610041105_QNT_USDT_LONG,1,274.9384,1.0,277.7016,511_202610041105_QNT_USDT_LONG_B1_REFERENCE
LONG,309.9,2026-10-04T11:06:09.966000+09:00,511_202610041105_TAO_USDT_LONG,1,308.35049999999995,1.0,311.44949999999994,511_202610041105_TAO_USDT_LONG_B1_REFERENCE
SHORT,11.054,2026-10-04T11:16:12.587000+09:00,511_202610041115_AVAX_USDT_SHORT,1,11.109269999999999,1.0,10.99873,511_202610041115_AVAX_USDT_SHORT_B1_REFERENCE
SHORT,0.4661,2026-10-04T11:16:20.005000+09:00,511_202610041115_TIA_USDT_SHORT,1,0.46843049999999997,1.0,0.4637695,511_202610041115_TIA_USDT_SHORT_B1_REFERENCE
SHORT,0.5871,2026-10-04T11:15:58.965000+09:00,511_202610041115_WLD_USDT_SHORT,1,0.5900354999999999,1.0,0.5841645,511_202610041115_WLD_USDT_SHORT_B1_REFERENCE
LONG,2.048,2026-10-04T11:26:38.362000+09:00,511_202610041125_ZRO_USDT_LONG,1,2.03776,1.0,2.0582399999999996,511_202610041125_ZRO_USDT_LONG_B1_REFERENCE
SHORT,11.052,2026-10-04T11:36:08.550000+09:00,511_202610041135_AVAX_USDT_SHORT,1,11.107259999999998,1.0,10.996739999999999,511_202610041135_AVAX_USDT_SHORT_B1_REFERENCE
SHORT,11.05,2026-10-04T11:54:59.175000+09:00,511_202610041150_AVAX_USDT_SHORT,1,11.10525,1.0,10.99475,511_202610041150_AVAX_USDT_SHORT_B1_REFERENCE
SHORT,4.2679e-06,2026-10-04T11:54:51.323000+09:00,511_202610041150_PEPE_USDT_SHORT,1,4.2892395e-06,1.0,4.2465605e-06,511_202610041150_PEPE_USDT_SHORT_B1_REFERENCE
SHORT,1.1785,2026-10-04T11:54:50.472000+09:00,511_202610041150_SUI_USDT_SHORT,1,1.1843925,1.0,1.1726075,511_202610041150_SUI_USDT_SHORT_B1_REFERENCE
SHORT,0.5935,2026-10-04T11:54:47.856000+09:00,511_202610041150_WLD_USDT_SHORT,1,0.5964674999999999,1.0,0.5905325,511_202610041150_WLD_USDT_SHORT_B1_REFERENCE
SHORT,1306.06,2026-10-04T11:54:43.484000+09:00,511_202610041150_ZEC_USDT_SHORT,1,1312.5902999999998,1.0,1299.5297,511_202610041150_ZEC_USDT_SHORT_B1_REFERENCE
SHORT,0.2428,2026-10-04T12:06:49.001000+09:00,511_202610041205_ADA_USDT_SHORT,1,0.24401399999999995,1.0,0.241586,511_202610041205_ADA_USDT_SHORT_B1_REFERENCE
SHORT,0.09258,2026-10-04T12:06:40.036000+09:00,511_202610041205_DOGE_USDT_SHORT,1,0.09304289999999998,1.0,0.0921171,511_202610041205_DOGE_USDT_SHORT_B1_REFERENCE
SHORT,4.2667e-06,2026-10-04T12:06:36.240000+09:00,511_202610041205_PEPE_USDT_SHORT,1,4.288033499999999e-06,1.0,4.2453665e-06,511_202610041205_PEPE_USDT_SHORT_B1_REFERENCE
LONG,70.55,2026-10-04T12:13:55.396000+09:00,511_202610041210_LTC_USDT_LONG,1,70.19725,1.0,70.90274999999998,511_202610041210_LTC_USDT_LONG_B1_REFERENCE
SHORT,0.9341,2026-10-04T12:26:20.944000+09:00,511_202610041225_BTW_USDT_SHORT,1,0.9387705,1.0,0.9294295,511_202610041225_BTW_USDT_SHORT_B1_REFERENCE
SHORT,0.23733,2026-10-04T12:33:57.491000+09:00,511_202610041230_ENA_USDT_SHORT,1,0.23851665,1.0,0.23614335,511_202610041230_ENA_USDT_SHORT_B1_REFERENCE
SHORT,14.024,2026-10-04T12:33:49.841000+09:00,511_202610041230_LINK_USDT_SHORT,1,14.094119999999998,1.0,13.95388,511_202610041230_LINK_USDT_SHORT_B1_REFERENCE
LONG,70.54,2026-10-04T12:33:53.243000+09:00,511_202610041230_LTC_USDT_LONG,1,70.18730000000001,1.0,70.8927,511_202610041230_LTC_USDT_LONG_B1_REFERENCE
LONG,0.07514,2026-10-04T12:33:43.816000+09:00,511_202610041230_SAND_USDT_LONG,1,0.07476429999999999,1.0,0.07551569999999999,511_202610041230_SAND_USDT_LONG_B1_REFERENCE
LONG,120.91,2026-10-04T12:43:40.142000+09:00,511_202610041240_SOL_USDT_LONG,1,120.30545,1.0,121.51454999999999,511_202610041240_SOL_USDT_LONG_B1_REFERENCE
LONG,89.84,2026-10-04T12:56:16.005000+09:00,511_202610041255_HYPE_USDT_LONG,1,89.3908,1.0,90.2892,511_202610041255_HYPE_USDT_LONG_B1_REFERENCE
LONG,0.07599,2026-10-04T12:55:59.459000+09:00,511_202610041255_SAND_USDT_LONG,1,0.07561005,1.0,0.07636994999999999,511_202610041255_SAND_USDT_LONG_B1_REFERENCE
SHORT,0.2425,2026-10-04T13:16:42.322000+09:00,511_202610041315_ADA_USDT_SHORT,1,0.24371249999999997,1.0,0.2412875,511_202610041315_ADA_USDT_SHORT_B1_REFERENCE
SHORT,1.1751,2026-10-04T13:16:27.370000+09:00,511_202610041315_SUI_USDT_SHORT,1,1.1809755,1.0,1.1692245,511_202610041315_SUI_USDT_SHORT_B1_REFERENCE
SHORT,14.012,2026-10-04T13:36:01.355000+09:00,511_202610041335_LINK_USDT_SHORT,1,14.082059999999998,1.0,13.94194,511_202610041335_LINK_USDT_SHORT_B1_REFERENCE
LONG,0.20236,2026-10-04T13:46:05.658000+09:00,511_202610041345_ARB_USDT_LONG,1,0.2013482,1.0,0.2033718,511_202610041345_ARB_USDT_LONG_B1_REFERENCE
LONG,90.118,2026-10-04T13:46:02.341000+09:00,511_202610041345_HYPE_USDT_LONG,1,89.66740999999999,1.0,90.56858999999999,511_202610041345_HYPE_USDT_LONG_B1_REFERENCE
LONG,1313.7,2026-10-04T13:45:39.192000+09:00,511_202610041345_ZEC_USDT_LONG,1,1307.1315,1.0,1320.2685,511_202610041345_ZEC_USDT_LONG_B1_REFERENCE
SHORT,4.793,2026-10-04T13:54:27.391000+09:00,511_202610041350_NEAR_USDT_SHORT,1,4.816965,1.0,4.769035,511_202610041350_NEAR_USDT_SHORT_B1_REFERENCE
LONG,1315.23,2026-10-04T13:54:19.976000+09:00,511_202610041350_ZEC_USDT_LONG,1,1308.65385,1.0,1321.80615,511_202610041350_ZEC_USDT_LONG_B1_REFERENCE
LONG,120.65,2026-10-04T14:04:05.005000+09:00,511_202610041400_SOL_USDT_LONG,1,120.04675,1.0,121.25325,511_202610041400_SOL_USDT_LONG_B1_REFERENCE
LONG,2.0319,2026-10-04T14:04:27.943000+09:00,511_202610041400_ZRO_USDT_LONG,1,2.0217405,1.0,2.0420594999999997,511_202610041400_ZRO_USDT_LONG_B1_REFERENCE
LONG,1376.4,2026-10-04T14:14:46.963000+09:00,511_202610041410_SKHYNIXSTOCK_USDT_LONG,1,1369.518,1.0,1383.282,511_202610041410_SKHYNIXSTOCK_USDT_LONG_B1_REFERENCE
LONG,182.35,2026-10-04T14:25:59.229000+09:00,511_202610041425_AAVE_USDT_LONG,1,181.43824999999998,1.0,183.26174999999998,511_202610041425_AAVE_USDT_LONG_B1_REFERENCE
LONG,0.07965,2026-10-04T14:25:48.327000+09:00,511_202610041425_SAND_USDT_LONG,1,0.07925175,1.0,0.08004824999999999,511_202610041425_SAND_USDT_LONG_B1_REFERENCE
LONG,0.006435,2026-10-04T14:35:08.083000+09:00,511_202610041435_PUMPFUN_USDT_LONG,1,0.006402825,1.0,0.0064671749999999995,511_202610041435_PUMPFUN_USDT_LONG_B1_REFERENCE
LONG,2.054,2026-10-04T14:35:19.363000+09:00,511_202610041435_ZRO_USDT_LONG,1,2.0437299999999996,1.0,2.0642699999999996,511_202610041435_ZRO_USDT_LONG_B1_REFERENCE
LONG,0.24035,2026-10-04T14:47:08.680000+09:00,511_202610041445_ENA_USDT_LONG,1,0.23914825,1.0,0.24155174999999998,511_202610041445_ENA_USDT_LONG_B1_REFERENCE
LONG,4.849,2026-10-04T14:46:56.215000+09:00,511_202610041445_NEAR_USDT_LONG,1,4.824755000000001,1.0,4.873245,511_202610041445_NEAR_USDT_LONG_B1_REFERENCE
LONG,120.89,2026-10-04T14:46:50.784000+09:00,511_202610041445_SOL_USDT_LONG,1,120.28555,1.0,121.49444999999999,511_202610041445_SOL_USDT_LONG_B1_REFERENCE
LONG,1333.56,2026-10-04T14:46:48.961000+09:00,511_202610041445_ZEC_USDT_LONG,1,1326.8922,1.0,1340.2278,511_202610041445_ZEC_USDT_LONG_B1_REFERENCE
LONG,1328.93,2026-10-04T14:53:41.817000+09:00,511_202610041450_ZEC_USDT_LONG,1,1322.28535,1.0,1335.57465,511_202610041450_ZEC_USDT_LONG_B1_REFERENCE
LONG,84883.4,2026-10-04T15:06:02.625000+09:00,511_202610041505_BTC_USDT_LONG,1,84458.983,1.0,85307.81699999998,511_202610041505_BTC_USDT_LONG_B1_REFERENCE
LONG,1.1826,2026-10-04T15:06:13.790000+09:00,511_202610041505_SUI_USDT_LONG,1,1.176687,1.0,1.188513,511_202610041505_SUI_USDT_LONG_B1_REFERENCE
LONG,0.4837,2026-10-04T15:06:28.602000+09:00,511_202610041505_TIA_USDT_LONG,1,0.48128150000000003,1.0,0.48611849999999995,511_202610041505_TIA_USDT_LONG_B1_REFERENCE
SHORT,0.5888,2026-10-04T15:06:08.205000+09:00,511_202610041505_WLD_USDT_SHORT,1,0.5917439999999999,1.0,0.5858559999999999,511_202610041505_WLD_USDT_SHORT_B1_REFERENCE
SHORT,264.34,2026-10-04T15:16:12.249000+09:00,511_202610041515_QNT_USDT_SHORT,1,265.66169999999994,1.0,263.01829999999995,511_202610041515_QNT_USDT_SHORT_B1_REFERENCE
SHORT,4.2752e-06,2026-10-04T15:26:23.263000+09:00,511_202610041525_PEPE_USDT_SHORT,1,4.296576e-06,1.0,4.2538240000000005e-06,511_202610041525_PEPE_USDT_SHORT_B1_REFERENCE
SHORT,0.5859,2026-10-04T15:26:19.240000+09:00,511_202610041525_WLD_USDT_SHORT,1,0.5888294999999999,1.0,0.5829705,511_202610041525_WLD_USDT_SHORT_B1_REFERENCE
SHORT,14.01,2026-10-04T15:36:11.899000+09:00,511_202610041535_LINK_USDT_SHORT,1,14.080049999999998,1.0,13.93995,511_202610041535_LINK_USDT_SHORT_B1_REFERENCE
LONG,0.006518,2026-10-04T15:36:10.867000+09:00,511_202610041535_PUMPFUN_USDT_LONG,1,0.0064854100000000005,1.0,0.006550589999999999,511_202610041535_PUMPFUN_USDT_LONG_B1_REFERENCE
SHORT,14.005,2026-10-04T15:44:57.585000+09:00,511_202610041540_LINK_USDT_SHORT,1,14.075025,1.0,13.934975000000001,511_202610041540_LINK_USDT_SHORT_B1_REFERENCE
SHORT,0.20132,2026-10-04T15:45:08.471000+09:00,511_202610041545_ARB_USDT_SHORT,1,0.20232659999999997,1.0,0.2003134,511_202610041545_ARB_USDT_SHORT_B1_REFERENCE
SHORT,0.4942,2026-10-04T15:45:12.699000+09:00,511_202610041545_ONDO_USDT_SHORT,1,0.4966709999999999,1.0,0.49172899999999997,511_202610041545_ONDO_USDT_SHORT_B1_REFERENCE
LONG,0.09311,2026-10-04T15:56:15.531000+09:00,511_202610041555_DOGE_USDT_LONG,1,0.09264445,1.0,0.09357555,511_202610041555_DOGE_USDT_LONG_B1_REFERENCE
LONG,1.1817,2026-10-04T15:56:14.615000+09:00,511_202610041555_SUI_USDT_LONG,1,1.1757914999999999,1.0,1.1876084999999998,511_202610041555_SUI_USDT_LONG_B1_REFERENCE
LONG,1.4979,2026-10-04T15:56:07.626000+09:00,511_202610041555_XRP_USDT_LONG,1,1.4904105,1.0,1.5053895,511_202610041555_XRP_USDT_LONG_B1_REFERENCE
LONG,0.2447,2026-10-04T16:06:24.993000+09:00,511_202610041605_ADA_USDT_LONG,1,0.2434765,1.0,0.24592349999999996,511_202610041605_ADA_USDT_LONG_B1_REFERENCE
SHORT,0.4941,2026-10-04T16:06:27.130000+09:00,511_202610041605_ONDO_USDT_SHORT,1,0.4965704999999999,1.0,0.4916295,511_202610041605_ONDO_USDT_SHORT_B1_REFERENCE
LONG,182.82,2026-10-04T16:15:57.181000+09:00,511_202610041615_AAVE_USDT_LONG,1,181.9059,1.0,183.73409999999998,511_202610041615_AAVE_USDT_LONG_B1_REFERENCE
SHORT,0.2013,2026-10-04T16:16:05.657000+09:00,511_202610041615_ARB_USDT_SHORT,1,0.20230649999999997,1.0,0.2002935,511_202610041615_ARB_USDT_SHORT_B1_REFERENCE
LONG,121.15,2026-10-04T16:15:45.091000+09:00,511_202610041615_SOL_USDT_LONG,1,120.54425,1.0,121.75574999999999,511_202610041615_SOL_USDT_LONG_B1_REFERENCE
SHORT,263.42,2026-10-04T16:25:45.298000+09:00,511_202610041625_QNT_USDT_SHORT,1,264.7371,1.0,262.10290000000003,511_202610041625_QNT_USDT_SHORT_B1_REFERENCE
LONG,1.4976,2026-10-04T16:25:46.348000+09:00,511_202610041625_XRP_USDT_LONG,1,1.490112,1.0,1.505088,511_202610041625_XRP_USDT_LONG_B1_REFERENCE
LONG,2.0244,2026-10-04T16:26:06.981000+09:00,511_202610041625_ZRO_USDT_LONG,1,2.014278,1.0,2.034522,511_202610041625_ZRO_USDT_LONG_B1_REFERENCE
SHORT,0.20115,2026-10-04T16:36:21.380000+09:00,511_202610041635_ARB_USDT_SHORT,1,0.20215574999999997,1.0,0.20014425,511_202610041635_ARB_USDT_SHORT_B1_REFERENCE
SHORT,4.787,2026-10-04T16:36:04.854000+09:00,511_202610041635_NEAR_USDT_SHORT,1,4.810935,1.0,4.763065,511_202610041635_NEAR_USDT_SHORT_B1_REFERENCE
SHORT,1.1752,2026-10-04T16:36:07.994000+09:00,511_202610041635_SUI_USDT_SHORT,1,1.1810759999999998,1.0,1.169324,511_202610041635_SUI_USDT_SHORT_B1_REFERENCE
SHORT,303.46,2026-10-04T16:36:06.984000+09:00,511_202610041635_TAO_USDT_SHORT,1,304.97729999999996,1.0,301.9427,511_202610041635_TAO_USDT_SHORT_B1_REFERENCE
SHORT,1371.34,2026-10-04T16:46:20.361000+09:00,511_202610041645_SKHYNIXSTOCK_USDT_SHORT,1,1378.1966999999997,1.0,1364.4832999999999,511_202610041645_SKHYNIXSTOCK_USDT_SHORT_B1_REFERENCE
SHORT,303.3,2026-10-04T16:46:24.766000+09:00,511_202610041645_TAO_USDT_SHORT,1,304.81649999999996,1.0,301.7835,511_202610041645_TAO_USDT_SHORT_B1_REFERENCE
SHORT,2.0091,2026-10-04T16:46:38.626000+09:00,511_202610041645_ZRO_USDT_SHORT,1,2.0191455,1.0,1.9990545000000002,511_202610041645_ZRO_USDT_SHORT_B1_REFERENCE
SHORT,1371.1,2026-10-04T16:55:50.468000+09:00,511_202610041655_SKHYNIXSTOCK_USDT_SHORT,1,1377.9554999999998,1.0,1364.2445,511_202610041655_SKHYNIXSTOCK_USDT_SHORT_B1_REFERENCE
LONG,0.2456,2026-10-04T17:06:29.925000+09:00,511_202610041705_ADA_USDT_LONG,1,0.244372,1.0,0.246828,511_202610041705_ADA_USDT_LONG_B1_REFERENCE
LONG,4.2889e-06,2026-10-04T17:06:12.509000+09:00,511_202610041705_PEPE_USDT_LONG,1,4.267455499999999e-06,1.0,4.310344499999999e-06,511_202610041705_PEPE_USDT_LONG_B1_REFERENCE
LONG,1.4978,2026-10-04T17:06:07.397000+09:00,511_202610041705_XRP_USDT_LONG,1,1.490311,1.0,1.5052889999999999,511_202610041705_XRP_USDT_LONG_B1_REFERENCE
LONG,90.51,2026-10-04T17:17:11.183000+09:00,511_202610041715_HYPE_USDT_LONG,1,90.05745,1.0,90.96255,511_202610041715_HYPE_USDT_LONG_B1_REFERENCE
SHORT,260.59,2026-10-04T17:16:52.887000+09:00,511_202610041715_QNT_USDT_SHORT,1,261.8929499999999,1.0,259.28704999999997,511_202610041715_QNT_USDT_SHORT_B1_REFERENCE
SHORT,1.1785,2026-10-04T17:17:01.087000+09:00,511_202610041715_SUI_USDT_SHORT,1,1.1843925,1.0,1.1726075,511_202610041715_SUI_USDT_SHORT_B1_REFERENCE
SHORT,304.7,2026-10-04T17:17:00.070000+09:00,511_202610041715_TAO_USDT_SHORT,1,306.22349999999994,1.0,303.1765,511_202610041715_TAO_USDT_SHORT_B1_REFERENCE
SHORT,11.025,2026-10-04T17:26:01.979000+09:00,511_202610041725_AVAX_USDT_SHORT,1,11.080124999999999,1.0,10.969875,511_202610041725_AVAX_USDT_SHORT_B1_REFERENCE
LONG,1.0834,2026-10-04T17:26:11.321000+09:00,511_202610041725_BTW_USDT_LONG,1,1.077983,1.0,1.0888169999999997,511_202610041725_BTW_USDT_LONG_B1_REFERENCE
LONG,2700.23,2026-10-04T17:25:49.286000+09:00,511_202610041725_ETH_USDT_LONG,1,2686.72885,1.0,2713.7311499999996,511_202610041725_ETH_USDT_LONG_B1_REFERENCE
SHORT,4.805,2026-10-04T17:25:54.991000+09:00,511_202610041725_NEAR_USDT_SHORT,1,4.829024999999999,1.0,4.780975,511_202610041725_NEAR_USDT_SHORT_B1_REFERENCE
SHORT,304.59,2026-10-04T17:25:57.610000+09:00,511_202610041725_TAO_USDT_SHORT,1,306.11294999999996,1.0,303.06705,511_202610041725_TAO_USDT_SHORT_B1_REFERENCE
SHORT,0.20073,2026-10-04T17:36:28.385000+09:00,511_202610041735_ARB_USDT_SHORT,1,0.20173364999999996,1.0,0.19972635,511_202610041735_ARB_USDT_SHORT_B1_REFERENCE
LONG,90.655,2026-10-04T17:36:24.662000+09:00,511_202610041735_HYPE_USDT_LONG,1,90.201725,1.0,91.10827499999999,511_202610041735_HYPE_USDT_LONG_B1_REFERENCE
SHORT,0.5875,2026-10-04T17:36:10.470000+09:00,511_202610041735_WLD_USDT_SHORT,1,0.5904375,1.0,0.5845625,511_202610041735_WLD_USDT_SHORT_B1_REFERENCE
SHORT,0.20056,2026-10-04T17:46:01.033000+09:00,511_202610041745_ARB_USDT_SHORT,1,0.20156279999999996,1.0,0.1995572,511_202610041745_ARB_USDT_SHORT_B1_REFERENCE
LONG,1068.73,2026-10-04T17:45:56.002000+09:00,511_202610041745_MUSTOCK_USDT_LONG,1,1063.38635,1.0,1074.0736499999998,511_202610041745_MUSTOCK_USDT_LONG_B1_REFERENCE
SHORT,0.07408,2026-10-04T17:45:47.540000+09:00,511_202610041745_SAND_USDT_SHORT,1,0.07445039999999999,1.0,0.07370959999999999,511_202610041745_SAND_USDT_SHORT_B1_REFERENCE
SHORT,0.5857,2026-10-04T17:45:44.989000+09:00,511_202610041745_WLD_USDT_SHORT,1,0.5886284999999999,1.0,0.5827715,511_202610041745_WLD_USDT_SHORT_B1_REFERENCE
SHORT,1.1745,2026-10-04T17:53:53.573000+09:00,511_202610041750_SUI_USDT_SHORT,1,1.1803725,1.0,1.1686275000000002,511_202610041750_SUI_USDT_SHORT_B1_REFERENCE
SHORT,0.5824,2026-10-04T17:53:47.107000+09:00,511_202610041750_WLD_USDT_SHORT,1,0.5853119999999999,1.0,0.579488,511_202610041750_WLD_USDT_SHORT_B1_REFERENCE
SHORT,2.0033,2026-10-04T17:54:05.777000+09:00,511_202610041750_ZRO_USDT_SHORT,1,2.0133164999999997,1.0,1.9932834999999998,511_202610041750_ZRO_USDT_SHORT_B1_REFERENCE
SHORT,0.5797,2026-10-04T18:04:54.579000+09:00,511_202610041800_WLD_USDT_SHORT,1,0.5825984999999999,1.0,0.5768015,511_202610041800_WLD_USDT_SHORT_B1_REFERENCE
SHORT,0.20004,2026-10-04T18:05:17.715000+09:00,511_202610041805_ARB_USDT_SHORT,1,0.20104019999999997,1.0,0.1990398,511_202610041805_ARB_USDT_SHORT_B1_REFERENCE
SHORT,10.996,2026-10-04T18:05:04.824000+09:00,511_202610041805_AVAX_USDT_SHORT,1,11.05098,1.0,10.94102,511_202610041805_AVAX_USDT_SHORT_B1_REFERENCE
SHORT,0.23702,2026-10-04T18:05:11.987000+09:00,511_202610041805_ENA_USDT_SHORT,1,0.23820509999999998,1.0,0.23583490000000001,511_202610041805_ENA_USDT_SHORT_B1_REFERENCE
SHORT,1.1725,2026-10-04T18:05:00.789000+09:00,511_202610041805_SUI_USDT_SHORT,1,1.1783625,1.0,1.1666375,511_202610041805_SUI_USDT_SHORT_B1_REFERENCE
LONG,0.09322,2026-10-04T18:16:33.072000+09:00,511_202610041815_DOGE_USDT_LONG,1,0.0927539,1.0,0.09368609999999998,511_202610041815_DOGE_USDT_LONG_B1_REFERENCE
LONG,14.044,2026-10-04T18:16:35.446000+09:00,511_202610041815_LINK_USDT_LONG,1,13.97378,1.0,14.11422,511_202610041815_LINK_USDT_LONG_B1_REFERENCE
LONG,1.4992,2026-10-04T18:24:53.023000+09:00,511_202610041820_XRP_USDT_LONG,1,1.4917040000000001,1.0,1.506696,511_202610041820_XRP_USDT_LONG_B1_REFERENCE
LONG,90.504,2026-10-04T18:25:08.474000+09:00,511_202610041825_HYPE_USDT_LONG,1,90.05148,1.0,90.95652,511_202610041825_HYPE_USDT_LONG_B1_REFERENCE
LONG,2700.26,2026-10-04T18:34:56.803000+09:00,511_202610041830_ETH_USDT_LONG,1,2686.7587000000003,1.0,2713.7613,511_202610041830_ETH_USDT_LONG_B1_REFERENCE
SHORT,258.9,2026-10-04T18:34:58.930000+09:00,511_202610041830_QNT_USDT_SHORT,1,260.19449999999995,1.0,257.60549999999995,511_202610041830_QNT_USDT_SHORT_B1_REFERENCE
SHORT,0.20102,2026-10-04T18:35:24.818000+09:00,511_202610041835_ARB_USDT_SHORT,1,0.20202509999999999,1.0,0.2000149,511_202610041835_ARB_USDT_SHORT_B1_REFERENCE
SHORT,0.00636,2026-10-04T18:35:10.405000+09:00,511_202610041835_PUMPFUN_USDT_SHORT,1,0.0063917999999999996,1.0,0.0063282,511_202610041835_PUMPFUN_USDT_SHORT_B1_REFERENCE
LONG,2.0582,2026-10-04T18:35:23.750000+09:00,511_202610041835_ZRO_USDT_LONG,1,2.0479089999999998,1.0,2.0684909999999994,511_202610041835_ZRO_USDT_LONG_B1_REFERENCE
LONG,85247.1,2026-10-04T18:45:52.617000+09:00,511_202610041845_BTC_USDT_LONG,1,84820.86450000001,1.0,85673.3355,511_202610041845_BTC_USDT_LONG_B1_REFERENCE
LONG,14.125,2026-10-04T18:46:06.328000+09:00,511_202610041845_LINK_USDT_LONG,1,14.054375,1.0,14.195624999999998,511_202610041845_LINK_USDT_LONG_B1_REFERENCE
SHORT,4.768,2026-10-04T18:46:00.208000+09:00,511_202610041845_NEAR_USDT_SHORT,1,4.79184,1.0,4.74416,511_202610041845_NEAR_USDT_SHORT_B1_REFERENCE
LONG,4.2872e-06,2026-10-04T18:46:01.869000+09:00,511_202610041845_PEPE_USDT_LONG,1,4.265764000000001e-06,1.0,4.308636e-06,511_202610041845_PEPE_USDT_LONG_B1_REFERENCE
LONG,90.603,2026-10-04T18:54:00.460000+09:00,511_202610041850_HYPE_USDT_LONG,1,90.149985,1.0,91.05601499999999,511_202610041850_HYPE_USDT_LONG_B1_REFERENCE
LONG,14.119,2026-10-04T18:53:55.401000+09:00,511_202610041850_LINK_USDT_LONG,1,14.048404999999999,1.0,14.189594999999999,511_202610041850_LINK_USDT_LONG_B1_REFERENCE
SHORT,260.0,2026-10-04T18:53:44.204000+09:00,511_202610041850_QNT_USDT_SHORT,1,261.29999999999995,1.0,258.7,511_202610041850_QNT_USDT_SHORT_B1_REFERENCE
LONG,0.2452,2026-10-04T19:06:28.827000+09:00,511_202610041905_ADA_USDT_LONG,1,0.243974,1.0,0.24642599999999998,511_202610041905_ADA_USDT_LONG_B1_REFERENCE
SHORT,0.006377,2026-10-04T19:06:16.804000+09:00,511_202610041905_PUMPFUN_USDT_SHORT,1,0.006408885,1.0,0.006345115,511_202610041905_PUMPFUN_USDT_SHORT_B1_REFERENCE
LONG,4.854,2026-10-04T19:15:49.387000+09:00,511_202610041915_NEAR_USDT_LONG,1,4.82973,1.0,4.87827,511_202610041915_NEAR_USDT_LONG_B1_REFERENCE
SHORT,181.27,2026-10-04T19:26:08.693000+09:00,511_202610041925_AAVE_USDT_SHORT,1,182.17634999999999,1.0,180.36365,511_202610041925_AAVE_USDT_SHORT_B1_REFERENCE
SHORT,0.23769,2026-10-04T19:26:14.528000+09:00,511_202610041925_ENA_USDT_SHORT,1,0.23887845,1.0,0.23650155,511_202610041925_ENA_USDT_SHORT_B1_REFERENCE
SHORT,0.5822,2026-10-04T19:25:55.867000+09:00,511_202610041925_WLD_USDT_SHORT,1,0.5851109999999999,1.0,0.579289,511_202610041925_WLD_USDT_SHORT_B1_REFERENCE
SHORT,0.20061,2026-10-04T19:36:18.431000+09:00,511_202610041935_ARB_USDT_SHORT,1,0.20161305,1.0,0.19960695,511_202610041935_ARB_USDT_SHORT_B1_REFERENCE
SHORT,0.23723,2026-10-04T19:36:14.196000+09:00,511_202610041935_ENA_USDT_SHORT,1,0.23841614999999997,1.0,0.23604385,511_202610041935_ENA_USDT_SHORT_B1_REFERENCE
LONG,4.838,2026-10-04T19:35:58.442000+09:00,511_202610041935_NEAR_USDT_LONG,1,4.81381,1.0,4.862189999999999,511_202610041935_NEAR_USDT_LONG_B1_REFERENCE
LONG,70.73,2026-10-04T19:45:50.658000+09:00,511_202610041945_LTC_USDT_LONG,1,70.37635,1.0,71.08364999999999,511_202610041945_LTC_USDT_LONG_B1_REFERENCE
LONG,4.883,2026-10-04T19:45:39.272000+09:00,511_202610041945_NEAR_USDT_LONG,1,4.858585,1.0,4.907414999999999,511_202610041945_NEAR_USDT_LONG_B1_REFERENCE
SHORT,1.9938,2026-10-04T19:45:57.924000+09:00,511_202610041945_ZRO_USDT_SHORT,1,2.0037689999999997,1.0,1.983831,511_202610041945_ZRO_USDT_SHORT_B1_REFERENCE
LONG,1.1934,2026-10-04T19:56:47.261000+09:00,511_202610041955_DOT_USDT_LONG,1,1.187433,1.0,1.1993669999999998,511_202610041955_DOT_USDT_LONG_B1_REFERENCE
LONG,2702.51,2026-10-04T19:56:18.843000+09:00,511_202610041955_ETH_USDT_LONG,1,2688.9974500000003,1.0,2716.02255,511_202610041955_ETH_USDT_LONG_B1_REFERENCE
LONG,14.119,2026-10-04T19:56:32.459000+09:00,511_202610041955_LINK_USDT_LONG,1,14.048404999999999,1.0,14.189594999999999,511_202610041955_LINK_USDT_LONG_B1_REFERENCE
LONG,4.889,2026-10-04T19:56:25.329000+09:00,511_202610041955_NEAR_USDT_LONG,1,4.864555,1.0,4.913444999999999,511_202610041955_NEAR_USDT_LONG_B1_REFERENCE
SHORT,179.82,2026-10-04T20:05:20.993000+09:00,511_202610042005_AAVE_USDT_SHORT,1,180.71909999999997,1.0,178.9209,511_202610042005_AAVE_USDT_SHORT_B1_REFERENCE
LONG,70.82,2026-10-04T20:05:25.496000+09:00,511_202610042005_LTC_USDT_LONG,1,70.46589999999999,1.0,71.17409999999998,511_202610042005_LTC_USDT_LONG_B1_REFERENCE
SHORT,301.14,2026-10-04T20:05:12.973000+09:00,511_202610042005_TAO_USDT_SHORT,1,302.6457,1.0,299.6343,511_202610042005_TAO_USDT_SHORT_B1_REFERENCE
LONG,85237.7,2026-10-04T20:15:46.794000+09:00,511_202610042015_BTC_USDT_LONG,1,84811.5115,1.0,85663.88849999999,511_202610042015_BTC_USDT_LONG_B1_REFERENCE
LONG,1.1856,2026-10-04T20:15:58.491000+09:00,511_202610042015_SUI_USDT_LONG,1,1.179672,1.0,1.191528,511_202610042015_SUI_USDT_LONG_B1_REFERENCE
SHORT,0.4897,2026-10-04T20:26:13.435000+09:00,511_202610042025_ONDO_USDT_SHORT,1,0.4921485,1.0,0.4872515,511_202610042025_ONDO_USDT_SHORT_B1_REFERENCE
SHORT,258.75,2026-10-04T20:25:49.422000+09:00,511_202610042025_QNT_USDT_SHORT,1,260.04375,1.0,257.45625,511_202610042025_QNT_USDT_SHORT_B1_REFERENCE
SHORT,179.94,2026-10-04T20:46:24.050000+09:00,511_202610042045_AAVE_USDT_SHORT,1,180.83969999999997,1.0,179.0403,511_202610042045_AAVE_USDT_SHORT_B1_REFERENCE
LONG,0.07744,2026-10-04T20:46:16.992000+09:00,511_202610042045_SAND_USDT_LONG,1,0.07705279999999999,1.0,0.07782719999999999,511_202610042045_SAND_USDT_LONG_B1_REFERENCE
LONG,1.18,2026-10-04T20:46:18.055000+09:00,511_202610042045_SUI_USDT_LONG,1,1.1741,1.0,1.1858999999999997,511_202610042045_SUI_USDT_LONG_B1_REFERENCE
SHORT,256.82,2026-10-04T20:55:49.438000+09:00,511_202610042055_QNT_USDT_SHORT,1,258.10409999999996,1.0,255.5359,511_202610042055_QNT_USDT_SHORT_B1_REFERENCE
SHORT,10.979,2026-10-04T21:04:16.102000+09:00,511_202610042100_AVAX_USDT_SHORT,1,11.033894999999998,1.0,10.924104999999999,511_202610042100_AVAX_USDT_SHORT_B1_REFERENCE
SHORT,4.275e-06,2026-10-04T21:04:08.484000+09:00,511_202610042100_PEPE_USDT_SHORT,1,4.296374999999999e-06,1.0,4.2536249999999994e-06,511_202610042100_PEPE_USDT_SHORT_B1_REFERENCE
SHORT,1.9872,2026-10-04T21:04:24.619000+09:00,511_202610042100_ZRO_USDT_SHORT,1,1.9971359999999998,1.0,1.9772640000000001,511_202610042100_ZRO_USDT_SHORT_B1_REFERENCE
SHORT,179.49,2026-10-04T21:15:08.060000+09:00,511_202610042115_AAVE_USDT_SHORT,1,180.38745,1.0,178.59255000000002,511_202610042115_AAVE_USDT_SHORT_B1_REFERENCE
SHORT,0.19891,2026-10-04T21:15:14.312000+09:00,511_202610042115_ARB_USDT_SHORT,1,0.19990455,1.0,0.19791545,511_202610042115_ARB_USDT_SHORT_B1_REFERENCE
SHORT,0.237,2026-10-04T21:15:08.900000+09:00,511_202610042115_ENA_USDT_SHORT,1,0.23818499999999995,1.0,0.235815,511_202610042115_ENA_USDT_SHORT_B1_REFERENCE
SHORT,0.4895,2026-10-04T21:15:16.038000+09:00,511_202610042115_ONDO_USDT_SHORT,1,0.4919474999999999,1.0,0.4870525,511_202610042115_ONDO_USDT_SHORT_B1_REFERENCE
SHORT,0.006271,2026-10-04T21:23:54.881000+09:00,511_202610042120_PUMPFUN_USDT_SHORT,1,0.006302354999999999,1.0,0.006239644999999999,511_202610042120_PUMPFUN_USDT_SHORT_B1_REFERENCE
SHORT,0.5804,2026-10-04T21:23:48.353000+09:00,511_202610042120_WLD_USDT_SHORT,1,0.583302,1.0,0.5774980000000001,511_202610042120_WLD_USDT_SHORT_B1_REFERENCE
SHORT,1.9768,2026-10-04T21:24:08.399000+09:00,511_202610042120_ZRO_USDT_SHORT,1,1.9866839999999997,1.0,1.9669159999999999,511_202610042120_ZRO_USDT_SHORT_B1_REFERENCE
LONG,70.94,2026-10-04T21:35:17.976000+09:00,511_202610042135_LTC_USDT_LONG,1,70.5853,1.0,71.29469999999999,511_202610042135_LTC_USDT_LONG_B1_REFERENCE
LONG,71.15,2026-10-04T21:46:17.551000+09:00,511_202610042145_LTC_USDT_LONG,1,70.79425,1.0,71.50574999999999,511_202610042145_LTC_USDT_LONG_B1_REFERENCE
LONG,0.0765,2026-10-04T21:45:58.459000+09:00,511_202610042145_SAND_USDT_LONG,1,0.0761175,1.0,0.07688249999999999,511_202610042145_SAND_USDT_LONG_B1_REFERENCE
LONG,1.1834,2026-10-04T21:46:01.029000+09:00,511_202610042145_SUI_USDT_LONG,1,1.177483,1.0,1.189317,511_202610042145_SUI_USDT_LONG_B1_REFERENCE
SHORT,10.981,2026-10-04T22:06:48.918000+09:00,511_202610042205_AVAX_USDT_SHORT,1,11.035904999999998,1.0,10.926095,511_202610042205_AVAX_USDT_SHORT_B1_REFERENCE
SHORT,179.96,2026-10-04T22:13:52.519000+09:00,511_202610042210_AAVE_USDT_SHORT,1,180.85979999999998,1.0,179.0602,511_202610042210_AAVE_USDT_SHORT_B1_REFERENCE
LONG,14.124,2026-10-04T22:35:08.944000+09:00,511_202610042235_LINK_USDT_LONG,1,14.05338,1.0,14.194619999999999,511_202610042235_LINK_USDT_LONG_B1_REFERENCE
LONG,1070.14,2026-10-04T22:35:09.919000+09:00,511_202610042235_MUSTOCK_USDT_LONG,1,1064.7893000000001,1.0,1075.4907,511_202610042235_MUSTOCK_USDT_LONG_B1_REFERENCE
LONG,0.07881,2026-10-04T22:35:03.817000+09:00,511_202610042235_SAND_USDT_LONG,1,0.07841595,1.0,0.07920405,511_202610042235_SAND_USDT_LONG_B1_REFERENCE
LONG,0.07954,2026-10-04T22:44:53.908000+09:00,511_202610042240_SAND_USDT_LONG,1,0.0791423,1.0,0.07993769999999999,511_202610042240_SAND_USDT_LONG_B1_REFERENCE
LONG,1.1867,2026-10-04T22:44:57.903000+09:00,511_202610042240_SUI_USDT_LONG,1,1.1807665,1.0,1.1926335,511_202610042240_SUI_USDT_LONG_B1_REFERENCE
SHORT,0.4693,2026-10-04T22:45:12.152000+09:00,511_202610042245_TIA_USDT_SHORT,1,0.47164649999999997,1.0,0.46695349999999997,511_202610042245_TIA_USDT_SHORT_B1_REFERENCE
SHORT,0.19965,2026-10-04T23:06:39.326000+09:00,511_202610042305_ARB_USDT_SHORT,1,0.20064824999999997,1.0,0.19865175,511_202610042305_ARB_USDT_SHORT_B1_REFERENCE
SHORT,0.5785,2026-10-04T23:06:24.613000+09:00,511_202610042305_WLD_USDT_SHORT,1,0.5813925,1.0,0.5756075,511_202610042305_WLD_USDT_SHORT_B1_REFERENCE
SHORT,89.983,2026-10-04T23:16:24.459000+09:00,511_202610042315_HYPE_USDT_SHORT,1,90.432915,1.0,89.533085,511_202610042315_HYPE_USDT_SHORT_B1_REFERENCE
LONG,0.05611,2026-10-04T23:16:34.118000+09:00,511_202610042315_STRK_USDT_LONG,1,0.05582945,1.0,0.05639055,511_202610042315_STRK_USDT_LONG_B1_REFERENCE
LONG,304.28,2026-10-04T23:16:16.420000+09:00,511_202610042315_TAO_USDT_LONG,1,302.75859999999994,1.0,305.80139999999994,511_202610042315_TAO_USDT_LONG_B1_REFERENCE
SHORT,1323.07,2026-10-04T23:16:06.960000+09:00,511_202610042315_ZEC_USDT_SHORT,1,1329.6853499999997,1.0,1316.45465,511_202610042315_ZEC_USDT_SHORT_B1_REFERENCE
LONG,0.05677,2026-10-04T23:26:14.237000+09:00,511_202610042325_STRK_USDT_LONG,1,0.05648615,1.0,0.057053849999999996,511_202610042325_STRK_USDT_LONG_B1_REFERENCE
LONG,1.1997,2026-10-04T23:25:55.524000+09:00,511_202610042325_SUI_USDT_LONG,1,1.1937015,1.0,1.2056984999999998,511_202610042325_SUI_USDT_LONG_B1_REFERENCE
SHORT,1322.32,2026-10-04T23:25:43.911000+09:00,511_202610042325_ZEC_USDT_SHORT,1,1328.9316,1.0,1315.7084,511_202610042325_ZEC_USDT_SHORT_B1_REFERENCE
LONG,1.1989,2026-10-04T23:36:19.861000+09:00,511_202610042335_BTW_USDT_LONG,1,1.1929055000000002,1.0,1.2048945,511_202610042335_BTW_USDT_LONG_B1_REFERENCE
LONG,14.157,2026-10-04T23:36:12.184000+09:00,511_202610042335_LINK_USDT_LONG,1,14.086215,1.0,14.227784999999999,511_202610042335_LINK_USDT_LONG_B1_REFERENCE
SHORT,1.9651,2026-10-04T23:36:26.398000+09:00,511_202610042335_ZRO_USDT_SHORT,1,1.9749255,1.0,1.9552745,511_202610042335_ZRO_USDT_SHORT_B1_REFERENCE
SHORT,178.74,2026-10-04T23:46:08.917000+09:00,511_202610042345_AAVE_USDT_SHORT,1,179.63369999999998,1.0,177.8463,511_202610042345_AAVE_USDT_SHORT_B1_REFERENCE
LONG,0.09374,2026-10-04T23:46:02.963000+09:00,511_202610042345_DOGE_USDT_LONG,1,0.0932713,1.0,0.09420869999999999,511_202610042345_DOGE_USDT_LONG_B1_REFERENCE
LONG,71.4,2026-10-04T23:46:13.467000+09:00,511_202610042345_LTC_USDT_LONG,1,71.043,1.0,71.757,511_202610042345_LTC_USDT_LONG_B1_REFERENCE
LONG,0.05779,2026-10-04T23:46:14.311000+09:00,511_202610042345_STRK_USDT_LONG,1,0.05750105,1.0,0.05807895,511_202610042345_STRK_USDT_LONG_B1_REFERENCE
LONG,305.67,2026-10-04T23:53:50.198000+09:00,511_202610042350_TAO_USDT_LONG,1,304.14165,1.0,307.19835,511_202610042350_TAO_USDT_LONG_B1_REFERENCE
LONG,0.09415,2026-10-05T00:04:10.233000+09:00,511_202610050000_DOGE_USDT_LONG,1,0.09367924999999999,1.0,0.09462074999999999,511_202610050000_DOGE_USDT_LONG_B1_REFERENCE
LONG,14.166,2026-10-05T00:04:12.339000+09:00,511_202610050000_LINK_USDT_LONG,1,14.09517,1.0,14.23683,511_202610050000_LINK_USDT_LONG_B1_REFERENCE
LONG,0.4964,2026-10-05T00:04:25.104000+09:00,511_202610050000_ONDO_USDT_LONG,1,0.493918,1.0,0.49888199999999994,511_202610050000_ONDO_USDT_LONG_B1_REFERENCE
LONG,0.07842,2026-10-05T00:04:06.121000+09:00,511_202610050000_SAND_USDT_LONG,1,0.0780279,1.0,0.0788121,511_202610050000_SAND_USDT_LONG_B1_REFERENCE
SHORT,89.852,2026-10-05T00:26:42.964000+09:00,511_202610050025_HYPE_USDT_SHORT,1,90.30126,1.0,89.40274000000001,511_202610050025_HYPE_USDT_SHORT_B1_REFERENCE
LONG,4.3056e-06,2026-10-05T00:26:36.169000+09:00,511_202610050025_PEPE_USDT_LONG,1,4.284072e-06,1.0,4.3271279999999995e-06,511_202610050025_PEPE_USDT_LONG_B1_REFERENCE
LONG,1.5048,2026-10-05T00:26:28.343000+09:00,511_202610050025_XRP_USDT_LONG,1,1.4972759999999998,1.0,1.5123239999999998,511_202610050025_XRP_USDT_LONG_B1_REFERENCE
LONG,1.2443,2026-10-05T00:35:35.661000+09:00,511_202610050035_SUI_USDT_LONG,1,1.2380784999999999,1.0,1.2505214999999998,511_202610050035_SUI_USDT_LONG_B1_REFERENCE
LONG,85299.9,2026-10-05T00:46:35.742000+09:00,511_202610050045_BTC_USDT_LONG,1,84873.40049999999,1.0,85726.39949999998,511_202610050045_BTC_USDT_LONG_B1_REFERENCE
LONG,1.257,2026-10-05T00:46:43.760000+09:00,511_202610050045_SUI_USDT_LONG,1,1.2507149999999998,1.0,1.2632849999999998,511_202610050045_SUI_USDT_LONG_B1_REFERENCE
LONG,0.05724,2026-10-05T00:56:42.480000+09:00,511_202610050055_STRK_USDT_LONG,1,0.0569538,1.0,0.05752619999999999,511_202610050055_STRK_USDT_LONG_B1_REFERENCE
SHORT,0.5801,2026-10-05T00:56:26.705000+09:00,511_202610050055_WLD_USDT_SHORT,1,0.5830004999999999,1.0,0.5771995,511_202610050055_WLD_USDT_SHORT_B1_REFERENCE
SHORT,4.818,2026-10-05T01:06:41.737000+09:00,511_202610050105_NEAR_USDT_SHORT,1,4.842089999999999,1.0,4.7939099999999994,511_202610050105_NEAR_USDT_SHORT_B1_REFERENCE
SHORT,1318.0,2026-10-05T01:06:36.562000+09:00,511_202610050105_ZEC_USDT_SHORT,1,1324.59,1.0,1311.41,511_202610050105_ZEC_USDT_SHORT_B1_REFERENCE
LONG,0.2484,2026-10-05T01:16:17.439000+09:00,511_202610050115_ADA_USDT_LONG,1,0.24715800000000002,1.0,0.24964199999999998,511_202610050115_ADA_USDT_LONG_B1_REFERENCE
LONG,0.20133,2026-10-05T01:16:19.311000+09:00,511_202610050115_ARB_USDT_LONG,1,0.20032335,1.0,0.20233664999999998,511_202610050115_ARB_USDT_LONG_B1_REFERENCE
LONG,0.006663,2026-10-05T01:16:04.622000+09:00,511_202610050115_PUMPFUN_USDT_LONG,1,0.006629685,1.0,0.006696314999999999,511_202610050115_PUMPFUN_USDT_LONG_B1_REFERENCE
SHORT,89.723,2026-10-05T01:26:40.440000+09:00,511_202610050125_HYPE_USDT_SHORT,1,90.17161499999999,1.0,89.274385,511_202610050125_HYPE_USDT_SHORT_B1_REFERENCE
LONG,0.20146,2026-10-05T01:36:38.045000+09:00,511_202610050135_ARB_USDT_LONG,1,0.2004527,1.0,0.2024673,511_202610050135_ARB_USDT_LONG_B1_REFERENCE
LONG,4.2947e-06,2026-10-05T01:36:23.042000+09:00,511_202610050135_PEPE_USDT_LONG,1,4.2732265e-06,1.0,4.3161734999999994e-06,511_202610050135_PEPE_USDT_LONG_B1_REFERENCE
SHORT,0.4672,2026-10-05T01:36:36.092000+09:00,511_202610050135_TIA_USDT_SHORT,1,0.46953599999999995,1.0,0.464864,511_202610050135_TIA_USDT_SHORT_B1_REFERENCE
LONG,0.2473,2026-10-05T01:56:51.443000+09:00,511_202610050155_ADA_USDT_LONG,1,0.2460635,1.0,0.24853649999999997,511_202610050155_ADA_USDT_LONG_B1_REFERENCE
LONG,0.20263,2026-10-05T01:56:52.603000+09:00,511_202610050155_ARB_USDT_LONG,1,0.20161685000000001,1.0,0.20364315,511_202610050155_ARB_USDT_LONG_B1_REFERENCE
LONG,4.953,2026-10-05T01:56:24.102000+09:00,511_202610050155_NEAR_USDT_LONG,1,4.928235,1.0,4.977765,511_202610050155_NEAR_USDT_LONG_B1_REFERENCE
SHORT,0.5814,2026-10-05T01:56:27.318000+09:00,511_202610050155_WLD_USDT_SHORT,1,0.584307,1.0,0.578493,511_202610050155_WLD_USDT_SHORT_B1_REFERENCE
LONG,0.0949,2026-10-05T02:06:16.480000+09:00,511_202610050205_DOGE_USDT_LONG,1,0.0944255,1.0,0.09537449999999999,511_202610050205_DOGE_USDT_LONG_B1_REFERENCE
LONG,0.4951,2026-10-05T02:06:32.159000+09:00,511_202610050205_ONDO_USDT_LONG,1,0.49262449999999997,1.0,0.49757549999999995,511_202610050205_ONDO_USDT_LONG_B1_REFERENCE
LONG,305.69,2026-10-05T02:06:13.389000+09:00,511_202610050205_TAO_USDT_LONG,1,304.16155,1.0,307.21844999999996,511_202610050205_TAO_USDT_LONG_B1_REFERENCE
LONG,4.937,2026-10-05T02:14:57.546000+09:00,511_202610050210_NEAR_USDT_LONG,1,4.912315,1.0,4.961685,511_202610050210_NEAR_USDT_LONG_B1_REFERENCE
LONG,0.2391,2026-10-05T02:25:18.718000+09:00,511_202610050225_ENA_USDT_LONG,1,0.23790450000000002,1.0,0.2402955,511_202610050225_ENA_USDT_LONG_B1_REFERENCE
SHORT,89.831,2026-10-05T02:25:17.730000+09:00,511_202610050225_HYPE_USDT_SHORT,1,90.280155,1.0,89.381845,511_202610050225_HYPE_USDT_SHORT_B1_REFERENCE
LONG,0.09517,2026-10-05T02:33:58.637000+09:00,511_202610050230_DOGE_USDT_LONG,1,0.09469415,1.0,0.09564584999999999,511_202610050230_DOGE_USDT_LONG_B1_REFERENCE
LONG,0.24085,2026-10-05T02:34:07.347000+09:00,511_202610050230_ENA_USDT_LONG,1,0.23964575000000002,1.0,0.24205424999999997,511_202610050230_ENA_USDT_LONG_B1_REFERENCE
LONG,0.09612,2026-10-05T02:45:57.275000+09:00,511_202610050245_DOGE_USDT_LONG,1,0.0956394,1.0,0.09660059999999998,511_202610050245_DOGE_USDT_LONG_B1_REFERENCE
LONG,4.3171e-06,2026-10-05T02:46:01.354000+09:00,511_202610050245_PEPE_USDT_LONG,1,4.2955144999999994e-06,1.0,4.338685499999999e-06,511_202610050245_PEPE_USDT_LONG_B1_REFERENCE
SHORT,0.579,2026-10-05T02:45:59.311000+09:00,511_202610050245_WLD_USDT_SHORT,1,0.5818949999999999,1.0,0.576105,511_202610050245_WLD_USDT_SHORT_B1_REFERENCE
LONG,1340.08,2026-10-05T02:45:49.207000+09:00,511_202610050245_ZEC_USDT_LONG,1,1333.3796,1.0,1346.7803999999999,511_202610050245_ZEC_USDT_LONG_B1_REFERENCE
LONG,1.2415,2026-10-05T03:06:32.058000+09:00,511_202610050305_BTW_USDT_LONG,1,1.2352925000000001,1.0,1.2477075,511_202610050305_BTW_USDT_LONG_B1_REFERENCE
SHORT,0.4918,2026-10-05T03:06:34.918000+09:00,511_202610050305_ONDO_USDT_SHORT,1,0.49425899999999995,1.0,0.489341,511_202610050305_ONDO_USDT_SHORT_B1_REFERENCE
LONG,14.145,2026-10-05T03:16:02.970000+09:00,511_202610050315_LINK_USDT_LONG,1,14.074275,1.0,14.215724999999997,511_202610050315_LINK_USDT_LONG_B1_REFERENCE
SHORT,71.03,2026-10-05T03:16:10.337000+09:00,511_202610050315_LTC_USDT_SHORT,1,71.38515,1.0,70.67485,511_202610050315_LTC_USDT_SHORT_B1_REFERENCE
LONG,1.2417,2026-10-05T03:26:15.800000+09:00,511_202610050325_BTW_USDT_LONG,1,1.2354915,1.0,1.2479084999999999,511_202610050325_BTW_USDT_LONG_B1_REFERENCE
LONG,1333.02,2026-10-05T03:25:53.054000+09:00,511_202610050325_ZEC_USDT_LONG,1,1326.3549,1.0,1339.6851,511_202610050325_ZEC_USDT_LONG_B1_REFERENCE
LONG,0.2491,2026-10-05T03:34:24.566000+09:00,511_202610050330_ADA_USDT_LONG,1,0.24785449999999998,1.0,0.25034549999999994,511_202610050330_ADA_USDT_LONG_B1_REFERENCE
SHORT,0.4911,2026-10-05T03:34:23.552000+09:00,511_202610050330_ONDO_USDT_SHORT,1,0.4935554999999999,1.0,0.4886445,511_202610050330_ONDO_USDT_SHORT_B1_REFERENCE
LONG,4.3139e-06,2026-10-05T03:34:09.961000+09:00,511_202610050330_PEPE_USDT_LONG,1,4.2923305000000005e-06,1.0,4.3354695e-06,511_202610050330_PEPE_USDT_LONG_B1_REFERENCE
LONG,0.249,2026-10-05T03:47:26.120000+09:00,511_202610050345_ADA_USDT_LONG,1,0.247755,1.0,0.250245,511_202610050345_ADA_USDT_LONG_B1_REFERENCE
LONG,0.20271,2026-10-05T03:47:27.027000+09:00,511_202610050345_ARB_USDT_LONG,1,0.20169645,1.0,0.20372354999999998,511_202610050345_ARB_USDT_LONG_B1_REFERENCE
LONG,1.2575,2026-10-05T03:47:21.736000+09:00,511_202610050345_BTW_USDT_LONG,1,1.2512125,1.0,1.2637874999999998,511_202610050345_BTW_USDT_LONG_B1_REFERENCE
LONG,0.24014,2026-10-05T03:47:16.535000+09:00,511_202610050345_ENA_USDT_LONG,1,0.2389393,1.0,0.24134069999999996,511_202610050345_ENA_USDT_LONG_B1_REFERENCE
LONG,0.2498,2026-10-05T03:47:24.391000+09:00,511_202610050345_FET_USDT_LONG,1,0.248551,1.0,0.25104899999999997,511_202610050345_FET_USDT_LONG_B1_REFERENCE
LONG,90.373,2026-10-05T03:47:17.400000+09:00,511_202610050345_HYPE_USDT_LONG,1,89.921135,1.0,90.82486499999999,511_202610050345_HYPE_USDT_LONG_B1_REFERENCE
LONG,5.02,2026-10-05T03:47:06.909000+09:00,511_202610050345_NEAR_USDT_LONG,1,4.9948999999999995,1.0,5.045099999999999,511_202610050345_NEAR_USDT_LONG_B1_REFERENCE
SHORT,0.05422,2026-10-05T03:47:23.512000+09:00,511_202610050345_STRK_USDT_SHORT,1,0.054491099999999994,1.0,0.053948899999999994,511_202610050345_STRK_USDT_SHORT_B1_REFERENCE
SHORT,0.05402,2026-10-05T03:55:24.272000+09:00,511_202610050355_STRK_USDT_SHORT,1,0.054290099999999994,1.0,0.053749899999999996,511_202610050355_STRK_USDT_SHORT_B1_REFERENCE
LONG,180.0,2026-10-05T04:07:11.855000+09:00,511_202610050405_AAVE_USDT_LONG,1,179.1,1.0,180.89999999999998,511_202610050405_AAVE_USDT_LONG_B1_REFERENCE
LONG,0.2531,2026-10-05T04:07:18.120000+09:00,511_202610050405_ADA_USDT_LONG,1,0.2518345,1.0,0.25436549999999997,511_202610050405_ADA_USDT_LONG_B1_REFERENCE
LONG,11.088,2026-10-05T04:07:09.615000+09:00,511_202610050405_AVAX_USDT_LONG,1,11.032559999999998,1.0,11.143439999999998,511_202610050405_AVAX_USDT_LONG_B1_REFERENCE
LONG,0.09544,2026-10-05T04:06:58.522000+09:00,511_202610050405_DOGE_USDT_LONG,1,0.0949628,1.0,0.09591719999999998,511_202610050405_DOGE_USDT_LONG_B1_REFERENCE
LONG,0.2535,2026-10-05T04:16:15.388000+09:00,511_202610050415_ADA_USDT_LONG,1,0.2522325,1.0,0.2547675,511_202610050415_ADA_USDT_LONG_B1_REFERENCE
LONG,0.2557,2026-10-05T04:26:13.811000+09:00,511_202610050425_ADA_USDT_LONG,1,0.25442149999999997,1.0,0.25697849999999994,511_202610050425_ADA_USDT_LONG_B1_REFERENCE
LONG,0.20365,2026-10-05T04:26:16.902000+09:00,511_202610050425_ARB_USDT_LONG,1,0.20263175,1.0,0.20466824999999997,511_202610050425_ARB_USDT_LONG_B1_REFERENCE
LONG,0.23957,2026-10-05T04:26:04.134000+09:00,511_202610050425_ENA_USDT_LONG,1,0.23837215,1.0,0.24076784999999998,511_202610050425_ENA_USDT_LONG_B1_REFERENCE
SHORT,121.37,2026-10-05T04:25:48.982000+09:00,511_202610050425_SOL_USDT_SHORT,1,121.97684999999998,1.0,120.76315000000001,511_202610050425_SOL_USDT_SHORT_B1_REFERENCE
LONG,179.85,2026-10-05T04:36:23.640000+09:00,511_202610050435_AAVE_USDT_LONG,1,178.95075,1.0,180.74925,511_202610050435_AAVE_USDT_LONG_B1_REFERENCE
LONG,0.2569,2026-10-05T04:36:28.846000+09:00,511_202610050435_ADA_USDT_LONG,1,0.2556155,1.0,0.2581845,511_202610050435_ADA_USDT_LONG_B1_REFERENCE
SHORT,302.69,2026-10-05T04:36:12.197000+09:00,511_202610050435_TAO_USDT_SHORT,1,304.20345,1.0,301.17655,511_202610050435_TAO_USDT_SHORT_B1_REFERENCE
LONG,1.5074,2026-10-05T04:36:05.954000+09:00,511_202610050435_XRP_USDT_LONG,1,1.4998630000000002,1.0,1.514937,511_202610050435_XRP_USDT_LONG_B1_REFERENCE
LONG,11.092,2026-10-05T04:56:11.117000+09:00,511_202610050455_AVAX_USDT_LONG,1,11.03654,1.0,11.147459999999999,511_202610050455_AVAX_USDT_LONG_B1_REFERENCE
SHORT,121.17,2026-10-05T04:55:53.561000+09:00,511_202610050455_SOL_USDT_SHORT,1,121.77584999999999,1.0,120.56415,511_202610050455_SOL_USDT_SHORT_B1_REFERENCE
LONG,0.2036,2026-10-05T05:06:36.263000+09:00,511_202610050505_ARB_USDT_LONG,1,0.202582,1.0,0.204618,511_202610050505_ARB_USDT_LONG_B1_REFERENCE
SHORT,120.72,2026-10-05T05:06:08.421000+09:00,511_202610050505_SOL_USDT_SHORT,1,121.32359999999998,1.0,120.1164,511_202610050505_SOL_USDT_SHORT_B1_REFERENCE
LONG,0.252,2026-10-05T05:16:21.305000+09:00,511_202610050515_ADA_USDT_LONG,1,0.25074,1.0,0.25326,511_202610050515_ADA_USDT_LONG_B1_REFERENCE
SHORT,120.88,2026-10-05T05:15:58.735000+09:00,511_202610050515_SOL_USDT_SHORT,1,121.48439999999998,1.0,120.2756,511_202610050515_SOL_USDT_SHORT_B1_REFERENCE
SHORT,0.4923,2026-10-05T05:24:00.879000+09:00,511_202610050520_ONDO_USDT_SHORT,1,0.49476149999999997,1.0,0.4898385,511_202610050520_ONDO_USDT_SHORT_B1_REFERENCE
SHORT,70.8,2026-10-05T05:34:04.899000+09:00,511_202610050530_LTC_USDT_SHORT,1,71.154,1.0,70.446,511_202610050530_LTC_USDT_SHORT_B1_REFERENCE
SHORT,1.2014,2026-10-05T05:33:51.380000+09:00,511_202610050530_SUI_USDT_SHORT,1,1.207407,1.0,1.195393,511_202610050530_SUI_USDT_SHORT_B1_REFERENCE
SHORT,301.95,2026-10-05T05:33:54.430000+09:00,511_202610050530_TAO_USDT_SHORT,1,303.45974999999993,1.0,300.44025,511_202610050530_TAO_USDT_SHORT_B1_REFERENCE
SHORT,0.5769,2026-10-05T05:33:55.422000+09:00,511_202610050530_WLD_USDT_SHORT,1,0.5797844999999999,1.0,0.5740155,511_202610050530_WLD_USDT_SHORT_B1_REFERENCE
LONG,90.654,2026-10-05T05:47:22.234000+09:00,511_202610050545_HYPE_USDT_LONG,1,90.20073,1.0,91.10726999999999,511_202610050545_HYPE_USDT_LONG_B1_REFERENCE
SHORT,249.83,2026-10-05T05:47:08.802000+09:00,511_202610050545_QNT_USDT_SHORT,1,251.07915,1.0,248.58085,511_202610050545_QNT_USDT_SHORT_B1_REFERENCE
LONG,85831.3,2026-10-05T06:06:09.111000+09:00,511_202610050605_BTC_USDT_LONG,1,85402.1435,1.0,86260.4565,511_202610050605_BTC_USDT_LONG_B1_REFERENCE
LONG,0.20364,2026-10-05T06:14:13.135000+09:00,511_202610050610_ARB_USDT_LONG,1,0.2026218,1.0,0.20465819999999996,511_202610050610_ARB_USDT_LONG_B1_REFERENCE
LONG,2706.0,2026-10-05T06:13:45.508000+09:00,511_202610050610_ETH_USDT_LONG,1,2692.47,1.0,2719.5299999999997,511_202610050610_ETH_USDT_LONG_B1_REFERENCE
LONG,14.199,2026-10-05T06:13:59.841000+09:00,511_202610050610_LINK_USDT_LONG,1,14.128005,1.0,14.269994999999998,511_202610050610_LINK_USDT_LONG_B1_REFERENCE
LONG,0.05714,2026-10-05T06:14:12.090000+09:00,511_202610050610_STRK_USDT_LONG,1,0.0568543,1.0,0.057425699999999996,511_202610050610_STRK_USDT_LONG_B1_REFERENCE
LONG,0.09677,2026-10-05T06:26:00.988000+09:00,511_202610050625_DOGE_USDT_LONG,1,0.09628615,1.0,0.09725384999999999,511_202610050625_DOGE_USDT_LONG_B1_REFERENCE
LONG,0.05833,2026-10-05T06:26:20.971000+09:00,511_202610050625_STRK_USDT_LONG,1,0.05803835,1.0,0.05862164999999999,511_202610050625_STRK_USDT_LONG_B1_REFERENCE
LONG,1.5106,2026-10-05T06:25:57.123000+09:00,511_202610050625_XRP_USDT_LONG,1,1.503047,1.0,1.5181529999999999,511_202610050625_XRP_USDT_LONG_B1_REFERENCE
LONG,0.09666,2026-10-05T06:35:44.629000+09:00,511_202610050635_DOGE_USDT_LONG,1,0.09617669999999999,1.0,0.09714329999999999,511_202610050635_DOGE_USDT_LONG_B1_REFERENCE
LONG,0.4947,2026-10-05T06:36:06.636000+09:00,511_202610050635_ONDO_USDT_LONG,1,0.49222649999999996,1.0,0.49717349999999993,511_202610050635_ONDO_USDT_LONG_B1_REFERENCE
SHORT,1.2082,2026-10-05T06:46:16.598000+09:00,511_202610050645_SUI_USDT_SHORT,1,1.214241,1.0,1.202159,511_202610050645_SUI_USDT_SHORT_B1_REFERENCE
SHORT,0.5778,2026-10-05T06:46:23.933000+09:00,511_202610050645_WLD_USDT_SHORT,1,0.5806889999999999,1.0,0.574911,511_202610050645_WLD_USDT_SHORT_B1_REFERENCE
SHORT,11.025,2026-10-05T06:56:14.427000+09:00,511_202610050655_AVAX_USDT_SHORT,1,11.080124999999999,1.0,10.969875,511_202610050655_AVAX_USDT_SHORT_B1_REFERENCE
LONG,4.3364e-06,2026-10-05T06:56:07.800000+09:00,511_202610050655_PEPE_USDT_LONG,1,4.314718e-06,1.0,4.358081999999999e-06,511_202610050655_PEPE_USDT_LONG_B1_REFERENCE
SHORT,0.5755,2026-10-05T06:56:08.686000+09:00,511_202610050655_WLD_USDT_SHORT,1,0.5783775,1.0,0.5726225,511_202610050655_WLD_USDT_SHORT_B1_REFERENCE
LONG,0.24131,2026-10-05T07:06:22.439000+09:00,511_202610050705_ENA_USDT_LONG,1,0.24010345,1.0,0.24251654999999997,511_202610050705_ENA_USDT_LONG_B1_REFERENCE
LONG,2713.17,2026-10-05T07:06:01.882000+09:00,511_202610050705_ETH_USDT_LONG,1,2699.60415,1.0,2726.7358499999996,511_202610050705_ETH_USDT_LONG_B1_REFERENCE
LONG,90.924,2026-10-05T07:06:21.284000+09:00,511_202610050705_HYPE_USDT_LONG,1,90.46938,1.0,91.37862,511_202610050705_HYPE_USDT_LONG_B1_REFERENCE
LONG,14.278,2026-10-05T07:06:17.833000+09:00,511_202610050705_LINK_USDT_LONG,1,14.20661,1.0,14.34939,511_202610050705_LINK_USDT_LONG_B1_REFERENCE
LONG,4.3649e-06,2026-10-05T07:06:10.609000+09:00,511_202610050705_PEPE_USDT_LONG,1,4.3430755000000005e-06,1.0,4.3867245e-06,511_202610050705_PEPE_USDT_LONG_B1_REFERENCE
LONG,1.518,2026-10-05T07:06:04.044000+09:00,511_202610050705_XRP_USDT_LONG,1,1.51041,1.0,1.5255899999999998,511_202610050705_XRP_USDT_LONG_B1_REFERENCE
LONG,0.2413,2026-10-05T07:16:29.550000+09:00,511_202610050715_ENA_USDT_LONG,1,0.2400935,1.0,0.24250649999999996,511_202610050715_ENA_USDT_LONG_B1_REFERENCE
LONG,91.175,2026-10-05T07:16:28.518000+09:00,511_202610050715_HYPE_USDT_LONG,1,90.71912499999999,1.0,91.63087499999999,511_202610050715_HYPE_USDT_LONG_B1_REFERENCE
LONG,14.294,2026-10-05T07:16:23.485000+09:00,511_202610050715_LINK_USDT_LONG,1,14.22253,1.0,14.365469999999998,511_202610050715_LINK_USDT_LONG_B1_REFERENCE
LONG,0.4963,2026-10-05T07:16:38.919000+09:00,511_202610050715_ONDO_USDT_LONG,1,0.4938185,1.0,0.4987815,511_202610050715_ONDO_USDT_LONG_B1_REFERENCE
LONG,121.96,2026-10-05T07:16:10.873000+09:00,511_202610050715_SOL_USDT_LONG,1,121.35019999999999,1.0,122.56979999999999,511_202610050715_SOL_USDT_LONG_B1_REFERENCE
LONG,1356.44,2026-10-05T07:16:08.622000+09:00,511_202610050715_ZEC_USDT_LONG,1,1349.6578,1.0,1363.2222,511_202610050715_ZEC_USDT_LONG_B1_REFERENCE
LONG,0.09686,2026-10-05T07:25:57.422000+09:00,511_202610050725_DOGE_USDT_LONG,1,0.0963757,1.0,0.0973443,511_202610050725_DOGE_USDT_LONG_B1_REFERENCE
LONG,2730.82,2026-10-05T07:25:53.972000+09:00,511_202610050725_ETH_USDT_LONG,1,2717.1659,1.0,2744.4741,511_202610050725_ETH_USDT_LONG_B1_REFERENCE
LONG,0.2648,2026-10-05T07:36:22.644000+09:00,511_202610050735_ADA_USDT_LONG,1,0.263476,1.0,0.26612399999999997,511_202610050735_ADA_USDT_LONG_B1_REFERENCE
LONG,11.1,2026-10-05T07:44:59.137000+09:00,511_202610050740_AVAX_USDT_LONG,1,11.0445,1.0,11.155499999999998,511_202610050740_AVAX_USDT_LONG_B1_REFERENCE
LONG,14.243,2026-10-05T07:44:51.954000+09:00,511_202610050740_LINK_USDT_LONG,1,14.171785,1.0,14.314214999999999,511_202610050740_LINK_USDT_LONG_B1_REFERENCE
LONG,121.88,2026-10-05T07:44:37.635000+09:00,511_202610050740_SOL_USDT_LONG,1,121.2706,1.0,122.48939999999999,511_202610050740_SOL_USDT_LONG_B1_REFERENCE
LONG,305.15,2026-10-05T07:44:47.632000+09:00,511_202610050740_TAO_USDT_LONG,1,303.62424999999996,1.0,306.67574999999994,511_202610050740_TAO_USDT_LONG_B1_REFERENCE
LONG,0.4968,2026-10-05T07:45:05.610000+09:00,511_202610050745_ONDO_USDT_LONG,1,0.49431600000000003,1.0,0.49928399999999995,511_202610050745_ONDO_USDT_LONG_B1_REFERENCE
LONG,0.006498,2026-10-05T07:56:10.539000+09:00,511_202610050755_PUMPFUN_USDT_LONG,1,0.006465510000000001,1.0,0.00653049,511_202610050755_PUMPFUN_USDT_LONG_B1_REFERENCE
LONG,305.07,2026-10-05T07:56:07.122000+09:00,511_202610050755_TAO_USDT_LONG,1,303.54465,1.0,306.59534999999994,511_202610050755_TAO_USDT_LONG_B1_REFERENCE
LONG,1074.98,2026-10-05T08:06:22.512000+09:00,511_202610050805_MUSTOCK_USDT_LONG,1,1069.6051,1.0,1080.3548999999998,511_202610050805_MUSTOCK_USDT_LONG_B1_REFERENCE
LONG,0.2633,2026-10-05T08:16:14.500000+09:00,511_202610050815_ADA_USDT_LONG,1,0.2619835,1.0,0.2646165,511_202610050815_ADA_USDT_LONG_B1_REFERENCE
LONG,11.126,2026-10-05T08:16:16.563000+09:00,511_202610050815_AVAX_USDT_LONG,1,11.070369999999999,1.0,11.181629999999998,511_202610050815_AVAX_USDT_LONG_B1_REFERENCE
LONG,0.24258,2026-10-05T08:16:15.540000+09:00,511_202610050815_ENA_USDT_LONG,1,0.2413671,1.0,0.24379289999999995,511_202610050815_ENA_USDT_LONG_B1_REFERENCE
LONG,0.4995,2026-10-05T08:16:23.104000+09:00,511_202610050815_ONDO_USDT_LONG,1,0.4970025,1.0,0.5019975,511_202610050815_ONDO_USDT_LONG_B1_REFERENCE
LONG,0.07639,2026-10-05T08:16:06.921000+09:00,511_202610050815_SAND_USDT_LONG,1,0.07600805,1.0,0.07677194999999999,511_202610050815_SAND_USDT_LONG_B1_REFERENCE
LONG,304.73,2026-10-05T08:16:05.863000+09:00,511_202610050815_TAO_USDT_LONG,1,303.20635000000004,1.0,306.25365,511_202610050815_TAO_USDT_LONG_B1_REFERENCE
LONG,1.5202,2026-10-05T08:15:57.020000+09:00,511_202610050815_XRP_USDT_LONG,1,1.512599,1.0,1.5278009999999997,511_202610050815_XRP_USDT_LONG_B1_REFERENCE
LONG,60.85,2026-10-05T08:26:55.139000+09:00,511_202610050825_SILVER_USDT_LONG,1,60.54575,1.0,61.15425,511_202610050825_SILVER_USDT_LONG_B1_REFERENCE
LONG,0.5838,2026-10-05T08:46:07.236000+09:00,511_202610050845_WLD_USDT_LONG,1,0.580881,1.0,0.5867189999999999,511_202610050845_WLD_USDT_LONG_B1_REFERENCE
LONG,1079.69,2026-10-05T09:06:34.662000+09:00,511_202610050905_MUSTOCK_USDT_LONG,1,1074.2915500000001,1.0,1085.08845,511_202610050905_MUSTOCK_USDT_LONG_B1_REFERENCE
LONG,0.2575,2026-10-05T09:15:57.810000+09:00,511_202610050915_FET_USDT_LONG,1,0.2562125,1.0,0.2587875,511_202610050915_FET_USDT_LONG_B1_REFERENCE
LONG,0.2606,2026-10-05T09:26:19.944000+09:00,511_202610050925_FET_USDT_LONG,1,0.259297,1.0,0.261903,511_202610050925_FET_USDT_LONG_B1_REFERENCE
LONG,61.11,2026-10-05T09:26:12.543000+09:00,511_202610050925_SILVER_USDT_LONG,1,60.804449999999996,1.0,61.415549999999996,511_202610050925_SILVER_USDT_LONG_B1_REFERENCE
LONG,4160.29,2026-10-05T09:26:10.448000+09:00,511_202610050925_XAU_USDT_LONG,1,4139.48855,1.0,4181.09145,511_202610050925_XAU_USDT_LONG_B1_REFERENCE
LONG,4.3943e-06,2026-10-05T09:35:15.073000+09:00,511_202610050935_PEPE_USDT_LONG,1,4.372328499999999e-06,1.0,4.416271499999999e-06,511_202610050935_PEPE_USDT_LONG_B1_REFERENCE
LONG,61.2,2026-10-05T09:35:20.466000+09:00,511_202610050935_SILVER_USDT_LONG,1,60.894000000000005,1.0,61.50599999999999,511_202610050935_SILVER_USDT_LONG_B1_REFERENCE
SHORT,120.93,2026-10-05T09:35:08.801000+09:00,511_202610050935_SOL_USDT_SHORT,1,121.53465,1.0,120.32535,511_202610050935_SOL_USDT_SHORT_B1_REFERENCE
SHORT,10.996,2026-10-05T09:46:18.452000+09:00,511_202610050945_AVAX_USDT_SHORT,1,11.05098,1.0,10.94102,511_202610050945_AVAX_USDT_SHORT_B1_REFERENCE
LONG,86534.4,2026-10-05T09:45:59.833000+09:00,511_202610050945_BTC_USDT_LONG,1,86101.72799999999,1.0,86967.07199999999,511_202610050945_BTC_USDT_LONG_B1_REFERENCE
LONG,0.2635,2026-10-05T09:46:20.353000+09:00,511_202610050945_FET_USDT_LONG,1,0.2621825,1.0,0.2648175,511_202610050945_FET_USDT_LONG_B1_REFERENCE
SHORT,0.006429,2026-10-05T09:46:14.941000+09:00,511_202610050945_PUMPFUN_USDT_SHORT,1,0.006461144999999999,1.0,0.006396855,511_202610050945_PUMPFUN_USDT_SHORT_B1_REFERENCE
LONG,1.2178,2026-10-05T09:46:05.970000+09:00,511_202610050945_SUI_USDT_LONG,1,1.211711,1.0,1.2238889999999998,511_202610050945_SUI_USDT_LONG_B1_REFERENCE
LONG,0.24257,2026-10-05T09:56:15.437000+09:00,511_202610050955_ENA_USDT_LONG,1,0.24135715000000002,1.0,0.24378285,511_202610050955_ENA_USDT_LONG_B1_REFERENCE
LONG,2728.56,2026-10-05T09:55:54.733000+09:00,511_202610050955_ETH_USDT_LONG,1,2714.9172,1.0,2742.2027999999996,511_202610050955_ETH_USDT_LONG_B1_REFERENCE
LONG,0.2646,2026-10-05T10:06:38.386000+09:00,511_202610051005_ADA_USDT_LONG,1,0.263277,1.0,0.26592299999999996,511_202610051005_ADA_USDT_LONG_B1_REFERENCE
LONG,86580.5,2026-10-05T10:06:20.268000+09:00,511_202610051005_BTC_USDT_LONG,1,86147.5975,1.0,87013.4025,511_202610051005_BTC_USDT_LONG_B1_REFERENCE
LONG,4.4159e-06,2026-10-05T10:06:29.861000+09:00,511_202610051005_PEPE_USDT_LONG,1,4.3938205000000004e-06,1.0,4.4379795e-06,511_202610051005_PEPE_USDT_LONG_B1_REFERENCE
SHORT,0.006441,2026-10-05T10:06:36.182000+09:00,511_202610051005_PUMPFUN_USDT_SHORT,1,0.006473204999999999,1.0,0.006408794999999999,511_202610051005_PUMPFUN_USDT_SHORT_B1_REFERENCE
LONG,1.2246,2026-10-05T10:06:27.229000+09:00,511_202610051005_SUI_USDT_LONG,1,1.2184769999999998,1.0,1.2307229999999998,511_202610051005_SUI_USDT_LONG_B1_REFERENCE
LONG,0.2663,2026-10-05T10:16:23.225000+09:00,511_202610051015_ADA_USDT_LONG,1,0.2649685,1.0,0.26763149999999997,511_202610051015_ADA_USDT_LONG_B1_REFERENCE
SHORT,4.896,2026-10-05T10:16:12.708000+09:00,511_202610051015_NEAR_USDT_SHORT,1,4.9204799999999995,1.0,4.87152,511_202610051015_NEAR_USDT_SHORT_B1_REFERENCE
LONG,4.4269e-06,2026-10-05T10:16:14.461000+09:00,511_202610051015_PEPE_USDT_LONG,1,4.4047654999999995e-06,1.0,4.4490344999999995e-06,511_202610051015_PEPE_USDT_LONG_B1_REFERENCE
LONG,1.2336,2026-10-05T10:16:11.837000+09:00,511_202610051015_SUI_USDT_LONG,1,1.227432,1.0,1.239768,511_202610051015_SUI_USDT_LONG_B1_REFERENCE
LONG,1.5262,2026-10-05T10:16:08.894000+09:00,511_202610051015_XRP_USDT_LONG,1,1.518569,1.0,1.533831,511_202610051015_XRP_USDT_LONG_B1_REFERENCE
LONG,86847.8,2026-10-05T10:25:58.118000+09:00,511_202610051025_BTC_USDT_LONG,1,86413.561,1.0,87282.03899999999,511_202610051025_BTC_USDT_LONG_B1_REFERENCE
SHORT,0.006411,2026-10-05T10:26:15.759000+09:00,511_202610051025_PUMPFUN_USDT_SHORT,1,0.006443055,1.0,0.006378945,511_202610051025_PUMPFUN_USDT_SHORT_B1_REFERENCE
LONG,0.5815,2026-10-05T10:26:10.092000+09:00,511_202610051025_WLD_USDT_LONG,1,0.5785925000000001,1.0,0.5844075,511_202610051025_WLD_USDT_LONG_B1_REFERENCE
LONG,1.5284,2026-10-05T10:26:02.121000+09:00,511_202610051025_XRP_USDT_LONG,1,1.520758,1.0,1.536042,511_202610051025_XRP_USDT_LONG_B1_REFERENCE
SHORT,90.107,2026-10-05T10:34:15.528000+09:00,511_202610051030_HYPE_USDT_SHORT,1,90.55753499999999,1.0,89.656465,511_202610051030_HYPE_USDT_SHORT_B1_REFERENCE
SHORT,121.1,2026-10-05T10:33:56.124000+09:00,511_202610051030_SOL_USDT_SHORT,1,121.70549999999999,1.0,120.49449999999999,511_202610051030_SOL_USDT_SHORT_B1_REFERENCE
SHORT,0.0736,2026-10-05T10:46:13.076000+09:00,511_202610051045_SAND_USDT_SHORT,1,0.07396799999999999,1.0,0.07323199999999999,511_202610051045_SAND_USDT_SHORT_B1_REFERENCE
SHORT,70.24,2026-10-05T10:56:01.704000+09:00,511_202610051055_LTC_USDT_SHORT,1,70.59119999999999,1.0,69.88879999999999,511_202610051055_LTC_USDT_SHORT_B1_REFERENCE
SHORT,70.31,2026-10-05T11:06:54.504000+09:00,511_202610051105_LTC_USDT_SHORT,1,70.66154999999999,1.0,69.95845,511_202610051105_LTC_USDT_SHORT_B1_REFERENCE
SHORT,0.07306,2026-10-05T11:06:44.020000+09:00,511_202610051105_SAND_USDT_SHORT,1,0.0734253,1.0,0.0726947,511_202610051105_SAND_USDT_SHORT_B1_REFERENCE
LONG,1.2476,2026-10-05T11:14:57.605000+09:00,511_202610051110_SUI_USDT_LONG,1,1.241362,1.0,1.253838,511_202610051110_SUI_USDT_LONG_B1_REFERENCE
LONG,181.82,2026-10-05T11:15:13.041000+09:00,511_202610051115_AAVE_USDT_LONG,1,180.9109,1.0,182.72909999999996,511_202610051115_AAVE_USDT_LONG_B1_REFERENCE
LONG,0.2676,2026-10-05T11:15:07.899000+09:00,511_202610051115_ADA_USDT_LONG,1,0.266262,1.0,0.26893799999999995,511_202610051115_ADA_USDT_LONG_B1_REFERENCE
LONG,0.24191,2026-10-05T11:15:11.323000+09:00,511_202610051115_ENA_USDT_LONG,1,0.24070044999999998,1.0,0.24311954999999996,511_202610051115_ENA_USDT_LONG_B1_REFERENCE
LONG,91.05,2026-10-05T11:15:09.620000+09:00,511_202610051115_HYPE_USDT_LONG,1,90.59474999999999,1.0,91.50524999999999,511_202610051115_HYPE_USDT_LONG_B1_REFERENCE
LONG,0.5016,2026-10-05T11:15:15.612000+09:00,511_202610051115_ONDO_USDT_LONG,1,0.49909200000000004,1.0,0.504108,511_202610051115_ONDO_USDT_LONG_B1_REFERENCE
LONG,305.98,2026-10-05T11:15:04.457000+09:00,511_202610051115_TAO_USDT_LONG,1,304.4501,1.0,307.50989999999996,511_202610051115_TAO_USDT_LONG_B1_REFERENCE
LONG,2734.71,2026-10-05T11:28:46.477000+09:00,511_202610051125_ETH_USDT_LONG,1,2721.03645,1.0,2748.3835499999996,511_202610051125_ETH_USDT_LONG_B1_REFERENCE
LONG,0.5844,2026-10-05T11:36:40.348000+09:00,511_202610051135_WLD_USDT_LONG,1,0.581478,1.0,0.587322,511_202610051135_WLD_USDT_LONG_B1_REFERENCE
LONG,0.2703,2026-10-05T11:46:13.091000+09:00,511_202610051145_ADA_USDT_LONG,1,0.2689485,1.0,0.27165149999999993,511_202610051145_ADA_USDT_LONG_B1_REFERENCE
LONG,90.817,2026-10-05T11:46:16.011000+09:00,511_202610051145_HYPE_USDT_LONG,1,90.36291499999999,1.0,91.27108499999999,511_202610051145_HYPE_USDT_LONG_B1_REFERENCE
LONG,0.5058,2026-10-05T11:46:22.820000+09:00,511_202610051145_ONDO_USDT_LONG,1,0.503271,1.0,0.5083289999999999,511_202610051145_ONDO_USDT_LONG_B1_REFERENCE
SHORT,0.006381,2026-10-05T11:46:12.111000+09:00,511_202610051145_PUMPFUN_USDT_SHORT,1,0.006412905,1.0,0.006349095000000001,511_202610051145_PUMPFUN_USDT_SHORT_B1_REFERENCE
LONG,305.88,2026-10-05T11:46:10.173000+09:00,511_202610051145_TAO_USDT_LONG,1,304.3506,1.0,307.40939999999995,511_202610051145_TAO_USDT_LONG_B1_REFERENCE
LONG,181.2,2026-10-05T11:56:23.036000+09:00,511_202610051155_AAVE_USDT_LONG,1,180.29399999999998,1.0,182.10599999999997,511_202610051155_AAVE_USDT_LONG_B1_REFERENCE
SHORT,14.164,2026-10-05T11:56:16.567000+09:00,511_202610051155_LINK_USDT_SHORT,1,14.234819999999997,1.0,14.09318,511_202610051155_LINK_USDT_SHORT_B1_REFERENCE
SHORT,0.23981,2026-10-05T12:06:39.790000+09:00,511_202610051205_ENA_USDT_SHORT,1,0.24100904999999997,1.0,0.23861095,511_202610051205_ENA_USDT_SHORT_B1_REFERENCE
SHORT,0.07252,2026-10-05T12:06:31.937000+09:00,511_202610051205_SAND_USDT_SHORT,1,0.07288259999999999,1.0,0.0721574,511_202610051205_SAND_USDT_SHORT_B1_REFERENCE
SHORT,120.95,2026-10-05T12:06:20.074000+09:00,511_202610051205_SOL_USDT_SHORT,1,121.55474999999998,1.0,120.34525000000001,511_202610051205_SOL_USDT_SHORT_B1_REFERENCE
LONG,90.836,2026-10-05T12:15:49.328000+09:00,511_202610051215_HYPE_USDT_LONG,1,90.38182,1.0,91.29017999999999,511_202610051215_HYPE_USDT_LONG_B1_REFERENCE
SHORT,70.33,2026-10-05T12:15:54.578000+09:00,511_202610051215_LTC_USDT_SHORT,1,70.68164999999999,1.0,69.97834999999999,511_202610051215_LTC_USDT_SHORT_B1_REFERENCE
SHORT,0.07243,2026-10-05T12:15:42.926000+09:00,511_202610051215_SAND_USDT_SHORT,1,0.07279214999999999,1.0,0.07206784999999999,511_202610051215_SAND_USDT_SHORT_B1_REFERENCE
SHORT,1339.79,2026-10-05T12:15:27.854000+09:00,511_202610051215_ZEC_USDT_SHORT,1,1346.48895,1.0,1333.09105,511_202610051215_ZEC_USDT_SHORT_B1_REFERENCE
LONG,4.4618e-06,2026-10-05T12:26:28.144000+09:00,511_202610051225_PEPE_USDT_LONG,1,4.439491e-06,1.0,4.484109e-06,511_202610051225_PEPE_USDT_LONG_B1_REFERENCE
SHORT,4.858,2026-10-05T12:34:18.389000+09:00,511_202610051230_NEAR_USDT_SHORT,1,4.882289999999999,1.0,4.83371,511_202610051230_NEAR_USDT_SHORT_B1_REFERENCE
LONG,1.2362,2026-10-05T12:34:17.461000+09:00,511_202610051230_SUI_USDT_LONG,1,1.230019,1.0,1.2423809999999997,511_202610051230_SUI_USDT_LONG_B1_REFERENCE
LONG,0.503,2026-10-05T12:46:55.484000+09:00,511_202610051245_ONDO_USDT_LONG,1,0.500485,1.0,0.5055149999999999,511_202610051245_ONDO_USDT_LONG_B1_REFERENCE
SHORT,0.00638,2026-10-05T12:46:47.483000+09:00,511_202610051245_PUMPFUN_USDT_SHORT,1,0.0064119,1.0,0.006348100000000001,511_202610051245_PUMPFUN_USDT_SHORT_B1_REFERENCE
SHORT,1329.99,2026-10-05T12:46:29.796000+09:00,511_202610051245_ZEC_USDT_SHORT,1,1336.6399499999998,1.0,1323.34005,511_202610051245_ZEC_USDT_SHORT_B1_REFERENCE
SHORT,1375.83,2026-10-05T12:56:24.439000+09:00,511_202610051255_SKHYNIXSTOCK_USDT_SHORT,1,1382.7091499999997,1.0,1368.95085,511_202610051255_SKHYNIXSTOCK_USDT_SHORT_B1_REFERENCE
SHORT,120.57,2026-10-05T12:56:18.322000+09:00,511_202610051255_SOL_USDT_SHORT,1,121.17284999999998,1.0,119.96714999999999,511_202610051255_SOL_USDT_SHORT_B1_REFERENCE
SHORT,0.5693,2026-10-05T12:56:27.269000+09:00,511_202610051255_WLD_USDT_SHORT,1,0.5721465,1.0,0.5664535,511_202610051255_WLD_USDT_SHORT_B1_REFERENCE
SHORT,1.0424,2026-10-05T13:54:43.634000+09:00,511_202610051350_BTW_USDT_SHORT,1,1.047612,1.0,1.037188,511_202610051350_BTW_USDT_SHORT_B1_REFERENCE
SHORT,69.84,2026-10-05T13:54:42.754000+09:00,511_202610051350_LTC_USDT_SHORT,1,70.1892,1.0,69.49080000000001,511_202610051350_LTC_USDT_SHORT_B1_REFERENCE
SHORT,69.87,2026-10-05T14:08:35.529000+09:00,511_202610051405_LTC_USDT_SHORT,1,70.21934999999999,1.0,69.52065,511_202610051405_LTC_USDT_SHORT_B1_REFERENCE
SHORT,1.5038,2026-10-05T14:08:12.877000+09:00,511_202610051405_XRP_USDT_SHORT,1,1.5113189999999999,1.0,1.496281,511_202610051405_XRP_USDT_SHORT_B1_REFERENCE
SHORT,0.5674,2026-10-05T14:16:10.144000+09:00,511_202610051415_WLD_USDT_SHORT,1,0.570237,1.0,0.564563,511_202610051415_WLD_USDT_SHORT_B1_REFERENCE
SHORT,120.02,2026-10-05T14:26:02.559000+09:00,511_202610051425_SOL_USDT_SHORT,1,120.62009999999998,1.0,119.4199,511_202610051425_SOL_USDT_SHORT_B1_REFERENCE
LONG,90.912,2026-10-05T14:36:38.895000+09:00,511_202610051435_HYPE_USDT_LONG,1,90.45744,1.0,91.36655999999999,511_202610051435_HYPE_USDT_LONG_B1_REFERENCE
LONG,254.01,2026-10-05T14:36:24.327000+09:00,511_202610051435_QNT_USDT_LONG,1,252.73995,1.0,255.28004999999996,511_202610051435_QNT_USDT_LONG_B1_REFERENCE
SHORT,1370.93,2026-10-05T14:36:32.023000+09:00,511_202610051435_SKHYNIXSTOCK_USDT_SHORT,1,1377.7846499999998,1.0,1364.07535,511_202610051435_SKHYNIXSTOCK_USDT_SHORT_B1_REFERENCE
SHORT,1.0054,2026-10-05T14:46:25.667000+09:00,511_202610051445_BTW_USDT_SHORT,1,1.010427,1.0,1.000373,511_202610051445_BTW_USDT_SHORT_B1_REFERENCE
SHORT,0.2544,2026-10-05T14:46:22.905000+09:00,511_202610051445_FET_USDT_SHORT,1,0.255672,1.0,0.253128,511_202610051445_FET_USDT_SHORT_B1_REFERENCE
SHORT,1370.95,2026-10-05T14:46:14.251000+09:00,511_202610051445_SKHYNIXSTOCK_USDT_SHORT,1,1377.80475,1.0,1364.09525,511_202610051445_SKHYNIXSTOCK_USDT_SHORT_B1_REFERENCE
SHORT,60.93,2026-10-05T14:56:46.846000+09:00,511_202610051455_SILVER_USDT_SHORT,1,61.234649999999995,1.0,60.62535,511_202610051455_SILVER_USDT_SHORT_B1_REFERENCE
SHORT,4133.2,2026-10-05T14:56:50.208000+09:00,511_202610051455_XAUT_USDT_SHORT,1,4153.865999999999,1.0,4112.534,511_202610051455_XAUT_USDT_SHORT_B1_REFERENCE
SHORT,4135.09,2026-10-05T14:56:43.791000+09:00,511_202610051455_XAU_USDT_SHORT,1,4155.76545,1.0,4114.41455,511_202610051455_XAU_USDT_SHORT_B1_REFERENCE
LONG,0.2717,2026-10-05T15:06:33.755000+09:00,511_202610051505_ADA_USDT_LONG,1,0.2703415,1.0,0.2730585,511_202610051505_ADA_USDT_LONG_B1_REFERENCE
SHORT,0.2523,2026-10-05T15:34:15.773000+09:00,511_202610051530_FET_USDT_SHORT,1,0.2535615,1.0,0.2510385,511_202610051530_FET_USDT_SHORT_B1_REFERENCE
SHORT,0.23696,2026-10-05T15:46:22.232000+09:00,511_202610051545_ENA_USDT_SHORT,1,0.2381448,1.0,0.2357752,511_202610051545_ENA_USDT_SHORT_B1_REFERENCE
LONG,91.732,2026-10-05T15:56:27.897000+09:00,511_202610051555_HYPE_USDT_LONG,1,91.27334,1.0,92.19066,511_202610051555_HYPE_USDT_LONG_B1_REFERENCE
LONG,5.077,2026-10-05T15:56:14.478000+09:00,511_202610051555_NEAR_USDT_LONG,1,5.051615,1.0,5.102384999999999,511_202610051555_NEAR_USDT_LONG_B1_REFERENCE
LONG,0.206,2026-10-05T16:06:48.894000+09:00,511_202610051605_ARB_USDT_LONG,1,0.20496999999999999,1.0,0.20702999999999996,511_202610051605_ARB_USDT_LONG_B1_REFERENCE
LONG,0.504,2026-10-05T16:06:47.929000+09:00,511_202610051605_ONDO_USDT_LONG,1,0.50148,1.0,0.50652,511_202610051605_ONDO_USDT_LONG_B1_REFERENCE
LONG,4.4945e-06,2026-10-05T16:16:14.600000+09:00,511_202610051615_PEPE_USDT_LONG,1,4.4720275e-06,1.0,4.516972499999999e-06,511_202610051615_PEPE_USDT_LONG_B1_REFERENCE
LONG,121.49,2026-10-05T16:16:05.549000+09:00,511_202610051615_SOL_USDT_LONG,1,120.88255,1.0,122.09744999999998,511_202610051615_SOL_USDT_LONG_B1_REFERENCE
LONG,1.2354,2026-10-05T16:16:10.549000+09:00,511_202610051615_SUI_USDT_LONG,1,1.229223,1.0,1.241577,511_202610051615_SUI_USDT_LONG_B1_REFERENCE
LONG,0.20658,2026-10-05T16:26:34.337000+09:00,511_202610051625_ARB_USDT_LONG,1,0.2055471,1.0,0.2076129,511_202610051625_ARB_USDT_LONG_B1_REFERENCE
LONG,5.139,2026-10-05T16:26:14.955000+09:00,511_202610051625_NEAR_USDT_LONG,1,5.113305,1.0,5.164695,511_202610051625_NEAR_USDT_LONG_B1_REFERENCE
LONG,0.5048,2026-10-05T16:26:33.013000+09:00,511_202610051625_ONDO_USDT_LONG,1,0.5022760000000001,1.0,0.507324,511_202610051625_ONDO_USDT_LONG_B1_REFERENCE
LONG,254.07,2026-10-05T16:26:09.586000+09:00,511_202610051625_QNT_USDT_LONG,1,252.79964999999999,1.0,255.34034999999997,511_202610051625_QNT_USDT_LONG_B1_REFERENCE
LONG,0.24763,2026-10-05T16:36:38.109000+09:00,511_202610051635_ENA_USDT_LONG,1,0.24639185,1.0,0.24886814999999995,511_202610051635_ENA_USDT_LONG_B1_REFERENCE
LONG,61.42,2026-10-05T16:36:24.107000+09:00,511_202610051635_SILVER_USDT_LONG,1,61.1129,1.0,61.72709999999999,511_202610051635_SILVER_USDT_LONG_B1_REFERENCE
LONG,4152.2,2026-10-05T16:36:25.960000+09:00,511_202610051635_XAUT_USDT_LONG,1,4131.438999999999,1.0,4172.960999999999,511_202610051635_XAUT_USDT_LONG_B1_REFERENCE
LONG,0.25111,2026-10-05T16:44:15.786000+09:00,511_202610051640_ENA_USDT_LONG,1,0.24985445,1.0,0.25236555,511_202610051640_ENA_USDT_LONG_B1_REFERENCE
LONG,4161.92,2026-10-05T16:43:58.428000+09:00,511_202610051640_XAU_USDT_LONG,1,4141.1104000000005,1.0,4182.7296,511_202610051640_XAU_USDT_LONG_B1_REFERENCE
LONG,14.252,2026-10-05T16:56:19.451000+09:00,511_202610051655_LINK_USDT_LONG,1,14.18074,1.0,14.32326,511_202610051655_LINK_USDT_LONG_B1_REFERENCE
LONG,0.006483,2026-10-05T16:56:23.416000+09:00,511_202610051655_PUMPFUN_USDT_LONG,1,0.006450585,1.0,0.006515414999999999,511_202610051655_PUMPFUN_USDT_LONG_B1_REFERENCE
LONG,61.73,2026-10-05T16:56:11.739000+09:00,511_202610051655_SILVER_USDT_LONG,1,61.42135,1.0,62.03864999999999,511_202610051655_SILVER_USDT_LONG_B1_REFERENCE
LONG,0.2747,2026-10-05T17:06:35.308000+09:00,511_202610051705_ADA_USDT_LONG,1,0.2733265,1.0,0.27607349999999997,511_202610051705_ADA_USDT_LONG_B1_REFERENCE
LONG,86369.0,2026-10-05T17:06:20.086000+09:00,511_202610051705_BTC_USDT_LONG,1,85937.155,1.0,86800.84499999999,511_202610051705_BTC_USDT_LONG_B1_REFERENCE
LONG,0.25683,2026-10-05T17:06:43.506000+09:00,511_202610051705_ENA_USDT_LONG,1,0.25554585,1.0,0.25811415,511_202610051705_ENA_USDT_LONG_B1_REFERENCE
LONG,2728.42,2026-10-05T17:06:21.103000+09:00,511_202610051705_ETH_USDT_LONG,1,2714.7779,1.0,2742.0620999999996,511_202610051705_ETH_USDT_LONG_B1_REFERENCE
LONG,4.5254e-06,2026-10-05T17:06:34.168000+09:00,511_202610051705_PEPE_USDT_LONG,1,4.502773e-06,1.0,4.548026999999999e-06,511_202610051705_PEPE_USDT_LONG_B1_REFERENCE
LONG,4168.85,2026-10-05T17:06:28.292000+09:00,511_202610051705_XAU_USDT_LONG,1,4148.00575,1.0,4189.69425,511_202610051705_XAU_USDT_LONG_B1_REFERENCE
LONG,0.2642,2026-10-05T17:16:34.072000+09:00,511_202610051715_FET_USDT_LONG,1,0.262879,1.0,0.26552099999999995,511_202610051715_FET_USDT_LONG_B1_REFERENCE
LONG,307.56,2026-10-05T17:16:27.196000+09:00,511_202610051715_TAO_USDT_LONG,1,306.0222,1.0,309.09779999999995,511_202610051715_TAO_USDT_LONG_B1_REFERENCE
LONG,0.5824,2026-10-05T17:16:24.147000+09:00,511_202610051715_WLD_USDT_LONG,1,0.579488,1.0,0.5853119999999999,511_202610051715_WLD_USDT_LONG_B1_REFERENCE
LONG,4172.01,2026-10-05T17:16:17.809000+09:00,511_202610051715_XAU_USDT_LONG,1,4151.14995,1.0,4192.8700499999995,511_202610051715_XAU_USDT_LONG_B1_REFERENCE
LONG,1378.53,2026-10-05T17:26:25.601000+09:00,511_202610051725_SKHYNIXSTOCK_USDT_LONG,1,1371.63735,1.0,1385.4226499999997,511_202610051725_SKHYNIXSTOCK_USDT_LONG_B1_REFERENCE
LONG,0.5871,2026-10-05T17:36:26.156000+09:00,511_202610051735_WLD_USDT_LONG,1,0.5841645,1.0,0.5900354999999999,511_202610051735_WLD_USDT_LONG_B1_REFERENCE
LONG,1.5209,2026-10-05T17:36:16.691000+09:00,511_202610051735_XRP_USDT_LONG,1,1.5132955,1.0,1.5285044999999997,511_202610051735_XRP_USDT_LONG_B1_REFERENCE
SHORT,0.006359,2026-10-05T17:47:34.823000+09:00,511_202610051745_PUMPFUN_USDT_SHORT,1,0.0063907949999999995,1.0,0.006327205,511_202610051745_PUMPFUN_USDT_SHORT_B1_REFERENCE
SHORT,0.006348,2026-10-05T17:56:28.624000+09:00,511_202610051755_PUMPFUN_USDT_SHORT,1,0.00637974,1.0,0.006316260000000001,511_202610051755_PUMPFUN_USDT_SHORT_B1_REFERENCE
LONG,0.2684,2026-10-05T18:06:51.152000+09:00,511_202610051805_FET_USDT_LONG,1,0.267058,1.0,0.269742,511_202610051805_FET_USDT_LONG_B1_REFERENCE
LONG,0.2659,2026-10-05T18:36:33.825000+09:00,511_202610051835_FET_USDT_LONG,1,0.26457050000000004,1.0,0.2672295,511_202610051835_FET_USDT_LONG_B1_REFERENCE
SHORT,14.12,2026-10-05T18:36:29.278000+09:00,511_202610051835_LINK_USDT_SHORT,1,14.190599999999998,1.0,14.049399999999999,511_202610051835_LINK_USDT_SHORT_B1_REFERENCE
SHORT,14.125,2026-10-05T18:56:26.340000+09:00,511_202610051855_LINK_USDT_SHORT,1,14.195624999999998,1.0,14.054375,511_202610051855_LINK_USDT_SHORT_B1_REFERENCE
LONG,70.38,2026-10-05T18:56:36.793000+09:00,511_202610051855_LTC_USDT_LONG,1,70.0281,1.0,70.73189999999998,511_202610051855_LTC_USDT_LONG_B1_REFERENCE
LONG,4.5255e-06,2026-10-05T18:56:21.957000+09:00,511_202610051855_PEPE_USDT_LONG,1,4.5028725e-06,1.0,4.5481275e-06,511_202610051855_PEPE_USDT_LONG_B1_REFERENCE
SHORT,0.006363,2026-10-05T18:56:29.823000+09:00,511_202610051855_PUMPFUN_USDT_SHORT,1,0.006394814999999999,1.0,0.006331185,511_202610051855_PUMPFUN_USDT_SHORT_B1_REFERENCE
LONG,4.5439e-06,2026-10-05T19:07:00.916000+09:00,511_202610051905_PEPE_USDT_LONG,1,4.5211805e-06,1.0,4.5666195e-06,511_202610051905_PEPE_USDT_LONG_B1_REFERENCE
SHORT,1315.26,2026-10-05T19:06:51.825000+09:00,511_202610051905_ZEC_USDT_SHORT,1,1321.8363,1.0,1308.6837,511_202610051905_ZEC_USDT_SHORT_B1_REFERENCE
SHORT,1309.38,2026-10-05T19:15:37.500000+09:00,511_202610051915_ZEC_USDT_SHORT,1,1315.9269,1.0,1302.8331,511_202610051915_ZEC_USDT_SHORT_B1_REFERENCE
LONG,0.2738,2026-10-05T19:25:16.839000+09:00,511_202610051925_ADA_USDT_LONG,1,0.272431,1.0,0.27516899999999994,511_202610051925_ADA_USDT_LONG_B1_REFERENCE
LONG,1.2531,2026-10-05T19:25:13.404000+09:00,511_202610051925_SUI_USDT_LONG,1,1.2468345,1.0,1.2593655,511_202610051925_SUI_USDT_LONG_B1_REFERENCE
SHORT,2714.1,2026-10-05T19:35:19.512000+09:00,511_202610051935_ETH_USDT_SHORT,1,2727.6704999999997,1.0,2700.5295,511_202610051935_ETH_USDT_SHORT_B1_REFERENCE
SHORT,14.136,2026-10-05T19:35:37.698000+09:00,511_202610051935_LINK_USDT_SHORT,1,14.206679999999997,1.0,14.06532,511_202610051935_LINK_USDT_SHORT_B1_REFERENCE
LONG,255.14,2026-10-05T19:35:23.548000+09:00,511_202610051935_QNT_USDT_LONG,1,253.8643,1.0,256.41569999999996,511_202610051935_QNT_USDT_LONG_B1_REFERENCE
LONG,0.25431,2026-10-05T19:56:24.746000+09:00,511_202610051955_ENA_USDT_LONG,1,0.25303844999999997,1.0,0.25558154999999994,511_202610051955_ENA_USDT_LONG_B1_REFERENCE
SHORT,0.5725,2026-10-05T19:56:20.275000+09:00,511_202610051955_WLD_USDT_SHORT,1,0.5753625,1.0,0.5696375,511_202610051955_WLD_USDT_SHORT_B1_REFERENCE
SHORT,2711.78,2026-10-05T20:04:17.916000+09:00,511_202610052000_ETH_USDT_SHORT,1,2725.3388999999997,1.0,2698.2211,511_202610052000_ETH_USDT_SHORT_B1_REFERENCE
LONG,61.9,2026-10-05T20:04:26.137000+09:00,511_202610052000_SILVER_USDT_LONG,1,61.5905,1.0,62.20949999999999,511_202610052000_SILVER_USDT_LONG_B1_REFERENCE
LONG,90.7,2026-10-05T20:04:44.084000+09:00,511_202610052000_USOIL_USDT_LONG,1,90.2465,1.0,91.1535,511_202610052000_USOIL_USDT_LONG_B1_REFERENCE
SHORT,1312.55,2026-10-05T20:04:18.754000+09:00,511_202610052000_ZEC_USDT_SHORT,1,1319.1127499999998,1.0,1305.98725,511_202610052000_ZEC_USDT_SHORT_B1_REFERENCE
LONG,0.26004,2026-10-05T20:15:23.738000+09:00,511_202610052015_ENA_USDT_LONG,1,0.2587398,1.0,0.26134019999999997,511_202610052015_ENA_USDT_LONG_B1_REFERENCE
SHORT,14.147,2026-10-05T20:15:22.866000+09:00,511_202610052015_LINK_USDT_SHORT,1,14.217735,1.0,14.076265,511_202610052015_LINK_USDT_SHORT_B1_REFERENCE
LONG,0.006481,2026-10-05T20:26:27.130000+09:00,511_202610052025_PUMPFUN_USDT_LONG,1,0.006448595,1.0,0.006513404999999999,511_202610052025_PUMPFUN_USDT_LONG_B1_REFERENCE
LONG,306.0,2026-10-05T20:26:21.871000+09:00,511_202610052025_TAO_USDT_LONG,1,304.46999999999997,1.0,307.53,511_202610052025_TAO_USDT_LONG_B1_REFERENCE
SHORT,2716.51,2026-10-05T20:43:53.123000+09:00,511_202610052040_ETH_USDT_SHORT,1,2730.09255,1.0,2702.92745,511_202610052040_ETH_USDT_SHORT_B1_REFERENCE
LONG,0.20694,2026-10-05T20:56:35.629000+09:00,511_202610052055_ARB_USDT_LONG,1,0.2059053,1.0,0.20797469999999998,511_202610052055_ARB_USDT_LONG_B1_REFERENCE
LONG,0.00646,2026-10-05T20:56:28.489000+09:00,511_202610052055_PUMPFUN_USDT_LONG,1,0.0064277,1.0,0.006492299999999999,511_202610052055_PUMPFUN_USDT_LONG_B1_REFERENCE
LONG,1.5171,2026-10-05T20:56:09.576000+09:00,511_202610052055_XRP_USDT_LONG,1,1.5095144999999999,1.0,1.5246854999999997,511_202610052055_XRP_USDT_LONG_B1_REFERENCE
SHORT,120.5,2026-10-05T21:06:50.394000+09:00,511_202610052105_SOL_USDT_SHORT,1,121.10249999999999,1.0,119.8975,511_202610052105_SOL_USDT_SHORT_B1_REFERENCE
SHORT,90.09,2026-10-05T21:07:10.209000+09:00,511_202610052105_USOIL_USDT_SHORT,1,90.54044999999999,1.0,89.63955,511_202610052105_USOIL_USDT_SHORT_B1_REFERENCE
SHORT,160.54,2026-10-05T21:17:06.770000+09:00,511_202610052115_SOXL_USDT_SHORT,1,161.34269999999998,1.0,159.7373,511_202610052115_SOXL_USDT_SHORT_B1_REFERENCE
LONG,14.159,2026-10-05T21:34:31.839000+09:00,511_202610052130_LINK_USDT_LONG,1,14.088205,1.0,14.229795,511_202610052130_LINK_USDT_LONG_B1_REFERENCE
SHORT,90.39,2026-10-05T21:34:42.248000+09:00,511_202610052130_USOIL_USDT_SHORT,1,90.84195,1.0,89.93805,511_202610052130_USOIL_USDT_SHORT_B1_REFERENCE
SHORT,14.082,2026-10-05T21:46:22.275000+09:00,511_202610052145_LINK_USDT_SHORT,1,14.15241,1.0,14.01159,511_202610052145_LINK_USDT_SHORT_B1_REFERENCE
SHORT,0.5008,2026-10-05T21:46:34+09:00,511_202610052145_ONDO_USDT_SHORT,1,0.503304,1.0,0.498296,511_202610052145_ONDO_USDT_SHORT_B1_REFERENCE
SHORT,0.5672,2026-10-05T21:46:20.180000+09:00,511_202610052145_WLD_USDT_SHORT,1,0.570036,1.0,0.5643640000000001,511_202610052145_WLD_USDT_SHORT_B1_REFERENCE
LONG,1327.63,2026-10-05T21:46:06.658000+09:00,511_202610052145_ZEC_USDT_LONG,1,1320.99185,1.0,1334.2681499999999,511_202610052145_ZEC_USDT_LONG_B1_REFERENCE
SHORT,10.914,2026-10-05T21:56:31.652000+09:00,511_202610052155_AVAX_USDT_SHORT,1,10.968569999999998,1.0,10.85943,511_202610052155_AVAX_USDT_SHORT_B1_REFERENCE
LONG,259.98,2026-10-05T21:56:14.994000+09:00,511_202610052155_QNT_USDT_LONG,1,258.68010000000004,1.0,261.2799,511_202610052155_QNT_USDT_LONG_B1_REFERENCE
SHORT,0.07146,2026-10-05T21:56:32.693000+09:00,511_202610052155_SAND_USDT_SHORT,1,0.07181729999999999,1.0,0.07110269999999999,511_202610052155_SAND_USDT_SHORT_B1_REFERENCE
SHORT,120.31,2026-10-05T21:56:11.933000+09:00,511_202610052155_SOL_USDT_SHORT,1,120.91154999999999,1.0,119.70845,511_202610052155_SOL_USDT_SHORT_B1_REFERENCE
SHORT,90.1,2026-10-05T21:56:35.826000+09:00,511_202610052155_USOIL_USDT_SHORT,1,90.55049999999999,1.0,89.64949999999999,511_202610052155_USOIL_USDT_SHORT_B1_REFERENCE
SHORT,1.5087,2026-10-05T21:56:12.970000+09:00,511_202610052155_XRP_USDT_SHORT,1,1.5162434999999999,1.0,1.5011565,511_202610052155_XRP_USDT_SHORT_B1_REFERENCE
LONG,1323.55,2026-10-05T21:56:10.883000+09:00,511_202610052155_ZEC_USDT_LONG,1,1316.9322499999998,1.0,1330.1677499999998,511_202610052155_ZEC_USDT_LONG_B1_REFERENCE
LONG,0.20672,2026-10-05T22:07:00.277000+09:00,511_202610052205_ARB_USDT_LONG,1,0.2056864,1.0,0.20775359999999995,511_202610052205_ARB_USDT_LONG_B1_REFERENCE
LONG,259.5,2026-10-05T22:06:36.383000+09:00,511_202610052205_QNT_USDT_LONG,1,258.2025,1.0,260.79749999999996,511_202610052205_QNT_USDT_LONG_B1_REFERENCE
SHORT,159.47,2026-10-05T22:06:54.589000+09:00,511_202610052205_SOXL_USDT_SHORT,1,160.26735,1.0,158.67265,511_202610052205_SOXL_USDT_SHORT_B1_REFERENCE
SHORT,89.68,2026-10-05T22:06:56.777000+09:00,511_202610052205_USOIL_USDT_SHORT,1,90.1284,1.0,89.2316,511_202610052205_USOIL_USDT_SHORT_B1_REFERENCE
LONG,0.2748,2026-10-05T22:16:32.713000+09:00,511_202610052215_ADA_USDT_LONG,1,0.273426,1.0,0.276174,511_202610052215_ADA_USDT_LONG_B1_REFERENCE
SHORT,89.38,2026-10-05T22:16:45.580000+09:00,511_202610052215_USOIL_USDT_SHORT,1,89.82689999999998,1.0,88.9331,511_202610052215_USOIL_USDT_SHORT_B1_REFERENCE
SHORT,10.972,2026-10-05T22:26:24.401000+09:00,511_202610052225_AVAX_USDT_SHORT,1,11.02686,1.0,10.91714,511_202610052225_AVAX_USDT_SHORT_B1_REFERENCE
LONG,4.5158e-06,2026-10-05T22:26:16.805000+09:00,511_202610052225_PEPE_USDT_LONG,1,4.493221e-06,1.0,4.538379e-06,511_202610052225_PEPE_USDT_LONG_B1_REFERENCE
LONG,0.20635,2026-10-05T22:36:50.252000+09:00,511_202610052235_ARB_USDT_LONG,1,0.20531825,1.0,0.20738174999999998,511_202610052235_ARB_USDT_LONG_B1_REFERENCE
SHORT,1066.51,2026-10-05T22:36:33.138000+09:00,511_202610052235_MUSTOCK_USDT_SHORT,1,1071.8425499999998,1.0,1061.17745,511_202610052235_MUSTOCK_USDT_SHORT_B1_REFERENCE
LONG,5.022,2026-10-05T22:36:29.973000+09:00,511_202610052235_NEAR_USDT_LONG,1,4.9968900000000005,1.0,5.04711,511_202610052235_NEAR_USDT_LONG_B1_REFERENCE
SHORT,1369.29,2026-10-05T22:36:45.747000+09:00,511_202610052235_SKHYNIXSTOCK_USDT_SHORT,1,1376.1364499999997,1.0,1362.44355,511_202610052235_SKHYNIXSTOCK_USDT_SHORT_B1_REFERENCE
LONG,7735.7,2026-10-05T22:36:47.907000+09:00,511_202610052235_SPX500_USDT_LONG,1,7697.0215,1.0,7774.378499999999,511_202610052235_SPX500_USDT_LONG_B1_REFERENCE
SHORT,1.2183,2026-10-05T22:36:28.894000+09:00,511_202610052235_SUI_USDT_SHORT,1,1.2243914999999999,1.0,1.2122085,511_202610052235_SUI_USDT_SHORT_B1_REFERENCE
SHORT,4150.1,2026-10-05T22:36:22.914000+09:00,511_202610052235_XAU_USDT_SHORT,1,4170.8505,1.0,4129.3495,511_202610052235_XAU_USDT_SHORT_B1_REFERENCE
SHORT,1.5121,2026-10-05T22:36:21.893000+09:00,511_202610052235_XRP_USDT_SHORT,1,1.5196604999999999,1.0,1.5045395,511_202610052235_XRP_USDT_SHORT_B1_REFERENCE
SHORT,61.08,2026-10-05T22:46:28.326000+09:00,511_202610052245_SILVER_USDT_SHORT,1,61.38539999999999,1.0,60.7746,511_202610052245_SILVER_USDT_SHORT_B1_REFERENCE
LONG,7732.9,2026-10-05T22:46:49.199000+09:00,511_202610052245_SPX500_USDT_LONG,1,7694.2355,1.0,7771.564499999999,511_202610052245_SPX500_USDT_LONG_B1_REFERENCE
SHORT,301.75,2026-10-05T22:46:37.595000+09:00,511_202610052245_TAO_USDT_SHORT,1,303.25874999999996,1.0,300.24125,511_202610052245_TAO_USDT_SHORT_B1_REFERENCE
SHORT,4133.9,2026-10-05T22:46:30.331000+09:00,511_202610052245_XAUT_USDT_SHORT,1,4154.5695,1.0,4113.2305,511_202610052245_XAUT_USDT_SHORT_B1_REFERENCE
SHORT,4136.74,2026-10-05T22:46:26.146000+09:00,511_202610052245_XAU_USDT_SHORT,1,4157.423699999999,1.0,4116.0563,511_202610052245_XAU_USDT_SHORT_B1_REFERENCE
SHORT,0.2565,2026-10-05T22:56:29.522000+09:00,511_202610052255_FET_USDT_SHORT,1,0.25778249999999997,1.0,0.2552175,511_202610052255_FET_USDT_SHORT_B1_REFERENCE
SHORT,0.4988,2026-10-05T22:56:36.677000+09:00,511_202610052255_ONDO_USDT_SHORT,1,0.501294,1.0,0.496306,511_202610052255_ONDO_USDT_SHORT_B1_REFERENCE
SHORT,61.21,2026-10-05T22:56:11.987000+09:00,511_202610052255_SILVER_USDT_SHORT,1,61.51604999999999,1.0,60.90395,511_202610052255_SILVER_USDT_SHORT_B1_REFERENCE
LONG,86389.2,2026-10-05T23:06:26.135000+09:00,511_202610052305_BTC_USDT_LONG,1,85957.254,1.0,86821.146,511_202610052305_BTC_USDT_LONG_B1_REFERENCE
SHORT,14.059,2026-10-05T23:06:46.938000+09:00,511_202610052305_LINK_USDT_SHORT,1,14.129294999999997,1.0,13.988705,511_202610052305_LINK_USDT_SHORT_B1_REFERENCE
SHORT,1362.64,2026-10-05T23:06:51.947000+09:00,511_202610052305_SKHYNIXSTOCK_USDT_SHORT,1,1369.4532,1.0,1355.8268,511_202610052305_SKHYNIXSTOCK_USDT_SHORT_B1_REFERENCE
SHORT,1722.78,2026-10-05T23:06:55.006000+09:00,511_202610052305_SNDKSTOCK_USDT_SHORT,1,1731.3938999999998,1.0,1714.1661,511_202610052305_SNDKSTOCK_USDT_SHORT_B1_REFERENCE
SHORT,159.03,2026-10-05T23:06:47.927000+09:00,511_202610052305_SOXL_USDT_SHORT,1,159.82514999999998,1.0,158.23485,511_202610052305_SOXL_USDT_SHORT_B1_REFERENCE
LONG,0.2753,2026-10-05T23:16:18.257000+09:00,511_202610052315_ADA_USDT_LONG,1,0.2739235,1.0,0.27667649999999994,511_202610052315_ADA_USDT_LONG_B1_REFERENCE
LONG,0.2078,2026-10-05T23:16:32.523000+09:00,511_202610052315_ARB_USDT_LONG,1,0.206761,1.0,0.208839,511_202610052315_ARB_USDT_LONG_B1_REFERENCE
LONG,1.5198,2026-10-05T23:16:10.128000+09:00,511_202610052315_XRP_USDT_LONG,1,1.5122010000000001,1.0,1.527399,511_202610052315_XRP_USDT_LONG_B1_REFERENCE
SHORT,14.043,2026-10-05T23:25:45.329000+09:00,511_202610052325_LINK_USDT_SHORT,1,14.113214999999999,1.0,13.972785,511_202610052325_LINK_USDT_SHORT_B1_REFERENCE
LONG,5.068,2026-10-05T23:25:39.329000+09:00,511_202610052325_NEAR_USDT_LONG,1,5.04266,1.0,5.093339999999999,511_202610052325_NEAR_USDT_LONG_B1_REFERENCE
SHORT,0.5677,2026-10-05T23:25:41.905000+09:00,511_202610052325_WLD_USDT_SHORT,1,0.5705385,1.0,0.5648615,511_202610052325_WLD_USDT_SHORT_B1_REFERENCE
LONG,1348.2,2026-10-05T23:25:30.544000+09:00,511_202610052325_ZEC_USDT_LONG,1,1341.459,1.0,1354.9409999999998,511_202610052325_ZEC_USDT_LONG_B1_REFERENCE
SHORT,10.869,2026-10-05T23:36:44.125000+09:00,511_202610052335_AVAX_USDT_SHORT,1,10.923345,1.0,10.814655,511_202610052335_AVAX_USDT_SHORT_B1_REFERENCE
SHORT,0.09499,2026-10-05T23:36:32.811000+09:00,511_202610052335_DOGE_USDT_SHORT,1,0.09546494999999999,1.0,0.09451505,511_202610052335_DOGE_USDT_SHORT_B1_REFERENCE
SHORT,0.24486,2026-10-05T23:36:39.889000+09:00,511_202610052335_ENA_USDT_SHORT,1,0.24608429999999998,1.0,0.24363569999999998,511_202610052335_ENA_USDT_SHORT_B1_REFERENCE
SHORT,13.9,2026-10-05T23:36:41.588000+09:00,511_202610052335_LINK_USDT_SHORT,1,13.969499999999998,1.0,13.8305,511_202610052335_LINK_USDT_SHORT_B1_REFERENCE
SHORT,119.36,2026-10-05T23:36:27.245000+09:00,511_202610052335_SOL_USDT_SHORT,1,119.95679999999999,1.0,118.7632,511_202610052335_SOL_USDT_SHORT_B1_REFERENCE
SHORT,298.3,2026-10-05T23:36:38.944000+09:00,511_202610052335_TAO_USDT_SHORT,1,299.7915,1.0,296.80850000000004,511_202610052335_TAO_USDT_SHORT_B1_REFERENCE
SHORT,0.5601,2026-10-05T23:36:38.112000+09:00,511_202610052335_WLD_USDT_SHORT,1,0.5629005,1.0,0.5572995000000001,511_202610052335_WLD_USDT_SHORT_B1_REFERENCE
SHORT,13.951,2026-10-05T23:45:34.755000+09:00,511_202610052345_LINK_USDT_SHORT,1,14.020755,1.0,13.881245,511_202610052345_LINK_USDT_SHORT_B1_REFERENCE
LONG,257.47,2026-10-05T23:45:22.664000+09:00,511_202610052345_QNT_USDT_LONG,1,256.18265,1.0,258.75735,511_202610052345_QNT_USDT_LONG_B1_REFERENCE
SHORT,0.06995,2026-10-05T23:45:39.840000+09:00,511_202610052345_SAND_USDT_SHORT,1,0.07029975,1.0,0.06960025,511_202610052345_SAND_USDT_SHORT_B1_REFERENCE
SHORT,1719.04,2026-10-05T23:45:42.940000+09:00,511_202610052345_SNDKSTOCK_USDT_SHORT,1,1727.6351999999997,1.0,1710.4448,511_202610052345_SNDKSTOCK_USDT_SHORT_B1_REFERENCE
SHORT,0.5631,2026-10-05T23:45:30.779000+09:00,511_202610052345_WLD_USDT_SHORT,1,0.5659155,1.0,0.5602845000000001,511_202610052345_WLD_USDT_SHORT_B1_REFERENCE
SHORT,0.09423,2026-10-05T23:56:38.050000+09:00,511_202610052355_DOGE_USDT_SHORT,1,0.09470114999999998,1.0,0.09375884999999999,511_202610052355_DOGE_USDT_SHORT_B1_REFERENCE
SHORT,2701.8,2026-10-05T23:56:30.357000+09:00,511_202610052355_ETH_USDT_SHORT,1,2715.3089999999997,1.0,2688.291,511_202610052355_ETH_USDT_SHORT_B1_REFERENCE
SHORT,13.777,2026-10-05T23:56:45.218000+09:00,511_202610052355_LINK_USDT_SHORT,1,13.845884999999997,1.0,13.708115,511_202610052355_LINK_USDT_SHORT_B1_REFERENCE
SHORT,119.3,2026-10-05T23:56:32.551000+09:00,511_202610052355_SOL_USDT_SHORT,1,119.89649999999999,1.0,118.70349999999999,511_202610052355_SOL_USDT_SHORT_B1_REFERENCE
SHORT,298.14,2026-10-05T23:56:44.333000+09:00,511_202610052355_TAO_USDT_SHORT,1,299.63069999999993,1.0,296.6493,511_202610052355_TAO_USDT_SHORT_B1_REFERENCE
SHORT,1.4956,2026-10-05T23:56:33.440000+09:00,511_202610052355_XRP_USDT_SHORT,1,1.503078,1.0,1.488122,511_202610052355_XRP_USDT_SHORT_B1_REFERENCE
SHORT,13.829,2026-10-06T00:06:57.441000+09:00,511_202610060005_LINK_USDT_SHORT,1,13.898145,1.0,13.759855,511_202610060005_LINK_USDT_SHORT_B1_REFERENCE
SHORT,0.006384,2026-10-06T00:07:01.436000+09:00,511_202610060005_PUMPFUN_USDT_SHORT,1,0.0064159199999999994,1.0,0.0063520799999999995,511_202610060005_PUMPFUN_USDT_SHORT_B1_REFERENCE
SHORT,61.24,2026-10-06T00:06:45.860000+09:00,511_202610060005_SILVER_USDT_SHORT,1,61.5462,1.0,60.933800000000005,511_202610060005_SILVER_USDT_SHORT_B1_REFERENCE
SHORT,1721.48,2026-10-06T00:07:06.541000+09:00,511_202610060005_SNDKSTOCK_USDT_SHORT,1,1730.0874,1.0,1712.8726,511_202610060005_SNDKSTOCK_USDT_SHORT_B1_REFERENCE
SHORT,1.189,2026-10-06T00:06:50.089000+09:00,511_202610060005_SUI_USDT_SHORT,1,1.194945,1.0,1.183055,511_202610060005_SUI_USDT_SHORT_B1_REFERENCE
SHORT,4142.1,2026-10-06T00:06:47.903000+09:00,511_202610060005_XAUT_USDT_SHORT,1,4162.8105,1.0,4121.3895,511_202610060005_XAUT_USDT_SHORT_B1_REFERENCE
SHORT,4146.46,2026-10-06T00:06:44.862000+09:00,511_202610060005_XAU_USDT_SHORT,1,4167.1923,1.0,4125.7277,511_202610060005_XAU_USDT_SHORT_B1_REFERENCE
LONG,93.24,2026-10-06T00:26:42.835000+09:00,511_202610060025_HYPE_USDT_LONG,1,92.7738,1.0,93.70619999999998,511_202610060025_HYPE_USDT_LONG_B1_REFERENCE
SHORT,4139.4,2026-10-06T00:26:30.203000+09:00,511_202610060025_XAU_USDT_SHORT,1,4160.096999999999,1.0,4118.7029999999995,511_202610060025_XAU_USDT_SHORT_B1_REFERENCE
SHORT,0.2659,2026-10-06T00:36:29.526000+09:00,511_202610060035_ADA_USDT_SHORT,1,0.2672295,1.0,0.26457050000000004,511_202610060035_ADA_USDT_SHORT_B1_REFERENCE
SHORT,85349.9,2026-10-06T00:36:18.222000+09:00,511_202610060035_BTC_USDT_SHORT,1,85776.64949999998,1.0,84923.15049999999,511_202610060035_BTC_USDT_SHORT_B1_REFERENCE
SHORT,2699.95,2026-10-06T00:36:19.072000+09:00,511_202610060035_ETH_USDT_SHORT,1,2713.4497499999993,1.0,2686.45025,511_202610060035_ETH_USDT_SHORT_B1_REFERENCE
SHORT,1063.36,2026-10-06T00:36:27.790000+09:00,511_202610060035_MUSTOCK_USDT_SHORT,1,1068.6767999999997,1.0,1058.0431999999998,511_202610060035_MUSTOCK_USDT_SHORT_B1_REFERENCE
SHORT,4.4056e-06,2026-10-06T00:36:30.439000+09:00,511_202610060035_PEPE_USDT_SHORT,1,4.427628e-06,1.0,4.383572e-06,511_202610060035_PEPE_USDT_SHORT_B1_REFERENCE
SHORT,1300.3,2026-10-06T00:36:19.898000+09:00,511_202610060035_ZEC_USDT_SHORT,1,1306.8014999999998,1.0,1293.7984999999999,511_202610060035_ZEC_USDT_SHORT_B1_REFERENCE
SHORT,10.886,2026-10-06T00:46:45.707000+09:00,511_202610060045_AVAX_USDT_SHORT,1,10.940429999999997,1.0,10.83157,511_202610060045_AVAX_USDT_SHORT_B1_REFERENCE
SHORT,4.4004e-06,2026-10-06T00:46:37.613000+09:00,511_202610060045_PEPE_USDT_SHORT,1,4.422402e-06,1.0,4.378398e-06,511_202610060045_PEPE_USDT_SHORT_B1_REFERENCE
SHORT,0.006299,2026-10-06T00:46:44.513000+09:00,511_202610060045_PUMPFUN_USDT_SHORT,1,0.006330494999999999,1.0,0.006267505,511_202610060045_PUMPFUN_USDT_SHORT_B1_REFERENCE
SHORT,10.859,2026-10-06T00:56:39.108000+09:00,511_202610060055_AVAX_USDT_SHORT,1,10.913294999999998,1.0,10.804705,511_202610060055_AVAX_USDT_SHORT_B1_REFERENCE
SHORT,85222.7,2026-10-06T00:56:18.213000+09:00,511_202610060055_BTC_USDT_SHORT,1,85648.81349999999,1.0,84796.58649999999,511_202610060055_BTC_USDT_SHORT_B1_REFERENCE
SHORT,0.2628,2026-10-06T01:05:45.618000+09:00,511_202610060105_ADA_USDT_SHORT,1,0.26411399999999996,1.0,0.261486,511_202610060105_ADA_USDT_SHORT_B1_REFERENCE
SHORT,2693.19,2026-10-06T01:05:34.962000+09:00,511_202610060105_ETH_USDT_SHORT,1,2706.65595,1.0,2679.7240500000003,511_202610060105_ETH_USDT_SHORT_B1_REFERENCE
SHORT,4.999,2026-10-06T01:05:44.763000+09:00,511_202610060105_NEAR_USDT_SHORT,1,5.023994999999999,1.0,4.974005,511_202610060105_NEAR_USDT_SHORT_B1_REFERENCE
SHORT,0.0063,2026-10-06T01:05:53.373000+09:00,511_202610060105_PUMPFUN_USDT_SHORT,1,0.0063314999999999995,1.0,0.0062685,511_202610060105_PUMPFUN_USDT_SHORT_B1_REFERENCE
SHORT,298.9,2026-10-06T01:05:48.185000+09:00,511_202610060105_TAO_USDT_SHORT,1,300.39449999999994,1.0,297.40549999999996,511_202610060105_TAO_USDT_SHORT_B1_REFERENCE
SHORT,10.869,2026-10-06T01:16:51.584000+09:00,511_202610060115_AVAX_USDT_SHORT,1,10.923345,1.0,10.814655,511_202610060115_AVAX_USDT_SHORT_B1_REFERENCE
SHORT,4130.8,2026-10-06T01:16:36.627000+09:00,511_202610060115_XAUT_USDT_SHORT,1,4151.454,1.0,4110.146,511_202610060115_XAUT_USDT_SHORT_B1_REFERENCE
SHORT,0.2625,2026-10-06T01:25:53.106000+09:00,511_202610060125_ADA_USDT_SHORT,1,0.2638125,1.0,0.2611875,511_202610060125_ADA_USDT_SHORT_B1_REFERENCE
SHORT,4.956,2026-10-06T01:25:52.077000+09:00,511_202610060125_NEAR_USDT_SHORT,1,4.98078,1.0,4.931220000000001,511_202610060125_NEAR_USDT_SHORT_B1_REFERENCE
SHORT,0.006303,2026-10-06T01:26:02.771000+09:00,511_202610060125_PUMPFUN_USDT_SHORT,1,0.006334514999999999,1.0,0.006271484999999999,511_202610060125_PUMPFUN_USDT_SHORT_B1_REFERENCE
SHORT,297.7,2026-10-06T01:25:56.505000+09:00,511_202610060125_TAO_USDT_SHORT,1,299.1885,1.0,296.2115,511_202610060125_TAO_USDT_SHORT_B1_REFERENCE
LONG,162.33,2026-10-06T01:36:36.920000+09:00,511_202610060135_SOXL_USDT_LONG,1,161.51835,1.0,163.14165,511_202610060135_SOXL_USDT_LONG_B1_REFERENCE
LONG,1378.42,2026-10-06T01:58:48.789000+09:00,511_202610060155_SKHYNIXSTOCK_USDT_LONG,1,1371.5279,1.0,1385.3120999999999,511_202610060155_SKHYNIXSTOCK_USDT_LONG_B1_REFERENCE
SHORT,1711.64,2026-10-06T01:58:46.707000+09:00,511_202610060155_SNDKSTOCK_USDT_SHORT,1,1720.1981999999998,1.0,1703.0818000000002,511_202610060155_SNDKSTOCK_USDT_SHORT_B1_REFERENCE
SHORT,85206.4,2026-10-06T02:06:22.258000+09:00,511_202610060205_BTC_USDT_SHORT,1,85632.43199999999,1.0,84780.36799999999,511_202610060205_BTC_USDT_SHORT_B1_REFERENCE
SHORT,0.09417,2026-10-06T02:06:30.566000+09:00,511_202610060205_DOGE_USDT_SHORT,1,0.09464085,1.0,0.09369915000000001,511_202610060205_DOGE_USDT_SHORT_B1_REFERENCE
SHORT,2692.95,2026-10-06T02:06:23.260000+09:00,511_202610060205_ETH_USDT_SHORT,1,2706.4147499999995,1.0,2679.4852499999997,511_202610060205_ETH_USDT_SHORT_B1_REFERENCE
SHORT,119.37,2026-10-06T02:06:25.407000+09:00,511_202610060205_SOL_USDT_SHORT,1,119.96685,1.0,118.77315,511_202610060205_SOL_USDT_SHORT_B1_REFERENCE
SHORT,90.18,2026-10-06T02:15:13.535000+09:00,511_202610060215_USOIL_USDT_SHORT,1,90.6309,1.0,89.7291,511_202610060215_USOIL_USDT_SHORT_B1_REFERENCE
SHORT,89.93,2026-10-06T02:36:42.292000+09:00,511_202610060235_USOIL_USDT_SHORT,1,90.37965,1.0,89.48035,511_202610060235_USOIL_USDT_SHORT_B1_REFERENCE
SHORT,0.5594,2026-10-06T02:36:32.718000+09:00,511_202610060235_WLD_USDT_SHORT,1,0.562197,1.0,0.556603,511_202610060235_WLD_USDT_SHORT_B1_REFERENCE
SHORT,1.4934,2026-10-06T02:36:21.496000+09:00,511_202610060235_XRP_USDT_SHORT,1,1.500867,1.0,1.485933,511_202610060235_XRP_USDT_SHORT_B1_REFERENCE
SHORT,89.86,2026-10-06T02:46:34.751000+09:00,511_202610060245_USOIL_USDT_SHORT,1,90.3093,1.0,89.4107,511_202610060245_USOIL_USDT_SHORT_B1_REFERENCE
SHORT,252.73,2026-10-06T03:16:13.464000+09:00,511_202610060315_QNT_USDT_SHORT,1,253.99364999999997,1.0,251.46634999999998,511_202610060315_QNT_USDT_SHORT_B1_REFERENCE
LONG,1377.68,2026-10-06T03:16:32.120000+09:00,511_202610060315_SKHYNIXSTOCK_USDT_LONG,1,1370.7916,1.0,1384.5683999999999,511_202610060315_SKHYNIXSTOCK_USDT_LONG_B1_REFERENCE
SHORT,0.2645,2026-10-06T03:36:47.786000+09:00,511_202610060335_ADA_USDT_SHORT,1,0.26582249999999996,1.0,0.2631775,511_202610060335_ADA_USDT_SHORT_B1_REFERENCE
LONG,164.08,2026-10-06T03:36:55.344000+09:00,511_202610060335_SOXL_USDT_LONG,1,163.2596,1.0,164.9004,511_202610060335_SOXL_USDT_LONG_B1_REFERENCE
SHORT,89.17,2026-10-06T03:36:57.457000+09:00,511_202610060335_USOIL_USDT_SHORT,1,89.61585,1.0,88.72415,511_202610060335_USOIL_USDT_SHORT_B1_REFERENCE
SHORT,4.3867e-06,2026-10-06T03:44:04.247000+09:00,511_202610060340_PEPE_USDT_SHORT,1,4.4086334999999996e-06,1.0,4.3647665e-06,511_202610060340_PEPE_USDT_SHORT_B1_REFERENCE
SHORT,252.82,2026-10-06T03:43:58.151000+09:00,511_202610060340_QNT_USDT_SHORT,1,254.08409999999998,1.0,251.55589999999998,511_202610060340_QNT_USDT_SHORT_B1_REFERENCE
SHORT,0.5565,2026-10-06T03:44:05.235000+09:00,511_202610060340_WLD_USDT_SHORT,1,0.5592824999999999,1.0,0.5537175,511_202610060340_WLD_USDT_SHORT_B1_REFERENCE
LONG,0.20637,2026-10-06T03:57:03.235000+09:00,511_202610060355_ARB_USDT_LONG,1,0.20533815,1.0,0.20740184999999997,511_202610060355_ARB_USDT_LONG_B1_REFERENCE
SHORT,1691.68,2026-10-06T03:57:00.817000+09:00,511_202610060355_SNDKSTOCK_USDT_SHORT,1,1700.1383999999998,1.0,1683.2216,511_202610060355_SNDKSTOCK_USDT_SHORT_B1_REFERENCE
LONG,163.37,2026-10-06T04:08:13.808000+09:00,511_202610060405_SOXL_USDT_LONG,1,162.55315000000002,1.0,164.18685,511_202610060405_SOXL_USDT_LONG_B1_REFERENCE
LONG,5.18,2026-10-06T04:27:48.666000+09:00,511_202610060425_NEAR_USDT_LONG,1,5.1541,1.0,5.205899999999999,511_202610060425_NEAR_USDT_LONG_B1_REFERENCE
SHORT,89.03,2026-10-06T04:27:57.968000+09:00,511_202610060425_USOIL_USDT_SHORT,1,89.47514999999999,1.0,88.58485,511_202610060425_USOIL_USDT_SHORT_B1_REFERENCE
LONG,0.25483,2026-10-06T05:47:38.594000+09:00,511_202610060545_ENA_USDT_LONG,1,0.25355585,1.0,0.25610415,511_202610060545_ENA_USDT_LONG_B1_REFERENCE
LONG,120.49,2026-10-06T05:47:25.688000+09:00,511_202610060545_SOL_USDT_LONG,1,119.88754999999999,1.0,121.09244999999999,511_202610060545_SOL_USDT_LONG_B1_REFERENCE
LONG,1.2273,2026-10-06T05:47:32.808000+09:00,511_202610060545_SUI_USDT_LONG,1,1.2211635,1.0,1.2334364999999998,511_202610060545_SUI_USDT_LONG_B1_REFERENCE
LONG,0.2695,2026-10-06T06:08:21.906000+09:00,511_202610060605_ADA_USDT_LONG,1,0.2681525,1.0,0.27084749999999996,511_202610060605_ADA_USDT_LONG_B1_REFERENCE
LONG,13.941,2026-10-06T06:16:47.115000+09:00,511_202610060615_LINK_USDT_LONG,1,13.871295,1.0,14.010705,511_202610060615_LINK_USDT_LONG_B1_REFERENCE
LONG,5.245,2026-10-06T06:16:39.859000+09:00,511_202610060615_NEAR_USDT_LONG,1,5.218775,1.0,5.271224999999999,511_202610060615_NEAR_USDT_LONG_B1_REFERENCE
LONG,0.5802,2026-10-06T06:16:43.626000+09:00,511_202610060615_WLD_USDT_LONG,1,0.577299,1.0,0.583101,511_202610060615_WLD_USDT_LONG_B1_REFERENCE
LONG,4.4277e-06,2026-10-06T06:24:26.194000+09:00,511_202610060620_PEPE_USDT_LONG,1,4.4055615e-06,1.0,4.4498385e-06,511_202610060620_PEPE_USDT_LONG_B1_REFERENCE
LONG,120.69,2026-10-06T06:24:14.606000+09:00,511_202610060620_SOL_USDT_LONG,1,120.08655,1.0,121.29344999999998,511_202610060620_SOL_USDT_LONG_B1_REFERENCE
SHORT,89.22,2026-10-06T06:36:59.562000+09:00,511_202610060635_USOIL_USDT_SHORT,1,89.66609999999999,1.0,88.7739,511_202610060635_USOIL_USDT_SHORT_B1_REFERENCE
LONG,164.71,2026-10-06T06:47:07.002000+09:00,511_202610060645_SOXL_USDT_LONG,1,163.88645,1.0,165.53355,511_202610060645_SOXL_USDT_LONG_B1_REFERENCE
LONG,0.20994,2026-10-06T06:56:43.382000+09:00,511_202610060655_ARB_USDT_LONG,1,0.20889029999999997,1.0,0.21098969999999997,511_202610060655_ARB_USDT_LONG_B1_REFERENCE
LONG,85934.6,2026-10-06T06:56:14.047000+09:00,511_202610060655_BTC_USDT_LONG,1,85504.92700000001,1.0,86364.273,511_202610060655_BTC_USDT_LONG_B1_REFERENCE
LONG,2716.87,2026-10-06T06:56:16.227000+09:00,511_202610060655_ETH_USDT_LONG,1,2703.28565,1.0,2730.4543499999995,511_202610060655_ETH_USDT_LONG_B1_REFERENCE
SHORT,1372.75,2026-10-06T06:56:41.418000+09:00,511_202610060655_SKHYNIXSTOCK_USDT_SHORT,1,1379.6137499999998,1.0,1365.88625,511_202610060655_SKHYNIXSTOCK_USDT_SHORT_B1_REFERENCE
LONG,85880.0,2026-10-06T07:07:21.102000+09:00,511_202610060705_BTC_USDT_LONG,1,85450.6,1.0,86309.4,511_202610060705_BTC_USDT_LONG_B1_REFERENCE
LONG,0.2545,2026-10-06T07:07:46.499000+09:00,511_202610060705_FET_USDT_LONG,1,0.2532275,1.0,0.25577249999999996,511_202610060705_FET_USDT_LONG_B1_REFERENCE
LONG,94.873,2026-10-06T07:07:34.958000+09:00,511_202610060705_HYPE_USDT_LONG,1,94.398635,1.0,95.347365,511_202610060705_HYPE_USDT_LONG_B1_REFERENCE
SHORT,1063.75,2026-10-06T07:07:30.503000+09:00,511_202610060705_MUSTOCK_USDT_SHORT,1,1069.06875,1.0,1058.43125,511_202610060705_MUSTOCK_USDT_SHORT_B1_REFERENCE
LONG,258.12,2026-10-06T07:07:28.381000+09:00,511_202610060705_QNT_USDT_LONG,1,256.8294,1.0,259.4106,511_202610060705_QNT_USDT_LONG_B1_REFERENCE
LONG,121.22,2026-10-06T07:07:23.852000+09:00,511_202610060705_SOL_USDT_LONG,1,120.6139,1.0,121.82609999999998,511_202610060705_SOL_USDT_LONG_B1_REFERENCE
LONG,121.41,2026-10-06T07:17:34.121000+09:00,511_202610060715_SOL_USDT_LONG,1,120.80295,1.0,122.01704999999998,511_202610060715_SOL_USDT_LONG_B1_REFERENCE
LONG,165.22,2026-10-06T07:17:52.010000+09:00,511_202610060715_SOXL_USDT_LONG,1,164.3939,1.0,166.04609999999997,511_202610060715_SOXL_USDT_LONG_B1_REFERENCE
LONG,308.42,2026-10-06T07:17:46.399000+09:00,511_202610060715_TAO_USDT_LONG,1,306.8779,1.0,309.96209999999996,511_202610060715_TAO_USDT_LONG_B1_REFERENCE
LONG,11.05,2026-10-06T07:26:40.907000+09:00,511_202610060725_AVAX_USDT_LONG,1,10.99475,1.0,11.10525,511_202610060725_AVAX_USDT_LONG_B1_REFERENCE
LONG,5.269,2026-10-06T07:26:29.643000+09:00,511_202610060725_NEAR_USDT_LONG,1,5.242655,1.0,5.295344999999999,511_202610060725_NEAR_USDT_LONG_B1_REFERENCE
LONG,2715.79,2026-10-06T07:45:26.865000+09:00,511_202610060745_ETH_USDT_LONG,1,2702.21105,1.0,2729.3689499999996,511_202610060745_ETH_USDT_LONG_B1_REFERENCE
LONG,86004.8,2026-10-06T08:06:31.993000+09:00,511_202610060805_BTC_USDT_LONG,1,85574.776,1.0,86434.824,511_202610060805_BTC_USDT_LONG_B1_REFERENCE
LONG,0.0957,2026-10-06T08:06:41.300000+09:00,511_202610060805_DOGE_USDT_LONG,1,0.09522149999999999,1.0,0.09617849999999999,511_202610060805_DOGE_USDT_LONG_B1_REFERENCE
LONG,171.88,2026-10-06T08:06:53.088000+09:00,511_202610060805_SPCXSTOCK_USDT_LONG,1,171.0206,1.0,172.7394,511_202610060805_SPCXSTOCK_USDT_LONG_B1_REFERENCE
SHORT,13.873,2026-10-06T08:15:55.474000+09:00,511_202610060815_LINK_USDT_SHORT,1,13.942364999999997,1.0,13.803635,511_202610060815_LINK_USDT_SHORT_B1_REFERENCE
SHORT,61.03,2026-10-06T08:46:18.861000+09:00,511_202610060845_SILVER_USDT_SHORT,1,61.33514999999999,1.0,60.72485,511_202610060845_SILVER_USDT_SHORT_B1_REFERENCE
SHORT,4138.44,2026-10-06T08:56:17.432000+09:00,511_202610060855_XAU_USDT_SHORT,1,4159.132199999999,1.0,4117.747799999999,511_202610060855_XAU_USDT_SHORT_B1_REFERENCE
LONG,11.152,2026-10-06T09:04:43.701000+09:00,511_202610060900_AVAX_USDT_LONG,1,11.09624,1.0,11.207759999999999,511_202610060900_AVAX_USDT_LONG_B1_REFERENCE
LONG,0.2551,2026-10-06T09:04:49.227000+09:00,511_202610060900_FET_USDT_LONG,1,0.2538245,1.0,0.2563755,511_202610060900_FET_USDT_LONG_B1_REFERENCE
LONG,1064.98,2026-10-06T09:16:27.293000+09:00,511_202610060915_MUSTOCK_USDT_LONG,1,1059.6551,1.0,1070.3048999999999,511_202610060915_MUSTOCK_USDT_LONG_B1_REFERENCE
LONG,0.2561,2026-10-06T09:25:39.174000+09:00,511_202610060925_FET_USDT_LONG,1,0.2548195,1.0,0.25738049999999996,511_202610060925_FET_USDT_LONG_B1_REFERENCE
SHORT,1355.46,2026-10-06T09:25:37.466000+09:00,511_202610060925_SKHYNIXSTOCK_USDT_SHORT,1,1362.2373,1.0,1348.6827,511_202610060925_SKHYNIXSTOCK_USDT_SHORT_B1_REFERENCE
LONG,166.32,2026-10-06T09:34:28.720000+09:00,511_202610060930_SOXL_USDT_LONG,1,165.48839999999998,1.0,167.15159999999997,511_202610060930_SOXL_USDT_LONG_B1_REFERENCE
LONG,1708.13,2026-10-06T10:05:53.969000+09:00,511_202610061005_SNDKSTOCK_USDT_LONG,1,1699.5893500000002,1.0,1716.67065,511_202610061005_SNDKSTOCK_USDT_LONG_B1_REFERENCE
LONG,121.14,2026-10-06T10:05:31.454000+09:00,511_202610061005_SOL_USDT_LONG,1,120.5343,1.0,121.74569999999999,511_202610061005_SOL_USDT_LONG_B1_REFERENCE
LONG,4150.94,2026-10-06T10:05:33.536000+09:00,511_202610061005_XAU_USDT_LONG,1,4130.185299999999,1.0,4171.694699999999,511_202610061005_XAU_USDT_LONG_B1_REFERENCE
LONG,1.5123,2026-10-06T10:05:32.493000+09:00,511_202610061005_XRP_USDT_LONG,1,1.5047385,1.0,1.5198614999999998,511_202610061005_XRP_USDT_LONG_B1_REFERENCE
SHORT,13.856,2026-10-06T10:26:40.065000+09:00,511_202610061025_LINK_USDT_SHORT,1,13.925279999999999,1.0,13.786719999999999,511_202610061025_LINK_USDT_SHORT_B1_REFERENCE
LONG,89.62,2026-10-06T10:26:39.011000+09:00,511_202610061025_USOIL_USDT_LONG,1,89.17190000000001,1.0,90.0681,511_202610061025_USOIL_USDT_LONG_B1_REFERENCE
SHORT,0.09502,2026-10-06T10:36:33.092000+09:00,511_202610061035_DOGE_USDT_SHORT,1,0.09549509999999999,1.0,0.09454489999999999,511_202610061035_DOGE_USDT_SHORT_B1_REFERENCE
SHORT,1343.55,2026-10-06T10:36:48.716000+09:00,511_202610061035_SKHYNIXSTOCK_USDT_SHORT,1,1350.2677499999998,1.0,1336.83225,511_202610061035_SKHYNIXSTOCK_USDT_SHORT_B1_REFERENCE
SHORT,1.1987,2026-10-06T10:48:34.890000+09:00,511_202610061045_SUI_USDT_SHORT,1,1.2046934999999999,1.0,1.1927065000000001,511_202610061045_SUI_USDT_SHORT_B1_REFERENCE
SHORT,4133.2,2026-10-06T10:48:28.890000+09:00,511_202610061045_XAUT_USDT_SHORT,1,4153.865999999999,1.0,4112.534,511_202610061045_XAUT_USDT_SHORT_B1_REFERENCE
SHORT,4135.06,2026-10-06T10:48:27.898000+09:00,511_202610061045_XAU_USDT_SHORT,1,4155.7353,1.0,4114.3847000000005,511_202610061045_XAU_USDT_SHORT_B1_REFERENCE
LONG,1348.87,2026-10-06T10:48:23.725000+09:00,511_202610061045_ZEC_USDT_LONG,1,1342.12565,1.0,1355.6143499999998,511_202610061045_ZEC_USDT_LONG_B1_REFERENCE
SHORT,0.09483,2026-10-06T10:56:30.988000+09:00,511_202610061055_DOGE_USDT_SHORT,1,0.09530414999999999,1.0,0.09435584999999999,511_202610061055_DOGE_USDT_SHORT_B1_REFERENCE
SHORT,4.3032e-06,2026-10-06T10:56:35.509000+09:00,511_202610061055_PEPE_USDT_SHORT,1,4.324715999999999e-06,1.0,4.281684e-06,511_202610061055_PEPE_USDT_SHORT_B1_REFERENCE
SHORT,60.75,2026-10-06T10:56:27.692000+09:00,511_202610061055_SILVER_USDT_SHORT,1,61.053749999999994,1.0,60.44625,511_202610061055_SILVER_USDT_SHORT_B1_REFERENCE
LONG,100.52,2026-10-06T10:56:51.206000+09:00,511_202610061055_UKOIL_USDT_LONG,1,100.0174,1.0,101.02259999999998,511_202610061055_UKOIL_USDT_LONG_B1_REFERENCE
SHORT,2704.74,2026-10-06T11:06:14.125000+09:00,511_202610061105_ETH_USDT_SHORT,1,2718.2636999999995,1.0,2691.2162999999996,511_202610061105_ETH_USDT_SHORT_B1_REFERENCE
LONG,89.74,2026-10-06T11:18:37.651000+09:00,511_202610061115_USOIL_USDT_LONG,1,89.29129999999999,1.0,90.18869999999998,511_202610061115_USOIL_USDT_LONG_B1_REFERENCE
LONG,11.176,2026-10-06T11:24:20.823000+09:00,511_202610061120_AVAX_USDT_LONG,1,11.12012,1.0,11.231879999999999,511_202610061120_AVAX_USDT_LONG_B1_REFERENCE
SHORT,4.2902e-06,2026-10-06T11:24:09.122000+09:00,511_202610061120_PEPE_USDT_SHORT,1,4.311651e-06,1.0,4.268749e-06,511_202610061120_PEPE_USDT_SHORT_B1_REFERENCE
LONG,268.2,2026-10-06T11:24:02.781000+09:00,511_202610061120_QNT_USDT_LONG,1,266.859,1.0,269.54099999999994,511_202610061120_QNT_USDT_LONG_B1_REFERENCE
SHORT,93.84,2026-10-06T11:36:39.130000+09:00,511_202610061135_HYPE_USDT_SHORT,1,94.30919999999999,1.0,93.3708,511_202610061135_HYPE_USDT_SHORT_B1_REFERENCE
SHORT,302.12,2026-10-06T11:36:41.612000+09:00,511_202610061135_TAO_USDT_SHORT,1,303.63059999999996,1.0,300.6094,511_202610061135_TAO_USDT_SHORT_B1_REFERENCE
SHORT,4119.4,2026-10-06T11:36:28.014000+09:00,511_202610061135_XAUT_USDT_SHORT,1,4139.996999999999,1.0,4098.803,511_202610061135_XAUT_USDT_SHORT_B1_REFERENCE
SHORT,4120.18,2026-10-06T11:36:26.795000+09:00,511_202610061135_XAU_USDT_SHORT,1,4140.7809,1.0,4099.5791,511_202610061135_XAU_USDT_SHORT_B1_REFERENCE
SHORT,1.4976,2026-10-06T11:36:25.623000+09:00,511_202610061135_XRP_USDT_SHORT,1,1.505088,1.0,1.490112,511_202610061135_XRP_USDT_SHORT_B1_REFERENCE
SHORT,85539.0,2026-10-06T11:45:31.197000+09:00,511_202610061145_BTC_USDT_SHORT,1,85966.69499999999,1.0,85111.305,511_202610061145_BTC_USDT_SHORT_B1_REFERENCE
SHORT,2702.04,2026-10-06T11:45:33.105000+09:00,511_202610061145_ETH_USDT_SHORT,1,2715.5501999999997,1.0,2688.5298,511_202610061145_ETH_USDT_SHORT_B1_REFERENCE
SHORT,0.4928,2026-10-06T11:45:56.842000+09:00,511_202610061145_ONDO_USDT_SHORT,1,0.495264,1.0,0.490336,511_202610061145_ONDO_USDT_SHORT_B1_REFERENCE
SHORT,163.25,2026-10-06T11:45:51.367000+09:00,511_202610061145_SOXL_USDT_SHORT,1,164.06625,1.0,162.43375,511_202610061145_SOXL_USDT_SHORT_B1_REFERENCE
SHORT,1.4969,2026-10-06T11:45:34.863000+09:00,511_202610061145_XRP_USDT_SHORT,1,1.5043844999999998,1.0,1.4894154999999998,511_202610061145_XRP_USDT_SHORT_B1_REFERENCE
SHORT,85506.4,2026-10-06T11:55:10.184000+09:00,511_202610061155_BTC_USDT_SHORT,1,85933.93199999999,1.0,85078.86799999999,511_202610061155_BTC_USDT_SHORT_B1_REFERENCE
SHORT,0.24697,2026-10-06T11:55:26.823000+09:00,511_202610061155_ENA_USDT_SHORT,1,0.24820484999999998,1.0,0.24573514999999999,511_202610061155_ENA_USDT_SHORT_B1_REFERENCE
SHORT,1.1936,2026-10-06T11:55:20.817000+09:00,511_202610061155_SUI_USDT_SHORT,1,1.199568,1.0,1.187632,511_202610061155_SUI_USDT_SHORT_B1_REFERENCE
SHORT,0.5709,2026-10-06T11:55:24.254000+09:00,511_202610061155_WLD_USDT_SHORT,1,0.5737545,1.0,0.5680455,511_202610061155_WLD_USDT_SHORT_B1_REFERENCE
SHORT,0.2463,2026-10-06T12:05:51.302000+09:00,511_202610061205_ENA_USDT_SHORT,1,0.24753149999999996,1.0,0.2450685,511_202610061205_ENA_USDT_SHORT_B1_REFERENCE
LONG,31103.0,2026-10-06T12:05:59.920000+09:00,511_202610061205_NAS100_USDT_LONG,1,30947.485,1.0,31258.514999999996,511_202610061205_NAS100_USDT_LONG_B1_REFERENCE
SHORT,93.724,2026-10-06T12:16:29.194000+09:00,511_202610061215_HYPE_USDT_SHORT,1,94.19261999999999,1.0,93.25538,511_202610061215_HYPE_USDT_SHORT_B1_REFERENCE
SHORT,0.4893,2026-10-06T12:16:41.509000+09:00,511_202610061215_ONDO_USDT_SHORT,1,0.4917465,1.0,0.4868535,511_202610061215_ONDO_USDT_SHORT_B1_REFERENCE
SHORT,0.24586,2026-10-06T12:26:33.637000+09:00,511_202610061225_ENA_USDT_SHORT,1,0.24708929999999996,1.0,0.2446307,511_202610061225_ENA_USDT_SHORT_B1_REFERENCE
SHORT,93.575,2026-10-06T12:26:28.839000+09:00,511_202610061225_HYPE_USDT_SHORT,1,94.042875,1.0,93.107125,511_202610061225_HYPE_USDT_SHORT_B1_REFERENCE
SHORT,60.82,2026-10-06T12:26:20.206000+09:00,511_202610061225_SILVER_USDT_SHORT,1,61.12409999999999,1.0,60.5159,511_202610061225_SILVER_USDT_SHORT_B1_REFERENCE
SHORT,0.5666,2026-10-06T12:26:29.863000+09:00,511_202610061225_WLD_USDT_SHORT,1,0.569433,1.0,0.563767,511_202610061225_WLD_USDT_SHORT_B1_REFERENCE
SHORT,0.4891,2026-10-06T12:36:53.312000+09:00,511_202610061235_ONDO_USDT_SHORT,1,0.4915454999999999,1.0,0.4866545,511_202610061235_ONDO_USDT_SHORT_B1_REFERENCE
SHORT,1.1875,2026-10-06T12:36:37.453000+09:00,511_202610061235_SUI_USDT_SHORT,1,1.1934375,1.0,1.1815625,511_202610061235_SUI_USDT_SHORT_B1_REFERENCE
SHORT,300.18,2026-10-06T12:36:42.623000+09:00,511_202610061235_TAO_USDT_SHORT,1,301.68089999999995,1.0,298.6791,511_202610061235_TAO_USDT_SHORT_B1_REFERENCE
SHORT,0.24526,2026-10-06T12:46:51.921000+09:00,511_202610061245_ENA_USDT_SHORT,1,0.2464863,1.0,0.2440337,511_202610061245_ENA_USDT_SHORT_B1_REFERENCE
LONG,11.195,2026-10-06T12:56:50.096000+09:00,511_202610061255_AVAX_USDT_LONG,1,11.139025,1.0,11.250974999999999,511_202610061255_AVAX_USDT_LONG_B1_REFERENCE
SHORT,163.71,2026-10-06T12:56:47.509000+09:00,511_202610061255_SOXL_USDT_SHORT,1,164.52855,1.0,162.89145000000002,511_202610061255_SOXL_USDT_SHORT_B1_REFERENCE
SHORT,0.20398,2026-10-06T13:04:47.862000+09:00,511_202610061300_ARB_USDT_SHORT,1,0.20499989999999998,1.0,0.2029601,511_202610061300_ARB_USDT_SHORT_B1_REFERENCE
LONG,11.283,2026-10-06T13:26:41.048000+09:00,511_202610061325_AVAX_USDT_LONG,1,11.226585,1.0,11.339414999999999,511_202610061325_AVAX_USDT_LONG_B1_REFERENCE
SHORT,93.536,2026-10-06T13:26:30.928000+09:00,511_202610061325_HYPE_USDT_SHORT,1,94.00367999999999,1.0,93.06832,511_202610061325_HYPE_USDT_SHORT_B1_REFERENCE
SHORT,1340.01,2026-10-06T13:26:17.305000+09:00,511_202610061325_ZEC_USDT_SHORT,1,1346.71005,1.0,1333.30995,511_202610061325_ZEC_USDT_SHORT_B1_REFERENCE
LONG,11.295,2026-10-06T13:46:59.699000+09:00,511_202610061345_AVAX_USDT_LONG,1,11.238525,1.0,11.351474999999999,511_202610061345_AVAX_USDT_LONG_B1_REFERENCE
SHORT,163.62,2026-10-06T13:56:40.908000+09:00,511_202610061355_SOXL_USDT_SHORT,1,164.4381,1.0,162.80190000000002,511_202610061355_SOXL_USDT_SHORT_B1_REFERENCE
SHORT,5.223,2026-10-06T14:04:36.149000+09:00,511_202610061400_NEAR_USDT_SHORT,1,5.249114999999999,1.0,5.196885,511_202610061400_NEAR_USDT_SHORT_B1_REFERENCE
SHORT,119.99,2026-10-06T14:04:30.787000+09:00,511_202610061400_SOL_USDT_SHORT,1,120.58994999999999,1.0,119.39004999999999,511_202610061400_SOL_USDT_SHORT_B1_REFERENCE
SHORT,1058.46,2026-10-06T14:16:29.378000+09:00,511_202610061415_MUSTOCK_USDT_SHORT,1,1063.7522999999999,1.0,1053.1677,511_202610061415_MUSTOCK_USDT_SHORT_B1_REFERENCE
LONG,0.2712,2026-10-06T14:26:28.194000+09:00,511_202610061425_ADA_USDT_LONG,1,0.269844,1.0,0.27255599999999996,511_202610061425_ADA_USDT_LONG_B1_REFERENCE
LONG,11.324,2026-10-06T14:26:40.087000+09:00,511_202610061425_AVAX_USDT_LONG,1,11.26738,1.0,11.380619999999999,511_202610061425_AVAX_USDT_LONG_B1_REFERENCE
SHORT,0.5621,2026-10-06T14:26:30.943000+09:00,511_202610061425_WLD_USDT_SHORT,1,0.5649105,1.0,0.5592895,511_202610061425_WLD_USDT_SHORT_B1_REFERENCE
LONG,11.342,2026-10-06T14:37:27.434000+09:00,511_202610061435_AVAX_USDT_LONG,1,11.28529,1.0,11.39871,511_202610061435_AVAX_USDT_LONG_B1_REFERENCE
LONG,0.8664,2026-10-06T14:37:28.360000+09:00,511_202610061435_RLC_USDT_LONG,1,0.862068,1.0,0.8707319999999998,511_202610061435_RLC_USDT_LONG_B1_REFERENCE
SHORT,0.5653,2026-10-06T14:37:18.353000+09:00,511_202610061435_WLD_USDT_SHORT,1,0.5681265,1.0,0.5624735000000001,511_202610061435_WLD_USDT_SHORT_B1_REFERENCE
SHORT,5.23,2026-10-06T14:45:48.007000+09:00,511_202610061445_NEAR_USDT_SHORT,1,5.25615,1.0,5.20385,511_202610061445_NEAR_USDT_SHORT_B1_REFERENCE
SHORT,119.91,2026-10-06T14:45:41.683000+09:00,511_202610061445_SOL_USDT_SHORT,1,120.50954999999999,1.0,119.31045,511_202610061445_SOL_USDT_SHORT_B1_REFERENCE
SHORT,0.4896,2026-10-06T14:55:42.034000+09:00,511_202610061455_ONDO_USDT_SHORT,1,0.49204799999999993,1.0,0.487152,511_202610061455_ONDO_USDT_SHORT_B1_REFERENCE
SHORT,119.7,2026-10-06T14:55:19.674000+09:00,511_202610061455_SOL_USDT_SHORT,1,120.29849999999999,1.0,119.1015,511_202610061455_SOL_USDT_SHORT_B1_REFERENCE
LONG,172.32,2026-10-06T14:55:32.617000+09:00,511_202610061455_SPCXSTOCK_USDT_LONG,1,171.45839999999998,1.0,173.18159999999997,511_202610061455_SPCXSTOCK_USDT_LONG_B1_REFERENCE
LONG,7781.3,2026-10-06T14:55:38.620000+09:00,511_202610061455_SPX500_USDT_LONG,1,7742.3935,1.0,7820.206499999999,511_202610061455_SPX500_USDT_LONG_B1_REFERENCE
SHORT,1333.54,2026-10-06T14:55:17.922000+09:00,511_202610061455_ZEC_USDT_SHORT,1,1340.2077,1.0,1326.8723,511_202610061455_ZEC_USDT_SHORT_B1_REFERENCE
SHORT,0.24143,2026-10-06T15:05:19.079000+09:00,511_202610061505_ENA_USDT_SHORT,1,0.24263714999999997,1.0,0.24022285000000002,511_202610061505_ENA_USDT_SHORT_B1_REFERENCE
SHORT,92.686,2026-10-06T15:05:14.811000+09:00,511_202610061505_HYPE_USDT_SHORT,1,93.14943,1.0,92.22257,511_202610061505_HYPE_USDT_SHORT_B1_REFERENCE
LONG,0.8909,2026-10-06T15:05:27.207000+09:00,511_202610061505_RLC_USDT_LONG,1,0.8864455,1.0,0.8953544999999999,511_202610061505_RLC_USDT_LONG_B1_REFERENCE
SHORT,60.45,2026-10-06T15:05:06.724000+09:00,511_202610061505_SILVER_USDT_SHORT,1,60.75225,1.0,60.14775,511_202610061505_SILVER_USDT_SHORT_B1_REFERENCE
SHORT,4118.7,2026-10-06T15:05:05.745000+09:00,511_202610061505_XAUT_USDT_SHORT,1,4139.2935,1.0,4098.1065,511_202610061505_XAUT_USDT_SHORT_B1_REFERENCE
SHORT,4120.97,2026-10-06T15:05:04.705000+09:00,511_202610061505_XAU_USDT_SHORT,1,4141.57485,1.0,4100.3651500000005,511_202610061505_XAU_USDT_SHORT_B1_REFERENCE
SHORT,0.24052,2026-10-06T15:17:58.209000+09:00,511_202610061515_ENA_USDT_SHORT,1,0.24172259999999998,1.0,0.2393174,511_202610061515_ENA_USDT_SHORT_B1_REFERENCE
SHORT,2692.13,2026-10-06T15:17:43.097000+09:00,511_202610061515_ETH_USDT_SHORT,1,2705.5906499999996,1.0,2678.66935,511_202610061515_ETH_USDT_SHORT_B1_REFERENCE
SHORT,92.887,2026-10-06T15:17:54.685000+09:00,511_202610061515_HYPE_USDT_SHORT,1,93.351435,1.0,92.422565,511_202610061515_HYPE_USDT_SHORT_B1_REFERENCE
SHORT,5.173,2026-10-06T15:17:50.277000+09:00,511_202610061515_NEAR_USDT_SHORT,1,5.198865,1.0,5.1471350000000005,511_202610061515_NEAR_USDT_SHORT_B1_REFERENCE
SHORT,0.4851,2026-10-06T15:18:06.287000+09:00,511_202610061515_ONDO_USDT_SHORT,1,0.48752549999999995,1.0,0.48267449999999995,511_202610061515_ONDO_USDT_SHORT_B1_REFERENCE
LONG,165.4,2026-10-06T15:18:00.167000+09:00,511_202610061515_SOXL_USDT_LONG,1,164.573,1.0,166.22699999999998,511_202610061515_SOXL_USDT_LONG_B1_REFERENCE
SHORT,299.01,2026-10-06T15:17:56.449000+09:00,511_202610061515_TAO_USDT_SHORT,1,300.50505,1.0,297.51495,511_202610061515_TAO_USDT_SHORT_B1_REFERENCE
SHORT,0.5575,2026-10-06T15:17:55.574000+09:00,511_202610061515_WLD_USDT_SHORT,1,0.5602874999999999,1.0,0.5547124999999999,511_202610061515_WLD_USDT_SHORT_B1_REFERENCE
SHORT,1.493,2026-10-06T15:17:44.994000+09:00,511_202610061515_XRP_USDT_SHORT,1,1.500465,1.0,1.485535,511_202610061515_XRP_USDT_SHORT_B1_REFERENCE
SHORT,1321.37,2026-10-06T15:17:42.074000+09:00,511_202610061515_ZEC_USDT_SHORT,1,1327.9768499999998,1.0,1314.76315,511_202610061515_ZEC_USDT_SHORT_B1_REFERENCE
SHORT,299.78,2026-10-06T15:27:06.025000+09:00,511_202610061525_TAO_USDT_SHORT,1,301.27889999999996,1.0,298.2811,511_202610061525_TAO_USDT_SHORT_B1_REFERENCE
SHORT,88.81,2026-10-06T15:27:07.700000+09:00,511_202610061525_USOIL_USDT_SHORT,1,89.25404999999999,1.0,88.36595,511_202610061525_USOIL_USDT_SHORT_B1_REFERENCE
LONG,165.26,2026-10-06T15:36:49.141000+09:00,511_202610061535_SOXL_USDT_LONG,1,164.4337,1.0,166.08629999999997,511_202610061535_SOXL_USDT_LONG_B1_REFERENCE
LONG,173.73,2026-10-06T15:36:43.985000+09:00,511_202610061535_SPCXSTOCK_USDT_LONG,1,172.86135,1.0,174.59864999999996,511_202610061535_SPCXSTOCK_USDT_LONG_B1_REFERENCE
LONG,0.2695,2026-10-06T15:56:51.874000+09:00,511_202610061555_ADA_USDT_LONG,1,0.2681525,1.0,0.27084749999999996,511_202610061555_ADA_USDT_LONG_B1_REFERENCE
SHORT,88.58,2026-10-06T16:07:18.563000+09:00,511_202610061605_USOIL_USDT_SHORT,1,89.02289999999999,1.0,88.1371,511_202610061605_USOIL_USDT_SHORT_B1_REFERENCE
LONG,31135.0,2026-10-06T16:16:48.290000+09:00,511_202610061615_NAS100_USDT_LONG,1,30979.325,1.0,31290.674999999996,511_202610061615_NAS100_USDT_LONG_B1_REFERENCE
LONG,0.27,2026-10-06T16:26:36.137000+09:00,511_202610061625_ADA_USDT_LONG,1,0.26865,1.0,0.27135,511_202610061625_ADA_USDT_LONG_B1_REFERENCE
SHORT,92.916,2026-10-06T16:26:37.167000+09:00,511_202610061625_HYPE_USDT_SHORT,1,93.38057999999998,1.0,92.45142,511_202610061625_HYPE_USDT_SHORT_B1_REFERENCE
SHORT,1322.2,2026-10-06T16:26:22.805000+09:00,511_202610061625_ZEC_USDT_SHORT,1,1328.811,1.0,1315.589,511_202610061625_ZEC_USDT_SHORT_B1_REFERENCE
LONG,0.2711,2026-10-06T16:34:23.671000+09:00,511_202610061630_ADA_USDT_LONG,1,0.2697445,1.0,0.27245549999999996,511_202610061630_ADA_USDT_LONG_B1_REFERENCE
LONG,13.947,2026-10-06T16:46:39.803000+09:00,511_202610061645_LINK_USDT_LONG,1,13.877265,1.0,14.016734999999997,511_202610061645_LINK_USDT_LONG_B1_REFERENCE
LONG,0.2741,2026-10-06T16:56:34.323000+09:00,511_202610061655_ADA_USDT_LONG,1,0.2727295,1.0,0.2754705,511_202610061655_ADA_USDT_LONG_B1_REFERENCE
LONG,60.96,2026-10-06T16:56:26.999000+09:00,511_202610061655_SILVER_USDT_LONG,1,60.6552,1.0,61.264799999999994,511_202610061655_SILVER_USDT_LONG_B1_REFERENCE
LONG,4141.2,2026-10-06T17:16:29.306000+09:00,511_202610061715_XAUT_USDT_LONG,1,4120.494,1.0,4161.905999999999,511_202610061715_XAUT_USDT_LONG_B1_REFERENCE
LONG,0.2725,2026-10-06T17:27:18.949000+09:00,511_202610061725_ADA_USDT_LONG,1,0.27113750000000003,1.0,0.2738625,511_202610061725_ADA_USDT_LONG_B1_REFERENCE
LONG,13.972,2026-10-06T17:27:28.438000+09:00,511_202610061725_LINK_USDT_LONG,1,13.90214,1.0,14.041859999999998,511_202610061725_LINK_USDT_LONG_B1_REFERENCE
SHORT,88.7,2026-10-06T17:27:25.279000+09:00,511_202610061725_USOIL_USDT_SHORT,1,89.14349999999999,1.0,88.2565,511_202610061725_USOIL_USDT_SHORT_B1_REFERENCE
LONG,4149.47,2026-10-06T17:27:09.189000+09:00,511_202610061725_XAU_USDT_LONG,1,4128.722650000001,1.0,4170.21735,511_202610061725_XAU_USDT_LONG_B1_REFERENCE
LONG,11.37,2026-10-06T17:36:59.291000+09:00,511_202610061735_AVAX_USDT_LONG,1,11.313149999999998,1.0,11.426849999999998,511_202610061735_AVAX_USDT_LONG_B1_REFERENCE
LONG,5.316,2026-10-06T17:36:42.123000+09:00,511_202610061735_NEAR_USDT_LONG,1,5.28942,1.0,5.342579999999999,511_202610061735_NEAR_USDT_LONG_B1_REFERENCE
LONG,1.2032,2026-10-06T17:36:45.440000+09:00,511_202610061735_SUI_USDT_LONG,1,1.197184,1.0,1.2092159999999998,511_202610061735_SUI_USDT_LONG_B1_REFERENCE
LONG,0.2735,2026-10-06T17:47:14.489000+09:00,511_202610061745_ADA_USDT_LONG,1,0.2721325,1.0,0.2748675,511_202610061745_ADA_USDT_LONG_B1_REFERENCE
LONG,11.376,2026-10-06T17:47:27.935000+09:00,511_202610061745_AVAX_USDT_LONG,1,11.31912,1.0,11.432879999999999,511_202610061745_AVAX_USDT_LONG_B1_REFERENCE
SHORT,0.2435,2026-10-06T17:47:18.831000+09:00,511_202610061745_ENA_USDT_SHORT,1,0.24471749999999998,1.0,0.24228249999999998,511_202610061745_ENA_USDT_SHORT_B1_REFERENCE
SHORT,99.31,2026-10-06T17:47:30.140000+09:00,511_202610061745_UKOIL_USDT_SHORT,1,99.80654999999999,1.0,98.81345,511_202610061745_UKOIL_USDT_SHORT_B1_REFERENCE
SHORT,88.21,2026-10-06T17:47:21.014000+09:00,511_202610061745_USOIL_USDT_SHORT,1,88.65104999999998,1.0,87.76894999999999,511_202610061745_USOIL_USDT_SHORT_B1_REFERENCE
LONG,1.5042,2026-10-06T17:47:03.417000+09:00,511_202610061745_XRP_USDT_LONG,1,1.4966789999999999,1.0,1.5117209999999999,511_202610061745_XRP_USDT_LONG_B1_REFERENCE
LONG,0.2737,2026-10-06T17:57:40.943000+09:00,511_202610061755_ADA_USDT_LONG,1,0.2723315,1.0,0.2750685,511_202610061755_ADA_USDT_LONG_B1_REFERENCE
LONG,5.304,2026-10-06T17:57:36.783000+09:00,511_202610061755_NEAR_USDT_LONG,1,5.277480000000001,1.0,5.33052,511_202610061755_NEAR_USDT_LONG_B1_REFERENCE
LONG,2715.32,2026-10-06T18:06:58.311000+09:00,511_202610061805_ETH_USDT_LONG,1,2701.7434000000003,1.0,2728.8966,511_202610061805_ETH_USDT_LONG_B1_REFERENCE
LONG,5.314,2026-10-06T18:07:06.488000+09:00,511_202610061805_NEAR_USDT_LONG,1,5.28743,1.0,5.34057,511_202610061805_NEAR_USDT_LONG_B1_REFERENCE
SHORT,87.98,2026-10-06T18:07:20.453000+09:00,511_202610061805_USOIL_USDT_SHORT,1,88.4199,1.0,87.54010000000001,511_202610061805_USOIL_USDT_SHORT_B1_REFERENCE
LONG,0.2811,2026-10-06T18:17:05.418000+09:00,511_202610061815_ADA_USDT_LONG,1,0.2796945,1.0,0.28250549999999996,511_202610061815_ADA_USDT_LONG_B1_REFERENCE
SHORT,254.72,2026-10-06T18:17:00.008000+09:00,511_202610061815_QNT_USDT_SHORT,1,255.99359999999996,1.0,253.4464,511_202610061815_QNT_USDT_SHORT_B1_REFERENCE
SHORT,1690.76,2026-10-06T18:17:18.435000+09:00,511_202610061815_SNDKSTOCK_USDT_SHORT,1,1699.2137999999998,1.0,1682.3062,511_202610061815_SNDKSTOCK_USDT_SHORT_B1_REFERENCE
LONG,1.5074,2026-10-06T18:16:55.694000+09:00,511_202610061815_XRP_USDT_LONG,1,1.4998630000000002,1.0,1.514937,511_202610061815_XRP_USDT_LONG_B1_REFERENCE
LONG,0.09518,2026-10-06T18:24:13.947000+09:00,511_202610061820_DOGE_USDT_LONG,1,0.0947041,1.0,0.09565589999999999,511_202610061820_DOGE_USDT_LONG_B1_REFERENCE
LONG,0.4939,2026-10-06T18:24:32.125000+09:00,511_202610061820_ONDO_USDT_LONG,1,0.4914305,1.0,0.49636949999999996,511_202610061820_ONDO_USDT_LONG_B1_REFERENCE
LONG,1.5084,2026-10-06T18:24:06.764000+09:00,511_202610061820_XRP_USDT_LONG,1,1.500858,1.0,1.515942,511_202610061820_XRP_USDT_LONG_B1_REFERENCE
LONG,0.2767,2026-10-06T18:36:48.656000+09:00,511_202610061835_ADA_USDT_LONG,1,0.2753165,1.0,0.2780835,511_202610061835_ADA_USDT_LONG_B1_REFERENCE
SHORT,92.746,2026-10-06T18:36:53.031000+09:00,511_202610061835_HYPE_USDT_SHORT,1,93.20972999999998,1.0,92.28227,511_202610061835_HYPE_USDT_SHORT_B1_REFERENCE
SHORT,119.29,2026-10-06T18:36:39.861000+09:00,511_202610061835_SOL_USDT_SHORT,1,119.88645,1.0,118.69355,511_202610061835_SOL_USDT_SHORT_B1_REFERENCE
SHORT,87.44,2026-10-06T18:36:54.745000+09:00,511_202610061835_USOIL_USDT_SHORT,1,87.87719999999999,1.0,87.0028,511_202610061835_USOIL_USDT_SHORT_B1_REFERENCE
LONG,0.2777,2026-10-06T18:48:07.513000+09:00,511_202610061845_ADA_USDT_LONG,1,0.2763115,1.0,0.27908849999999996,511_202610061845_ADA_USDT_LONG_B1_REFERENCE
LONG,0.61874,2026-10-06T18:48:19.822000+09:00,511_202610061845_BR_USDT_LONG,1,0.6156463,1.0,0.6218336999999999,511_202610061845_BR_USDT_LONG_B1_REFERENCE
LONG,0.09488,2026-10-06T18:48:05.769000+09:00,511_202610061845_DOGE_USDT_LONG,1,0.0944056,1.0,0.09535439999999999,511_202610061845_DOGE_USDT_LONG_B1_REFERENCE
LONG,1.502,2026-10-06T18:47:59.474000+09:00,511_202610061845_XRP_USDT_LONG,1,1.49449,1.0,1.50951,511_202610061845_XRP_USDT_LONG_B1_REFERENCE
LONG,0.496,2026-10-06T18:55:42.528000+09:00,511_202610061855_ONDO_USDT_LONG,1,0.49352,1.0,0.4984799999999999,511_202610061855_ONDO_USDT_LONG_B1_REFERENCE
SHORT,87.53,2026-10-06T18:55:34.732000+09:00,511_202610061855_USOIL_USDT_SHORT,1,87.96764999999999,1.0,87.09235,511_202610061855_USOIL_USDT_SHORT_B1_REFERENCE
LONG,0.65103,2026-10-06T19:05:57.440000+09:00,511_202610061905_BR_USDT_LONG,1,0.64777485,1.0,0.65428515,511_202610061905_BR_USDT_LONG_B1_REFERENCE
SHORT,253.51,2026-10-06T19:05:42.799000+09:00,511_202610061905_QNT_USDT_SHORT,1,254.77754999999996,1.0,252.24245,511_202610061905_QNT_USDT_SHORT_B1_REFERENCE
LONG,0.09517,2026-10-06T19:18:06.510000+09:00,511_202610061915_DOGE_USDT_LONG,1,0.09469415,1.0,0.09564584999999999,511_202610061915_DOGE_USDT_LONG_B1_REFERENCE
LONG,2712.08,2026-10-06T19:17:58.638000+09:00,511_202610061915_ETH_USDT_LONG,1,2698.5196,1.0,2725.6403999999998,511_202610061915_ETH_USDT_LONG_B1_REFERENCE
LONG,0.4992,2026-10-06T19:18:22.792000+09:00,511_202610061915_ONDO_USDT_LONG,1,0.496704,1.0,0.5016959999999999,511_202610061915_ONDO_USDT_LONG_B1_REFERENCE
LONG,1362.33,2026-10-06T19:17:57.716000+09:00,511_202610061915_ZEC_USDT_LONG,1,1355.5183499999998,1.0,1369.1416499999998,511_202610061915_ZEC_USDT_LONG_B1_REFERENCE
SHORT,119.84,2026-10-06T19:26:33.737000+09:00,511_202610061925_SOL_USDT_SHORT,1,120.43919999999999,1.0,119.24080000000001,511_202610061925_SOL_USDT_SHORT_B1_REFERENCE
LONG,165.61,2026-10-06T19:26:52.302000+09:00,511_202610061925_SOXL_USDT_LONG,1,164.78195000000002,1.0,166.43805,511_202610061925_SOXL_USDT_LONG_B1_REFERENCE
SHORT,0.2413,2026-10-06T19:36:10.972000+09:00,511_202610061935_ENA_USDT_SHORT,1,0.24250649999999996,1.0,0.2400935,511_202610061935_ENA_USDT_SHORT_B1_REFERENCE
LONG,1062.16,2026-10-06T19:36:03.090000+09:00,511_202610061935_MUSTOCK_USDT_LONG,1,1056.8492,1.0,1067.4708,511_202610061935_MUSTOCK_USDT_LONG_B1_REFERENCE
LONG,61.19,2026-10-06T19:36:00.360000+09:00,511_202610061935_SILVER_USDT_LONG,1,60.884049999999995,1.0,61.49594999999999,511_202610061935_SILVER_USDT_LONG_B1_REFERENCE
LONG,173.23,2026-10-06T19:36:07.814000+09:00,511_202610061935_SPCXSTOCK_USDT_LONG,1,172.36384999999999,1.0,174.09614999999997,511_202610061935_SPCXSTOCK_USDT_LONG_B1_REFERENCE
LONG,0.277,2026-10-06T19:46:39.220000+09:00,511_202610061945_ADA_USDT_LONG,1,0.275615,1.0,0.278385,511_202610061945_ADA_USDT_LONG_B1_REFERENCE
LONG,14.024,2026-10-06T19:46:48.500000+09:00,511_202610061945_LINK_USDT_LONG,1,13.95388,1.0,14.094119999999998,511_202610061945_LINK_USDT_LONG_B1_REFERENCE
LONG,7795.7,2026-10-06T19:46:54.191000+09:00,511_202610061945_SPX500_USDT_LONG,1,7756.7215,1.0,7834.678499999999,511_202610061945_SPX500_USDT_LONG_B1_REFERENCE
SHORT,87.39,2026-10-06T19:46:46.646000+09:00,511_202610061945_USOIL_USDT_SHORT,1,87.82695,1.0,86.95305,511_202610061945_USOIL_USDT_SHORT_B1_REFERENCE
LONG,4163.71,2026-10-06T19:46:31.681000+09:00,511_202610061945_XAU_USDT_LONG,1,4142.89145,1.0,4184.52855,511_202610061945_XAU_USDT_LONG_B1_REFERENCE
LONG,86141.5,2026-10-06T19:56:55.799000+09:00,511_202610061955_BTC_USDT_LONG,1,85710.7925,1.0,86572.20749999999,511_202610061955_BTC_USDT_LONG_B1_REFERENCE
LONG,7801.6,2026-10-06T20:15:48.343000+09:00,511_202610062015_SPX500_USDT_LONG,1,7762.592000000001,1.0,7840.607999999999,511_202610062015_SPX500_USDT_LONG_B1_REFERENCE
LONG,303.99,2026-10-06T20:15:40.367000+09:00,511_202610062015_TAO_USDT_LONG,1,302.47005,1.0,305.50995,511_202610062015_TAO_USDT_LONG_B1_REFERENCE
SHORT,87.7,2026-10-06T20:15:41.207000+09:00,511_202610062015_USOIL_USDT_SHORT,1,88.1385,1.0,87.2615,511_202610062015_USOIL_USDT_SHORT_B1_REFERENCE
LONG,4157.8,2026-10-06T20:15:29.239000+09:00,511_202610062015_XAUT_USDT_LONG,1,4137.011,1.0,4178.589,511_202610062015_XAUT_USDT_LONG_B1_REFERENCE
LONG,1.5084,2026-10-06T20:15:27.515000+09:00,511_202610062015_XRP_USDT_LONG,1,1.500858,1.0,1.515942,511_202610062015_XRP_USDT_LONG_B1_REFERENCE
LONG,31282.0,2026-10-06T20:25:47.303000+09:00,511_202610062025_NAS100_USDT_LONG,1,31125.59,1.0,31438.409999999996,511_202610062025_NAS100_USDT_LONG_B1_REFERENCE
LONG,167.84,2026-10-06T20:25:43.281000+09:00,511_202610062025_SOXL_USDT_LONG,1,167.0008,1.0,168.67919999999998,511_202610062025_SOXL_USDT_LONG_B1_REFERENCE
LONG,1.2019,2026-10-06T20:25:30.307000+09:00,511_202610062025_SUI_USDT_LONG,1,1.1958905,1.0,1.2079094999999997,511_202610062025_SUI_USDT_LONG_B1_REFERENCE
LONG,4159.2,2026-10-06T20:25:24.123000+09:00,511_202610062025_XAUT_USDT_LONG,1,4138.4039999999995,1.0,4179.995999999999,511_202610062025_XAUT_USDT_LONG_B1_REFERENCE
LONG,0.09556,2026-10-06T20:35:42.227000+09:00,511_202610062035_DOGE_USDT_LONG,1,0.0950822,1.0,0.09603779999999999,511_202610062035_DOGE_USDT_LONG_B1_REFERENCE
LONG,4.3615e-06,2026-10-06T20:35:45.107000+09:00,511_202610062035_PEPE_USDT_LONG,1,4.3396925e-06,1.0,4.383307499999999e-06,511_202610062035_PEPE_USDT_LONG_B1_REFERENCE
LONG,1363.11,2026-10-06T20:35:32.264000+09:00,511_202610062035_ZEC_USDT_LONG,1,1356.2944499999999,1.0,1369.9255499999997,511_202610062035_ZEC_USDT_LONG_B1_REFERENCE
LONG,11.48,2026-10-06T20:46:52.666000+09:00,511_202610062045_AVAX_USDT_LONG,1,11.422600000000001,1.0,11.5374,511_202610062045_AVAX_USDT_LONG_B1_REFERENCE
LONG,0.09577,2026-10-06T20:46:39.034000+09:00,511_202610062045_DOGE_USDT_LONG,1,0.09529114999999999,1.0,0.09624884999999998,511_202610062045_DOGE_USDT_LONG_B1_REFERENCE
LONG,93.677,2026-10-06T20:46:44.472000+09:00,511_202610062045_HYPE_USDT_LONG,1,93.20861500000001,1.0,94.14538499999999,511_202610062045_HYPE_USDT_LONG_B1_REFERENCE
LONG,14.064,2026-10-06T20:46:49.774000+09:00,511_202610062045_LINK_USDT_LONG,1,13.99368,1.0,14.134319999999999,511_202610062045_LINK_USDT_LONG_B1_REFERENCE
LONG,120.38,2026-10-06T20:46:31.699000+09:00,511_202610062045_SOL_USDT_LONG,1,119.7781,1.0,120.98189999999998,511_202610062045_SOL_USDT_LONG_B1_REFERENCE
LONG,1.203,2026-10-06T20:46:39.986000+09:00,511_202610062045_SUI_USDT_LONG,1,1.196985,1.0,1.209015,511_202610062045_SUI_USDT_LONG_B1_REFERENCE
LONG,1.5121,2026-10-06T20:46:32.620000+09:00,511_202610062045_XRP_USDT_LONG,1,1.5045395,1.0,1.5196604999999999,511_202610062045_XRP_USDT_LONG_B1_REFERENCE
LONG,1.5139,2026-10-06T20:56:48.684000+09:00,511_202610062055_XRP_USDT_LONG,1,1.5063305,1.0,1.5214694999999998,511_202610062055_XRP_USDT_LONG_B1_REFERENCE
LONG,11.561,2026-10-06T21:07:02.195000+09:00,511_202610062105_AVAX_USDT_LONG,1,11.503195,1.0,11.618804999999998,511_202610062105_AVAX_USDT_LONG_B1_REFERENCE
LONG,1071.36,2026-10-06T21:06:47.945000+09:00,511_202610062105_MUSTOCK_USDT_LONG,1,1066.0031999999999,1.0,1076.7167999999997,511_202610062105_MUSTOCK_USDT_LONG_B1_REFERENCE
LONG,0.5636,2026-10-06T21:06:53.271000+09:00,511_202610062105_WLD_USDT_LONG,1,0.560782,1.0,0.566418,511_202610062105_WLD_USDT_LONG_B1_REFERENCE
LONG,4169.2,2026-10-06T21:06:44.334000+09:00,511_202610062105_XAUT_USDT_LONG,1,4148.353999999999,1.0,4190.045999999999,511_202610062105_XAUT_USDT_LONG_B1_REFERENCE
LONG,4179.31,2026-10-06T21:06:43.428000+09:00,511_202610062105_XAU_USDT_LONG,1,4158.41345,1.0,4200.20655,511_202610062105_XAU_USDT_LONG_B1_REFERENCE
LONG,1369.33,2026-10-06T21:06:39.772000+09:00,511_202610062105_ZEC_USDT_LONG,1,1362.48335,1.0,1376.1766499999999,511_202610062105_ZEC_USDT_LONG_B1_REFERENCE
LONG,11.666,2026-10-06T21:16:54.251000+09:00,511_202610062115_AVAX_USDT_LONG,1,11.60767,1.0,11.724329999999998,511_202610062115_AVAX_USDT_LONG_B1_REFERENCE
SHORT,5.217,2026-10-06T21:16:37.209000+09:00,511_202610062115_NEAR_USDT_SHORT,1,5.243084999999999,1.0,5.1909149999999995,511_202610062115_NEAR_USDT_SHORT_B1_REFERENCE
SHORT,87.16,2026-10-06T21:16:46.778000+09:00,511_202610062115_USOIL_USDT_SHORT,1,87.59579999999998,1.0,86.7242,511_202610062115_USOIL_USDT_SHORT_B1_REFERENCE
LONG,11.573,2026-10-06T21:26:29.776000+09:00,511_202610062125_AVAX_USDT_LONG,1,11.515135,1.0,11.630865,511_202610062125_AVAX_USDT_LONG_B1_REFERENCE
SHORT,172.31,2026-10-06T21:26:20.887000+09:00,511_202610062125_SPCXSTOCK_USDT_SHORT,1,173.17155,1.0,171.44845,511_202610062125_SPCXSTOCK_USDT_SHORT_B1_REFERENCE
SHORT,5.162,2026-10-06T21:46:35.304000+09:00,511_202610062145_NEAR_USDT_SHORT,1,5.18781,1.0,5.13619,511_202610062145_NEAR_USDT_SHORT_B1_REFERENCE
LONG,61.4,2026-10-06T21:46:33.292000+09:00,511_202610062145_SILVER_USDT_LONG,1,61.092999999999996,1.0,61.706999999999994,511_202610062145_SILVER_USDT_LONG_B1_REFERENCE
LONG,1706.67,2026-10-06T21:46:56.746000+09:00,511_202610062145_SNDKSTOCK_USDT_LONG,1,1698.1366500000001,1.0,1715.20335,511_202610062145_SNDKSTOCK_USDT_LONG_B1_REFERENCE
LONG,11.512,2026-10-06T21:56:50.736000+09:00,511_202610062155_AVAX_USDT_LONG,1,11.45444,1.0,11.56956,511_202610062155_AVAX_USDT_LONG_B1_REFERENCE
LONG,0.09555,2026-10-06T21:56:34.132000+09:00,511_202610062155_DOGE_USDT_LONG,1,0.09507225,1.0,0.09602774999999998,511_202610062155_DOGE_USDT_LONG_B1_REFERENCE
LONG,1068.61,2026-10-06T21:56:33.145000+09:00,511_202610062155_MUSTOCK_USDT_LONG,1,1063.26695,1.0,1073.9530499999998,511_202610062155_MUSTOCK_USDT_LONG_B1_REFERENCE
SHORT,5.172,2026-10-06T21:56:32.163000+09:00,511_202610062155_NEAR_USDT_SHORT,1,5.1978599999999995,1.0,5.14614,511_202610062155_NEAR_USDT_SHORT_B1_REFERENCE
LONG,1339.2,2026-10-06T22:07:22.175000+09:00,511_202610062205_SKHYNIXSTOCK_USDT_LONG,1,1332.5040000000001,1.0,1345.896,511_202610062205_SKHYNIXSTOCK_USDT_LONG_B1_REFERENCE
LONG,167.45,2026-10-06T22:07:26.200000+09:00,511_202610062205_SOXL_USDT_LONG,1,166.61274999999998,1.0,168.28724999999997,511_202610062205_SOXL_USDT_LONG_B1_REFERENCE
SHORT,171.73,2026-10-06T22:07:14.790000+09:00,511_202610062205_SPCXSTOCK_USDT_SHORT,1,172.58864999999997,1.0,170.87134999999998,511_202610062205_SPCXSTOCK_USDT_SHORT_B1_REFERENCE
LONG,4177.6,2026-10-06T22:14:09.251000+09:00,511_202610062210_XAU_USDT_LONG,1,4156.712,1.0,4198.488,511_202610062210_XAU_USDT_LONG_B1_REFERENCE
LONG,0.5657,2026-10-06T22:25:53.099000+09:00,511_202610062225_WLD_USDT_LONG,1,0.5628715,1.0,0.5685284999999999,511_202610062225_WLD_USDT_LONG_B1_REFERENCE
LONG,1374.32,2026-10-06T22:25:35.980000+09:00,511_202610062225_ZEC_USDT_LONG,1,1367.4484,1.0,1381.1915999999999,511_202610062225_ZEC_USDT_LONG_B1_REFERENCE
LONG,120.8,2026-10-06T22:37:13.731000+09:00,511_202610062235_SOL_USDT_LONG,1,120.196,1.0,121.40399999999998,511_202610062235_SOL_USDT_LONG_B1_REFERENCE
LONG,0.5669,2026-10-06T22:37:27.122000+09:00,511_202610062235_WLD_USDT_LONG,1,0.5640655,1.0,0.5697344999999999,511_202610062235_WLD_USDT_LONG_B1_REFERENCE
LONG,1376.72,2026-10-06T22:37:11.409000+09:00,511_202610062235_ZEC_USDT_LONG,1,1369.8364,1.0,1383.6036,511_202610062235_ZEC_USDT_LONG_B1_REFERENCE
SHORT,92.72,2026-10-06T23:06:05.635000+09:00,511_202610062305_HYPE_USDT_SHORT,1,93.18359999999998,1.0,92.2564,511_202610062305_HYPE_USDT_SHORT_B1_REFERENCE
LONG,1073.65,2026-10-06T23:05:53.645000+09:00,511_202610062305_MUSTOCK_USDT_LONG,1,1068.28175,1.0,1079.01825,511_202610062305_MUSTOCK_USDT_LONG_B1_REFERENCE
LONG,31306.0,2026-10-06T23:06:17.572000+09:00,511_202610062305_NAS100_USDT_LONG,1,31149.47,1.0,31462.529999999995,511_202610062305_NAS100_USDT_LONG_B1_REFERENCE
LONG,169.24,2026-10-06T23:06:14.771000+09:00,511_202610062305_SOXL_USDT_LONG,1,168.3938,1.0,170.0862,511_202610062305_SOXL_USDT_LONG_B1_REFERENCE
LONG,174.28,2026-10-06T23:06:00.402000+09:00,511_202610062305_SPCXSTOCK_USDT_LONG,1,173.4086,1.0,175.1514,511_202610062305_SPCXSTOCK_USDT_LONG_B1_REFERENCE
SHORT,1.1944,2026-10-06T23:05:56.222000+09:00,511_202610062305_SUI_USDT_SHORT,1,1.2003719999999998,1.0,1.1884279999999998,511_202610062305_SUI_USDT_SHORT_B1_REFERENCE
SHORT,92.6,2026-10-06T23:27:37.899000+09:00,511_202610062325_HYPE_USDT_SHORT,1,93.06299999999999,1.0,92.137,511_202610062325_HYPE_USDT_SHORT_B1_REFERENCE
LONG,256.66,2026-10-06T23:27:26.658000+09:00,511_202610062325_QNT_USDT_LONG,1,255.37670000000003,1.0,257.9433,511_202610062325_QNT_USDT_LONG_B1_REFERENCE
LONG,259.3,2026-10-06T23:38:32.668000+09:00,511_202610062335_QNT_USDT_LONG,1,258.00350000000003,1.0,260.5965,511_202610062335_QNT_USDT_LONG_B1_REFERENCE
SHORT,1666.47,2026-10-06T23:38:49.597000+09:00,511_202610062335_SNDKSTOCK_USDT_SHORT,1,1674.80235,1.0,1658.1376500000001,511_202610062335_SNDKSTOCK_USDT_SHORT_B1_REFERENCE
LONG,1.515,2026-10-06T23:38:28.173000+09:00,511_202610062335_XRP_USDT_LONG,1,1.5074249999999998,1.0,1.5225749999999998,511_202610062335_XRP_USDT_LONG_B1_REFERENCE
LONG,263.53,2026-10-06T23:44:23.697000+09:00,511_202610062340_QNT_USDT_LONG,1,262.21234999999996,1.0,264.84764999999993,511_202610062340_QNT_USDT_LONG_B1_REFERENCE
LONG,167.76,2026-10-06T23:44:43.271000+09:00,511_202610062340_SOXL_USDT_LONG,1,166.9212,1.0,168.59879999999998,511_202610062340_SOXL_USDT_LONG_B1_REFERENCE
LONG,31333.0,2026-10-06T23:57:00.941000+09:00,511_202610062355_NAS100_USDT_LONG,1,31176.335,1.0,31489.664999999997,511_202610062355_NAS100_USDT_LONG_B1_REFERENCE
LONG,121.63,2026-10-06T23:56:34.793000+09:00,511_202610062355_SOL_USDT_LONG,1,121.02185,1.0,122.23814999999998,511_202610062355_SOL_USDT_LONG_B1_REFERENCE
LONG,1.5198,2026-10-06T23:56:35.854000+09:00,511_202610062355_XRP_USDT_LONG,1,1.5122010000000001,1.0,1.527399,511_202610062355_XRP_USDT_LONG_B1_REFERENCE
SHORT,0.275,2026-10-07T00:07:06.470000+09:00,511_202610070005_ADA_USDT_SHORT,1,0.276375,1.0,0.273625,511_202610070005_ADA_USDT_SHORT_B1_REFERENCE
LONG,14.07,2026-10-07T00:07:20.849000+09:00,511_202610070005_LINK_USDT_LONG,1,13.99965,1.0,14.140349999999998,511_202610070005_LINK_USDT_LONG_B1_REFERENCE
LONG,4.355e-06,2026-10-07T00:07:07.464000+09:00,511_202610070005_PEPE_USDT_LONG,1,4.3332249999999995e-06,1.0,4.376774999999999e-06,511_202610070005_PEPE_USDT_LONG_B1_REFERENCE
SHORT,1679.39,2026-10-07T00:07:21.839000+09:00,511_202610070005_SNDKSTOCK_USDT_SHORT,1,1687.78695,1.0,1670.99305,511_202610070005_SNDKSTOCK_USDT_SHORT_B1_REFERENCE
LONG,168.72,2026-10-07T00:07:19.861000+09:00,511_202610070005_SOXL_USDT_LONG,1,167.8764,1.0,169.56359999999998,511_202610070005_SOXL_USDT_LONG_B1_REFERENCE
LONG,11.553,2026-10-07T00:14:41.822000+09:00,511_202610070010_AVAX_USDT_LONG,1,11.495235000000001,1.0,11.610764999999999,511_202610070010_AVAX_USDT_LONG_B1_REFERENCE
LONG,2722.0,2026-10-07T00:14:18.097000+09:00,511_202610070010_ETH_USDT_LONG,1,2708.39,1.0,2735.6099999999997,511_202610070010_ETH_USDT_LONG_B1_REFERENCE
LONG,0.62385,2026-10-07T00:27:00.170000+09:00,511_202610070025_BR_USDT_LONG,1,0.62073075,1.0,0.6269692499999999,511_202610070025_BR_USDT_LONG_B1_REFERENCE
SHORT,92.793,2026-10-07T00:27:03.092000+09:00,511_202610070025_HYPE_USDT_SHORT,1,93.256965,1.0,92.329035,511_202610070025_HYPE_USDT_SHORT_B1_REFERENCE
LONG,7843.0,2026-10-07T00:27:13.870000+09:00,511_202610070025_SPX500_USDT_LONG,1,7803.785,1.0,7882.214999999999,511_202610070025_SPX500_USDT_LONG_B1_REFERENCE
LONG,306.1,2026-10-07T00:27:04.072000+09:00,511_202610070025_TAO_USDT_LONG,1,304.5695,1.0,307.6305,511_202610070025_TAO_USDT_LONG_B1_REFERENCE
LONG,0.63255,2026-10-07T00:37:03.069000+09:00,511_202610070035_BR_USDT_LONG,1,0.62938725,1.0,0.6357127499999998,511_202610070035_BR_USDT_LONG_B1_REFERENCE
LONG,264.16,2026-10-07T00:36:54.090000+09:00,511_202610070035_QNT_USDT_LONG,1,262.8392,1.0,265.4808,511_202610070035_QNT_USDT_LONG_B1_REFERENCE
SHORT,1325.42,2026-10-07T00:37:09.700000+09:00,511_202610070035_SKHYNIXSTOCK_USDT_SHORT,1,1332.0471,1.0,1318.7929000000001,511_202610070035_SKHYNIXSTOCK_USDT_SHORT_B1_REFERENCE
LONG,307.1,2026-10-07T00:37:06.516000+09:00,511_202610070035_TAO_USDT_LONG,1,305.5645,1.0,308.6355,511_202610070035_TAO_USDT_LONG_B1_REFERENCE
LONG,4161.9,2026-10-07T00:36:51.956000+09:00,511_202610070035_XAUT_USDT_LONG,1,4141.090499999999,1.0,4182.709499999999,511_202610070035_XAUT_USDT_LONG_B1_REFERENCE
SHORT,5.131,2026-10-07T00:46:33.864000+09:00,511_202610070045_NEAR_USDT_SHORT,1,5.156655,1.0,5.105345,511_202610070045_NEAR_USDT_SHORT_B1_REFERENCE
SHORT,1322.53,2026-10-07T00:46:46.759000+09:00,511_202610070045_SKHYNIXSTOCK_USDT_SHORT,1,1329.1426499999998,1.0,1315.91735,511_202610070045_SKHYNIXSTOCK_USDT_SHORT_B1_REFERENCE
LONG,88.95,2026-10-07T00:46:44.514000+09:00,511_202610070045_USOIL_USDT_LONG,1,88.50525,1.0,89.39474999999999,511_202610070045_USOIL_USDT_LONG_B1_REFERENCE
SHORT,0.5598,2026-10-07T00:46:42.256000+09:00,511_202610070045_WLD_USDT_SHORT,1,0.5625989999999998,1.0,0.557001,511_202610070045_WLD_USDT_SHORT_B1_REFERENCE
SHORT,0.2719,2026-10-07T00:56:45.663000+09:00,511_202610070055_ADA_USDT_SHORT,1,0.27325949999999993,1.0,0.27054049999999996,511_202610070055_ADA_USDT_SHORT_B1_REFERENCE
SHORT,92.343,2026-10-07T00:56:54.074000+09:00,511_202610070055_HYPE_USDT_SHORT,1,92.80471499999999,1.0,91.881285,511_202610070055_HYPE_USDT_SHORT_B1_REFERENCE
SHORT,1.1865,2026-10-07T00:56:47.752000+09:00,511_202610070055_SUI_USDT_SHORT,1,1.1924325,1.0,1.1805675000000002,511_202610070055_SUI_USDT_SHORT_B1_REFERENCE
SHORT,0.5554,2026-10-07T00:56:50.916000+09:00,511_202610070055_WLD_USDT_SHORT,1,0.5581769999999999,1.0,0.552623,511_202610070055_WLD_USDT_SHORT_B1_REFERENCE
SHORT,2703.19,2026-10-07T01:07:17.686000+09:00,511_202610070105_ETH_USDT_SHORT,1,2716.7059499999996,1.0,2689.67405,511_202610070105_ETH_USDT_SHORT_B1_REFERENCE
SHORT,1.1895,2026-10-07T01:07:30.119000+09:00,511_202610070105_SUI_USDT_SHORT,1,1.1954474999999998,1.0,1.1835525,511_202610070105_SUI_USDT_SHORT_B1_REFERENCE
LONG,89.07,2026-10-07T01:07:34.262000+09:00,511_202610070105_USOIL_USDT_LONG,1,88.62464999999999,1.0,89.51534999999998,511_202610070105_USOIL_USDT_LONG_B1_REFERENCE
SHORT,1.4996,2026-10-07T01:16:41.853000+09:00,511_202610070115_XRP_USDT_SHORT,1,1.5070979999999998,1.0,1.492102,511_202610070115_XRP_USDT_SHORT_B1_REFERENCE
LONG,0.64516,2026-10-07T01:37:02.197000+09:00,511_202610070135_BR_USDT_LONG,1,0.6419341999999999,1.0,0.6483857999999999,511_202610070135_BR_USDT_LONG_B1_REFERENCE
SHORT,0.23636,2026-10-07T01:37:04.061000+09:00,511_202610070135_ENA_USDT_SHORT,1,0.23754179999999997,1.0,0.23517819999999998,511_202610070135_ENA_USDT_SHORT_B1_REFERENCE
SHORT,1350.24,2026-10-07T01:36:45.924000+09:00,511_202610070135_ZEC_USDT_SHORT,1,1356.9912,1.0,1343.4888,511_202610070135_ZEC_USDT_SHORT_B1_REFERENCE
SHORT,91.814,2026-10-07T01:44:33.139000+09:00,511_202610070140_HYPE_USDT_SHORT,1,92.27306999999999,1.0,91.35493,511_202610070140_HYPE_USDT_SHORT_B1_REFERENCE
LONG,61.31,2026-10-07T01:44:19.634000+09:00,511_202610070140_SILVER_USDT_LONG,1,61.00345,1.0,61.61655,511_202610070140_SILVER_USDT_LONG_B1_REFERENCE
SHORT,1.1854,2026-10-07T01:44:26.809000+09:00,511_202610070140_SUI_USDT_SHORT,1,1.1913269999999998,1.0,1.179473,511_202610070140_SUI_USDT_SHORT_B1_REFERENCE
SHORT,91.838,2026-10-07T01:56:50.416000+09:00,511_202610070155_HYPE_USDT_SHORT,1,92.29718999999999,1.0,91.37880999999999,511_202610070155_HYPE_USDT_SHORT_B1_REFERENCE
SHORT,0.2721,2026-10-07T02:07:00.446000+09:00,511_202610070205_ADA_USDT_SHORT,1,0.2734605,1.0,0.2707395,511_202610070205_ADA_USDT_SHORT_B1_REFERENCE
SHORT,0.23491,2026-10-07T02:07:10.529000+09:00,511_202610070205_ENA_USDT_SHORT,1,0.23608454999999998,1.0,0.23373545,511_202610070205_ENA_USDT_SHORT_B1_REFERENCE
SHORT,5.059,2026-10-07T02:06:57.305000+09:00,511_202610070205_NEAR_USDT_SHORT,1,5.084295,1.0,5.033705,511_202610070205_NEAR_USDT_SHORT_B1_REFERENCE
SHORT,5.039,2026-10-07T02:17:19.474000+09:00,511_202610070215_NEAR_USDT_SHORT,1,5.064194999999999,1.0,5.013805,511_202610070215_NEAR_USDT_SHORT_B1_REFERENCE
SHORT,120.28,2026-10-07T02:17:12.935000+09:00,511_202610070215_SOL_USDT_SHORT,1,120.88139999999999,1.0,119.6786,511_202610070215_SOL_USDT_SHORT_B1_REFERENCE
SHORT,165.8,2026-10-07T02:17:34.968000+09:00,511_202610070215_SOXL_USDT_SHORT,1,166.629,1.0,164.971,511_202610070215_SOXL_USDT_SHORT_B1_REFERENCE
SHORT,0.773,2026-10-07T02:26:11.146000+09:00,511_202610070225_RLC_USDT_SHORT,1,0.7768649999999999,1.0,0.769135,511_202610070225_RLC_USDT_SHORT_B1_REFERENCE
SHORT,4.2851e-06,2026-10-07T02:46:38.972000+09:00,511_202610070245_PEPE_USDT_SHORT,1,4.306525499999999e-06,1.0,4.2636745e-06,511_202610070245_PEPE_USDT_SHORT_B1_REFERENCE
SHORT,302.42,2026-10-07T02:46:43.749000+09:00,511_202610070245_TAO_USDT_SHORT,1,303.9321,1.0,300.90790000000004,511_202610070245_TAO_USDT_SHORT_B1_REFERENCE
LONG,61.45,2026-10-07T02:55:31.342000+09:00,511_202610070255_SILVER_USDT_LONG,1,61.14275,1.0,61.75725,511_202610070255_SILVER_USDT_LONG_B1_REFERENCE
LONG,4167.6,2026-10-07T03:15:29.760000+09:00,511_202610070315_XAUT_USDT_LONG,1,4146.762000000001,1.0,4188.438,511_202610070315_XAUT_USDT_LONG_B1_REFERENCE
SHORT,85647.8,2026-10-07T03:26:52.769000+09:00,511_202610070325_BTC_USDT_SHORT,1,86076.03899999999,1.0,85219.561,511_202610070325_BTC_USDT_SHORT_B1_REFERENCE
SHORT,2696.43,2026-10-07T03:26:54.613000+09:00,511_202610070325_ETH_USDT_SHORT,1,2709.9121499999997,1.0,2682.94785,511_202610070325_ETH_USDT_SHORT_B1_REFERENCE
LONG,61.57,2026-10-07T03:26:59.257000+09:00,511_202610070325_SILVER_USDT_LONG,1,61.26215,1.0,61.877849999999995,511_202610070325_SILVER_USDT_LONG_B1_REFERENCE
SHORT,1311.88,2026-10-07T03:27:12.213000+09:00,511_202610070325_SKHYNIXSTOCK_USDT_SHORT,1,1318.4394,1.0,1305.3206,511_202610070325_SKHYNIXSTOCK_USDT_SHORT_B1_REFERENCE
SHORT,0.5515,2026-10-07T03:27:06.575000+09:00,511_202610070325_WLD_USDT_SHORT,1,0.5542575,1.0,0.5487425,511_202610070325_WLD_USDT_SHORT_B1_REFERENCE
SHORT,0.09427,2026-10-07T03:37:06.411000+09:00,511_202610070335_DOGE_USDT_SHORT,1,0.09474135,1.0,0.09379865000000001,511_202610070335_DOGE_USDT_SHORT_B1_REFERENCE
SHORT,255.97,2026-10-07T03:37:03.603000+09:00,511_202610070335_QNT_USDT_SHORT,1,257.24985,1.0,254.69015,511_202610070335_QNT_USDT_SHORT_B1_REFERENCE
SHORT,1307.41,2026-10-07T03:37:16.242000+09:00,511_202610070335_SKHYNIXSTOCK_USDT_SHORT,1,1313.94705,1.0,1300.8729500000002,511_202610070335_SKHYNIXSTOCK_USDT_SHORT_B1_REFERENCE
SHORT,1.1856,2026-10-07T03:37:09.246000+09:00,511_202610070335_SUI_USDT_SHORT,1,1.191528,1.0,1.179672,511_202610070335_SUI_USDT_SHORT_B1_REFERENCE
SHORT,0.09441,2026-10-07T03:44:25.201000+09:00,511_202610070340_DOGE_USDT_SHORT,1,0.09488204999999998,1.0,0.09393794999999999,511_202610070340_DOGE_USDT_SHORT_B1_REFERENCE
SHORT,1059.92,2026-10-07T03:44:23.420000+09:00,511_202610070340_MUSTOCK_USDT_SHORT,1,1065.2196,1.0,1054.6204,511_202610070340_MUSTOCK_USDT_SHORT_B1_REFERENCE
LONG,303.88,2026-10-07T03:44:30.997000+09:00,511_202610070340_TAO_USDT_LONG,1,302.3606,1.0,305.39939999999996,511_202610070340_TAO_USDT_LONG_B1_REFERENCE
SHORT,166.44,2026-10-07T03:57:01.169000+09:00,511_202610070355_SOXL_USDT_SHORT,1,167.27219999999997,1.0,165.6078,511_202610070355_SOXL_USDT_SHORT_B1_REFERENCE
LONG,4178.37,2026-10-07T03:56:42.981000+09:00,511_202610070355_XAU_USDT_LONG,1,4157.47815,1.0,4199.26185,511_202610070355_XAU_USDT_LONG_B1_REFERENCE
SHORT,256.53,2026-10-07T04:04:41.041000+09:00,511_202610070400_QNT_USDT_SHORT,1,257.81264999999996,1.0,255.24734999999998,511_202610070400_QNT_USDT_SHORT_B1_REFERENCE
LONG,4180.58,2026-10-07T04:04:36.842000+09:00,511_202610070400_XAU_USDT_LONG,1,4159.6771,1.0,4201.482899999999,511_202610070400_XAU_USDT_LONG_B1_REFERENCE
SHORT,0.2707,2026-10-07T04:16:41.101000+09:00,511_202610070415_ADA_USDT_SHORT,1,0.27205349999999995,1.0,0.2693465,511_202610070415_ADA_USDT_SHORT_B1_REFERENCE
SHORT,85448.5,2026-10-07T04:16:27.344000+09:00,511_202610070415_BTC_USDT_SHORT,1,85875.7425,1.0,85021.25749999999,511_202610070415_BTC_USDT_SHORT_B1_REFERENCE
SHORT,0.2696,2026-10-07T04:24:31.286000+09:00,511_202610070420_ADA_USDT_SHORT,1,0.27094799999999997,1.0,0.268252,511_202610070420_ADA_USDT_SHORT_B1_REFERENCE
SHORT,13.905,2026-10-07T04:24:44.052000+09:00,511_202610070420_LINK_USDT_SHORT,1,13.974524999999998,1.0,13.835474999999999,511_202610070420_LINK_USDT_SHORT_B1_REFERENCE
SHORT,165.68,2026-10-07T04:24:40.938000+09:00,511_202610070420_SOXL_USDT_SHORT,1,166.5084,1.0,164.85160000000002,511_202610070420_SOXL_USDT_SHORT_B1_REFERENCE
